Line_Num,ESP32_Time_s,ID0_IMU,LinAcc_x,LinAcc_y,LinAcc_z,Pitch,Roll,Yaw,Gyro_x,Gyro_y,Gyro_z,Magnet_uT_x,Magnet_uT_y,Magnet_uT_z,Grav_x,Grav_y,Grav_z,Quat_re,Quat_i,Quat_j,Quat_k,ID1_ASPD,RawPress_Pa,temp_C,RawAirspeed,CorrAirspeed,ID2_GPS,latitude,longitude,heading,gnd_speed,altitude,hours,mins,secs,hundredths,satellites,ID3_AP,Flight_Phase,AP_Mode,AP_HDG_TGT,AP_ROLL_TGT,AP_PITCH_TGT,ID4_SERVO,servo_L_angle,servo_R_angle,servo_Angle_TGT,servo_Action_TGT
1,0.038723,0,4.075,31.834,-57.428,-26.097,129.120,176.790,129.139,64.793,44.650,-31.875,5.125,22.375,-17.019,-30.835,6.895,0.877,-0.424,0.192,0.122,1,128.369,28.686,49.238,49.238,2,0.000000,0.000000,0.000000,0.000,0.000000,0,0,0,0,0,3,U_TURN_HDG,AP_PROT_ROLL_MAX,0.000,-30.000,0.000,4,16,20,14,ROLL_LEFT
2,0.111626,0,5.639,30.194,-57.709,-29.091,133.641,177.668,85.496,67.032,41.405,-31.875,5.125,22.375,-18.455,-29.989,5.562,0.888,-0.386,0.223,0.117,1,135.658,28.718,50.616,50.616,2,32.120609,-110.761856,295.760010,62.886,3169.619385,21,36,46,56,5,3,U_TURN_HDG,AP_PROT_ROLL_MAX,0.000,-30.000,0.000,4,16,20,14,ROLL_LEFT
3,0.171351,0,11.304,43.099,-139.282,-43.505,90.804,190.713,-727.164,321.729,254.586,-31.875,5.125,22.375,-19.916,-19.993,-21.249,0.683,-0.625,0.324,0.197,1,116.644,28.722,46.935,46.935,2,32.120613,-110.761871,295.519989,61.905,3169.291504,21,36,46,64,5,3,U_TURN_HDG,AP_PROT_ROLL_MAX,0.000,-30.000,0.000,4,16,20,14,ROLL_LEFT
4,0.228099,0,6.728,40.959,-150.765,-44.323,57.513,215.098,-17.122,294.312,-26.522,-31.875,5.125,22.375,-10.688,-12.867,-31.399,0.525,-0.719,0.418,0.181,1,101.306,28.687,43.741,43.741,2,32.120617,-110.761871,295.390015,61.433,3168.963379,21,36,46,68,5,3,U_TURN_HDG,AP_PROT_ROLL_MAX,0.000,-30.000,0.000,4,16,20,14,ROLL_LEFT
5,0.365944,0,-10.355,35.141,-116.354,-35.302,60.953,226.999,347.803,64.234,-22.829,-31.875,5.125,22.375,-5.460,-18.429,-30.604,0.547,-0.692,0.469,0.047,1,91.804,28.745,41.639,41.639,2,32.120617,-110.761902,293.040009,57.991,3167.651123,21,36,46,84,5,3,U_TURN_HDG,AP_PROT_ROLL_MAX,0.000,-30.000,0.000,4,16,20,14,ROLL_LEFT
6,0.445940,0,-7.830,40.536,-79.612,-36.603,78.961,226.429,10.183,118.844,107.877,-31.875,5.125,22.375,-5.434,-29.066,-25.503,0.650,-0.595,0.472,-0.015,1,90.530,28.728,41.349,41.349,2,32.120617,-110.761909,291.809998,56.888,3167.322998,21,36,46,92,5,3,U_TURN_HDG,AP_PROT_ROLL_MAX,0.000,-30.000,0.000,4,16,20,14,ROLL_LEFT
7,0.527914,0,-6.959,40.741,-79.727,-48.889,75.808,250.904,114.368,110.227,56.848,-31.875,5.125,22.375,-2.614,-31.963,-24.581,0.645,-0.438,0.624,-0.058,1,82.323,28.727,39.430,39.430,2,32.120621,-110.761925,290.350006,55.986,3166.994873,21,36,47,0,5,3,U_TURN_HDG,AP_PROT_ROLL_MAX,0.000,-30.000,0.000,4,16,20,14,ROLL_LEFT
8,0.607729,0,-12.329,46.214,-64.694,-51.502,82.079,260.504,184.309,52.820,47.112,-31.875,5.125,22.375,-1.717,-36.269,-20.146,0.663,-0.334,0.657,-0.132,1,54.378,28.712,32.046,32.046,2,32.120621,-110.761948,289.029999,54.786,3166.666748,21,36,47,8,5,3,U_TURN_HDG,AP_PROT_ROLL_MAX,0.000,-30.000,0.000,4,16,20,14,ROLL_LEFT
9,0.729186,0,-11.073,47.072,-62.169,-54.452,86.888,265.024,16.562,74.529,49.574,-31.875,5.125,22.375,-1.487,-39.601,-18.122,0.675,-0.263,0.668,-0.168,1,55.817,28.738,32.468,32.468,2,32.120621,-110.761955,287.250000,52.295,3166.338623,21,36,47,20,5,3,U_TURN_HDG,AP_PROT_ROLL_MAX,0.000,-30.000,0.000,4,16,20,14,ROLL_LEFT
10,0.812811,0,-11.034,50.020,-70.858,-57.890,66.468,291.947,21.374,118.396,49.127,-31.875,5.125,22.375,0.205,-40.626,-18.993,0.604,-0.190,0.755,-0.171,1,54.326,28.747,32.031,32.031,2,32.120621,-110.761971,286.339996,51.475,3166.010498,21,36,47,28,5,3,U_TURN_HDG,AP_PROT_ROLL_MAX,0.000,-30.000,0.000,4,16,20,14,ROLL_LEFT
11,0.927846,0,-12.354,51.353,-66.347,-57.594,61.581,303.788,118.396,66.248,37.265,-31.875,5.125,22.375,1.179,-43.240,-15.071,0.576,-0.137,0.780,-0.201,1,52.450,28.768,31.473,31.473,2,32.120621,-110.761993,285.670013,51.620,3166.010498,21,36,47,40,5,3,U_TURN_HDG,AP_PROT_ROLL_MAX,0.000,-30.000,0.000,4,16,20,14,ROLL_LEFT
12,1.005921,0,-12.060,52.827,-64.258,-58.180,61.881,314.517,47.672,65.017,57.520,-31.875,5.125,22.375,-0.538,-46.009,-9.432,0.558,-0.059,0.788,-0.253,1,45.107,28.763,29.187,29.187,2,32.120625,-110.762009,285.200012,51.782,3166.010498,21,36,47,48,5,3,U_TURN_HDG,AP_PROT_ROLL_MAX,0.000,-30.000,0.000,4,16,20,14,ROLL_LEFT
13,1.090381,0,-10.855,54.377,-66.873,-59.122,51.428,337.175,64.793,73.746,41.069,-31.875,5.125,22.375,-1.205,-46.496,-8.202,0.510,0.055,0.811,-0.282,1,43.983,28.736,28.821,28.821,2,32.120625,-110.762016,284.000000,51.443,3165.682617,21,36,47,56,5,3,U_TURN_HDG,AP_PROT_ROLL_MAX,0.000,-30.000,0.000,4,16,20,14,ROLL_LEFT
14,1.214884,0,-9.612,54.236,-70.666,-58.328,48.303,344.573,71.396,68.374,28.088,-31.875,5.125,22.375,-1.769,-47.085,-5.665,0.489,0.091,0.816,-0.294,1,42.503,28.766,28.332,28.332,2,32.120617,-110.762039,279.829987,50.719,3166.010498,21,36,47,68,5,3,U_TURN_HDG,AP_PROT_ROLL_MAX,0.000,-30.000,0.000,4,16,20,14,ROLL_LEFT
15,1.292984,0,-6.703,53.762,-75.844,-56.332,44.890,355.319,81.803,61.324,49.686,-31.875,5.125,22.375,-4.357,-47.162,-1.102,0.450,0.147,0.821,-0.318,1,40.057,28.762,27.505,27.505,2,32.120613,-110.762054,277.040009,50.017,3166.010498,21,36,47,76,5,3,U_TURN_HDG,AP_PROT_ROLL_MAX,0.000,-30.000,0.000,4,16,20,14,ROLL_LEFT
16,1.409294,0,-6.036,53.198,-73.524,-53.924,39.143,19.740,81.915,55.170,55.170,-31.875,5.125,22.375,-6.869,-46.521,1.640,0.370,0.294,0.801,-0.367,1,39.189,28.761,27.205,27.205,2,32.120602,-110.762054,271.239990,45.895,3166.338623,21,36,47,88,5,3,U_TURN_HDG,AP_PROT_ROLL_MAX,0.000,-30.000,0.000,4,16,20,14,ROLL_LEFT
17,1.490835,0,-0.615,52.237,-76.702,-51.912,37.342,30.244,66.696,66.360,41.741,-31.875,5.125,22.375,-9.689,-45.060,4.229,0.325,0.357,0.786,-0.386,1,36.086,28.731,26.106,26.106,2,32.120602,-110.762054,269.600006,42.913,3166.338623,21,36,47,96,5,3,U_TURN_HDG,AP_PROT_ROLL_MAX,0.000,-30.000,0.000,4,16,20,14,ROLL_LEFT
18,1.613907,0,0.692,51.789,-75.639,-50.363,36.033,38.498,61.436,56.960,43.979,-31.875,5.125,22.375,-11.483,-43.830,4.896,0.290,0.408,0.769,-0.398,1,34.447,28.751,25.506,25.506,2,32.120586,-110.762047,261.040009,38.779,3166.338623,21,36,48,8,5,3,U_TURN_HDG,AP_PROT_ROLL_MAX,0.000,-30.000,0.000,4,16,20,14,ROLL_LEFT
19,1.689759,0,3.486,47.572,-75.523,-47.268,36.130,51.173,84.489,59.086,33.460,-31.875,5.125,22.375,-13.867,-41.703,6.562,0.221,0.488,0.732,-0.421,1,31.978,28.722,24.575,24.575,2,32.120575,-110.762047,253.350006,36.786,3166.338623,21,36,48,16,5,3,U_TURN_HDG,AP_PROT_ROLL_MAX,0.000,-30.000,0.000,4,16,20,14,ROLL_LEFT
20,1.764865,0,6.472,47.085,-71.948,-46.673,34.640,58.608,52.484,50.246,56.065,-31.875,5.125,22.375,-16.097,-40.062,6.305,0.196,0.532,0.707,-0.423,1,31.360,28.739,24.336,24.336,2,32.120560,-110.762039,243.740005,35.577,3166.338623,21,36,48,24,5,3,U_TURN_HDG,AP_PROT_ROLL_MAX,0.000,-30.000,0.000,4,16,20,14,ROLL_LEFT
21,1.850778,0,9.227,44.343,-75.869,-46.111,33.633,64.386,76.767,55.617,49.350,-31.875,5.125,22.375,-18.224,-38.191,6.331,0.175,0.565,0.685,-0.425,1,29.079,28.748,23.435,23.435,2,32.120548,-110.762039,236.919998,35.908,3165.682617,21,36,48,32,5,3,U_TURN_HDG,AP_PROT_ROLL_MAX,0.000,-30.000,0.000,4,16,20,14,ROLL_LEFT
22,1.965881,0,11.201,41.549,-70.653,-45.105,33.992,71.370,91.987,44.874,54.274,-31.875,5.125,22.375,-20.531,-35.372,7.177,0.140,0.606,0.652,-0.433,1,27.969,28.742,22.983,22.983,2,32.120529,-110.762032,226.860001,36.882,3165.026367,21,36,48,44,5,3,U_TURN_HDG,AP_PROT_ROLL_MAX,0.000,-30.000,0.000,4,16,20,14,ROLL_LEFT
23,2.050441,0,12.534,38.114,-69.154,-44.911,36.851,86.277,91.091,34.915,52.148,-31.875,5.125,22.375,-23.120,-31.809,7.100,0.065,0.688,0.557,-0.461,1,24.964,28.734,21.713,21.713,2,32.120514,-110.762032,222.149994,37.523,3164.370117,21,36,48,52,5,3,U_TURN_HDG,AP_PROT_ROLL_MAX,0.000,-30.000,0.000,4,16,20,14,ROLL_LEFT
24,2.103936,0,15.135,36.205,-67.360,-44.328,35.412,94.381,61.324,50.022,51.141,-31.875,5.125,22.375,-24.376,-29.938,5.741,0.038,0.725,0.515,-0.455,1,22.812,28.706,20.756,20.756,2,32.120506,-110.762032,220.339996,37.738,3164.370117,21,36,48,56,5,3,U_TURN_HDG,AP_PROT_ROLL_MAX,0.000,-30.000,0.000,4,16,20,14,ROLL_LEFT
25,2.174522,0,17.135,34.064,-67.795,-43.410,35.657,99.513,67.032,49.798,41.181,-31.875,5.125,22.375,-24.760,-29.092,4.973,0.010,0.748,0.485,-0.453,1,23.701,28.735,21.157,21.157,2,32.120502,-110.762032,218.630005,37.957,3164.042236,21,36,48,60,5,3,U_TURN_HDG,AP_PROT_ROLL_MAX,0.000,-30.000,0.000,4,16,20,14,ROLL_LEFT
26,2.238527,0,16.379,32.616,-62.464,-42.702,38.173,104.038,90.420,32.900,43.084,-31.875,5.125,22.375,-25.324,-27.093,4.742,0.028,-0.767,-0.448,0.459,1,19.464,28.764,19.173,19.173,2,32.120495,-110.762032,215.619995,38.023,3163.385986,21,36,48,68,5,3,U_TURN_HDG,AP_PROT_ROLL_MAX,0.000,-30.000,0.000,4,16,20,14,ROLL_LEFT
27,2.445929,0,17.404,30.796,-62.157,-43.108,39.702,109.827,66.248,37.600,54.610,-31.875,5.125,22.375,-26.119,-25.273,3.845,0.060,-0.788,-0.401,0.464,1,18.972,28.741,18.929,18.929,2,32.120472,-110.762024,210.589996,35.744,3160.761230,21,36,48,92,5,3,U_TURN_HDG,AP_PROT_ROLL_MAX,0.000,-30.000,0.000,4,16,20,14,ROLL_LEFT
28,2.503522,0,17.878,30.796,-60.567,-42.073,39.724,128.364,54.610,43.531,44.427,-31.875,5.125,22.375,-26.682,-21.787,-0.795,0.138,-0.843,-0.273,0.442,1,17.996,28.698,18.435,18.435,2,32.120472,-110.762024,210.270004,35.157,3160.433105,21,36,48,96,5,3,U_TURN_HDG,AP_PROT_ROLL_MAX,0.000,-30.000,0.000,4,16,20,14,ROLL_LEFT
29,2.612856,0,17.686,23.889,-52.237,-41.629,37.274,133.124,2.014,59.758,51.365,-31.875,5.125,22.375,-26.682,-20.864,-2.948,0.140,-0.858,-0.248,0.428,1,14.531,28.704,16.566,16.566,2,32.120464,-110.762016,208.800003,32.911,3158.136475,21,36,49,8,5,3,U_TURN_HDG,AP_PROT_ROLL_MAX,0.000,-30.000,0.000,4,16,20,14,ROLL_LEFT
30,2.771454,0,17.327,22.184,-45.445,-40.655,33.651,139.215,-11.638,62.220,68.151,-31.875,5.125,22.375,-26.195,-16.609,-11.047,0.139,-0.876,-0.219,0.406,1,3.898,28.734,8.580,0.000,2,32.120461,-110.762009,207.320007,28.727,3154.855713,21,36,49,24,5,3,U_TURN_HDG,AP_PROT_ROLL_MAX,0.000,-30.000,0.000,4,16,20,14,ROLL_LEFT
31,2.822452,0,16.468,21.159,-45.509,-34.516,28.183,163.027,48.567,72.515,62.332,-31.875,5.125,22.375,-24.324,-16.174,-14.174,0.188,-0.927,-0.065,0.319,1,-3.112,28.754,-7.666,0.000,2,32.120457,-110.762009,206.830002,27.596,3153.871338,21,36,49,28,5,3,U_TURN_HDG,AP_PROT_PITCH_MIN,0.000,0.000,18.000,4,16,-8,14,PITCH_NOSE_UP
32,2.896490,0,21.979,19.685,-18.480,-34.624,30.271,164.233,136.637,8.617,45.322,-31.875,5.125,22.375,-23.966,-17.148,-13.380,0.208,-0.924,-0.049,0.319,1,10.504,28.703,14.085,0.000,2,32.120457,-110.762001,206.220001,25.504,3152.559326,21,36,49,36,5,3,U_TURN_HDG,AP_PROT_ROLL_MAX,0.000,-30.000,0.000,4,16,20,14,ROLL_LEFT
33,3.011383,0,19.185,24.042,-48.098,-35.352,51.060,164.863,217.545,-23.053,-47.896,-31.875,5.125,22.375,-22.838,-21.120,-8.612,0.371,-0.870,0.016,0.326,1,7.829,28.709,12.159,0.000,2,32.120453,-110.761993,204.929993,22.988,3150.918701,21,36,49,48,5,3,U_TURN_HDG,AP_PROT_ROLL_MAX,0.000,-30.000,0.000,4,16,20,14,ROLL_LEFT
34,3.088803,0,14.213,12.931,-37.166,-32.346,42.635,166.752,-302.705,131.489,195.388,-31.875,5.125,22.375,-19.121,-10.432,-23.735,0.317,-0.900,-0.003,0.298,1,3.318,28.692,7.917,0.000,2,32.120453,-110.761986,203.309998,20.843,3149.278320,21,36,49,56,5,3,U_TURN_HDG,AP_PROT_ROLL_MAX,0.000,-30.000,0.000,4,16,20,14,ROLL_LEFT
35,3.167942,0,8.074,11.124,-32.706,-21.735,-2.230,190.099,59.646,92.434,47.336,-31.875,5.125,22.375,-13.687,-2.358,-29.323,0.002,0.978,-0.083,-0.189,1,-3.771,28.710,-8.439,0.000,2,32.120453,-110.761978,200.669998,18.731,3148.293945,21,36,49,64,5,3,U_TURN_HDG,AP_PROT_PITCH_MIN,0.000,0.000,18.000,4,16,-8,14,PITCH_NOSE_UP
36,3.252751,0,12.380,16.468,-13.187,-16.969,6.570,191.816,245.409,-41.293,-24.619,-31.875,5.125,22.375,-11.919,-11.893,-28.323,0.072,-0.981,0.110,0.141,1,-8.819,28.712,-12.906,0.000,2,32.120453,-110.761971,198.669998,16.780,3147.309814,21,36,49,72,5,3,U_TURN_HDG,AP_HDG_SEL_IMU,11.816,30.000,0.000,4,-10,-6,12,ROLL_RIGHT
37,3.444781,0,3.652,21.108,-33.180,-21.499,37.863,184.595,263.538,-86.503,-91.987,-31.875,5.125,22.375,-11.124,-27.400,-15.840,0.326,-0.926,0.098,0.164,1,9.187,28.739,13.172,0.000,2,32.120453,-110.761963,200.960007,12.272,3146.325439,21,36,49,92,5,3,U_TURN_HDG,AP_PROT_ROLL_MAX,11.816,-30.000,0.000,4,16,20,14,ROLL_LEFT
38,3.511515,0,11.842,24.786,-85.084,-24.315,113.325,209.047,453.778,137.197,-70.836,-31.875,5.125,22.375,-12.226,-28.349,14.584,0.820,-0.476,0.305,-0.093,1,37.253,28.704,26.525,26.525,2,32.120453,-110.761963,201.259995,11.573,3145.669434,21,36,49,96,5,3,U_TURN_HDG,AP_PROT_ROLL_MAX,11.816,-30.000,0.000,4,16,20,14,ROLL_LEFT
39,3.565922,0,13.803,27.990,-83.533,-44.788,97.643,224.041,-383.949,164.054,450.309,-31.875,5.125,22.375,-22.402,-25.068,5.767,0.739,-0.457,0.494,-0.028,1,30.545,28.704,24.018,24.018,2,32.120453,-110.761963,202.119995,10.183,3145.013184,21,36,50,4,5,3,U_TURN_HDG,AP_PROT_ROLL_MAX,11.816,-30.000,0.000,4,16,20,14,ROLL_LEFT
40,3.691741,0,26.721,19.224,-51.148,-67.291,76.058,235.857,84.041,14.324,386.075,-31.875,5.125,22.375,-31.937,-11.355,-1.230,0.658,-0.419,0.609,0.145,1,7.425,28.700,11.842,0.000,2,32.120453,-110.761955,204.369995,8.434,3144.029053,21,36,50,16,5,3,U_TURN_HDG,AP_PROT_ROLL_MAX,11.816,-30.000,0.000,4,16,20,14,ROLL_LEFT
41,3.765005,0,25.734,6.139,-67.706,-85.292,46.865,281.126,487.238,-163.271,87.958,-31.875,5.125,22.375,-33.142,-0.641,4.229,0.666,-0.221,0.692,0.169,1,6.014,28.710,10.657,0.000,2,32.120449,-110.761955,206.220001,7.578,3143.700928,21,36,50,24,5,3,U_TURN_HDG,AP_PROT_ROLL_MAX,11.816,-30.000,0.000,4,16,20,14,ROLL_LEFT
42,3.851684,0,21.646,-1.384,-55.044,-77.315,-129.073,147.928,335.717,-121.977,54.610,-31.875,5.125,22.375,-30.732,6.510,9.356,0.752,0.167,0.635,-0.063,1,14.841,28.697,16.742,16.742,2,32.120449,-110.761955,207.690002,6.655,3143.372803,21,36,50,32,5,3,U_TURN_HDG,AP_PROT_ROLL_MIN,11.816,30.000,0.000,4,-12,-8,14,ROLL_RIGHT
43,4.052681,0,22.235,-1.743,-49.994,-70.681,-116.304,162.772,149.394,-23.612,4.812,-31.875,5.125,22.375,-29.989,7.920,8.817,0.731,0.352,0.550,-0.198,1,24.840,28.667,21.659,21.659,2,32.120445,-110.761955,198.509995,7.102,3143.044678,21,36,50,52,5,3,U_TURN_HDG,AP_PROT_ROLL_MIN,11.816,30.000,0.000,4,-12,-8,14,ROLL_RIGHT
44,4.125147,0,20.198,-0.346,-51.942,-60.323,47.232,87.058,153.982,89.077,-35.810,-31.875,5.125,22.375,-30.758,6.895,4.204,0.095,0.692,0.436,-0.568,1,33.214,28.686,25.045,25.045,2,32.120441,-110.761955,192.179993,7.681,3142.388428,21,36,50,60,5,3,U_TURN_HDG,AP_PROT_ROLL_MAX,11.816,-30.000,0.000,4,16,20,14,ROLL_LEFT
45,4.252707,0,20.518,0.000,-52.993,-55.968,38.397,123.305,337.060,309.531,210.942,-31.875,5.125,22.375,-25.452,-8.663,-11.739,0.045,-0.807,-0.260,0.528,1,28.724,28.694,23.291,23.291,2,32.120438,-110.761932,178.199997,8.581,3141.076416,21,36,50,72,5,3,U_TURN_HDG,AP_PROT_ROLL_MAX,11.816,-30.000,0.000,4,16,20,14,ROLL_LEFT
46,4.404844,0,24.247,6.395,-62.080,-34.673,-21.917,201.866,-401.294,289.836,396.370,-31.875,5.125,22.375,-16.430,8.048,-22.351,0.123,0.931,-0.122,-0.322,1,-10.414,28.683,-14.024,0.000,2,32.120434,-110.761925,168.160004,9.540,3139.435791,21,36,50,88,5,3,U_TURN_HDG,AP_PROT_PITCH_MIN,11.816,0.000,18.000,4,16,-8,14,PITCH_NOSE_UP
47,4.492609,0,19.941,14.213,-40.498,-64.088,54.758,229.771,692.697,-197.290,202.550,-31.875,5.125,22.375,-28.041,-9.817,-2.948,0.552,-0.580,0.538,0.263,1,29.184,28.679,23.477,23.477,2,32.120426,-110.761925,165.589996,9.590,3138.451416,21,36,50,96,5,3,U_TURN_HDG,AP_PROT_ROLL_MAX,11.816,-30.000,0.000,4,16,20,14,ROLL_LEFT
48,4.564999,0,29.143,10.355,-47.008,-74.625,114.756,210.353,408.232,-54.498,29.543,-31.875,5.125,22.375,-28.656,-8.253,3.588,0.732,-0.280,0.605,0.140,1,36.468,28.710,26.244,26.244,2,32.120426,-110.761925,163.070007,10.120,3137.139160,21,36,51,4,5,3,U_TURN_HDG,AP_PROT_ROLL_MAX,11.816,-30.000,0.000,4,16,20,14,ROLL_LEFT
49,4.647743,0,23.107,12.072,-66.386,-75.446,81.010,234.377,-369.401,146.932,21.598,-31.875,5.125,22.375,-28.707,-8.689,-1.769,0.670,-0.353,0.628,0.179,1,41.067,28.742,27.849,27.849,2,32.120422,-110.761917,160.809998,10.670,3136.155029,21,36,51,12,5,3,U_TURN_HDG,AP_PROT_ROLL_MAX,11.816,-30.000,0.000,4,16,20,14,ROLL_LEFT
50,4.846590,0,20.185,8.189,-64.527,-73.020,32.063,267.006,-325.198,238.247,45.769,-31.875,5.125,22.375,-24.811,0.718,-16.763,0.555,-0.447,0.651,0.262,1,36.208,28.787,26.150,26.150,2,32.120415,-110.761909,154.009995,11.099,3134.186523,21,36,51,32,5,3,U_TURN_HDG,AP_PROT_ROLL_MAX,11.816,-30.000,0.000,4,16,20,14,ROLL_LEFT
51,4.925006,0,4.908,3.576,-44.560,-46.875,-12.542,278.152,127.573,25.067,-46.105,-31.875,5.125,22.375,-14.277,1.820,-26.990,0.233,-0.630,0.661,0.335,1,28.433,28.732,23.173,23.173,2,32.120415,-110.761909,151.720001,10.805,3133.530273,21,36,51,40,5,3,U_TURN_HDG,AP_PROT_PITCH_MIN,11.816,0.000,18.000,4,16,-8,14,PITCH_NOSE_UP
52,5.006495,0,7.395,4.806,-24.529,-34.037,3.410,264.360,102.841,14.436,24.060,-31.875,5.125,22.375,-13.252,-2.307,-28.169,0.218,-0.702,0.648,0.198,1,30.807,28.738,24.121,24.121,2,32.120415,-110.761902,147.479996,11.318,3131.889893,21,36,51,48,5,3,U_TURN_HDG,AP_PROT_PITCH_MIN,11.816,0.000,18.000,4,16,-8,14,PITCH_NOSE_UP
53,5.129724,0,10.048,9.983,-13.982,-33.259,14.777,265.283,178.602,8.729,-46.553,-31.875,5.125,22.375,-11.919,-10.945,-27.503,0.283,-0.674,0.671,0.125,1,44.585,28.697,29.018,29.018,2,32.120411,-110.761894,142.059998,12.439,3130.249268,21,36,51,60,5,3,U_TURN_HDG,AP_PROT_PITCH_MIN,11.816,0.000,18.000,4,16,-8,14,PITCH_NOSE_UP
54,5.205758,0,5.203,11.419,-5.716,-30.265,31.722,263.177,66.696,13.653,-27.865,-31.875,5.125,22.375,-9.971,-14.226,-27.733,0.364,-0.647,0.670,0.013,1,58.847,28.673,33.337,33.337,2,32.120407,-110.761887,140.270004,13.234,3128.937256,21,36,51,68,5,3,U_TURN_HDG,AP_PROT_ROLL_MAX,11.816,-30.000,0.000,4,16,20,14,ROLL_LEFT
55,5.292736,0,5.498,12.072,-6.241,-30.650,25.304,272.660,13.205,31.446,74.305,-31.875,5.125,22.375,-7.202,-4.332,-32.552,0.332,-0.608,0.721,0.025,1,65.343,28.707,35.129,35.129,2,32.120403,-110.761887,139.690002,14.076,3127.952881,21,36,51,76,5,3,U_TURN_HDG,AP_PROT_PITCH_MIN,11.816,0.000,18.000,4,16,-8,14,PITCH_NOSE_UP
56,5.413945,0,3.934,0.743,-30.361,-21.914,-7.457,284.599,-377.682,201.542,183.749,-31.875,5.125,22.375,-3.409,4.486,-33.500,0.111,-0.609,0.768,0.167,1,35.171,28.663,25.773,25.773,2,32.120396,-110.761871,138.059998,16.397,3126.640625,21,36,51,88,5,3,U_TURN_HDG,AP_PROT_PITCH_MIN,11.816,0.000,18.000,4,16,-8,14,PITCH_NOSE_UP
57,5.489834,0,-5.844,0.692,-8.958,-11.984,-10.711,285.041,196.171,-61.660,-219.223,-31.875,5.125,22.375,2.384,-4.383,-35.397,0.026,-0.610,0.780,0.137,1,42.134,28.690,28.209,28.209,2,32.120392,-110.761864,136.529999,17.793,3125.984375,21,36,51,96,5,3,U_TURN_HDG,AP_HDG_SEL_IMU,11.816,30.000,0.000,4,-12,-8,14,ROLL_RIGHT
58,5.607251,0,-10.342,-5.882,-48.110,-12.627,15.529,261.474,15.219,18.241,-25.403,-31.875,5.125,22.375,2.640,-4.716,-35.782,0.173,-0.737,0.654,-0.005,1,46.001,28.692,29.475,29.475,2,32.120388,-110.761841,133.389999,20.745,3124.672119,21,36,52,8,5,3,U_TURN_HDG,AP_HDG_SEL_IMU,11.816,30.000,0.000,4,-5,-1,7,ROLL_RIGHT
59,5.684932,0,-16.109,24.581,-84.623,-7.310,33.885,264.631,509.731,260.852,33.796,-31.875,5.125,22.375,12.688,-30.860,-17.891,0.256,-0.693,0.656,-0.151,1,45.612,28.703,29.350,29.350,2,32.120384,-110.761826,131.270004,22.591,3123.687744,21,36,52,16,5,3,U_TURN_HDG,AP_PROT_ROLL_MAX,11.816,-30.000,0.000,4,16,20,14,ROLL_LEFT
60,5.764931,0,-20.287,42.331,-106.499,-2.088,77.099,295.174,60.765,248.767,207.473,-31.875,5.125,22.375,9.791,-36.986,-6.228,0.346,-0.410,0.666,-0.518,1,33.299,28.690,25.078,25.078,2,32.120380,-110.761810,129.490005,24.531,3122.703369,21,36,52,24,5,3,U_TURN_HDG,AP_PROT_ROLL_MAX,11.816,-30.000,0.000,4,16,20,14,ROLL_LEFT
61,5.848692,0,6.100,46.765,-52.942,-24.004,59.280,316.080,56.736,-30.550,445.385,-31.875,5.125,22.375,-15.071,-34.782,-11.791,0.349,-0.223,0.827,-0.381,1,22.917,28.738,20.804,20.804,2,32.120377,-110.761795,127.360001,27.030,3121.719238,21,36,52,32,5,3,U_TURN_HDG,AP_PROT_ROLL_MAX,11.816,-30.000,0.000,4,16,20,14,ROLL_LEFT
62,5.929450,0,9.727,46.086,-54.736,-48.374,75.882,328.831,471.907,-87.287,123.656,-31.875,5.125,22.375,-22.094,-32.091,9.509,0.462,0.049,0.761,-0.453,1,8.303,28.713,12.523,0.000,2,32.120373,-110.761780,126.610001,29.407,3120.735107,21,36,52,40,5,3,U_TURN_HDG,AP_PROT_ROLL_MAX,11.816,-30.000,0.000,4,16,20,14,ROLL_LEFT
63,6.004560,0,12.213,28.400,-69.577,-53.503,132.107,309.848,394.804,-129.699,66.584,-31.875,5.125,22.375,-22.120,-25.068,22.248,0.511,0.219,0.503,-0.662,1,17.531,28.708,18.196,18.196,2,32.120365,-110.761757,127.220001,31.518,3119.750732,21,36,52,48,5,3,U_TURN_HDG,AP_PROT_ROLL_MAX,11.816,-30.000,0.000,4,16,20,14,ROLL_LEFT
64,6.093101,0,13.764,22.889,-71.076,-52.346,149.010,303.514,61.324,34.355,20.367,-31.875,5.125,22.375,-22.223,-18.609,27.503,0.513,0.261,0.412,-0.706,1,24.388,28.698,21.461,21.461,2,32.120358,-110.761749,127.610001,33.159,3118.766357,21,36,52,56,5,3,U_TURN_HDG,AP_PROT_ROLL_MAX,11.816,-30.000,0.000,4,16,20,14,ROLL_LEFT
65,6.161414,0,17.788,27.259,-79.150,-57.499,146.403,306.850,-142.904,167.635,8.057,-31.875,5.125,22.375,-28.297,-23.479,13.277,0.500,0.298,0.433,-0.688,1,26.180,28.667,22.236,22.236,2,32.120354,-110.761742,127.790001,33.954,3118.110352,21,36,52,60,5,3,U_TURN_HDG,AP_PROT_ROLL_MAX,11.816,-30.000,0.000,4,16,20,14,ROLL_LEFT
66,6.443430,0,22.851,30.963,-73.921,-69.067,103.880,336.389,-160.025,181.735,34.691,-31.875,5.125,22.375,-29.425,-24.094,7.613,0.475,0.333,0.588,-0.563,1,22.567,28.689,20.645,20.645,2,32.120323,-110.761711,131.009995,37.977,3112.204834,21,36,52,92,5,3,U_TURN_HDG,AP_PROT_ROLL_MAX,11.816,-30.000,0.000,4,16,20,14,ROLL_LEFT
67,6.511351,0,17.570,24.952,-50.212,-70.623,71.035,5.342,-7.833,53.043,48.679,-31.875,5.125,22.375,-28.425,-20.762,-4.973,0.448,0.366,0.648,-0.495,1,27.442,28.668,22.765,22.765,2,32.120319,-110.761703,131.570007,38.239,3111.548828,21,36,52,96,5,3,U_TURN_HDG,AP_PROT_ROLL_MAX,11.816,-30.000,0.000,4,16,20,14,ROLL_LEFT
68,6.610399,0,18.250,24.222,-55.172,-70.003,43.238,54.679,-47.336,106.870,59.422,-31.875,5.125,22.375,-28.246,-19.711,-7.715,0.335,0.537,0.579,-0.513,1,28.633,28.677,23.254,23.254,2,32.120304,-110.761696,133.089996,39.210,3109.580078,21,36,53,8,5,3,U_TURN_HDG,AP_PROT_ROLL_MAX,11.816,-30.000,0.000,4,16,20,14,ROLL_LEFT
69,6.692882,0,18.134,24.312,-59.119,-67.885,30.596,67.539,109.444,66.024,46.441,-31.875,5.125,22.375,-26.144,-17.788,-13.687,0.326,0.567,0.583,-0.481,1,29.026,28.677,23.413,23.413,2,32.120296,-110.761696,134.130005,39.869,3108.267822,21,36,53,16,5,3,U_TURN_HDG,AP_PROT_ROLL_MAX,11.816,-30.000,0.000,4,16,20,14,ROLL_LEFT
70,6.772871,0,17.365,25.978,-54.198,-63.392,26.507,88.807,149.730,15.555,35.138,-31.875,5.125,22.375,-25.350,-19.198,-12.457,0.229,0.666,0.507,-0.497,1,26.691,28.720,22.452,22.452,2,32.120289,-110.761688,134.889999,39.834,3106.955566,21,36,53,24,5,3,U_TURN_HDG,AP_PROT_PITCH_MIN,11.816,0.000,18.000,4,16,-8,14,PITCH_NOSE_UP
71,6.852865,0,19.788,23.466,-42.715,-63.186,30.910,92.585,146.597,33.460,48.120,-31.875,5.125,22.375,-24.555,-20.941,-10.381,0.185,0.690,0.466,-0.522,1,26.537,28.728,22.387,22.387,2,32.120281,-110.761681,135.309998,39.390,3105.643066,21,36,53,32,5,3,U_TURN_HDG,AP_PROT_ROLL_MAX,11.816,-30.000,0.000,4,16,20,14,ROLL_LEFT
72,6.932454,0,23.619,25.978,-44.714,-62.116,51.306,96.140,274.057,-10.967,-38.943,-31.875,5.125,22.375,-22.274,-24.786,-4.973,0.035,0.724,0.350,-0.594,1,40.337,28.714,27.601,27.601,2,32.120277,-110.761681,135.410004,38.577,3104.002686,21,36,53,40,5,3,U_TURN_HDG,AP_PROT_ROLL_MAX,11.816,-30.000,0.000,4,16,20,14,ROLL_LEFT
73,7.046584,0,13.892,22.876,-70.589,-55.746,17.434,109.595,-532.560,192.926,102.170,-31.875,5.125,22.375,-19.967,-13.867,-23.171,0.157,0.755,0.446,-0.455,1,32.737,28.683,24.865,24.865,2,32.120270,-110.761681,136.110001,35.778,3101.377930,21,36,53,52,5,3,U_TURN_HDG,AP_PROT_PITCH_MIN,11.816,0.000,18.000,4,16,-8,14,PITCH_NOSE_UP
74,7.131753,0,9.509,17.442,-55.851,-37.225,-16.744,126.861,-135.182,149.170,128.580,-31.875,5.125,22.375,-11.534,-5.844,-31.399,0.265,0.818,0.461,-0.221,1,17.334,28.654,18.093,18.093,2,32.120262,-110.761681,136.320007,33.837,3099.737549,21,36,53,60,5,3,U_TURN_HDG,AP_PROT_PITCH_MIN,11.816,0.000,18.000,4,16,-8,14,PITCH_NOSE_UP
75,7.204910,0,12.841,15.135,-45.932,-38.278,23.548,108.520,423.116,-64.346,-188.673,-31.875,5.125,22.375,-8.100,-21.992,-25.324,0.031,0.790,0.486,-0.373,1,33.437,28.664,25.129,25.129,2,32.120258,-110.761681,136.630005,32.344,3097.440918,21,36,53,68,5,3,U_TURN_HDG,AP_PROT_PITCH_MIN,11.816,0.000,18.000,4,16,-8,14,PITCH_NOSE_UP
76,7.326602,0,-1.487,20.364,-1.884,-36.939,37.809,96.983,211.726,-101.275,-195.388,-31.875,5.125,22.375,-6.023,-25.427,-23.017,0.031,-0.740,-0.518,0.428,1,33.439,28.668,25.130,25.130,2,32.120251,-110.761688,136.869995,30.370,3092.519775,21,36,53,80,5,3,U_TURN_HDG,AP_PROT_ROLL_MAX,11.816,-30.000,0.000,4,16,20,14,ROLL_LEFT
77,7.412394,0,8.266,23.825,-26.747,-40.263,26.473,115.575,-14.660,34.131,30.103,-31.875,5.125,22.375,-4.767,-25.145,-24.324,0.003,-0.815,-0.421,0.398,1,43.871,28.694,28.784,28.784,2,32.120243,-110.761688,137.500000,29.236,3088.910889,21,36,53,88,5,3,U_TURN_HDG,AP_PROT_PITCH_MIN,11.816,0.000,18.000,4,16,-8,14,PITCH_NOSE_UP
78,7.496963,0,3.563,13.290,-19.198,-39.923,11.794,124.365,-327.101,192.926,204.788,-31.875,5.125,22.375,-4.383,-5.460,-35.935,0.073,0.843,0.405,-0.345,1,22.451,28.637,20.591,20.591,2,32.120239,-110.761688,138.139999,27.322,3085.958008,21,36,53,96,5,3,U_TURN_HDG,AP_PROT_PITCH_MIN,11.816,0.000,18.000,4,16,-8,14,PITCH_NOSE_UP
79,7.689747,0,1.115,14.866,-38.691,-22.493,-8.885,133.749,304.496,-34.131,-209.376,-31.875,5.125,22.375,2.871,-12.175,-35.243,0.146,0.893,0.398,-0.149,1,40.697,28.668,27.724,27.724,2,32.120235,-110.761696,137.699997,20.630,3080.708740,21,36,54,16,5,3,U_TURN_HDG,AP_PROT_PITCH_MIN,11.816,0.000,18.000,4,16,-8,14,PITCH_NOSE_UP
80,7.771866,0,-7.497,18.852,-16.827,-24.607,17.522,115.153,-6.267,37.488,124.439,-31.875,5.125,22.375,5.947,-18.890,-34.090,0.013,-0.833,-0.490,0.258,1,45.584,28.658,29.341,29.341,2,32.120235,-110.761696,136.899994,19.184,3079.068359,21,36,54,24,5,3,U_TURN_HDG,AP_PROT_PITCH_MIN,11.816,0.000,18.000,4,16,-8,14,PITCH_NOSE_UP
81,7.851500,0,-5.113,23.389,-26.849,-23.300,14.886,127.136,76.767,29.879,61.660,-31.875,5.125,22.375,5.818,-20.762,-33.731,0.024,-0.881,-0.409,0.236,1,44.157,28.653,28.878,28.878,2,32.120232,-110.761696,136.250000,17.844,3077.099854,21,36,54,32,5,3,U_TURN_HDG,AP_PROT_PITCH_MIN,11.816,0.000,18.000,4,16,-8,14,PITCH_NOSE_UP
82,7.964538,0,-10.765,24.927,-16.148,-21.880,22.543,129.584,118.061,2.350,-24.955,-31.875,5.125,22.375,7.100,-25.734,-30.630,0.094,-0.887,-0.377,0.250,1,41.845,28.728,28.112,28.112,2,32.120232,-110.761696,134.169998,15.160,3074.475098,21,36,54,44,5,3,U_TURN_HDG,AP_PROT_PITCH_MIN,11.816,0.000,18.000,4,16,-8,14,PITCH_NOSE_UP
83,8.051756,0,-12.944,28.041,-9.612,-20.984,29.721,128.378,39.055,19.136,36.257,-31.875,5.125,22.375,8.253,-29.271,-27.810,0.150,-0.876,-0.372,0.268,1,38.496,28.680,26.963,26.963,2,32.120232,-110.761703,133.100006,12.664,3072.506592,21,36,54,52,5,3,U_TURN_HDG,AP_PROT_PITCH_MIN,11.816,0.000,18.000,4,16,-8,14,PITCH_NOSE_UP
84,8.126638,0,-8.471,30.694,-22.607,-20.640,33.487,134.172,41.069,32.788,74.529,-31.875,5.125,22.375,6.305,-32.116,-25.837,0.194,-0.888,-0.319,0.268,1,35.119,28.701,25.753,25.753,2,32.120228,-110.761703,132.029999,11.529,3070.538330,21,36,54,60,5,3,U_TURN_HDG,AP_PROT_ROLL_MAX,11.816,-30.000,0.000,4,16,20,14,ROLL_LEFT
85,8.408963,0,-7.305,36.269,-68.872,-21.966,35.304,142.673,51.141,37.488,65.129,-31.875,5.125,22.375,5.408,-33.090,-24.940,0.224,-0.905,-0.245,0.267,1,34.516,28.627,25.531,25.531,2,32.120228,-110.761711,118.849998,5.625,3063.320312,21,36,54,88,5,3,U_TURN_HDG,AP_PROT_ROLL_MAX,11.816,-30.000,0.000,4,16,20,14,ROLL_LEFT
86,8.497417,0,-26.875,19.083,-24.722,-19.902,16.037,150.990,214.188,-61.212,-54.162,-31.875,5.125,22.375,18.173,-16.020,-36.474,0.090,-0.950,-0.221,0.200,1,-7.109,28.671,-11.587,0.000,2,32.120232,-110.761711,106.309998,4.397,3062.336182,21,36,54,96,5,3,U_TURN_HDG,AP_PROT_PITCH_MIN,11.816,0.000,18.000,4,16,-8,14,PITCH_NOSE_UP
87,8.764916,0,-18.211,22.094,-4.550,-3.374,13.983,152.432,144.135,-42.412,-3.133,-31.875,5.125,22.375,16.430,-20.685,-35.320,0.111,-0.964,-0.233,0.057,1,5.192,28.663,9.902,0.000,2,32.120235,-110.761726,28.590000,4.636,3060.695801,21,36,55,24,5,3,U_TURN_HDG,AP_HDG_SEL_IMU,11.816,-30.000,0.000,4,16,20,14,ROLL_LEFT
88,8.849542,0,-14.482,35.705,-28.310,-4.803,25.537,151.446,-16.898,19.807,96.127,-31.875,5.125,22.375,12.406,-34.116,-26.426,0.204,-0.947,-0.231,0.094,1,10.762,28.614,14.257,0.000,2,32.120239,-110.761734,356.820007,5.712,3059.711426,21,36,55,32,5,3,U_TURN_HDG,AP_HDG_SEL_IMU,11.816,-30.000,0.000,4,16,20,14,ROLL_LEFT
89,8.930009,0,-14.097,24.734,-21.197,-7.853,26.067,162.009,-399.504,139.547,202.773,-31.875,5.125,22.375,10.278,-21.044,-38.268,0.212,-0.962,-0.137,0.101,1,-6.781,28.692,-11.316,0.000,2,32.120239,-110.761742,346.130005,7.344,3058.727051,21,36,55,40,5,3,U_TURN_HDG,AP_HDG_SEL_IMU,11.816,-30.000,0.000,4,16,20,14,ROLL_LEFT
90,9.051588,0,-18.724,13.931,-9.573,0.278,-3.568,177.458,-150.290,154.430,25.962,-31.875,5.125,22.375,19.019,-4.204,-40.421,0.031,0.999,0.022,0.003,1,-11.153,28.641,-14.513,0.000,2,32.120243,-110.761742,340.390015,8.932,3057.086670,21,36,55,52,5,3,U_TURN_HDG,AP_HDG_SEL_IMU,11.816,30.000,0.000,4,-12,-8,14,ROLL_RIGHT
91,9.129625,0,-24.247,2.845,-16.084,15.714,-17.325,170.654,-54.946,95.568,-54.498,-31.875,5.125,22.375,24.632,-1.717,-37.550,0.138,0.978,0.059,0.147,1,-23.840,28.659,-21.219,0.000,2,32.120247,-110.761749,337.950012,10.059,3055.774414,21,36,55,60,5,3,U_TURN_HDG,AP_HDG_SEL_IMU,11.816,-30.000,0.000,4,8,12,6,ROLL_LEFT
92,9.210716,0,-26.439,14.187,-14.302,14.399,13.612,158.765,602.053,-64.458,-236.569,-31.875,5.125,22.375,25.042,-17.224,-33.167,0.138,-0.966,-0.196,-0.101,1,-10.266,28.665,-13.924,0.000,2,32.120247,-110.761749,336.799988,10.410,3054.462158,21,36,55,68,5,3,U_TURN_HDG,AP_HDG_SEL_IMU,11.816,-30.000,0.000,4,16,20,14,ROLL_LEFT
93,9.449360,0,-25.234,16.084,-14.764,17.767,8.579,145.414,-208.816,36.369,-84.377,-31.875,5.125,22.375,27.810,-3.640,-35.167,0.116,-0.937,-0.304,-0.125,1,-17.857,28.640,-18.364,0.000,2,32.120255,-110.761757,333.920013,11.357,3051.181152,21,36,55,92,5,3,U_TURN_HDG,AP_HDG_SEL_IMU,11.816,-30.000,0.000,4,16,20,14,ROLL_LEFT
94,9.517591,0,-12.547,34.410,-1.743,8.070,22.551,190.564,-255.817,-34.803,244.402,-31.875,5.125,22.375,9.586,-30.937,-30.681,0.188,-0.975,0.076,-0.087,1,-33.924,28.682,-25.312,0.000,2,32.120255,-110.761757,333.230011,11.536,3050.853271,21,36,55,96,5,3,U_TURN_HDG,AP_HDG_SEL_IMU,11.816,30.000,0.000,4,-2,2,4,ROLL_RIGHT
95,9.613717,0,-4.447,37.243,-9.509,-3.814,46.068,191.737,338.515,-140.889,114.592,-31.875,5.125,22.375,4.101,-37.525,-23.530,0.392,-0.914,0.107,-0.010,1,-19.199,28.637,-19.042,0.000,2,32.120255,-110.761765,331.839996,11.541,3048.884521,21,36,56,8,5,3,U_TURN_HDG,AP_PROT_ROLL_MAX,11.816,-30.000,0.000,4,16,20,14,ROLL_LEFT
96,9.688598,0,1.051,42.651,-34.782,-10.952,68.937,189.232,517.341,-8.169,34.243,-31.875,5.125,22.375,-3.178,-43.035,8.074,0.568,-0.814,0.120,0.033,1,-15.855,28.687,-17.304,0.000,2,32.120258,-110.761765,331.609985,11.610,3047.900391,21,36,56,16,5,3,U_TURN_HDG,AP_PROT_ROLL_MAX,11.816,-30.000,0.000,4,16,20,14,ROLL_LEFT
97,9.805843,0,3.499,34.885,-42.125,-15.900,110.613,187.333,42.524,75.984,105.415,-31.875,5.125,22.375,-8.971,-35.654,22.479,0.818,-0.555,0.150,0.026,1,-14.228,28.641,-16.392,0.000,2,32.120258,-110.761765,330.690002,11.399,3046.916260,21,36,56,28,5,3,U_TURN_HDG,AP_PROT_ROLL_MAX,11.816,-30.000,0.000,4,16,20,14,ROLL_LEFT
98,9.890965,0,18.327,33.065,-37.640,-27.148,111.007,190.644,-54.498,83.258,169.985,-31.875,5.125,22.375,-25.145,-31.091,11.509,0.810,-0.530,0.244,0.058,1,-12.615,28.696,-15.435,0.000,2,32.120258,-110.761780,329.929993,11.283,3046.587891,21,36,56,36,5,3,U_TURN_HDG,AP_PROT_ROLL_MAX,11.816,-30.000,0.000,4,16,20,14,ROLL_LEFT
99,9.964745,0,26.016,28.169,-28.771,-52.487,96.157,199.784,-29.319,58.079,121.194,-31.875,5.125,22.375,-30.681,-25.606,5.844,0.708,-0.534,0.427,0.176,1,-12.539,28.690,-15.389,0.000,2,32.120262,-110.761780,329.040009,11.215,3046.260010,21,36,56,44,5,3,U_TURN_HDG,AP_PROT_ROLL_MAX,11.816,-30.000,0.000,4,16,20,14,ROLL_LEFT
100,10.132695,0,26.939,26.490,-29.066,-57.701,86.658,209.782,7.610,72.739,29.767,-31.875,5.125,22.375,-31.501,-24.119,3.409,0.671,-0.531,0.484,0.185,1,-10.821,28.664,-14.296,0.000,2,32.120262,-110.761780,328.040009,10.556,3045.275635,21,36,56,60,5,3,U_TURN_HDG,AP_PROT_ROLL_MAX,11.816,-30.000,0.000,4,16,20,14,ROLL_LEFT
101,10.248712,0,24.478,24.376,-26.452,-58.024,81.716,216.333,38.831,48.008,7.386,-31.875,5.125,22.375,-29.092,-21.633,-5.331,0.658,-0.530,0.508,0.170,1,1.943,28.642,6.058,0.000,2,32.120262,-110.761780,327.190002,9.541,3044.291504,21,36,56,72,5,3,U_TURN_HDG,AP_PROT_ROLL_MAX,11.816,-30.000,0.000,4,16,20,14,ROLL_LEFT
102,10.328215,0,22.018,18.032,-20.633,-56.515,59.805,241.659,-78.782,48.791,37.712,-31.875,5.125,22.375,-28.528,-18.429,-10.406,0.587,-0.535,0.594,0.127,1,5.112,28.661,9.825,0.000,2,32.120262,-110.761780,326.399994,9.020,3044.291504,21,36,56,80,5,3,U_TURN_HDG,AP_PROT_ROLL_MAX,11.816,-30.000,0.000,4,16,20,14,ROLL_LEFT
103,10.386363,0,21.069,13.149,-22.107,-55.417,35.443,257.798,-123.544,110.787,87.175,-31.875,5.125,22.375,-26.042,-9.766,-19.916,0.488,-0.567,0.640,0.175,1,9.055,28.658,13.077,0.000,2,32.120266,-110.761780,325.100006,9.190,3044.947510,21,36,56,84,5,3,U_TURN_HDG,AP_PROT_ROLL_MAX,11.816,-30.000,0.000,4,16,20,14,ROLL_LEFT
104,10.449632,0,18.673,11.739,-24.247,-51.162,17.592,271.477,-50.134,100.939,56.960,-31.875,5.125,22.375,-24.734,-7.843,-21.761,0.402,-0.575,0.684,0.199,1,7.873,28.660,12.194,0.000,2,32.120266,-110.761787,323.170013,8.746,3044.947510,21,36,56,92,5,3,U_TURN_HDG,AP_PROT_PITCH_MIN,11.816,0.000,18.000,4,16,-8,14,PITCH_NOSE_UP
105,10.523516,0,19.531,10.060,-7.754,-47.170,13.690,276.061,42.300,83.146,12.198,-31.875,5.125,22.375,-21.351,-6.639,-24.504,0.368,-0.573,0.708,0.184,1,25.253,28.696,21.838,21.838,2,32.120266,-110.761787,322.399994,8.490,3044.947510,21,36,56,96,5,3,U_TURN_HDG,AP_PROT_PITCH_MIN,11.816,0.000,18.000,4,16,-8,14,PITCH_NOSE_UP
106,10.612776,0,20.377,14.431,-21.364,-42.894,28.638,273.217,209.152,-26.074,-129.139,-31.875,5.125,22.375,-18.455,-14.815,-22.274,0.416,-0.554,0.717,0.076,1,37.914,28.640,26.759,26.759,2,32.120262,-110.761787,317.420013,7.300,3045.275635,21,36,57,8,5,3,U_TURN_HDG,AP_PROT_PITCH_MIN,11.816,0.000,18.000,4,16,-8,14,PITCH_NOSE_UP
107,10.687605,0,10.137,15.097,0.154,-37.011,48.902,259.851,90.308,-27.305,-121.306,-31.875,5.125,22.375,-15.225,-19.583,-20.095,0.486,-0.578,0.655,-0.030,1,39.209,28.681,27.212,27.212,2,32.120262,-110.761787,312.899994,6.670,3045.275635,21,36,57,16,5,3,U_TURN_HDG,AP_PROT_ROLL_MAX,11.816,-30.000,0.000,4,16,20,14,ROLL_LEFT
108,10.743532,0,10.983,15.648,-1.820,-35.971,47.237,261.545,-31.110,33.796,75.201,-31.875,5.125,22.375,-13.944,-17.916,-21.684,0.473,-0.579,0.663,-0.035,1,45.132,28.687,29.195,29.195,2,32.120262,-110.761787,310.279999,6.378,3045.603760,21,36,57,20,5,3,U_TURN_HDG,AP_PROT_ROLL_MAX,11.816,-30.000,0.000,4,16,20,14,ROLL_LEFT
109,10.825904,0,3.986,3.063,-39.819,-36.192,21.221,273.820,-516.110,141.561,182.630,-31.875,5.125,22.375,-12.790,-8.151,-27.169,0.343,-0.596,0.721,0.081,1,41.482,28.664,27.990,27.990,2,32.120262,-110.761787,306.220001,5.467,3045.931885,21,36,57,28,5,3,U_TURN_HDG,AP_PROT_PITCH_MIN,11.816,0.000,18.000,4,16,-8,14,PITCH_NOSE_UP
110,10.889578,0,3.242,-3.037,-31.886,-23.463,-19.061,293.981,-106.646,155.885,141.449,-31.875,5.125,22.375,-4.665,10.330,-28.861,0.080,-0.554,0.791,0.245,1,27.849,28.684,22.933,22.933,2,32.120258,-110.761787,296.799988,4.672,3046.587891,21,36,57,36,5,3,U_TURN_HDG,AP_PROT_PITCH_MIN,11.816,0.000,18.000,4,16,-8,14,PITCH_NOSE_UP
111,10.972978,0,10.740,0.423,-40.139,-17.814,-14.475,293.408,315.127,-1.902,-121.754,-31.875,5.125,22.375,-1.384,3.332,-30.912,0.060,-0.554,0.808,0.188,1,41.695,28.738,28.061,28.061,2,32.120258,-110.761787,288.109985,3.777,3046.916260,21,36,57,44,5,3,U_TURN_HDG,AP_HDG_SEL_IMU,11.816,30.000,0.000,4,-12,-8,14,ROLL_RIGHT
112,11.047676,0,-2.051,1.333,-19.083,-22.034,10.921,280.239,153.311,-97.806,-182.518,-31.875,5.125,22.375,-3.999,-6.126,-30.527,0.206,-0.613,0.761,0.050,1,35.645,28.663,25.946,25.946,2,32.120255,-110.761780,279.230011,2.979,3047.900391,21,36,57,52,5,3,U_TURN_HDG,AP_PROT_PITCH_MIN,11.816,0.000,18.000,4,16,-8,14,PITCH_NOSE_UP
113,11.112502,0,-3.255,20.941,-2.204,-21.200,39.278,265.467,571.055,153.087,-94.896,-31.875,5.125,22.375,0.179,-22.581,-22.479,0.360,-0.638,0.674,-0.097,1,34.136,28.649,25.391,25.391,2,32.120255,-110.761780,272.850006,2.633,3048.228271,21,36,57,56,5,3,U_TURN_HDG,AP_PROT_ROLL_MAX,11.816,-30.000,0.000,4,16,20,14,ROLL_LEFT
114,11.166434,0,-9.881,23.363,-11.726,-13.390,69.961,276.799,21.710,195.835,144.135,-31.875,5.125,22.375,3.025,-28.400,-14.713,0.449,-0.490,0.653,-0.362,1,30.190,28.651,23.878,23.878,2,32.120255,-110.761765,0.000000,1.320,3048.884521,21,36,57,64,5,3,U_TURN_HDG,AP_PROT_ROLL_MAX,11.816,-30.000,0.000,4,16,20,14,ROLL_LEFT
115,11.325535,0,-7.395,24.017,-64.117,-18.604,57.688,289.962,-562.886,183.973,362.463,-31.875,5.125,22.375,-0.231,-21.864,-23.889,0.389,-0.432,0.753,-0.309,1,26.973,28.671,22.570,22.570,2,32.120255,-110.761757,0.000000,2.341,3049.212891,21,36,57,80,5,3,U_TURN_HDG,AP_PROT_ROLL_MAX,11.816,-30.000,0.000,4,16,20,14,ROLL_LEFT
116,11.392270,0,4.037,34.513,-55.787,-28.642,18.576,320.602,542.855,-194.492,84.825,-31.875,5.125,22.375,-9.227,-27.016,-17.429,0.283,-0.285,0.914,-0.065,1,6.138,28.663,10.766,0.000,2,32.120251,-110.761749,0.000000,3.040,3049.212891,21,36,57,84,5,3,U_TURN_HDG,AP_PROT_PITCH_MIN,11.816,0.000,18.000,4,16,-8,14,PITCH_NOSE_UP
117,11.456681,0,5.280,36.576,-46.790,-47.162,85.792,322.078,393.349,-164.166,80.796,-31.875,5.125,22.375,-14.302,-30.450,4.562,0.480,0.039,0.723,-0.495,1,14.354,28.680,16.465,16.465,2,32.120251,-110.761742,199.600006,4.603,3049.540771,21,36,57,92,5,3,U_TURN_HDG,AP_PROT_ROLL_MAX,11.816,-30.000,0.000,4,16,20,14,ROLL_LEFT
118,11.538861,0,12.611,28.105,-51.891,-47.612,122.274,309.708,381.039,-81.915,-18.688,-31.875,5.125,22.375,-12.918,-26.631,17.045,0.517,0.132,0.550,-0.643,1,22.812,28.703,20.756,20.756,2,32.120251,-110.761726,142.500000,6.817,3049.540771,21,36,58,0,5,3,U_TURN_HDG,AP_PROT_ROLL_MAX,11.816,-30.000,0.000,4,16,20,14,ROLL_LEFT
119,11.652767,0,7.920,31.924,-76.164,-49.955,101.365,319.902,-489.700,204.228,61.212,-31.875,5.125,22.375,-15.405,-30.297,1.974,0.492,0.110,0.652,-0.567,1,25.422,28.709,21.912,21.912,2,32.120247,-110.761711,129.570007,9.705,3049.212891,21,36,58,12,5,3,U_TURN_HDG,AP_PROT_ROLL_MAX,11.816,-30.000,0.000,4,16,20,14,ROLL_LEFT
120,11.726857,0,10.458,30.335,-51.071,-54.585,60.254,339.635,-72.627,170.656,37.377,-31.875,5.125,22.375,-14.738,-18.506,-24.094,0.469,0.091,0.797,-0.369,1,16.150,28.650,17.464,17.464,2,32.120243,-110.761703,129.759995,12.014,3049.212891,21,36,58,20,5,3,U_TURN_HDG,AP_PROT_ROLL_MAX,11.816,-30.000,0.000,4,16,20,14,ROLL_LEFT
121,11.807621,0,9.009,29.297,-47.329,-42.089,29.229,5.565,135.518,70.501,-37.377,-31.875,5.125,22.375,-10.227,-22.735,-22.812,0.336,0.134,0.898,-0.252,1,21.376,28.678,20.092,20.092,2,32.120235,-110.761696,132.270004,13.850,3048.884521,21,36,58,28,5,3,U_TURN_HDG,AP_PROT_PITCH_MIN,11.816,0.000,18.000,4,16,-8,14,PITCH_NOSE_UP
122,11.891696,0,3.614,30.066,-40.600,-40.006,45.455,1.363,184.085,-1.567,-49.127,-31.875,5.125,22.375,-7.536,-29.374,-15.302,0.311,0.142,0.865,-0.367,1,28.482,28.684,23.193,23.193,2,32.120232,-110.761696,136.500000,15.329,3048.228271,21,36,58,36,5,3,U_TURN_HDG,AP_PROT_ROLL_MAX,11.816,-30.000,0.000,4,16,20,14,ROLL_LEFT
123,11.967980,0,3.473,30.527,-26.836,-35.626,71.336,357.146,204.004,-11.191,-78.110,-31.875,5.125,22.375,-4.332,-32.501,-9.304,0.262,0.159,0.778,-0.549,1,35.322,28.652,25.828,25.828,2,32.120224,-110.761688,140.130005,17.050,3047.900391,21,36,58,44,5,3,U_TURN_HDG,AP_PROT_ROLL_MAX,11.816,-30.000,0.000,4,16,20,14,ROLL_LEFT
124,12.049732,0,-4.088,26.785,-66.129,-31.986,43.197,6.285,-604.515,220.231,121.977,-31.875,5.125,22.375,-1.769,-16.584,-30.066,0.236,0.150,0.887,-0.367,1,20.986,28.686,19.908,19.908,2,32.120213,-110.761688,143.110001,19.346,3045.931885,21,36,58,52,5,3,U_TURN_HDG,AP_PROT_ROLL_MAX,11.816,-30.000,0.000,4,16,20,14,ROLL_LEFT
125,12.127780,0,-5.831,21.671,-38.409,-23.460,2.792,30.578,-104.632,128.804,177.930,-31.875,5.125,22.375,0.897,-9.048,-33.449,0.190,0.263,0.943,-0.077,1,4.101,28.681,8.801,0.000,2,32.120205,-110.761681,145.580002,21.643,3043.963379,21,36,58,60,5,3,U_TURN_HDG,AP_PROT_PITCH_MIN,11.816,0.000,18.000,4,16,-8,14,PITCH_NOSE_UP
126,12.365339,0,-7.331,27.336,-41.164,-21.230,9.930,33.263,384.061,-94.449,5.595,-31.875,5.125,22.375,1.615,-22.581,-27.298,0.151,0.296,0.934,-0.134,1,13.979,28.704,16.248,0.000,2,32.120171,-110.761673,152.940002,28.490,3040.026367,21,36,58,84,5,3,U_TURN_HDG,AP_PROT_PITCH_MIN,11.816,0.000,18.000,4,16,-8,14,PITCH_NOSE_UP
127,12.495580,0,-1.307,26.336,-35.205,-29.422,75.184,24.584,497.421,-165.397,-68.934,-31.875,5.125,22.375,1.820,-35.807,-8.305,0.071,0.315,0.716,-0.619,1,23.477,28.637,21.057,21.057,2,32.120159,-110.761673,154.259995,30.374,3038.385742,21,36,58,96,5,3,U_TURN_HDG,AP_PROT_ROLL_MAX,11.816,-30.000,0.000,4,16,20,14,ROLL_LEFT
128,12.573393,0,2.230,39.306,-67.962,-39.925,70.725,32.447,40.398,29.767,82.586,-31.875,5.125,22.375,0.923,-35.679,-9.099,0.115,0.404,0.681,-0.600,1,35.171,28.663,25.773,25.773,2,32.120152,-110.761665,155.169998,31.582,3037.401611,21,36,59,4,5,3,U_TURN_HDG,AP_PROT_ROLL_MAX,11.816,-30.000,0.000,4,16,20,14,ROLL_LEFT
129,12.647878,0,0.936,33.654,-53.749,-41.674,45.136,43.928,-440.685,190.799,155.325,-31.875,5.125,22.375,-6.152,-24.042,-27.375,0.170,0.449,0.749,-0.456,1,30.148,28.698,23.861,23.861,2,32.120140,-110.761665,156.070007,32.615,3036.417480,21,36,59,12,5,3,U_TURN_HDG,AP_PROT_ROLL_MAX,11.816,-30.000,0.000,4,16,20,14,ROLL_LEFT
130,12.726549,0,-3.089,26.336,-45.406,-32.704,10.996,62.839,-176.587,181.511,96.575,-31.875,5.125,22.375,-0.077,-14.097,-34.346,0.191,0.521,0.801,-0.225,1,12.947,28.698,15.637,0.000,2,32.120132,-110.761665,157.169998,33.660,3035.433105,21,36,59,20,5,3,U_TURN_HDG,AP_PROT_PITCH_MIN,11.816,0.000,18.000,4,16,-8,14,PITCH_NOSE_UP
131,12.804929,0,-7.856,20.492,-32.385,-24.042,10.339,64.034,50.581,71.844,-31.781,-31.875,5.125,22.375,4.973,-15.968,-33.552,0.129,0.532,0.816,-0.185,1,19.014,28.690,18.950,18.950,2,32.120121,-110.761665,158.710007,34.212,3034.448975,21,36,59,28,5,3,U_TURN_HDG,AP_PROT_PITCH_MIN,11.816,0.000,18.000,4,16,-8,14,PITCH_NOSE_UP
132,12.885780,0,-5.088,25.157,-22.197,-22.385,36.992,55.597,375.892,-68.598,-136.525,-31.875,5.125,22.375,7.408,-26.657,-25.965,0.018,0.488,0.794,-0.361,1,21.524,28.665,20.162,20.162,2,32.120113,-110.761665,160.449997,34.048,3033.792725,21,36,59,36,5,3,U_TURN_HDG,AP_PROT_ROLL_MAX,11.816,-30.000,0.000,4,16,20,14,ROLL_LEFT
133,12.970918,0,-17.916,26.144,-47.828,-20.030,46.170,46.584,7.386,-30.774,-52.708,-31.875,5.125,22.375,8.945,-24.606,-28.041,0.006,-0.421,-0.805,0.418,1,27.051,28.672,22.603,22.603,2,32.120106,-110.761665,161.949997,33.760,3033.136475,21,36,59,44,5,3,U_TURN_HDG,AP_PROT_ROLL_MAX,11.816,-30.000,0.000,4,16,20,14,ROLL_LEFT
134,13.045789,0,-19.595,14.187,-61.785,-15.170,12.221,58.612,-551.808,191.135,259.398,-31.875,5.125,22.375,12.995,-6.664,-35.910,0.063,0.495,0.853,-0.156,1,25.179,28.704,21.807,21.807,2,32.120094,-110.761673,163.490005,33.289,3032.480469,21,36,59,52,5,3,U_TURN_HDG,AP_HDG_SEL_IMU,11.816,-30.000,0.000,4,16,20,14,ROLL_LEFT
135,13.173833,0,-24.747,13.533,-39.191,-6.065,-10.261,71.280,37.936,120.970,97.022,-31.875,5.125,22.375,20.608,-0.154,-33.603,0.095,0.576,0.811,0.042,1,-13.595,28.643,-16.023,0.000,2,32.120087,-110.761673,166.339996,32.289,3031.496094,21,36,59,64,5,3,U_TURN_HDG,AP_HDG_SEL_IMU,11.816,-30.000,0.000,4,12,16,10,ROLL_LEFT
136,13.241502,0,-19.800,30.297,-34.782,0.564,4.815,76.648,460.045,-182.071,45.434,-31.875,5.125,22.375,14.277,-25.965,-27.656,0.030,-0.619,-0.784,0.030,1,9.343,28.618,13.284,0.000,2,32.120083,-110.761681,167.550003,32.121,3031.496094,21,36,59,68,5,3,U_TURN_HDG,AP_HDG_SEL_IMU,11.816,-30.000,0.000,4,16,20,14,ROLL_LEFT
137,13.329424,0,-16.532,38.768,-31.681,-17.834,60.345,70.831,393.461,-88.629,73.186,-31.875,5.125,22.375,8.176,-38.242,-12.534,0.179,-0.558,-0.651,0.482,1,5.020,28.642,9.737,0.000,2,32.120068,-110.761688,171.330002,32.198,3030.839844,21,36,59,80,5,3,U_TURN_HDG,AP_PROT_ROLL_MAX,11.816,-30.000,0.000,4,16,20,14,ROLL_LEFT
138,13.399942,0,-9.163,42.356,-22.927,-27.553,76.301,69.150,72.179,-21.038,107.094,-31.875,5.125,22.375,1.615,-40.318,-9.253,0.186,-0.555,-0.545,0.600,1,4.995,28.604,9.713,0.000,2,32.120064,-110.761688,172.740005,32.271,3030.839844,21,36,59,84,5,3,U_TURN_HDG,AP_PROT_ROLL_MAX,11.816,-30.000,0.000,4,16,20,14,ROLL_LEFT
139,13.464791,0,-2.589,41.626,-25.901,-34.210,64.176,77.908,-131.154,95.791,117.501,-31.875,5.125,22.375,-4.024,-37.602,-17.045,0.125,-0.631,-0.531,0.552,1,5.353,28.665,10.054,0.000,2,32.120056,-110.761696,174.949997,31.756,3029.855713,21,36,59,92,5,3,U_TURN_HDG,AP_PROT_ROLL_MAX,11.816,-30.000,0.000,4,16,20,14,ROLL_LEFT
140,13.543520,0,0.564,38.396,-22.594,-36.641,47.672,90.449,-121.642,102.282,96.239,-31.875,5.125,22.375,-5.716,-32.885,-24.581,0.070,-0.706,-0.521,0.474,1,0.493,28.715,3.052,0.000,2,32.120049,-110.761696,176.419998,31.170,3029.527832,21,37,0,0,5,3,U_TURN_HDG,AP_PROT_ROLL_MAX,11.816,-30.000,0.000,4,16,20,14,ROLL_LEFT
141,13.599515,0,0.551,35.807,-23.056,-33.879,37.349,101.536,-2.462,86.279,42.412,-31.875,5.125,22.375,-4.947,-31.604,-26.298,0.063,-0.761,-0.501,0.408,1,-0.231,28.696,-2.089,0.000,2,32.120045,-110.761696,177.259995,30.917,3028.543213,21,37,0,4,5,3,U_TURN_HDG,AP_PROT_ROLL_MAX,11.816,-30.000,0.000,4,16,20,14,ROLL_LEFT
142,13.663745,0,-0.871,36.538,-15.020,-32.443,38.726,104.696,98.701,10.183,8.505,-31.875,5.125,22.375,-4.152,-32.962,-24.529,0.091,-0.774,-0.480,0.403,1,-3.802,28.659,-8.474,0.000,2,32.120041,-110.761703,179.039993,30.080,3027.887207,21,37,0,12,5,3,U_TURN_HDG,AP_PROT_ROLL_MAX,11.816,-30.000,0.000,4,16,20,14,ROLL_LEFT
143,13.770999,0,-2.550,36.563,-16.186,-32.263,43.666,105.490,48.791,4.029,7.833,-31.875,5.125,22.375,-4.075,-33.859,-23.043,0.128,-0.772,-0.458,0.422,1,1.015,28.669,4.378,0.000,2,32.120033,-110.761711,183.899994,27.707,3026.574951,21,37,0,24,5,3,U_TURN_HDG,AP_PROT_ROLL_MAX,11.816,-30.000,0.000,4,16,20,14,ROLL_LEFT
144,13.844614,0,-1.435,34.308,-14.046,-31.351,40.040,110.879,-7.722,30.438,26.186,-31.875,5.125,22.375,-3.819,-31.988,-25.196,0.127,-0.797,-0.437,0.396,1,6.299,28.666,10.907,0.000,2,32.120029,-110.761719,187.289993,26.072,3025.262451,21,37,0,32,5,3,U_TURN_HDG,AP_PROT_ROLL_MAX,11.816,-30.000,0.000,4,16,20,14,ROLL_LEFT
145,13.932372,0,-5.152,27.759,-9.522,-29.336,32.618,115.689,-148.499,98.477,57.855,-31.875,5.125,22.375,-2.051,-26.221,-30.989,0.101,-0.824,-0.434,0.350,1,0.631,28.685,3.452,0.000,2,32.120026,-110.761719,189.380005,24.674,3023.293945,21,37,0,40,5,3,U_TURN_HDG,AP_PROT_ROLL_MAX,11.816,-30.000,0.000,4,16,20,14,ROLL_LEFT
146,14.004968,0,-6.139,23.760,-10.663,-22.927,16.877,125.210,-80.796,97.022,44.427,-31.875,5.125,22.375,1.435,-19.711,-35.243,0.037,-0.874,-0.420,0.241,1,-5.535,28.666,-10.224,0.000,2,32.120022,-110.761726,191.539993,23.108,3020.669434,21,37,0,48,5,3,U_TURN_HDG,AP_PROT_PITCH_MIN,11.816,0.000,18.000,4,16,-8,14,PITCH_NOSE_UP
147,14.084588,0,0.807,25.221,-7.715,-17.735,12.664,129.916,164.837,27.081,47.448,-31.875,5.125,22.375,3.947,-20.967,-34.090,0.034,-0.897,-0.400,0.185,1,-27.381,28.676,-22.740,0.000,2,32.120022,-110.761726,194.710007,21.395,3017.716553,21,37,0,56,5,3,U_TURN_HDG,AP_HDG_SEL_IMU,11.816,-30.000,0.000,4,16,20,14,ROLL_LEFT
148,14.210764,0,-39.614,20.390,-33.731,-20.010,33.123,131.405,-809.862,-47.448,257.607,-31.875,5.125,22.375,-0.692,-25.298,-31.065,0.187,-0.881,-0.343,0.267,1,-81.801,28.688,-39.305,0.000,2,32.120014,-110.761734,200.179993,19.418,3014.763916,21,37,0,68,5,3,U_TURN_HDG,AP_PROT_ROLL_MAX,11.816,-30.000,0.000,4,16,20,14,ROLL_LEFT
149,14.329412,0,-1.051,6.651,38.319,-16.871,-7.660,148.551,128.580,-19.472,30.215,-31.875,5.125,22.375,-0.871,-6.049,-39.370,0.103,0.947,0.277,-0.123,1,-41.247,28.704,-27.910,0.000,2,32.120010,-110.761742,204.779999,18.264,3013.123535,21,37,0,80,5,3,U_TURN_HDG,AP_HDG_SEL_IMU,11.816,-30.000,0.000,4,13,17,11,ROLL_LEFT
150,14.413833,0,-34.744,42.882,-76.664,-20.843,-6.017,155.517,-167.075,512.193,27.641,-31.875,5.125,22.375,-1.025,-5.818,-38.883,0.089,0.958,0.218,-0.166,1,-60.969,28.704,-33.933,0.000,2,32.120010,-110.761742,207.899994,17.342,3013.123535,21,37,0,88,5,3,U_TURN_HDG,AP_PROT_PITCH_MIN,11.816,0.000,18.000,4,16,-8,14,PITCH_NOSE_UP
151,14.492951,0,-3.601,14.008,27.144,-12.955,-6.110,160.887,-34.691,51.812,-41.517,-31.875,5.125,22.375,4.460,-4.588,-38.242,0.071,0.977,0.171,-0.102,1,-48.115,28.699,-30.145,0.000,2,32.120010,-110.761742,210.990005,16.529,3012.795410,21,37,0,96,5,3,U_TURN_HDG,AP_HDG_SEL_IMU,11.816,-30.000,0.000,4,14,18,12,ROLL_LEFT
152,14.565930,0,-0.525,-17.007,55.172,-20.537,-6.898,157.113,9.288,-171.440,-122.761,-31.875,5.125,22.375,0.128,-3.665,-38.217,0.093,0.961,0.205,-0.163,1,-41.901,28.661,-28.131,0.000,2,32.120007,-110.761749,213.729996,15.855,3012.467285,21,37,1,4,5,3,U_TURN_HDG,AP_PROT_PITCH_MIN,11.816,0.000,18.000,4,16,-8,14,PITCH_NOSE_UP
153,14.690696,0,-4.537,35.397,-18.890,-17.493,-10.222,155.625,-23.836,-186.211,-53.267,-31.875,5.125,22.375,-1.179,-1.717,-37.986,0.118,0.959,0.221,-0.129,1,-51.675,28.680,-31.240,0.000,2,32.120003,-110.761749,218.020004,15.379,3012.139160,21,37,1,16,5,3,U_TURN_HDG,AP_HDG_SEL_IMU,11.816,-30.000,0.000,4,12,16,10,ROLL_LEFT
154,14.806924,0,-15.046,28.618,-2.409,-17.528,-7.316,158.280,23.948,-73.298,8.617,-31.875,5.125,22.375,-0.231,-0.231,-37.576,0.091,0.967,0.195,-0.137,1,-55.772,28.687,-32.455,0.000,2,32.120003,-110.761757,222.800003,15.016,3012.467285,21,37,1,28,5,3,U_TURN_HDG,AP_HDG_SEL_IMU,11.816,-30.000,0.000,4,13,17,11,ROLL_LEFT
155,14.888759,0,-2.179,2.127,14.379,-16.379,-13.219,166.071,-55.058,16.338,105.975,-31.875,5.125,22.375,-0.487,2.409,-37.115,0.130,0.974,0.135,-0.127,1,-54.146,28.633,-31.978,0.000,2,32.119999,-110.761757,225.860001,14.816,3012.467285,21,37,1,36,5,3,U_TURN_HDG,AP_HDG_SEL_IMU,11.816,-30.000,0.000,4,10,14,8,ROLL_LEFT
156,14.972973,0,-1.153,-0.859,6.177,-17.593,-8.999,164.525,36.369,-14.548,-32.676,-31.875,5.125,22.375,-0.923,0.897,-36.986,0.097,0.975,0.145,-0.141,1,-53.662,28.654,-31.835,0.000,2,32.119999,-110.761757,228.399994,14.753,3012.467285,21,37,1,44,5,3,U_TURN_HDG,AP_HDG_SEL_IMU,11.816,-30.000,0.000,4,13,17,11,ROLL_LEFT
157,15.058840,0,-2.768,-0.192,3.204,-17.811,-7.794,163.930,9.736,0.336,3.021,-31.875,5.125,22.375,-1.000,1.384,-36.730,0.088,0.975,0.148,-0.144,1,-52.948,28.660,-31.622,0.000,2,32.119999,-110.761765,230.580002,14.728,3012.467285,21,37,1,52,5,3,U_TURN_HDG,AP_HDG_SEL_IMU,11.816,-30.000,0.000,4,13,17,11,ROLL_LEFT
158,15.166796,0,-2.473,1.012,3.153,-17.396,-9.522,163.992,-15.667,7.274,-1.455,-31.875,5.125,22.375,-0.743,2.999,-36.499,0.102,0.974,0.150,-0.138,1,-55.001,28.661,-32.230,0.000,2,32.119995,-110.761765,232.889999,14.598,3012.467285,21,37,1,64,5,3,U_TURN_HDG,AP_HDG_SEL_IMU,11.816,-30.000,0.000,4,12,16,10,ROLL_LEFT
159,15.248458,0,-1.666,-0.795,4.306,-17.297,-9.740,163.966,-7.386,2.686,0.336,-31.875,5.125,22.375,-0.795,3.845,-36.166,0.104,0.974,0.150,-0.137,1,-54.027,28.708,-31.943,0.000,2,32.119995,-110.761780,233.380005,14.404,3012.139160,21,37,1,72,5,3,U_TURN_HDG,AP_HDG_SEL_IMU,11.816,-30.000,0.000,4,12,16,10,ROLL_LEFT
160,15.371356,0,-2.563,-1.679,2.435,-17.369,-9.619,163.989,3.693,-2.350,-0.112,-31.875,5.125,22.375,-0.897,4.075,-35.987,0.103,0.974,0.150,-0.137,1,-52.940,28.672,-31.620,0.000,2,32.119991,-110.761780,233.690002,14.122,3011.155029,21,37,1,84,5,3,U_TURN_HDG,AP_HDG_SEL_IMU,11.816,-30.000,0.000,4,12,16,10,ROLL_LEFT
161,15.612738,0,-2.012,-1.858,2.755,-17.351,-9.686,163.990,-5.819,3.245,-0.336,-31.875,5.125,22.375,-0.974,4.639,-35.730,0.104,0.974,0.150,-0.137,1,-53.107,28.660,-31.670,0.000,2,32.119987,-110.761780,234.000000,13.008,3010.170654,21,37,2,8,5,3,U_TURN_HDG,AP_HDG_SEL_IMU,11.816,-30.000,0.000,4,12,16,10,ROLL_LEFT
162,15.689702,0,-2.358,-2.704,1.948,-12.696,-9.496,164.064,-2.798,1.231,-0.112,-31.875,5.125,22.375,-1.077,5.408,-35.218,0.097,0.980,0.146,-0.098,1,-54.502,28.698,-32.083,0.000,2,32.119987,-110.761780,234.240005,12.476,3009.842773,21,37,2,16,5,3,U_TURN_HDG,AP_HDG_SEL_IMU,11.816,-30.000,0.000,4,12,16,10,ROLL_LEFT
163,15.772333,0,-1.858,-2.614,2.345,-10.534,-9.533,164.103,-1.902,0.448,0.336,-31.875,5.125,22.375,-1.128,5.639,-35.064,0.095,0.982,0.145,-0.079,1,-53.026,28.659,-31.646,0.000,2,32.119987,-110.761780,234.649994,11.899,3009.514404,21,37,2,24,5,3,U_TURN_HDG,AP_HDG_SEL_IMU,11.816,-30.000,0.000,4,12,16,10,ROLL_LEFT
164,15.886475,0,0.064,0.205,0.064,-9.100,-9.647,164.122,-1.902,0.895,0.336,-31.875,5.125,22.375,-3.025,2.922,-32.911,0.094,0.983,0.144,-0.067,1,-53.724,28.685,-31.853,0.000,2,32.119987,-110.761780,235.559998,10.986,3008.858398,21,37,2,36,5,3,U_TURN_HDG,AP_HDG_SEL_IMU,11.816,-30.000,0.000,4,12,16,10,ROLL_LEFT
165,15.972772,0,0.064,0.154,-0.090,-5.924,-5.784,163.713,3.469,-1.231,-0.448,-31.875,5.125,22.375,-2.999,2.896,-32.885,0.057,0.987,0.144,-0.044,1,-53.177,28.671,-31.691,0.000,2,32.119984,-110.761780,236.179993,10.427,3008.202393,21,37,2,44,5,3,U_TURN_HDG,AP_HDG_SEL_IMU,11.816,-30.000,0.000,4,14,18,12,ROLL_LEFT
166,16.046499,0,1.217,-0.974,1.833,-5.847,-5.447,163.688,2.910,0.560,0.112,-31.875,5.125,22.375,-3.050,2.717,-32.911,0.054,0.987,0.144,-0.044,1,-54.675,28.671,-32.134,0.000,2,32.119984,-110.761765,237.039993,9.941,3007.874023,21,37,2,52,5,3,U_TURN_HDG,AP_HDG_SEL_IMU,11.816,-30.000,0.000,4,14,18,12,ROLL_LEFT
167,16.250948,0,0.295,0.038,0.564,-5.956,-4.920,163.655,-4.588,1.119,0.112,-31.875,5.125,22.375,-3.101,2.614,-32.911,0.050,0.987,0.144,-0.045,1,-54.595,28.677,-32.110,0.000,2,32.119984,-110.761765,239.429993,8.902,3006.889893,21,37,2,72,5,3,U_TURN_HDG,AP_HDG_SEL_IMU,11.816,-30.000,0.000,4,15,19,13,ROLL_LEFT
168,16.365667,0,0.141,0.269,-0.564,-5.961,-4.856,163.666,3.581,-0.783,0.112,-31.875,5.125,22.375,-3.101,2.563,-32.911,0.049,0.987,0.144,-0.045,1,-53.968,28.670,-31.925,0.000,2,32.119984,-110.761765,240.889999,8.461,3006.233643,21,37,2,84,5,3,U_TURN_HDG,AP_HDG_SEL_IMU,11.816,-30.000,0.000,4,15,19,13,ROLL_LEFT
169,16.450930,0,0.038,0.141,-0.308,-5.977,-4.776,163.670,3.133,-1.231,-0.783,-31.875,5.125,22.375,-3.127,2.512,-32.911,0.049,0.987,0.144,-0.046,1,-52.850,28.690,-31.593,0.000,2,32.119984,-110.761765,241.949997,8.186,3006.233643,21,37,2,92,5,3,U_TURN_HDG,AP_HDG_SEL_IMU,11.816,-30.000,0.000,4,15,19,13,ROLL_LEFT
170,16.565653,0,-0.115,0.141,0.192,-5.993,-4.738,163.676,0.560,-0.336,-0.448,-31.875,5.125,22.375,-3.101,2.614,-32.911,0.048,0.987,0.144,-0.046,1,-53.968,28.668,-31.925,0.000,2,32.119984,-110.761765,243.529999,7.793,3005.905762,21,37,3,4,5,3,U_TURN_HDG,AP_HDG_SEL_IMU,11.816,-30.000,0.000,4,15,19,13,ROLL_LEFT
171,16.650928,0,0.192,0.192,0.064,-6.001,-4.602,163.670,0.448,0.000,-0.224,-31.875,5.125,22.375,-3.153,2.563,-32.885,0.047,0.987,0.144,-0.046,1,-53.252,28.682,-31.713,0.000,2,32.119984,-110.761765,244.619995,7.541,3005.577393,21,37,3,12,5,3,U_TURN_HDG,AP_HDG_SEL_IMU,11.816,-30.000,0.000,4,15,19,13,ROLL_LEFT
172,16.732475,0,0.038,0.064,-0.064,-5.934,-4.576,163.666,-0.560,0.112,-0.112,-31.875,5.125,22.375,-3.127,2.563,-32.911,0.047,0.987,0.144,-0.046,1,-53.585,28.647,-31.812,0.000,2,32.119984,-110.761765,245.720001,7.295,3005.249512,21,37,3,20,5,3,U_TURN_HDG,AP_HDG_SEL_IMU,11.816,-30.000,0.000,4,15,19,13,ROLL_LEFT
173,16.815855,0,0.064,-0.038,-0.064,-5.882,-4.555,163.657,0.448,-0.112,-0.112,-31.875,5.125,22.375,-3.153,2.538,-32.911,0.047,0.987,0.144,-0.045,1,-53.182,28.663,-31.692,0.000,2,32.119984,-110.761765,246.970001,7.090,3005.249512,21,37,3,28,5,3,U_TURN_HDG,AP_HDG_SEL_IMU,11.816,-30.000,0.000,4,15,19,13,ROLL_LEFT
174,16.890646,0,0.064,-0.038,0.064,-5.843,-4.482,163.659,0.671,-0.224,0.112,-31.875,5.125,22.375,-3.153,2.538,-32.911,0.046,0.988,0.144,-0.045,1,-53.659,28.657,-31.834,0.000,2,32.119984,-110.761765,247.850006,6.699,3004.921387,21,37,3,36,5,3,U_TURN_HDG,AP_HDG_SEL_IMU,11.816,-30.000,0.000,4,15,19,13,ROLL_LEFT
175,17.009722,0,0.090,-0.141,-0.038,-5.832,-4.456,163.658,-1.455,0.448,0.112,-31.875,5.125,22.375,-3.178,2.512,-32.937,0.046,0.988,0.144,-0.045,1,-53.564,28.689,-31.806,0.000,2,32.119984,-110.761765,249.789993,6.112,3004.265137,21,37,3,48,5,3,U_TURN_HDG,AP_HDG_SEL_IMU,11.816,-30.000,0.000,4,15,19,13,ROLL_LEFT
176,17.085648,0,-0.038,-0.115,-0.038,-5.811,-4.359,163.653,1.790,-0.448,0.224,-31.875,5.125,22.375,-3.178,2.486,-32.937,0.045,0.988,0.144,-0.045,1,-53.578,28.664,-31.810,0.000,2,32.119987,-110.761757,251.119995,5.730,3003.609131,21,37,3,56,5,3,U_TURN_HDG,AP_HDG_SEL_IMU,11.816,-30.000,0.000,4,15,19,13,ROLL_LEFT
177,17.170601,0,-0.038,-0.115,-0.038,-5.770,-4.415,163.653,1.790,-0.448,0.000,-31.875,5.125,22.375,-3.178,2.512,-32.937,0.045,0.988,0.144,-0.044,1,-53.161,28.702,-31.686,0.000,2,32.119987,-110.761757,252.860001,5.114,3003.281006,21,37,3,64,5,3,U_TURN_HDG,AP_HDG_SEL_IMU,11.816,-30.000,0.000,4,15,19,13,ROLL_LEFT
178,17.255512,0,-0.013,-0.115,-0.038,-5.758,-4.381,163.645,1.567,-0.560,0.112,-31.875,5.125,22.375,-3.204,2.486,-32.937,0.045,0.988,0.144,-0.044,1,-53.872,28.706,-31.897,0.000,2,32.119987,-110.761757,254.289993,4.964,3002.952881,21,37,3,72,5,3,U_TURN_HDG,AP_HDG_SEL_IMU,11.816,-30.000,0.000,4,15,19,13,ROLL_LEFT
179,17.365650,0,0.115,0.013,-0.038,-5.735,-4.370,163.651,0.112,0.112,-0.112,-31.875,5.125,22.375,-3.204,2.486,-32.937,0.045,0.988,0.144,-0.044,1,-53.797,28.696,-31.875,0.000,2,32.119987,-110.761757,256.279999,4.836,3001.968506,21,37,3,84,4,3,U_TURN_HDG,AP_HDG_SEL_IMU,11.816,-30.000,0.000,4,15,19,13,ROLL_LEFT
180,17.450312,0,0.115,0.115,-0.038,-5.725,-4.350,163.649,0.448,-0.112,0.112,-31.875,5.125,22.375,-3.204,2.512,-32.937,0.045,0.988,0.144,-0.044,1,-53.083,28.701,-31.662,0.000,2,32.119987,-110.761757,258.399994,4.858,3001.312500,21,37,3,92,4,3,U_TURN_HDG,AP_HDG_SEL_IMU,11.816,-30.000,0.000,4,15,19,13,ROLL_LEFT
181,17.645676,0,-0.038,-0.141,-0.038,-5.694,-4.376,163.649,1.343,-0.336,0.112,-31.875,5.125,22.375,-3.178,2.512,-32.937,0.045,0.988,0.144,-0.044,1,-53.569,28.679,-31.807,0.000,2,32.119987,-110.761765,260.890015,4.971,3000.328125,21,37,4,12,4,3,U_TURN_HDG,AP_HDG_SEL_IMU,11.816,-30.000,0.000,4,15,19,13,ROLL_LEFT
182,17.694508,0,-0.038,0.013,0.064,-5.677,-4.364,163.656,0.671,-0.224,0.112,-31.875,5.125,22.375,-3.178,2.486,-32.911,0.045,0.988,0.144,-0.044,1,-53.749,28.636,-31.860,0.000,2,32.119987,-110.761765,260.500000,4.981,3000.328125,21,37,4,16,4,3,U_TURN_HDG,AP_HDG_SEL_IMU,11.816,-30.000,0.000,4,15,19,13,ROLL_LEFT
183,17.769506,0,0.090,0.115,0.064,-5.629,-4.371,163.654,-0.448,0.224,-0.224,-31.875,5.125,22.375,-3.178,2.512,-32.911,0.045,0.988,0.144,-0.043,1,-54.141,28.642,-31.976,0.000,2,32.119987,-110.761765,259.880005,5.018,3000.000244,21,37,4,24,4,3,U_TURN_HDG,AP_HDG_SEL_IMU,11.816,-30.000,0.000,4,15,19,13,ROLL_LEFT
184,17.850924,0,-0.013,0.013,-0.038,-5.624,-4.336,163.653,-0.448,0.224,-0.224,-31.875,5.125,22.375,-3.178,2.486,-32.937,0.044,0.988,0.144,-0.043,1,-53.958,28.687,-31.922,0.000,2,32.119987,-110.761765,258.739990,5.043,2999.343994,21,37,4,32,4,3,U_TURN_HDG,AP_HDG_SEL_IMU,11.816,-30.000,0.000,4,15,19,13,ROLL_LEFT
185,17.930696,0,0.090,-0.115,-0.038,-5.610,-4.338,163.652,0.448,0.000,0.112,-31.875,5.125,22.375,-3.204,2.486,-32.937,0.044,0.988,0.144,-0.043,1,-53.791,28.700,-31.873,0.000,2,32.119987,-110.761765,257.320007,5.065,2999.015869,21,37,4,40,4,3,U_TURN_HDG,AP_HDG_SEL_IMU,11.816,-30.000,0.000,4,15,19,13,ROLL_LEFT
186,18.005913,0,0.218,-0.013,-0.038,-5.599,-4.361,163.646,0.000,0.112,-0.112,-31.875,5.125,22.375,-3.204,2.486,-32.937,0.045,0.988,0.144,-0.043,1,-53.546,28.721,-31.800,0.000,2,32.119984,-110.761765,255.850006,5.085,2998.359863,21,37,4,48,4,3,U_TURN_HDG,AP_HDG_SEL_IMU,11.816,-30.000,0.000,4,15,19,13,ROLL_LEFT
187,18.128628,0,-0.128,-0.115,-0.038,-5.591,-4.355,163.645,0.671,-0.224,0.000,-31.875,5.125,22.375,-3.178,2.538,-32.937,0.044,0.988,0.144,-0.043,1,-53.770,28.740,-31.867,0.000,2,32.119984,-110.761765,253.729996,5.107,2997.703613,21,37,4,60,4,3,U_TURN_HDG,AP_HDG_SEL_IMU,11.816,-30.000,0.000,4,15,19,13,ROLL_LEFT
188,18.212151,0,0.218,0.090,0.090,-5.556,-4.402,163.646,-1.790,0.448,0.224,-31.875,5.125,22.375,-3.178,2.538,-32.937,0.045,0.988,0.144,-0.042,1,-53.564,28.689,-31.806,0.000,2,32.119984,-110.761780,254.169998,5.041,2997.047363,21,37,4,68,4,3,U_TURN_HDG,AP_HDG_SEL_IMU,11.816,-30.000,0.000,4,15,19,13,ROLL_LEFT
189,18.323223,0,0.218,-0.038,-0.038,-5.550,-4.410,163.646,-2.014,0.671,-0.112,-31.875,5.125,22.375,-3.178,2.538,-32.937,0.045,0.988,0.144,-0.042,1,-54.032,28.696,-31.944,0.000,2,32.119984,-110.761780,258.010010,4.982,2996.391113,21,37,4,80,4,3,U_TURN_HDG,AP_HDG_SEL_IMU,11.816,-30.000,0.000,4,15,19,13,ROLL_LEFT
190,18.409765,0,0.090,-0.013,0.090,-5.549,-4.403,163.646,0.895,-0.112,-0.224,-31.875,5.125,22.375,-3.178,2.512,-32.937,0.045,0.988,0.144,-0.042,1,-53.881,28.682,-31.900,0.000,2,32.119987,-110.761780,261.410004,4.841,2995.734863,21,37,4,88,4,3,U_TURN_HDG,AP_HDG_SEL_IMU,11.816,-30.000,0.000,4,15,19,13,ROLL_LEFT
191,18.489799,0,0.090,0.243,0.218,-5.562,-4.345,163.644,-2.126,0.560,-0.112,-31.875,5.125,22.375,-3.178,2.512,-32.937,0.044,0.988,0.144,-0.043,1,-54.048,28.666,-31.949,0.000,2,32.119987,-110.761780,265.329987,4.630,2995.406982,21,37,4,96,4,3,U_TURN_HDG,AP_HDG_SEL_IMU,11.816,-30.000,0.000,4,15,19,13,ROLL_LEFT
192,18.586884,0,0.090,0.141,-0.038,-5.548,-4.347,163.643,1.902,-0.783,-0.112,-31.875,5.125,22.375,-3.178,2.486,-32.937,0.044,0.988,0.144,-0.042,1,-54.095,28.723,-31.963,0.000,2,32.119987,-110.761780,269.589996,4.454,2995.078857,21,37,5,4,4,3,U_TURN_HDG,AP_HDG_SEL_IMU,11.816,-30.000,0.000,4,15,19,13,ROLL_LEFT
193,18.643867,0,-0.038,-0.115,0.090,-5.572,-4.272,163.642,1.790,-0.671,0.112,-31.875,5.125,22.375,-3.178,2.486,-32.937,0.044,0.988,0.144,-0.043,1,-54.416,28.716,-32.058,0.000,2,32.119987,-110.761780,274.179993,4.321,2994.422607,21,37,5,12,4,3,U_TURN_HDG,AP_HDG_SEL_IMU,11.816,-30.000,0.000,4,15,19,13,ROLL_LEFT
194,18.746330,0,-0.013,0.013,-0.038,-5.582,-4.242,163.641,-0.224,0.000,0.112,-31.875,5.125,22.375,-3.178,2.461,-32.937,0.044,0.988,0.144,-0.043,1,-53.897,28.652,-31.904,0.000,2,32.119991,-110.761780,279.019989,4.226,2994.094482,21,37,5,20,4,3,U_TURN_HDG,AP_HDG_SEL_IMU,11.816,-30.000,0.000,4,15,19,13,ROLL_LEFT
195,18.810722,0,0.115,0.141,-0.038,-5.569,-4.251,163.640,0.224,0.000,-0.112,-31.875,5.125,22.375,-3.204,2.486,-32.937,0.044,0.988,0.144,-0.043,1,-53.546,28.717,-31.800,0.000,2,32.119991,-110.761780,285.350006,4.203,2993.438477,21,37,5,28,4,3,U_TURN_HDG,AP_HDG_SEL_IMU,11.816,-30.000,0.000,4,15,19,13,ROLL_LEFT
196,18.888514,0,-0.013,0.013,-0.013,-5.570,-4.258,163.641,0.000,-0.112,-0.112,-31.875,5.125,22.375,-3.204,2.486,-32.962,0.044,0.988,0.144,-0.043,1,-54.260,28.712,-32.012,0.000,2,32.119995,-110.761780,290.690002,4.179,2993.110352,21,37,5,36,4,3,U_TURN_HDG,AP_HDG_SEL_IMU,11.816,-30.000,0.000,4,15,19,13,ROLL_LEFT
197,18.969643,0,-0.013,-0.090,-0.013,-5.581,-4.228,163.633,-0.336,0.112,0.224,-31.875,5.125,22.375,-3.204,2.461,-32.962,0.043,0.988,0.144,-0.043,1,-54.410,28.725,-32.056,0.000,2,32.119995,-110.761780,295.750000,4.194,2992.782227,21,37,5,44,4,3,U_TURN_HDG,AP_HDG_SEL_IMU,11.816,-30.000,0.000,4,15,19,13,ROLL_LEFT
198,19.048523,0,0.013,-0.064,-0.013,-5.582,-4.235,163.633,1.455,-0.560,-0.224,-31.875,5.125,22.375,-3.230,2.435,-32.962,0.043,0.988,0.144,-0.043,1,-54.424,28.703,-32.060,0.000,2,32.119995,-110.761780,300.380005,4.243,2992.125977,21,37,5,52,4,3,U_TURN_HDG,AP_HDG_SEL_IMU,11.816,-30.000,0.000,4,15,19,13,ROLL_LEFT
199,19.172226,0,0.013,0.064,-0.013,-5.599,-4.211,163.633,-0.224,0.112,-0.112,-31.875,5.125,22.375,-3.230,2.461,-32.962,0.043,0.988,0.144,-0.043,1,-53.670,28.638,-31.837,0.000,2,32.119999,-110.761780,306.929993,4.184,2991.469971,21,37,5,64,4,3,U_TURN_HDG,AP_HDG_SEL_IMU,11.816,-30.000,0.000,4,15,19,13,ROLL_LEFT
200,19.249664,0,-0.077,-0.038,-0.064,-5.624,-4.137,163.623,0.895,-0.112,-0.336,-31.875,5.125,22.375,-3.255,2.409,-32.911,0.043,0.988,0.144,-0.043,1,-54.354,28.683,-32.039,0.000,2,32.120007,-110.761734,318.329987,3.447,3038.057861,21,37,5,72,3,3,U_TURN_HDG,AP_HDG_SEL_IMU,11.816,-30.000,0.000,4,15,19,13,ROLL_LEFT
201,19.364010,0,0.038,0.218,0.115,-5.630,-4.129,163.623,-2.238,0.671,0.000,-31.875,5.125,22.375,-3.255,2.409,-32.962,0.043,0.988,0.144,-0.043,1,-53.629,28.708,-31.825,0.000,2,32.120007,-110.761734,0.000000,3.067,3041.666748,21,37,5,84,4,3,U_TURN_HDG,AP_HDG_SEL_IMU,11.816,-30.000,0.000,4,15,19,13,ROLL_LEFT
202,19.448935,0,-0.051,-0.038,-0.013,-5.614,-4.166,163.624,-0.560,0.000,0.112,-31.875,5.125,22.375,-3.255,2.409,-32.962,0.043,0.988,0.144,-0.043,1,-53.869,28.704,-31.896,0.000,2,32.120007,-110.761734,0.000000,2.797,3041.338623,21,37,5,92,4,3,U_TURN_HDG,AP_HDG_SEL_IMU,11.816,-30.000,0.000,4,15,19,13,ROLL_LEFT
203,19.512325,0,-0.179,-0.231,-0.013,-5.622,-4.165,163.616,0.671,-0.671,0.224,-31.875,5.125,22.375,-3.281,2.384,-32.962,0.043,0.988,0.144,-0.043,1,-53.413,28.677,-31.761,0.000,2,32.120007,-110.761734,0.000000,2.604,3041.338623,21,37,5,96,4,3,U_TURN_HDG,AP_HDG_SEL_IMU,11.816,-30.000,0.000,4,15,19,13,ROLL_LEFT
204,19.610468,0,-0.179,-0.128,-0.013,-5.620,-4.201,163.618,-1.007,0.671,0.112,-31.875,5.125,22.375,-3.255,2.409,-32.962,0.043,0.988,0.144,-0.043,1,-53.781,28.723,-31.870,0.000,2,32.120007,-110.761734,0.000000,2.392,3041.338623,21,37,6,8,4,3,U_TURN_HDG,AP_HDG_SEL_IMU,11.816,-30.000,0.000,4,15,19,13,ROLL_LEFT
205,19.685543,0,0.167,0.218,0.090,-5.625,-4.186,163.611,2.126,-0.448,-0.336,-31.875,5.125,22.375,-3.281,2.384,-32.937,0.043,0.988,0.144,-0.043,1,-54.019,28.717,-31.940,0.000,2,32.120007,-110.761734,0.000000,2.216,3041.010742,21,37,6,16,4,3,U_TURN_HDG,AP_HDG_SEL_IMU,11.816,-30.000,0.000,4,15,19,13,ROLL_LEFT
206,19.770449,0,-0.282,-0.436,0.090,-5.695,-3.984,163.611,2.014,-0.560,-0.224,-31.875,5.125,22.375,-3.281,2.332,-32.937,0.041,0.988,0.144,-0.044,1,-54.109,28.701,-31.967,0.000,2,32.120007,-110.761734,0.000000,2.054,3041.010742,21,37,6,24,4,3,U_TURN_HDG,AP_HDG_SEL_IMU,11.816,-30.000,0.000,4,15,19,13,ROLL_LEFT
207,19.847588,0,0.346,-0.103,0.218,-5.650,-4.110,163.594,-5.707,1.343,0.224,-31.875,5.125,22.375,-3.281,2.435,-32.937,0.042,0.988,0.144,-0.044,1,-54.164,28.741,-31.983,0.000,2,32.120003,-110.761734,0.000000,1.906,3041.010742,21,37,6,32,4,3,U_TURN_HDG,AP_HDG_SEL_IMU,11.816,-30.000,0.000,4,15,19,13,ROLL_LEFT
208,19.932333,0,-0.051,-0.013,0.218,-5.702,-4.025,163.591,6.714,-2.910,0.671,-31.875,5.125,22.375,-3.306,2.281,-32.937,0.042,0.988,0.144,-0.044,1,-52.609,28.697,-31.521,0.000,2,32.120003,-110.761734,0.000000,1.769,3040.682373,21,37,6,40,4,3,U_TURN_HDG,AP_HDG_SEL_IMU,11.816,-30.000,0.000,4,15,19,13,ROLL_LEFT
209,20.004604,0,0.064,0.372,0.090,-5.640,-4.174,163.561,5.036,-1.119,0.560,-31.875,5.125,22.375,-3.281,2.384,-32.937,0.043,0.988,0.144,-0.043,1,-53.169,28.687,-31.688,0.000,2,32.120003,-110.761734,0.000000,1.649,3040.682373,21,37,6,48,4,3,U_TURN_HDG,AP_HDG_SEL_IMU,11.816,-30.000,0.000,4,15,19,13,ROLL_LEFT
210,20.211576,0,0.692,0.243,0.090,-5.691,-4.047,163.578,-1.343,0.224,-1.007,-31.875,5.125,22.375,-3.281,2.384,-32.937,0.042,0.988,0.144,-0.044,1,-53.548,28.713,-31.801,0.000,2,32.120003,-110.761734,0.000000,1.598,3040.354492,21,37,6,68,4,3,U_TURN_HDG,AP_HDG_SEL_IMU,11.816,-30.000,0.000,4,15,19,13,ROLL_LEFT
211,20.324696,0,-0.282,-0.103,0.090,-5.674,-4.070,163.565,3.357,-1.119,0.336,-31.875,5.125,22.375,-3.306,2.332,-32.937,0.042,0.988,0.144,-0.044,1,-53.080,28.706,-31.661,0.000,2,32.120003,-110.761734,0.000000,1.641,3040.026367,21,37,6,80,4,3,U_TURN_HDG,AP_HDG_SEL_IMU,11.816,-30.000,0.000,4,15,19,13,ROLL_LEFT
212,20.407795,0,-0.026,-0.013,0.090,-5.680,-4.113,163.573,-3.357,1.231,0.224,-31.875,5.125,22.375,-3.306,2.384,-32.937,0.043,0.988,0.144,-0.044,1,-53.643,28.684,-31.829,0.000,2,32.120003,-110.761734,0.000000,1.700,3040.026367,21,37,6,88,4,3,U_TURN_HDG,AP_HDG_SEL_IMU,11.816,-30.000,0.000,4,15,19,13,ROLL_LEFT
213,20.489141,0,-0.026,-0.013,-0.038,-5.706,-4.053,163.586,-1.231,0.224,0.336,-31.875,5.125,22.375,-3.306,2.409,-32.937,0.042,0.988,0.144,-0.044,1,-53.548,28.715,-31.801,0.000,2,32.120003,-110.761734,0.000000,1.757,3041.994873,21,37,6,96,3,3,U_TURN_HDG,AP_HDG_SEL_IMU,11.816,-30.000,0.000,4,15,19,13,ROLL_LEFT
214,20.564520,0,-0.026,0.013,-0.154,-5.701,-4.067,163.573,-1.007,0.112,-0.224,-31.875,5.125,22.375,-3.306,2.358,-32.937,0.042,0.988,0.144,-0.044,1,-53.719,28.696,-31.852,0.000,2,32.120003,-110.761742,0.000000,1.781,3041.994873,21,37,7,4,3,3,U_TURN_HDG,AP_HDG_SEL_IMU,11.816,-30.000,0.000,4,15,19,13,ROLL_LEFT
215,20.644495,0,-0.179,-0.038,-0.179,-5.694,-4.111,163.574,-0.112,0.000,0.112,-31.875,5.125,22.375,-3.281,2.409,-32.911,0.043,0.988,0.144,-0.044,1,-53.368,28.756,-31.747,0.000,2,32.120003,-110.761742,0.000000,1.755,3041.994873,21,37,7,12,3,3,U_TURN_HDG,AP_HDG_SEL_IMU,11.816,-30.000,0.000,4,15,19,13,ROLL_LEFT
216,20.725430,0,0.192,-0.013,-0.038,-5.695,-4.117,163.574,0.224,0.000,0.112,-31.875,5.125,22.375,-3.281,2.384,-32.937,0.043,0.988,0.144,-0.044,1,-53.887,28.675,-31.902,0.000,2,32.120003,-110.761742,0.000000,1.730,3041.666748,21,37,7,20,3,3,U_TURN_HDG,AP_HDG_SEL_IMU,11.816,-30.000,0.000,4,15,19,13,ROLL_LEFT
217,20.809820,0,-0.308,0.115,0.218,-5.697,-4.089,163.581,-1.231,0.336,-0.224,-31.875,5.125,22.375,-3.306,2.384,-32.937,0.042,0.988,0.144,-0.044,1,-55.217,28.696,-32.293,0.000,2,32.120003,-110.761742,0.000000,1.610,3041.666748,21,37,7,28,3,3,U_TURN_HDG,AP_HDG_SEL_IMU,11.816,-30.000,0.000,4,15,19,13,ROLL_LEFT
218,20.887539,0,0.218,-0.013,-0.038,-5.689,-4.125,163.567,0.224,0.000,-0.224,-31.875,5.125,22.375,-3.306,2.384,-32.937,0.043,0.988,0.144,-0.044,1,-53.242,28.698,-31.710,0.000,2,32.120003,-110.761742,0.000000,1.406,3041.666748,21,37,7,36,3,3,U_TURN_HDG,AP_HDG_SEL_IMU,11.816,-30.000,0.000,4,15,19,13,ROLL_LEFT
219,20.965387,0,-0.154,-0.038,-0.038,-5.680,-4.162,163.569,-2.126,0.560,0.224,-31.875,5.125,22.375,-3.281,2.435,-32.937,0.043,0.988,0.144,-0.044,1,-54.024,28.712,-31.942,0.000,2,32.120003,-110.761742,0.000000,1.506,3041.666748,21,37,7,44,3,3,U_TURN_HDG,AP_HDG_SEL_IMU,11.816,-30.000,0.000,4,15,19,13,ROLL_LEFT
220,21.167522,0,0.064,0.192,0.064,-5.665,-4.206,163.564,-0.783,0.224,-0.448,-31.875,5.125,22.375,-3.281,2.435,-32.911,0.043,0.988,0.144,-0.044,1,-53.711,28.712,-31.849,0.000,2,32.120007,-110.761742,0.000000,1.782,3041.338623,21,37,7,64,3,3,U_TURN_HDG,AP_HDG_SEL_IMU,11.816,-30.000,0.000,4,15,19,13,ROLL_LEFT
221,21.245262,0,-0.333,-0.436,-0.154,-5.676,-4.184,163.570,3.469,-1.231,-0.783,-31.875,5.125,22.375,-3.255,2.435,-32.937,0.043,0.988,0.144,-0.044,1,-54.806,28.721,-32.172,0.000,2,32.120007,-110.761742,0.000000,1.929,3041.010742,21,37,7,72,3,3,U_TURN_HDG,AP_HDG_SEL_IMU,11.816,-30.000,0.000,4,15,19,13,ROLL_LEFT
222,21.368908,0,0.397,0.141,-0.038,-5.621,-4.290,163.558,1.567,-0.560,0.895,-31.875,5.125,22.375,-3.230,2.486,-32.937,0.044,0.988,0.145,-0.043,1,-53.860,28.720,-31.894,0.000,2,32.120007,-110.761734,0.000000,1.961,3041.010742,21,37,7,84,3,3,U_TURN_HDG,AP_HDG_SEL_IMU,11.816,-30.000,0.000,4,15,19,13,ROLL_LEFT
223,21.453667,0,-0.256,-0.013,0.090,-5.622,-4.297,163.558,2.238,-0.895,0.336,-31.875,5.125,22.375,-3.230,2.486,-32.911,0.044,0.988,0.145,-0.043,1,-54.160,28.750,-31.982,0.000,2,32.120010,-110.761734,0.000000,2.083,3041.010742,21,37,7,88,3,3,U_TURN_HDG,AP_HDG_SEL_IMU,11.816,-30.000,0.000,4,15,19,13,ROLL_LEFT
224,21.515495,0,0.346,-0.013,-0.038,-5.603,-4.314,163.560,-1.343,0.448,0.000,-31.875,5.125,22.375,-3.204,2.512,-32.937,0.044,0.988,0.145,-0.043,1,-53.156,28.711,-31.684,0.000,2,32.120010,-110.761734,0.000000,1.941,3041.010742,21,37,7,96,3,3,U_TURN_HDG,AP_HDG_SEL_IMU,11.816,-30.000,0.000,4,15,19,13,ROLL_LEFT
225,21.604061,0,0.346,-0.038,-0.038,-5.577,-4.375,163.567,2.014,-0.671,0.000,-31.875,5.125,22.375,-3.178,2.538,-32.937,0.045,0.988,0.144,-0.043,1,-53.850,28.740,-31.891,0.000,2,32.120010,-110.761734,0.000000,1.725,3040.682373,21,37,8,8,3,3,U_TURN_HDG,AP_HDG_SEL_IMU,11.816,-30.000,0.000,4,15,19,13,ROLL_LEFT
226,21.669518,0,0.090,-0.038,-0.128,-5.566,-4.398,163.568,0.783,0.000,-0.448,-31.875,5.125,22.375,-3.178,2.563,-32.962,0.045,0.988,0.144,-0.043,1,-53.141,28.738,-31.680,0.000,2,32.120010,-110.761734,0.000000,1.651,3040.682373,21,37,8,12,3,3,U_TURN_HDG,AP_HDG_SEL_IMU,11.816,-30.000,0.000,4,15,19,13,ROLL_LEFT
227,21.770456,0,-0.128,-0.359,-0.384,-5.580,-4.304,163.572,0.112,-0.224,0.336,-31.875,5.125,22.375,-3.204,2.512,-32.962,0.044,0.988,0.144,-0.043,1,-54.178,28.717,-31.987,0.000,2,32.120010,-110.761726,0.000000,1.381,3040.682373,21,37,8,24,4,3,U_TURN_HDG,AP_HDG_SEL_IMU,11.816,-30.000,0.000,4,15,19,13,ROLL_LEFT
228,21.844097,0,-0.013,-0.231,-0.038,-5.577,-4.332,163.573,2.238,-0.560,-0.112,-31.875,5.125,22.375,-3.230,2.512,-32.937,0.044,0.988,0.144,-0.043,1,-57.323,28.737,-32.903,0.000,2,32.120010,-110.761726,0.000000,1.333,3040.354492,21,37,8,32,4,3,U_TURN_HDG,AP_HDG_SEL_IMU,11.816,-30.000,0.000,4,15,19,13,ROLL_LEFT
229,21.913027,0,0.141,0.115,0.090,-5.598,-4.280,163.579,-1.343,0.112,0.336,-31.875,5.125,22.375,-3.230,2.486,-32.937,0.044,0.988,0.144,-0.043,1,-54.397,28.750,-32.052,0.000,2,32.120010,-110.761726,0.000000,1.311,3040.354492,21,37,8,36,4,3,U_TURN_HDG,AP_HDG_SEL_IMU,11.816,-30.000,0.000,4,15,19,13,ROLL_LEFT
230,21.980516,0,-0.231,0.013,0.090,-5.587,-4.303,163.586,-0.224,0.000,0.448,-31.875,5.125,22.375,-3.230,2.486,-32.937,0.044,0.988,0.144,-0.043,1,-54.416,28.713,-32.058,0.000,2,32.120010,-110.761726,0.000000,1.266,3040.354492,21,37,8,44,4,3,U_TURN_HDG,AP_HDG_SEL_IMU,11.816,-30.000,0.000,4,15,19,13,ROLL_LEFT
231,22.029501,0,0.013,-0.141,0.090,-5.573,-4.354,163.574,1.679,-0.560,0.224,-31.875,5.125,22.375,-3.230,2.512,-32.937,0.044,0.988,0.144,-0.043,1,-54.395,28.754,-32.051,0.000,2,32.120010,-110.761726,0.000000,1.244,3040.354492,21,37,8,48,4,3,U_TURN_HDG,AP_HDG_SEL_IMU,11.816,-30.000,0.000,4,15,19,13,ROLL_LEFT
232,22.093876,0,-0.103,-0.090,-0.179,-5.596,-4.266,163.578,0.895,-0.336,0.224,-31.875,5.125,22.375,-3.230,2.461,-32.937,0.044,0.988,0.144,-0.043,1,-54.071,28.770,-31.956,0.000,2,32.120010,-110.761726,0.000000,1.200,3040.354492,21,37,8,56,4,3,U_TURN_HDG,AP_HDG_SEL_IMU,11.816,-30.000,0.000,4,15,19,13,ROLL_LEFT
233,22.167793,0,0.141,0.141,0.090,-5.587,-4.303,163.572,0.112,0.000,-0.112,-31.875,5.125,22.375,-3.230,2.486,-32.937,0.044,0.988,0.144,-0.043,1,-53.279,28.775,-31.721,0.000,2,32.120010,-110.761726,0.000000,1.158,3040.354492,21,37,8,64,4,3,U_TURN_HDG,AP_HDG_SEL_IMU,11.816,-30.000,0.000,4,15,19,13,ROLL_LEFT
234,22.244598,0,0.141,0.013,-0.038,-5.585,-4.289,163.572,-0.112,0.000,0.112,-31.875,5.125,22.375,-3.230,2.486,-32.937,0.044,0.988,0.144,-0.043,1,-52.819,28.749,-31.584,0.000,2,32.120010,-110.761726,0.000000,1.112,3040.026367,21,37,8,72,4,3,U_TURN_HDG,AP_HDG_SEL_IMU,11.816,-30.000,0.000,4,15,19,13,ROLL_LEFT
235,22.324108,0,-0.103,0.013,-0.038,-5.581,-4.311,163.572,0.560,-0.112,0.224,-31.875,5.125,22.375,-3.230,2.461,-32.937,0.044,0.988,0.144,-0.043,1,-54.410,28.723,-32.056,0.000,2,32.120010,-110.761726,0.000000,1.048,3040.026367,21,37,8,80,4,3,U_TURN_HDG,AP_HDG_SEL_IMU,11.816,-30.000,0.000,4,15,19,13,ROLL_LEFT
236,22.379244,0,0.013,-0.090,0.090,-5.586,-4.296,163.572,-0.448,0.224,0.112,-31.875,5.125,22.375,-3.230,2.461,-32.937,0.044,0.988,0.144,-0.043,1,-53.608,28.750,-31.819,0.000,2,32.120010,-110.761726,0.000000,0.989,3040.026367,21,37,8,84,4,3,U_TURN_HDG,AP_HDG_SEL_IMU,11.816,-30.000,0.000,4,15,19,13,ROLL_LEFT
237,22.482050,0,0.141,0.167,-0.038,-5.578,-4.290,163.571,1.231,-0.224,0.112,-31.875,5.125,22.375,-3.230,2.461,-32.937,0.044,0.988,0.144,-0.043,1,-54.079,28.754,-31.958,0.000,2,32.120007,-110.761726,0.000000,0.906,3040.026367,21,37,8,92,4,3,U_TURN_HDG,AP_HDG_SEL_IMU,11.816,-30.000,0.000,4,15,19,13,ROLL_LEFT
238,22.545515,0,-0.231,-0.064,-0.038,-5.592,-4.238,163.576,1.343,-0.560,0.336,-31.875,5.125,22.375,-3.230,2.435,-32.937,0.044,0.988,0.144,-0.043,1,-54.058,28.788,-31.952,0.000,2,32.120007,-110.761726,0.000000,0.916,3040.026367,21,37,9,0,4,3,U_TURN_HDG,AP_HDG_SEL_IMU,11.816,-30.000,0.000,4,15,19,13,ROLL_LEFT
239,22.612513,0,0.141,-0.090,-0.038,-5.594,-4.252,163.570,-0.783,0.112,0.224,-31.875,5.125,22.375,-3.230,2.461,-32.937,0.044,0.988,0.144,-0.043,1,-53.438,28.773,-31.768,0.000,2,32.120007,-110.761726,0.000000,1.028,3039.698242,21,37,9,8,4,3,U_TURN_HDG,AP_HDG_SEL_IMU,11.816,-30.000,0.000,4,15,19,13,ROLL_LEFT
240,22.668320,0,0.141,0.038,-0.038,-5.589,-4.267,163.578,0.336,-0.112,-0.336,-31.875,5.125,22.375,-3.230,2.461,-32.937,0.044,0.988,0.144,-0.043,1,-53.832,28.777,-31.885,0.000,2,32.120007,-110.761719,0.000000,1.095,3039.698242,21,37,9,12,4,3,U_TURN_HDG,AP_HDG_SEL_IMU,11.816,-30.000,0.000,4,15,19,13,ROLL_LEFT
241,22.723387,0,-0.103,0.038,-0.038,-5.595,-4.259,163.577,0.000,0.000,-0.224,-31.875,5.125,22.375,-3.230,2.461,-32.937,0.044,0.988,0.144,-0.043,1,-54.621,28.772,-32.118,0.000,2,32.120007,-110.761719,0.000000,1.251,3039.698242,21,37,9,20,4,3,U_TURN_HDG,AP_HDG_SEL_IMU,11.816,-30.000,0.000,4,15,19,13,ROLL_LEFT
242,22.778503,0,-0.103,0.038,-0.038,-5.600,-4.244,163.577,0.000,0.000,0.112,-31.875,5.125,22.375,-3.230,2.461,-32.937,0.044,0.988,0.144,-0.043,1,-53.918,28.756,-31.911,0.000,2,32.120007,-110.761719,0.000000,1.310,3039.698242,21,37,9,24,4,3,U_TURN_HDG,AP_HDG_SEL_IMU,11.816,-30.000,0.000,4,15,19,13,ROLL_LEFT
243,22.852646,0,0.013,-0.179,-0.154,-5.599,-4.238,163.576,0.000,0.000,0.112,-31.875,5.125,22.375,-3.230,2.435,-32.937,0.044,0.988,0.144,-0.043,1,-53.506,28.787,-31.788,0.000,2,32.120007,-110.761719,0.000000,1.428,3039.698242,21,37,9,32,4,3,U_TURN_HDG,AP_HDG_SEL_IMU,11.816,-30.000,0.000,4,15,19,13,ROLL_LEFT
244,22.970457,0,0.141,0.038,-0.128,-5.595,-4.259,163.577,0.000,0.000,-0.224,-31.875,5.125,22.375,-3.230,2.435,-32.962,0.044,0.988,0.144,-0.043,1,-54.144,28.780,-31.977,0.000,2,32.120007,-110.761719,0.000000,1.580,3039.370361,21,37,9,44,3,3,U_TURN_HDG,AP_HDG_SEL_IMU,11.816,-30.000,0.000,4,15,19,13,ROLL_LEFT
245,23.047758,0,0.013,-0.064,-0.013,-5.588,-4.260,163.570,-1.567,0.448,0.112,-31.875,5.125,22.375,-3.230,2.461,-32.962,0.044,0.988,0.144,-0.043,1,-52.803,28.780,-31.579,0.000,2,32.120007,-110.761711,0.000000,1.674,3039.370361,21,37,9,52,3,3,U_TURN_HDG,AP_HDG_SEL_IMU,11.816,-30.000,0.000,4,15,19,13,ROLL_LEFT
246,23.166744,0,0.013,-0.090,-0.038,-5.578,-4.290,163.571,1.231,-0.336,0.224,-31.875,5.125,22.375,-3.230,2.435,-32.962,0.044,0.988,0.144,-0.043,1,-54.009,28.741,-31.938,0.000,2,32.120007,-110.761711,0.000000,1.809,3039.370361,21,37,9,64,3,3,U_TURN_HDG,AP_HDG_SEL_IMU,11.816,-30.000,0.000,4,15,19,13,ROLL_LEFT
247,23.231405,0,-0.051,-0.179,-0.154,-5.581,-4.261,163.570,1.902,-0.448,0.112,-31.875,5.125,22.375,-3.255,2.435,-32.937,0.044,0.988,0.144,-0.043,1,-53.141,28.741,-31.680,0.000,2,32.120007,-110.761711,0.000000,1.852,3039.370361,21,37,9,68,3,3,U_TURN_HDG,AP_HDG_SEL_IMU,11.816,-30.000,0.000,4,15,19,13,ROLL_LEFT
248,23.294357,0,0.295,0.141,0.090,-5.589,-4.267,163.571,-1.902,0.560,-0.448,-31.875,5.125,22.375,-3.255,2.461,-32.937,0.044,0.988,0.144,-0.043,1,-53.697,28.734,-31.845,0.000,2,32.120003,-110.761711,0.000000,1.973,3039.041992,21,37,9,76,3,3,U_TURN_HDG,AP_HDG_SEL_IMU,11.816,-30.000,0.000,4,15,19,13,ROLL_LEFT
249,23.381493,0,0.295,0.167,0.090,-5.597,-4.223,163.569,2.126,-0.895,0.112,-31.875,5.125,22.375,-3.281,2.435,-32.937,0.043,0.988,0.144,-0.043,1,-53.131,28.755,-31.677,0.000,2,32.120003,-110.761711,0.000000,2.046,3039.041992,21,37,9,80,3,3,U_TURN_HDG,AP_HDG_SEL_IMU,11.816,-30.000,0.000,4,15,19,13,ROLL_LEFT
250,23.461239,0,0.167,0.064,-0.038,-5.617,-4.213,163.569,2.014,-0.560,0.336,-31.875,5.125,22.375,-3.281,2.435,-32.937,0.043,0.988,0.144,-0.043,1,-53.271,28.789,-31.719,0.000,2,32.120003,-110.761703,0.000000,2.225,3039.041992,21,37,9,88,3,3,U_TURN_HDG,AP_HDG_SEL_IMU,11.816,-30.000,0.000,4,15,19,13,ROLL_LEFT
251,23.521679,0,-0.205,-0.064,-0.038,-5.609,-4.257,163.564,0.671,-0.224,0.336,-31.875,5.125,22.375,-3.255,2.461,-32.937,0.044,0.988,0.144,-0.043,1,-53.128,28.759,-31.676,0.000,2,32.119999,-110.761703,0.000000,2.424,3039.041992,21,37,9,96,3,3,U_TURN_HDG,AP_HDG_SEL_IMU,11.816,-30.000,0.000,4,15,19,13,ROLL_LEFT
252,23.600515,0,0.167,0.038,0.090,-5.623,-4.205,163.562,-1.343,0.224,0.112,-31.875,5.125,22.375,-3.255,2.435,-32.937,0.043,0.988,0.144,-0.043,1,-53.837,28.762,-31.886,0.000,2,32.119999,-110.761703,0.000000,2.618,3039.041992,21,37,10,4,3,3,U_TURN_HDG,AP_HDG_SEL_IMU,11.816,-30.000,0.000,4,15,19,13,ROLL_LEFT
253,23.653879,0,-0.051,-0.064,-0.038,-5.618,-4.220,163.562,0.448,-0.112,0.224,-31.875,5.125,22.375,-3.281,2.435,-32.937,0.043,0.988,0.144,-0.043,1,-53.624,28.722,-31.824,0.000,2,32.119999,-110.761696,0.000000,2.822,3038.714111,21,37,10,12,3,3,U_TURN_HDG,AP_HDG_SEL_IMU,11.816,-30.000,0.000,4,15,19,13,ROLL_LEFT
254,23.723051,0,-0.051,0.064,-0.038,-5.618,-4.220,163.562,-0.560,0.000,0.224,-31.875,5.125,22.375,-3.281,2.435,-32.937,0.043,0.988,0.144,-0.043,1,-53.522,28.763,-31.793,0.000,2,32.119995,-110.761696,0.000000,3.040,3038.714111,21,37,10,20,3,3,U_TURN_HDG,AP_HDG_SEL_IMU,11.816,-30.000,0.000,4,15,19,13,ROLL_LEFT
255,23.777508,0,0.038,0.064,0.115,-5.627,-4.233,163.570,-0.112,0.112,-0.112,-31.875,5.125,22.375,-3.255,2.435,-32.962,0.044,0.988,0.144,-0.043,1,-53.357,28.775,-31.744,0.000,2,32.119995,-110.761696,0.000000,3.149,3038.714111,21,37,10,24,3,3,U_TURN_HDG,AP_HDG_SEL_IMU,11.816,-30.000,0.000,4,15,19,13,ROLL_LEFT
256,23.851898,0,0.064,-0.064,0.090,-5.632,-4.218,163.570,0.112,-0.224,0.112,-31.875,5.125,22.375,-3.281,2.435,-32.937,0.043,0.988,0.144,-0.043,1,-52.749,28.732,-31.563,0.000,2,32.119995,-110.761696,0.000000,3.350,3038.714111,21,37,10,32,3,3,U_TURN_HDG,AP_HDG_SEL_IMU,11.816,-30.000,0.000,4,15,19,13,ROLL_LEFT
257,23.917513,0,-0.077,-0.179,-0.013,-5.642,-4.196,163.576,0.560,-0.112,0.224,-31.875,5.125,22.375,-3.255,2.435,-32.937,0.043,0.988,0.144,-0.043,1,-52.914,28.721,-31.612,0.000,2,32.119991,-110.761688,42.540001,3.457,3038.714111,21,37,10,36,3,3,U_TURN_HDG,AP_HDG_SEL_IMU,11.816,-30.000,0.000,4,15,19,13,ROLL_LEFT
258,23.973818,0,0.064,0.192,0.115,-5.633,-4.225,163.570,-0.224,0.112,0.000,-31.875,5.125,22.375,-3.281,2.435,-32.962,0.043,0.988,0.144,-0.043,1,-52.827,28.738,-31.586,0.000,2,32.119991,-110.761688,105.570000,3.695,3038.385742,21,37,10,44,3,3,U_TURN_HDG,AP_HDG_SEL_IMU,11.816,-30.000,0.000,4,15,19,13,ROLL_LEFT
259,24.058674,0,0.038,0.038,-0.013,-5.642,-4.195,163.569,-0.560,0.000,0.112,-31.875,5.125,22.375,-3.281,2.461,-32.962,0.043,0.988,0.144,-0.043,1,-52.878,28.782,-31.601,0.000,2,32.119987,-110.761688,122.910004,3.938,3038.385742,21,37,10,52,3,3,U_TURN_HDG,AP_HDG_SEL_IMU,11.816,-30.000,0.000,4,15,19,13,ROLL_LEFT
260,24.131042,0,0.038,0.013,-0.013,-5.638,-4.218,163.577,-1.231,0.448,-0.112,-31.875,5.125,22.375,-3.255,2.486,-32.962,0.043,0.988,0.144,-0.043,1,-52.972,28.755,-31.629,0.000,2,32.119987,-110.761688,126.559998,4.059,3038.385742,21,37,10,56,3,3,U_TURN_HDG,AP_HDG_SEL_IMU,11.816,-30.000,0.000,4,15,19,13,ROLL_LEFT
261,24.192947,0,-0.077,-0.090,-0.038,-5.634,-4.232,163.571,0.895,-0.112,0.224,-31.875,5.125,22.375,-3.255,2.461,-32.937,0.044,0.988,0.144,-0.043,1,-52.717,28.787,-31.553,0.000,2,32.119987,-110.761681,130.610001,4.302,3038.385742,21,37,10,64,3,3,U_TURN_HDG,AP_HDG_SEL_IMU,11.816,-30.000,0.000,4,15,19,13,ROLL_LEFT
262,24.289923,0,0.167,0.013,-0.154,-5.628,-4.240,163.571,0.112,-0.112,0.112,-31.875,5.125,22.375,-3.255,2.461,-32.937,0.044,0.988,0.144,-0.043,1,-52.895,28.754,-31.606,0.000,2,32.119984,-110.761681,133.020004,4.609,3038.385742,21,37,10,72,3,3,U_TURN_HDG,AP_HDG_SEL_IMU,11.816,-30.000,0.000,4,15,19,13,ROLL_LEFT
263,24.351498,0,-0.077,0.038,-0.038,-5.623,-4.255,163.564,1.455,-0.336,0.112,-31.875,5.125,22.375,-3.255,2.461,-32.937,0.044,0.988,0.144,-0.043,1,-53.435,28.776,-31.767,0.000,2,32.119980,-110.761681,134.690002,4.957,3038.385742,21,37,10,80,3,3,U_TURN_HDG,AP_HDG_SEL_IMU,11.816,-30.000,0.000,4,15,19,13,ROLL_LEFT
264,24.450304,0,0.038,-0.179,-0.154,-5.632,-4.218,163.570,-1.231,0.224,-0.224,-31.875,5.125,22.375,-3.255,2.461,-32.937,0.043,0.988,0.144,-0.043,1,-53.610,28.739,-31.819,0.000,2,32.119980,-110.761673,135.809998,5.296,3038.057861,21,37,10,88,3,3,U_TURN_HDG,AP_HDG_SEL_IMU,11.816,-30.000,0.000,4,15,19,13,ROLL_LEFT
265,24.510490,0,0.064,0.167,0.090,-5.634,-4.232,163.571,-1.343,0.224,-0.336,-31.875,5.125,22.375,-3.281,2.461,-32.937,0.044,0.988,0.144,-0.043,1,-53.438,28.772,-31.768,0.000,2,32.119976,-110.761673,136.679993,5.624,3038.057861,21,37,10,96,3,3,U_TURN_HDG,AP_HDG_SEL_IMU,11.816,-30.000,0.000,4,15,19,13,ROLL_LEFT
266,24.609318,0,-0.077,0.038,-0.038,-5.643,-4.202,163.569,0.895,-0.448,0.224,-31.875,5.125,22.375,-3.255,2.435,-32.937,0.043,0.988,0.144,-0.043,1,-53.519,28.765,-31.792,0.000,2,32.119972,-110.761673,137.380005,5.943,3038.057861,21,37,11,4,3,3,U_TURN_HDG,AP_HDG_SEL_IMU,11.816,-30.000,0.000,4,15,19,13,ROLL_LEFT
267,24.673496,0,-0.077,-0.205,-0.038,-5.634,-4.232,163.571,0.000,0.000,0.000,-31.875,5.125,22.375,-3.255,2.461,-32.937,0.044,0.988,0.144,-0.043,1,-53.024,28.805,-31.645,0.000,2,32.119968,-110.761665,137.979996,6.252,3038.057861,21,37,11,12,3,3,U_TURN_HDG,AP_HDG_SEL_IMU,11.816,-30.000,0.000,4,15,19,13,ROLL_LEFT
268,25.725626,0,0.038,0.038,-0.038,-5.634,-4.232,163.571,0.000,0.000,0.000,-31.875,5.125,22.375,-3.255,2.461,-32.937,0.044,0.988,0.144,-0.043,1,-53.812,28.807,-31.879,0.000,2,32.119957,-110.761650,136.850006,6.387,3038.057861,21,37,12,20,4,3,U_TURN_HDG,AP_HDG_SEL_IMU,11.816,-30.000,0.000,4,15,19,13,ROLL_LEFT
269,25.775517,0,0.192,0.064,-0.038,-5.634,-4.239,163.571,0.560,-0.112,0.224,-31.875,5.125,22.375,-3.281,2.435,-32.937,0.044,0.988,0.144,-0.043,1,-52.679,28.718,-31.542,0.000,2,32.119957,-110.761650,134.539993,6.387,3037.729736,21,37,12,24,4,3,U_TURN_HDG,AP_HDG_SEL_IMU,11.816,-30.000,0.000,4,15,19,13,ROLL_LEFT
270,25.849470,0,-0.051,0.090,-0.038,-5.663,-4.193,163.570,0.336,-0.224,0.112,-31.875,5.125,22.375,-3.281,2.409,-32.937,0.043,0.988,0.144,-0.044,1,-53.460,28.730,-31.775,0.000,2,32.119957,-110.761650,129.669998,6.491,3037.729736,21,37,12,32,4,3,U_TURN_HDG,AP_HDG_SEL_IMU,11.816,-30.000,0.000,4,15,19,13,ROLL_LEFT
271,25.930702,0,-0.051,0.064,-0.038,-5.648,-4.237,163.571,0.336,0.000,-0.448,-31.875,5.125,22.375,-3.281,2.435,-32.937,0.044,0.988,0.144,-0.043,1,-52.258,28.766,-31.416,0.000,2,32.119957,-110.761642,126.250000,6.807,3037.729736,21,37,12,40,4,3,U_TURN_HDG,AP_HDG_SEL_IMU,11.816,-30.000,0.000,4,15,19,13,ROLL_LEFT
272,26.025017,0,0.064,-0.090,-0.154,-5.654,-4.229,163.564,-1.007,0.224,-0.112,-31.875,5.125,22.375,-3.255,2.435,-32.911,0.044,0.988,0.144,-0.044,1,-53.252,28.820,-31.713,0.000,2,32.119957,-110.761635,123.879997,7.089,3037.729736,21,37,12,48,4,3,U_TURN_HDG,AP_HDG_SEL_IMU,11.816,-30.000,0.000,4,15,19,13,ROLL_LEFT
273,26.089794,0,0.064,0.038,0.090,-5.651,-4.250,163.558,-0.895,0.000,-0.112,-31.875,5.125,22.375,-3.281,2.461,-32.937,0.044,0.988,0.145,-0.043,1,-53.926,28.744,-31.913,0.000,2,32.119953,-110.761635,123.129997,7.291,3037.401611,21,37,12,56,4,3,U_TURN_HDG,AP_HDG_SEL_IMU,11.816,-30.000,0.000,4,15,19,13,ROLL_LEFT
274,26.245623,0,0.064,0.038,0.090,-5.650,-4.251,163.565,0.224,0.000,0.112,-31.875,5.125,22.375,-3.281,2.461,-32.937,0.044,0.988,0.144,-0.043,1,-52.975,28.757,-31.630,0.000,2,32.119949,-110.761635,125.599998,7.575,3037.401611,21,37,12,72,4,3,U_TURN_HDG,AP_HDG_SEL_IMU,11.816,-30.000,0.000,4,15,19,13,ROLL_LEFT
275,26.344725,0,-0.051,0.013,-0.038,-5.657,-4.250,163.565,0.112,0.000,0.112,-31.875,5.125,22.375,-3.281,2.435,-32.937,0.044,0.988,0.144,-0.044,1,-53.126,28.765,-31.675,0.000,2,32.119946,-110.761635,127.019997,7.703,3037.401611,21,37,12,80,4,3,U_TURN_HDG,AP_HDG_SEL_IMU,11.816,-30.000,0.000,4,15,19,13,ROLL_LEFT
276,26.409639,0,0.167,0.141,-0.038,-5.627,-4.332,163.560,1.790,-0.224,0.224,-31.875,5.125,22.375,-3.255,2.486,-32.937,0.044,0.988,0.145,-0.043,1,-52.493,28.770,-31.486,0.000,2,32.119942,-110.761635,128.360001,7.826,3037.073730,21,37,12,88,4,3,U_TURN_HDG,AP_HDG_SEL_IMU,11.816,-30.000,0.000,4,15,19,13,ROLL_LEFT
277,26.489401,0,0.167,0.064,0.090,-5.640,-4.281,163.573,0.000,0.000,0.000,-31.875,5.125,22.375,-3.255,2.461,-32.937,0.044,0.988,0.144,-0.043,1,-53.292,28.750,-31.725,0.000,2,32.119938,-110.761635,129.619995,7.931,3037.073730,21,37,12,96,4,3,U_TURN_HDG,AP_HDG_SEL_IMU,11.816,-30.000,0.000,4,15,19,13,ROLL_LEFT
278,29.728079,0,0.013,0.141,0.090,-5.640,-4.281,163.573,0.000,0.000,0.000,-31.875,5.125,22.375,-3.230,2.486,-32.937,0.044,0.988,0.144,-0.043,1,-52.897,28.750,-31.607,0.000,2,32.119892,-110.761566,130.020004,7.604,3037.073730,21,37,16,20,3,3,U_TURN_HDG,AP_HDG_SEL_IMU,11.816,-30.000,0.000,4,15,19,13,ROLL_LEFT
279,29.802507,0,0.038,0.038,-0.038,-5.633,-4.282,163.573,0.000,0.000,0.000,-31.875,5.125,22.375,-3.255,2.461,-32.937,0.044,0.988,0.144,-0.043,1,-52.730,28.766,-31.557,0.000,2,32.119900,-110.761574,128.139999,7.210,3037.073730,21,37,16,24,3,3,U_TURN_HDG,AP_HDG_SEL_IMU,11.816,-30.000,0.000,4,15,19,13,ROLL_LEFT
280,29.870501,0,0.167,0.038,0.090,-5.636,-4.246,163.564,0.000,0.000,0.000,-31.875,5.125,22.375,-3.255,2.461,-32.937,0.044,0.988,0.144,-0.043,1,-53.271,28.788,-31.719,0.000,2,32.119904,-110.761574,123.650002,6.490,3037.073730,21,37,16,32,3,3,U_TURN_HDG,AP_HDG_SEL_IMU,11.816,-30.000,0.000,4,15,19,13,ROLL_LEFT
281,29.949514,0,0.038,0.038,-0.038,-5.636,-4.246,163.564,0.000,0.000,0.000,-31.875,5.125,22.375,-3.255,2.461,-32.937,0.044,0.988,0.144,-0.043,1,-52.562,28.785,-31.507,0.000,2,32.119911,-110.761581,118.849998,5.843,3037.073730,21,37,16,40,3,3,U_TURN_HDG,AP_HDG_SEL_IMU,11.816,-30.000,0.000,4,15,19,13,ROLL_LEFT
282,30.001190,0,0.038,0.038,0.090,-5.636,-4.246,163.564,0.000,0.000,0.000,-31.875,5.125,22.375,-3.255,2.461,-32.937,0.044,0.988,0.144,-0.043,1,-53.594,28.773,-31.815,0.000,2,32.119911,-110.761581,116.379997,5.546,3036.745361,21,37,16,44,3,3,U_TURN_HDG,AP_HDG_SEL_IMU,11.816,-30.000,0.000,4,15,19,13,ROLL_LEFT
283,30.053513,0,-0.077,0.038,-0.038,-5.637,-4.253,163.565,0.000,0.000,0.000,-31.875,5.125,22.375,-3.255,2.461,-32.937,0.044,0.988,0.144,-0.043,1,-52.715,28.796,-31.552,0.000,2,32.119915,-110.761589,113.860001,5.264,3036.745361,21,37,16,48,3,3,U_TURN_HDG,AP_HDG_SEL_IMU,11.816,-30.000,0.000,4,15,19,13,ROLL_LEFT
284,30.118786,0,-0.205,-0.090,-0.038,-5.637,-4.253,163.565,0.000,0.000,0.000,-31.875,5.125,22.375,-3.255,2.461,-32.937,0.044,0.988,0.144,-0.043,1,-52.304,28.823,-31.429,0.000,2,32.119919,-110.761597,108.629997,4.749,3036.745361,21,37,16,56,3,3,U_TURN_HDG,AP_HDG_SEL_IMU,11.816,-30.000,0.000,4,15,19,13,ROLL_LEFT
285,30.173498,0,-0.077,-0.090,-0.038,-5.630,-4.254,163.565,0.000,0.000,0.000,-31.875,5.125,22.375,-3.255,2.435,-32.937,0.044,0.988,0.144,-0.043,1,-52.883,28.773,-31.603,0.000,2,32.119923,-110.761597,106.029999,4.518,3036.745361,21,37,16,60,3,3,U_TURN_HDG,AP_HDG_SEL_IMU,11.816,-30.000,0.000,4,15,19,13,ROLL_LEFT
286,30.240637,0,-0.077,-0.179,-0.038,-5.630,-4.254,163.565,0.000,0.000,0.000,-31.875,5.125,22.375,-3.255,2.461,-32.937,0.044,0.988,0.144,-0.043,1,-53.112,28.791,-31.671,0.000,2,32.119923,-110.761597,101.070000,4.108,3036.745361,21,37,16,68,3,3,U_TURN_HDG,AP_HDG_SEL_IMU,11.816,-30.000,0.000,4,15,19,13,ROLL_LEFT
287,30.292507,0,0.038,0.064,-0.038,-5.629,-4.247,163.564,0.000,0.000,0.000,-31.875,5.125,22.375,-3.255,2.435,-32.937,0.044,0.988,0.144,-0.043,1,-53.016,28.822,-31.643,0.000,2,32.119926,-110.761604,98.620003,3.912,3036.745361,21,37,16,72,3,3,U_TURN_HDG,AP_HDG_SEL_IMU,11.816,-30.000,0.000,4,15,19,13,ROLL_LEFT
288,30.363153,0,0.064,-0.064,0.090,-5.629,-4.247,163.564,0.000,0.000,0.000,-31.875,5.125,22.375,-3.281,2.435,-32.937,0.044,0.988,0.144,-0.043,1,-52.134,28.845,-31.378,0.000,2,32.119926,-110.761620,93.790001,3.679,3036.745361,21,37,16,80,4,3,U_TURN_HDG,AP_HDG_SEL_IMU,11.816,-30.000,0.000,4,15,19,13,ROLL_LEFT
289,30.428513,0,0.064,0.064,0.090,-5.636,-4.246,163.564,0.000,0.000,0.000,-31.875,5.125,22.375,-3.281,2.435,-32.937,0.044,0.988,0.144,-0.043,1,-51.908,28.826,-31.310,0.000,2,32.119930,-110.761620,0.000000,3.460,3036.745361,21,37,16,88,4,3,U_TURN_HDG,AP_HDG_SEL_IMU,11.816,-30.000,0.000,4,15,19,13,ROLL_LEFT
290,30.480120,0,-0.051,0.064,-0.038,-5.636,-4.246,163.564,0.000,0.000,0.000,-31.875,5.125,22.375,-3.255,2.435,-32.937,0.044,0.988,0.144,-0.043,1,-53.107,28.800,-31.670,0.000,2,32.119930,-110.761620,0.000000,3.359,3036.745361,21,37,16,92,4,3,U_TURN_HDG,AP_HDG_SEL_IMU,11.816,-30.000,0.000,4,15,19,13,ROLL_LEFT
291,30.535360,0,0.038,0.064,-0.038,-5.636,-4.246,163.564,0.000,0.000,0.000,-31.875,5.125,22.375,-3.255,2.435,-32.937,0.044,0.988,0.144,-0.043,1,-53.247,28.831,-31.711,0.000,2,32.119934,-110.761627,0.000000,3.163,3036.745361,21,37,17,0,3,3,U_TURN_HDG,AP_HDG_SEL_IMU,11.816,-30.000,0.000,4,15,19,13,ROLL_LEFT
292,30.598122,0,-0.077,-0.064,-0.038,-5.636,-4.246,163.564,0.000,0.000,0.000,-31.875,5.125,22.375,-3.255,2.435,-32.937,0.044,0.988,0.144,-0.043,1,-53.569,28.820,-31.807,0.000,2,32.119934,-110.761627,0.000000,3.084,3036.745361,21,37,17,4,4,3,U_TURN_HDG,AP_HDG_SEL_IMU,11.816,-30.000,0.000,4,15,19,13,ROLL_LEFT
293,30.659431,0,-0.077,-0.064,-0.038,-5.635,-4.239,163.564,0.000,0.000,0.000,-31.875,5.125,22.375,-3.255,2.435,-32.937,0.044,0.988,0.144,-0.043,1,-52.948,28.802,-31.622,0.000,2,32.119934,-110.761627,0.000000,3.004,3036.745361,21,37,17,12,4,3,U_TURN_HDG,AP_HDG_SEL_IMU,11.816,-30.000,0.000,4,15,19,13,ROLL_LEFT
294,30.752285,0,0.192,0.064,-0.038,-5.635,-4.239,163.564,0.000,0.000,0.000,-31.875,5.125,22.375,-3.281,2.435,-32.937,0.044,0.988,0.144,-0.043,1,-53.405,28.826,-31.758,0.000,2,32.119938,-110.761627,82.620003,3.337,3036.745361,21,37,17,20,4,3,U_TURN_HDG,AP_HDG_SEL_IMU,11.816,-30.000,0.000,4,15,19,13,ROLL_LEFT
295,30.810509,0,-0.051,-0.064,-0.038,-5.642,-4.238,163.564,0.000,0.000,0.000,-31.875,5.125,22.375,-3.281,2.435,-32.937,0.044,0.988,0.144,-0.043,1,-53.080,28.848,-31.661,0.000,2,32.119942,-110.761620,75.989998,3.502,3036.417480,21,37,17,24,4,3,U_TURN_HDG,AP_HDG_SEL_IMU,11.816,-30.000,0.000,4,15,19,13,ROLL_LEFT
296,30.902273,0,0.064,0.064,0.090,-5.642,-4.238,163.564,0.000,0.000,0.000,-31.875,5.125,22.375,-3.281,2.435,-32.937,0.044,0.988,0.144,-0.043,1,-52.997,28.859,-31.637,0.000,2,32.119942,-110.761620,69.290001,3.826,3036.417480,21,37,17,32,4,3,U_TURN_HDG,AP_HDG_SEL_IMU,11.816,-30.000,0.000,4,15,19,13,ROLL_LEFT
297,30.969372,0,-0.051,-0.064,0.090,-5.649,-4.237,163.564,0.000,0.000,0.000,-31.875,5.125,22.375,-3.281,2.435,-32.937,0.044,0.988,0.144,-0.043,1,-52.226,28.820,-31.406,0.000,2,32.119946,-110.761604,65.910004,4.135,3036.417480,21,37,17,40,4,3,U_TURN_HDG,AP_HDG_SEL_IMU,11.816,-30.000,0.000,4,15,19,13,ROLL_LEFT
298,31.045507,0,-0.051,-0.064,0.090,-5.649,-4.237,163.564,0.000,0.000,0.000,-31.875,5.125,22.375,-3.281,2.435,-32.937,0.044,0.988,0.144,-0.043,1,-52.632,28.801,-31.528,0.000,2,32.119946,-110.761597,64.480003,4.380,3036.417480,21,37,17,48,4,3,U_TURN_HDG,AP_HDG_SEL_IMU,11.816,-30.000,0.000,4,15,19,13,ROLL_LEFT
299,31.123503,0,-0.051,0.064,-0.038,-5.649,-4.237,163.564,0.000,0.000,0.000,-31.875,5.125,22.375,-3.281,2.435,-32.937,0.044,0.988,0.144,-0.043,1,-53.096,28.818,-31.666,0.000,2,32.119949,-110.761597,61.980000,4.630,3036.417480,21,37,17,56,3,3,U_TURN_HDG,AP_HDG_SEL_IMU,11.816,-30.000,0.000,4,15,19,13,ROLL_LEFT
300,31.206919,0,-0.051,-0.064,-0.038,-5.655,-4.236,163.565,0.000,0.000,0.000,-31.875,5.125,22.375,-3.281,2.435,-32.937,0.044,0.988,0.144,-0.044,1,-53.325,28.830,-31.735,0.000,2,32.119949,-110.761604,59.290001,4.809,3036.417480,21,37,17,64,3,3,U_TURN_HDG,AP_HDG_SEL_IMU,11.816,-30.000,0.000,4,15,19,13,ROLL_LEFT
301,31.287317,0,0.064,-0.064,-0.038,-5.655,-4.236,163.565,0.000,0.000,0.000,-31.875,5.125,22.375,-3.281,2.435,-32.937,0.044,0.988,0.144,-0.044,1,-52.533,28.839,-31.498,0.000,2,32.119953,-110.761604,55.980000,5.040,3036.089355,21,37,17,76,3,3,U_TURN_HDG,AP_HDG_SEL_IMU,11.816,-30.000,0.000,4,15,19,13,ROLL_LEFT
302,31.357664,0,0.064,0.192,0.090,-5.655,-4.236,163.565,0.000,0.000,0.000,-31.875,5.125,22.375,-3.281,2.435,-32.937,0.044,0.988,0.144,-0.044,1,-52.299,28.829,-31.428,0.000,2,32.119953,-110.761604,54.959999,5.111,3036.089355,21,37,17,80,3,3,U_TURN_HDG,AP_HDG_SEL_IMU,11.816,-30.000,0.000,4,15,19,13,ROLL_LEFT
303,31.415480,0,-0.051,-0.179,-0.038,-5.655,-4.236,163.565,0.000,0.000,0.000,-31.875,5.125,22.375,-3.281,2.435,-32.937,0.044,0.988,0.144,-0.044,1,-53.400,28.840,-31.757,0.000,2,32.119957,-110.761604,51.709999,5.342,3036.089355,21,37,17,88,4,3,U_TURN_HDG,AP_HDG_SEL_IMU,11.816,-30.000,0.000,4,15,19,13,ROLL_LEFT
304,31.492336,0,0.064,-0.179,-0.038,-5.655,-4.236,163.565,0.000,0.000,0.000,-31.875,5.125,22.375,-3.281,2.435,-32.937,0.044,0.988,0.144,-0.044,1,-53.164,28.835,-31.687,0.000,2,32.119957,-110.761620,48.889999,5.487,3036.089355,21,37,17,96,4,3,U_TURN_HDG,AP_HDG_SEL_IMU,11.816,-30.000,0.000,4,15,19,13,ROLL_LEFT
305,31.558508,0,-0.077,-0.064,-0.038,-5.662,-4.235,163.565,0.000,0.000,0.000,-31.875,5.125,22.375,-3.281,2.435,-32.937,0.044,0.988,0.144,-0.044,1,-52.603,28.849,-31.519,0.000,2,32.119961,-110.761620,47.189999,5.602,3036.089355,21,37,18,0,4,3,U_TURN_HDG,AP_HDG_SEL_IMU,11.816,-30.000,0.000,4,15,19,13,ROLL_LEFT
306,31.651348,0,0.013,0.064,-0.038,-5.655,-4.236,163.565,0.000,0.000,0.000,-31.875,5.125,22.375,-3.255,2.435,-32.937,0.044,0.988,0.144,-0.044,1,-52.129,28.860,-31.377,0.000,2,32.119965,-110.761620,43.230000,5.941,3036.089355,21,37,18,8,4,3,U_TURN_HDG,AP_HDG_SEL_IMU,11.816,-30.000,0.000,4,15,19,13,ROLL_LEFT
307,31.713140,0,0.141,0.192,0.090,-5.648,-4.230,163.564,0.000,0.000,0.000,-31.875,5.125,22.375,-3.230,2.435,-32.937,0.044,0.988,0.144,-0.043,1,-53.656,28.804,-31.833,0.000,2,32.119968,-110.761604,39.529999,6.267,3035.761230,21,37,18,16,4,3,U_TURN_HDG,AP_HDG_SEL_IMU,11.816,-30.000,0.000,4,15,19,13,ROLL_LEFT
308,31.809126,0,-0.077,-0.179,-0.154,-5.648,-4.230,163.564,0.000,0.000,0.000,-31.875,5.125,22.375,-3.230,2.435,-32.937,0.044,0.988,0.144,-0.043,1,-52.614,28.829,-31.522,0.000,2,32.119972,-110.761620,34.900002,6.724,3035.761230,21,37,18,28,4,3,U_TURN_HDG,AP_HDG_SEL_IMU,11.816,-30.000,0.000,4,15,19,13,ROLL_LEFT
309,31.867512,0,-0.077,-0.064,-0.038,-5.641,-4.231,163.564,0.000,0.000,0.000,-31.875,5.125,22.375,-3.255,2.435,-32.937,0.044,0.988,0.144,-0.043,1,-53.242,28.839,-31.710,0.000,2,32.119976,-110.761620,33.570000,6.868,3035.761230,21,37,18,32,4,3,U_TURN_HDG,AP_HDG_SEL_IMU,11.816,-30.000,0.000,4,15,19,13,ROLL_LEFT
310,31.965797,0,0.013,0.038,0.064,-5.641,-4.231,163.564,0.000,0.000,0.000,-31.875,5.125,22.375,-3.230,2.461,-32.911,0.044,0.988,0.144,-0.043,1,-52.854,28.828,-31.594,0.000,2,32.119980,-110.761620,30.110001,7.134,3035.761230,21,37,18,44,4,3,U_TURN_HDG,AP_HDG_SEL_IMU,11.816,-30.000,0.000,4,15,19,13,ROLL_LEFT
311,32.044754,0,-0.103,-0.090,-0.179,-5.641,-4.231,163.564,0.000,0.000,0.000,-31.875,5.125,22.375,-3.230,2.461,-32.911,0.044,0.988,0.144,-0.043,1,-52.945,28.805,-31.621,0.000,2,32.119980,-110.761620,27.700001,7.148,3035.433105,21,37,18,52,4,3,U_TURN_HDG,AP_HDG_SEL_IMU,11.816,-30.000,0.000,4,15,19,13,ROLL_LEFT
312,32.107510,0,0.141,0.038,0.090,-5.635,-4.239,163.564,0.000,0.000,0.000,-31.875,5.125,22.375,-3.230,2.461,-32.937,0.044,0.988,0.144,-0.043,1,-53.551,28.851,-31.802,0.000,2,32.119984,-110.761620,26.500000,7.156,3035.433105,21,37,18,56,4,3,U_TURN_HDG,AP_HDG_SEL_IMU,11.816,-30.000,0.000,4,15,19,13,ROLL_LEFT
313,32.206196,0,-0.103,0.038,0.090,-5.628,-4.240,163.564,0.000,0.000,0.000,-31.875,5.125,22.375,-3.204,2.461,-32.937,0.044,0.988,0.144,-0.043,1,-52.878,28.780,-31.601,0.000,2,32.119984,-110.761627,23.040001,7.207,3035.433105,21,37,18,68,4,3,U_TURN_HDG,AP_HDG_SEL_IMU,11.816,-30.000,0.000,4,15,19,13,ROLL_LEFT
314,32.258518,0,0.115,0.167,0.090,-5.615,-4.249,163.564,0.000,0.000,0.000,-31.875,5.125,22.375,-3.204,2.461,-32.937,0.044,0.988,0.144,-0.043,1,-51.480,28.888,-31.181,0.000,2,32.119984,-110.761627,22.000000,7.237,3035.433105,21,37,18,72,4,3,U_TURN_HDG,AP_HDG_SEL_IMU,11.816,-30.000,0.000,4,15,19,13,ROLL_LEFT
315,32.307598,0,-0.013,-0.115,-0.064,-5.615,-4.249,163.564,0.000,0.000,0.000,-31.875,5.125,22.375,-3.204,2.486,-32.911,0.044,0.988,0.144,-0.043,1,-52.923,28.843,-31.615,0.000,2,32.119987,-110.761635,21.000000,7.268,3035.433105,21,37,18,76,4,3,U_TURN_HDG,AP_HDG_SEL_IMU,11.816,-30.000,0.000,4,15,19,13,ROLL_LEFT
316,32.441711,0,0.013,0.013,-0.064,-5.609,-4.257,163.564,0.000,0.000,0.000,-31.875,5.125,22.375,-3.230,2.486,-32.911,0.044,0.988,0.144,-0.043,1,-52.122,28.865,-31.375,0.000,2,32.119987,-110.761635,17.020000,7.335,3035.104980,21,37,18,92,4,3,U_TURN_HDG,AP_HDG_SEL_IMU,11.816,-30.000,0.000,4,15,19,13,ROLL_LEFT
317,32.506512,0,0.013,0.013,-0.038,-5.603,-4.265,163.571,0.000,0.000,0.000,-31.875,5.125,22.375,-3.230,2.486,-32.937,0.044,0.988,0.144,-0.043,1,-52.289,28.849,-31.425,0.000,2,32.119987,-110.761635,16.490000,7.231,3035.104980,21,37,18,96,4,3,U_TURN_HDG,AP_HDG_SEL_IMU,11.816,-30.000,0.000,4,15,19,13,ROLL_LEFT
318,32.572346,0,0.141,-0.115,-0.038,-5.596,-4.266,163.571,0.000,0.000,0.000,-31.875,5.125,22.375,-3.230,2.486,-32.937,0.044,0.988,0.144,-0.043,1,-53.066,28.868,-31.658,0.000,2,32.119987,-110.761635,15.670000,7.099,3035.104980,21,37,19,4,3,3,U_TURN_HDG,AP_HDG_SEL_IMU,11.816,-30.000,0.000,4,15,19,13,ROLL_LEFT
319,32.626564,0,-0.103,-0.115,-0.038,-5.597,-4.273,163.571,0.000,0.000,0.000,-31.875,5.125,22.375,-3.230,2.486,-32.937,0.044,0.988,0.144,-0.043,1,-52.229,28.818,-31.407,0.000,2,32.119987,-110.761635,15.320000,7.036,3035.104980,21,37,19,8,3,3,U_TURN_HDG,AP_HDG_SEL_IMU,11.816,-30.000,0.000,4,15,19,13,ROLL_LEFT
320,32.700508,0,0.013,0.013,-0.038,-5.597,-4.273,163.571,0.000,0.000,0.000,-31.875,5.125,22.375,-3.230,2.486,-32.937,0.044,0.988,0.144,-0.043,1,-52.450,28.841,-31.473,0.000,2,32.119987,-110.761635,14.350000,6.923,3035.104980,21,37,19,16,3,3,U_TURN_HDG,AP_HDG_SEL_IMU,11.816,-30.000,0.000,4,15,19,13,ROLL_LEFT
321,32.764542,0,-0.103,0.013,-0.038,-5.598,-4.280,163.572,0.000,0.000,0.000,-31.875,5.125,22.375,-3.230,2.486,-32.937,0.044,0.988,0.144,-0.043,1,-53.013,28.823,-31.642,0.000,2,32.119987,-110.761642,12.750000,6.741,3034.777100,21,37,19,24,3,3,U_TURN_HDG,AP_HDG_SEL_IMU,11.816,-30.000,0.000,4,15,19,13,ROLL_LEFT
322,32.852089,0,-0.103,-0.115,-0.038,-5.598,-4.280,163.572,0.000,0.000,0.000,-31.875,5.125,22.375,-3.230,2.486,-32.937,0.044,0.988,0.144,-0.043,1,-52.528,28.850,-31.497,0.000,2,32.119987,-110.761642,11.240000,6.488,3034.777100,21,37,19,32,3,3,U_TURN_HDG,AP_HDG_SEL_IMU,11.816,-30.000,0.000,4,15,19,13,ROLL_LEFT
323,32.906513,0,0.013,0.013,-0.038,-5.591,-4.281,163.571,0.000,0.000,0.000,-31.875,5.125,22.375,-3.230,2.486,-32.937,0.044,0.988,0.144,-0.043,1,-52.396,28.801,-31.457,0.000,2,32.119987,-110.761642,10.500000,6.368,3034.777100,21,37,19,36,3,3,U_TURN_HDG,AP_HDG_SEL_IMU,11.816,-30.000,0.000,4,15,19,13,ROLL_LEFT
324,33.002670,0,-0.103,0.013,-0.038,-5.592,-4.288,163.572,0.000,0.000,0.000,-31.875,5.125,22.375,-3.230,2.486,-32.937,0.044,0.988,0.144,-0.043,1,-52.217,28.837,-31.403,0.000,2,32.119987,-110.761642,8.540000,6.022,3034.777100,21,37,19,48,3,3,U_TURN_HDG,AP_HDG_SEL_IMU,11.816,-30.000,0.000,4,15,19,13,ROLL_LEFT
325,33.169334,0,0.013,-0.090,-0.038,-5.592,-4.288,163.572,0.000,0.000,0.000,-31.875,5.125,22.375,-3.230,2.461,-32.937,0.044,0.988,0.144,-0.043,1,-52.290,28.845,-31.425,0.000,2,32.119984,-110.761650,7.380000,5.693,3034.448975,21,37,19,64,3,3,U_TURN_HDG,AP_HDG_SEL_IMU,11.816,-30.000,0.000,4,15,19,13,ROLL_LEFT
326,33.252293,0,0.013,0.013,-0.038,-5.592,-4.288,163.572,0.000,0.000,0.000,-31.875,5.125,22.375,-3.230,2.486,-32.937,0.044,0.988,0.144,-0.043,1,-52.453,28.835,-31.474,0.000,2,32.119984,-110.761650,6.800000,5.501,3034.448975,21,37,19,72,3,3,U_TURN_HDG,AP_HDG_SEL_IMU,11.816,-30.000,0.000,4,15,19,13,ROLL_LEFT
327,33.335724,0,-0.231,0.013,-0.038,-5.592,-4.288,163.572,0.000,0.000,0.000,-31.875,5.125,22.375,-3.230,2.486,-32.937,0.044,0.988,0.144,-0.043,1,-52.623,28.817,-31.525,0.000,2,32.119984,-110.761650,6.290000,5.320,3034.448975,21,37,19,80,3,3,U_TURN_HDG,AP_HDG_SEL_IMU,11.816,-30.000,0.000,4,15,19,13,ROLL_LEFT
328,34.045704,0,-0.103,0.013,-0.038,-5.593,-4.295,163.572,0.000,0.000,0.000,-31.875,5.125,22.375,-3.230,2.486,-32.937,0.044,0.988,0.144,-0.043,1,-52.943,28.810,-31.621,0.000,2,32.119991,-110.761650,5.700000,5.129,3034.120850,21,37,20,52,3,3,U_TURN_HDG,AP_HDG_SEL_IMU,11.816,-30.000,0.000,4,15,19,13,ROLL_LEFT
329,34.130623,0,-0.103,-0.090,-0.154,-5.586,-4.296,163.572,0.000,0.000,0.000,-31.875,5.125,22.375,-3.230,2.461,-32.937,0.044,0.988,0.144,-0.043,1,-52.889,28.766,-31.605,0.000,2,32.119987,-110.761650,3.710000,4.783,3034.120850,21,37,20,60,3,3,U_TURN_HDG,AP_HDG_SEL_IMU,11.816,-30.000,0.000,4,15,19,13,ROLL_LEFT
330,34.195499,0,0.013,0.038,-0.038,-5.581,-4.311,163.572,3.021,-0.783,-0.224,-31.875,5.125,22.375,-3.204,2.435,-32.937,0.044,0.988,0.144,-0.043,1,-53.167,28.831,-31.687,0.000,2,32.119987,-110.761658,0.000000,4.628,3034.120850,21,37,20,64,3,3,U_TURN_HDG,AP_HDG_SEL_IMU,11.816,-30.000,0.000,4,15,19,13,ROLL_LEFT
331,34.327454,0,-0.013,0.090,0.090,-5.616,-4.164,163.581,1.567,-0.560,0.112,-31.875,5.125,22.375,-3.230,2.409,-32.911,0.043,0.988,0.144,-0.043,1,-52.312,28.807,-31.432,0.000,2,32.119984,-110.761665,0.000000,4.029,3033.792725,21,37,20,80,3,3,U_TURN_HDG,AP_HDG_SEL_IMU,11.816,-30.000,0.000,4,15,19,13,ROLL_LEFT
332,34.407513,0,-0.103,-0.064,-0.038,-5.630,-4.113,163.579,0.000,0.000,0.336,-31.875,5.125,22.375,-3.230,2.435,-32.937,0.042,0.988,0.144,-0.043,1,-53.490,28.816,-31.784,0.000,2,32.119980,-110.761665,0.000000,3.728,3033.792725,21,37,20,88,3,3,U_TURN_HDG,AP_HDG_SEL_IMU,11.816,-30.000,0.000,4,15,19,13,ROLL_LEFT
333,34.464512,0,-0.231,-0.154,-0.154,-5.615,-4.157,163.574,1.455,-0.336,0.224,-31.875,5.125,22.375,-3.230,2.409,-32.937,0.043,0.988,0.144,-0.043,1,-52.598,28.861,-31.518,0.000,2,32.119980,-110.761665,0.000000,3.570,3033.792725,21,37,20,92,3,3,U_TURN_HDG,AP_HDG_SEL_IMU,11.816,-30.000,0.000,4,15,19,13,ROLL_LEFT
334,34.648838,0,-0.205,-0.282,-0.038,-5.605,-4.179,163.568,1.455,-0.448,0.000,-31.875,5.125,22.375,-3.255,2.486,-32.962,0.043,0.988,0.144,-0.043,1,-52.369,28.849,-31.449,0.000,2,32.119980,-110.761665,0.000000,3.376,3033.464600,21,37,21,12,3,3,U_TURN_HDG,AP_HDG_SEL_IMU,11.816,-30.000,0.000,4,15,19,13,ROLL_LEFT
335,34.727783,0,0.013,0.167,0.090,-5.624,-4.121,163.580,-1.679,0.560,-0.112,-31.875,5.125,22.375,-3.230,2.461,-32.937,0.043,0.988,0.144,-0.043,1,-52.689,28.840,-31.545,0.000,2,32.119980,-110.761658,0.000000,3.303,3033.464600,21,37,21,20,3,3,U_TURN_HDG,AP_HDG_SEL_IMU,11.816,-30.000,0.000,4,15,19,13,ROLL_LEFT
336,34.807735,0,0.013,0.064,0.064,-5.603,-4.173,163.581,1.007,-0.224,0.112,-31.875,5.125,22.375,-3.230,2.435,-32.911,0.043,0.988,0.144,-0.043,1,-52.143,28.830,-31.381,0.000,2,32.119980,-110.761665,0.000000,3.416,3033.136475,21,37,21,28,3,3,U_TURN_HDG,AP_HDG_SEL_IMU,11.816,-30.000,0.000,4,15,19,13,ROLL_LEFT
337,34.888424,0,-0.013,-0.141,0.064,-5.585,-4.247,163.584,2.126,-0.560,0.224,-31.875,5.125,22.375,-3.204,2.512,-32.911,0.044,0.988,0.144,-0.043,1,-52.992,28.865,-31.635,0.000,2,32.119980,-110.761665,0.000000,3.522,3033.136475,21,37,21,36,3,3,U_TURN_HDG,AP_HDG_SEL_IMU,11.816,-30.000,0.000,4,15,19,13,ROLL_LEFT
338,35.013023,0,0.243,0.372,0.038,-5.588,-4.218,163.590,-1.343,0.783,-0.224,-31.875,5.125,22.375,-3.204,2.512,-32.885,0.043,0.988,0.144,-0.043,1,-53.576,28.811,-31.809,0.000,2,32.119984,-110.761665,0.000000,3.823,3032.808594,21,37,21,48,3,3,U_TURN_HDG,AP_HDG_SEL_IMU,11.816,-30.000,0.000,4,15,19,13,ROLL_LEFT
339,35.083939,0,-0.128,-0.115,-0.038,-5.586,-4.204,163.589,2.910,-0.783,0.000,-31.875,5.125,22.375,-3.204,2.461,-32.937,0.043,0.988,0.144,-0.043,1,-52.860,28.814,-31.596,0.000,2,32.119987,-110.761665,0.000000,4.039,3032.808594,21,37,21,56,3,3,U_TURN_HDG,AP_HDG_SEL_IMU,11.816,-30.000,0.000,4,15,19,13,ROLL_LEFT
340,35.133511,0,-0.013,-0.205,-0.154,-5.594,-4.210,163.590,-1.231,0.336,0.000,-31.875,5.125,22.375,-3.230,2.512,-32.937,0.043,0.988,0.144,-0.043,1,-51.418,28.856,-31.162,0.000,2,32.119987,-110.761665,0.000000,4.140,3032.808594,21,37,21,60,3,3,U_TURN_HDG,AP_HDG_SEL_IMU,11.816,-30.000,0.000,4,15,19,13,ROLL_LEFT
341,35.182499,0,0.141,-0.013,0.090,-5.583,-4.233,163.591,0.336,-0.112,0.112,-31.875,5.125,22.375,-3.230,2.512,-32.937,0.043,0.988,0.144,-0.043,1,-52.523,28.859,-31.495,0.000,2,32.119991,-110.761665,0.000000,4.238,3032.808594,21,37,21,64,3,3,U_TURN_HDG,AP_HDG_SEL_IMU,11.816,-30.000,0.000,4,15,19,13,ROLL_LEFT
342,35.288353,0,-0.103,-0.013,0.090,-5.589,-4.226,163.597,0.783,-0.112,-0.112,-31.875,5.125,22.375,-3.204,2.486,-32.911,0.043,0.988,0.144,-0.043,1,-53.083,28.839,-31.662,0.000,2,32.119991,-110.761665,2.080000,4.483,3032.480469,21,37,21,76,3,3,U_TURN_HDG,AP_HDG_SEL_IMU,11.816,-30.000,0.000,4,15,19,13,ROLL_LEFT
343,35.361816,0,-0.013,0.141,-0.064,-5.595,-4.218,163.597,-0.895,0.000,-0.112,-31.875,5.125,22.375,-3.230,2.486,-32.937,0.043,0.988,0.144,-0.043,1,-52.850,28.833,-31.593,0.000,2,32.119995,-110.761665,1.930000,4.599,3032.480469,21,37,21,84,3,3,U_TURN_HDG,AP_HDG_SEL_IMU,11.816,-30.000,0.000,4,15,19,13,ROLL_LEFT
344,35.417507,0,-0.103,0.038,-0.038,-5.594,-4.211,163.604,-0.112,0.000,-0.112,-31.875,5.125,22.375,-3.230,2.461,-32.937,0.043,0.988,0.144,-0.043,1,-52.759,28.855,-31.566,0.000,2,32.119995,-110.761665,2.420000,4.655,3032.480469,21,37,21,88,3,3,U_TURN_HDG,AP_HDG_SEL_IMU,11.816,-30.000,0.000,4,15,19,13,ROLL_LEFT
345,35.474506,0,-0.103,-0.090,-0.038,-5.604,-4.189,163.610,-0.336,0.000,-0.224,-31.875,5.125,22.375,-3.230,2.461,-32.937,0.043,0.988,0.144,-0.043,1,-53.297,28.880,-31.726,0.000,2,32.119995,-110.761665,3.230000,4.711,3032.480469,21,37,21,92,3,3,U_TURN_HDG,AP_HDG_SEL_IMU,11.816,-30.000,0.000,4,15,19,13,ROLL_LEFT
346,35.544510,0,-0.077,0.013,-0.013,-5.600,-4.203,163.604,-0.783,0.448,-0.112,-31.875,5.125,22.375,-3.230,2.461,-32.937,0.043,0.988,0.144,-0.043,1,-52.774,28.830,-31.570,0.000,2,32.119999,-110.761665,4.880000,4.792,3032.152344,21,37,22,0,3,3,U_TURN_HDG,AP_HDG_SEL_IMU,11.816,-30.000,0.000,4,15,19,13,ROLL_LEFT
347,35.607288,0,-0.077,-0.115,0.115,-5.599,-4.203,163.610,-0.336,0.000,0.000,-31.875,5.125,22.375,-3.255,2.461,-32.962,0.043,0.988,0.144,-0.043,1,-52.660,28.893,-31.536,0.000,2,32.119999,-110.761658,5.690000,4.829,3032.152344,21,37,22,4,3,3,U_TURN_HDG,AP_HDG_SEL_IMU,11.816,-30.000,0.000,4,15,19,13,ROLL_LEFT
348,35.664509,0,0.038,0.013,0.090,-5.591,-4.247,163.612,-0.560,0.224,-0.224,-31.875,5.125,22.375,-3.255,2.486,-32.937,0.044,0.988,0.144,-0.043,1,-53.167,28.829,-31.687,0.000,2,32.119999,-110.761658,7.370000,4.917,3032.152344,21,37,22,12,3,3,U_TURN_HDG,AP_HDG_SEL_IMU,11.816,-30.000,0.000,4,15,19,13,ROLL_LEFT
349,35.725960,0,-0.205,-0.090,0.064,-5.591,-4.247,163.612,0.560,-0.112,-0.224,-31.875,5.125,22.375,-3.255,2.486,-32.911,0.044,0.988,0.144,-0.043,1,-53.255,28.816,-31.714,0.000,2,32.119999,-110.761658,8.100000,4.954,3032.152344,21,37,22,16,3,3,U_TURN_HDG,AP_HDG_SEL_IMU,11.816,-30.000,0.000,4,15,19,13,ROLL_LEFT
350,35.779186,0,-0.077,-0.090,-0.064,-5.603,-4.231,163.612,-1.455,0.224,0.000,-31.875,5.125,22.375,-3.255,2.461,-32.911,0.043,0.988,0.144,-0.043,1,-53.551,28.853,-31.802,0.000,2,32.120003,-110.761658,9.400000,5.023,3031.824219,21,37,22,24,3,3,U_TURN_HDG,AP_HDG_SEL_IMU,11.816,-30.000,0.000,4,15,19,13,ROLL_LEFT
351,35.843510,0,-0.077,-0.090,-0.064,-5.595,-4.275,163.614,2.126,-0.448,0.000,-31.875,5.125,22.375,-3.255,2.461,-32.911,0.044,0.988,0.144,-0.043,1,-53.140,28.883,-31.679,0.000,2,32.120003,-110.761650,9.990000,5.055,3031.824219,21,37,22,28,3,3,U_TURN_HDG,AP_HDG_SEL_IMU,11.816,-30.000,0.000,4,15,19,13,ROLL_LEFT
352,35.905739,0,-0.077,-0.115,0.090,-5.605,-4.246,163.620,-0.671,0.224,-0.448,-31.875,5.125,22.375,-3.255,2.486,-32.937,0.044,0.988,0.144,-0.043,1,-53.551,28.848,-31.802,0.000,2,32.120003,-110.761650,11.130000,5.124,3031.824219,21,37,22,36,3,3,U_TURN_HDG,AP_HDG_SEL_IMU,11.816,-30.000,0.000,4,15,19,13,ROLL_LEFT
353,35.975380,0,-0.205,-0.115,-0.064,-5.616,-4.223,163.619,-0.448,0.000,-0.112,-31.875,5.125,22.375,-3.255,2.461,-32.911,0.043,0.988,0.144,-0.043,1,-54.667,28.834,-32.131,0.000,2,32.120003,-110.761650,12.590000,5.160,3031.824219,21,37,22,44,3,3,U_TURN_HDG,AP_HDG_SEL_IMU,11.816,-30.000,0.000,4,15,19,13,ROLL_LEFT
354,36.076069,0,0.013,0.141,0.090,-5.598,-4.296,163.615,2.126,-0.671,0.336,-31.875,5.125,22.375,-3.230,2.461,-32.937,0.044,0.988,0.144,-0.043,1,-53.390,28.855,-31.754,0.000,2,32.120007,-110.761642,14.860000,5.178,3031.496094,21,37,22,52,3,3,U_TURN_HDG,AP_HDG_SEL_IMU,11.816,-30.000,0.000,4,15,19,13,ROLL_LEFT
355,36.122513,0,0.013,0.167,0.090,-5.603,-4.281,163.621,1.455,-0.336,-0.224,-31.875,5.125,22.375,-3.230,2.461,-32.937,0.044,0.988,0.144,-0.043,1,-53.926,28.884,-31.913,0.000,2,32.120007,-110.761635,16.070000,5.192,3031.496094,21,37,22,56,3,3,U_TURN_HDG,AP_HDG_SEL_IMU,11.816,-30.000,0.000,4,15,19,13,ROLL_LEFT
356,36.177151,0,-0.231,-0.090,-0.064,-5.607,-4.259,163.620,-1.567,0.224,-0.112,-31.875,5.125,22.375,-3.230,2.461,-32.911,0.044,0.988,0.144,-0.043,1,-52.517,28.866,-31.493,0.000,2,32.120007,-110.761627,18.450001,5.229,3031.496094,21,37,22,64,3,3,U_TURN_HDG,AP_HDG_SEL_IMU,11.816,-30.000,0.000,4,15,19,13,ROLL_LEFT
357,36.247784,0,0.038,-0.115,-0.064,-5.597,-4.289,163.615,1.567,-0.336,0.336,-31.875,5.125,22.375,-3.230,2.486,-32.911,0.044,0.988,0.144,-0.043,1,-53.463,28.864,-31.776,0.000,2,32.120007,-110.761620,20.670000,5.276,3031.168213,21,37,22,72,3,3,U_TURN_HDG,AP_HDG_SEL_IMU,11.816,-30.000,0.000,4,15,19,13,ROLL_LEFT
358,36.323513,0,0.141,0.013,-0.064,-5.599,-4.303,163.622,-1.119,0.336,-0.336,-31.875,5.125,22.375,-3.255,2.512,-32.911,0.044,0.988,0.144,-0.043,1,-53.234,28.857,-31.708,0.000,2,32.120007,-110.761620,21.719999,5.298,3031.168213,21,37,22,76,3,3,U_TURN_HDG,AP_HDG_SEL_IMU,11.816,-30.000,0.000,4,15,19,13,ROLL_LEFT
359,36.385300,0,0.141,0.115,0.064,-5.615,-4.265,163.621,1.455,-0.560,0.112,-31.875,5.125,22.375,-3.255,2.486,-32.911,0.044,0.988,0.144,-0.043,1,-52.900,28.884,-31.608,0.000,2,32.120007,-110.761604,23.750000,5.344,3031.168213,21,37,22,84,3,3,U_TURN_HDG,AP_HDG_SEL_IMU,11.816,-30.000,0.000,4,15,19,13,ROLL_LEFT
360,36.448235,0,-0.077,-0.205,0.090,-5.624,-4.229,163.620,2.574,-0.783,0.112,-31.875,5.125,22.375,-3.255,2.461,-32.937,0.043,0.988,0.144,-0.043,1,-52.978,28.887,-31.631,0.000,2,32.120010,-110.761604,25.280001,5.433,3031.168213,21,37,22,92,3,3,U_TURN_HDG,AP_HDG_SEL_IMU,11.816,-30.000,0.000,4,15,19,13,ROLL_LEFT
361,36.512508,0,0.038,0.167,0.064,-5.629,-4.214,163.626,0.000,0.000,0.000,-31.875,5.125,22.375,-3.255,2.461,-32.911,0.043,0.988,0.144,-0.043,1,-52.910,28.868,-31.611,0.000,2,32.120010,-110.761597,25.930000,5.475,3030.839844,21,37,22,96,3,3,U_TURN_HDG,AP_HDG_SEL_IMU,11.816,-30.000,0.000,4,15,19,13,ROLL_LEFT
362,36.592510,0,0.038,0.167,-0.064,-5.630,-4.221,163.626,0.000,0.000,0.000,-31.875,5.125,22.375,-3.255,2.461,-32.911,0.043,0.988,0.144,-0.043,1,-52.835,28.861,-31.589,0.000,2,32.120010,-110.761597,27.129999,5.563,3030.839844,21,37,23,4,3,3,U_TURN_HDG,AP_HDG_SEL_IMU,11.816,-30.000,0.000,4,15,19,13,ROLL_LEFT
363,36.652374,0,-0.103,-0.090,-0.038,-5.631,-4.228,163.627,0.000,0.000,0.000,-31.875,5.125,22.375,-3.230,2.461,-32.937,0.043,0.988,0.144,-0.043,1,-52.900,28.887,-31.608,0.000,2,32.120014,-110.761589,28.320000,5.646,3030.839844,21,37,23,12,3,3,U_TURN_HDG,AP_HDG_SEL_IMU,11.816,-30.000,0.000,4,15,19,13,ROLL_LEFT
364,37.765186,0,0.141,0.167,-0.038,-5.631,-4.228,163.627,0.000,0.000,0.000,-31.875,5.125,22.375,-3.230,2.461,-32.937,0.043,0.988,0.144,-0.043,1,-52.845,28.844,-31.592,0.000,2,32.120029,-110.761574,29.850000,5.685,3030.511963,21,37,24,24,4,3,U_TURN_HDG,AP_HDG_SEL_IMU,11.816,-30.000,0.000,4,15,19,13,ROLL_LEFT
365,37.887871,0,0.038,0.038,0.038,-5.625,-4.236,163.627,0.000,0.000,0.000,-31.875,5.125,22.375,-3.255,2.461,-32.885,0.044,0.988,0.144,-0.043,1,-52.447,28.850,-31.472,0.000,2,32.120033,-110.761566,30.820000,5.679,3030.511963,21,37,24,36,4,3,U_TURN_HDG,AP_HDG_SEL_IMU,11.816,-30.000,0.000,4,15,19,13,ROLL_LEFT
366,37.950504,0,0.038,0.038,0.038,-5.616,-4.273,163.628,0.000,0.000,0.000,-31.875,5.125,22.375,-3.255,2.461,-32.885,0.044,0.988,0.144,-0.043,1,-52.858,28.819,-31.595,0.000,2,32.120033,-110.761566,31.100000,5.678,3030.511963,21,37,24,40,4,3,U_TURN_HDG,AP_HDG_SEL_IMU,11.816,-30.000,0.000,4,15,19,13,ROLL_LEFT
367,38.033764,0,0.038,0.013,-0.064,-5.616,-4.273,163.628,0.000,0.000,0.000,-31.875,5.125,22.375,-3.255,2.461,-32.885,0.044,0.988,0.144,-0.043,1,-53.551,28.851,-31.802,0.000,2,32.120033,-110.761559,32.150002,5.652,3030.511963,21,37,24,48,4,3,U_TURN_HDG,AP_HDG_SEL_IMU,11.816,-30.000,0.000,4,15,19,13,ROLL_LEFT
368,38.100548,0,-0.077,0.013,-0.064,-5.624,-4.279,163.629,0.000,0.000,0.000,-31.875,5.125,22.375,-3.255,2.486,-32.911,0.044,0.988,0.144,-0.043,1,-52.598,28.858,-31.518,0.000,2,32.120033,-110.761559,33.410000,5.631,3030.183838,21,37,24,56,4,3,U_TURN_HDG,AP_HDG_SEL_IMU,11.816,-30.000,0.000,4,15,19,13,ROLL_LEFT
369,38.170525,0,-0.103,-0.231,-0.154,-5.624,-4.279,163.629,0.000,0.000,0.000,-31.875,5.125,22.375,-3.255,2.486,-32.911,0.044,0.988,0.144,-0.043,1,-52.923,28.844,-31.615,0.000,2,32.120033,-110.761551,34.720001,5.609,3030.183838,21,37,24,64,4,3,U_TURN_HDG,AP_HDG_SEL_IMU,11.816,-30.000,0.000,4,15,19,13,ROLL_LEFT
370,38.246220,0,-0.077,0.038,-0.064,-5.617,-4.280,163.629,0.000,0.000,0.000,-31.875,5.125,22.375,-3.255,2.461,-32.911,0.044,0.988,0.144,-0.043,1,-53.136,28.888,-31.678,0.000,2,32.120029,-110.761543,36.750000,5.587,3030.183838,21,37,24,72,4,3,U_TURN_HDG,AP_HDG_SEL_IMU,11.816,-30.000,0.000,4,15,19,13,ROLL_LEFT
371,38.324215,0,-0.077,-0.205,-0.064,-5.617,-4.280,163.629,0.000,0.000,0.000,-31.875,5.125,22.375,-3.255,2.461,-32.911,0.044,0.988,0.144,-0.043,1,-52.684,28.849,-31.543,0.000,2,32.120029,-110.761536,38.970001,5.571,3030.183838,21,37,24,80,4,3,U_TURN_HDG,AP_HDG_SEL_IMU,11.816,-30.000,0.000,4,15,19,13,ROLL_LEFT
372,38.409336,0,0.038,0.013,-0.064,-5.617,-4.280,163.629,0.000,0.000,0.000,-31.875,5.125,22.375,-3.255,2.461,-32.911,0.044,0.988,0.144,-0.043,1,-53.207,28.901,-31.699,0.000,2,32.120029,-110.761536,41.209999,5.565,3029.855713,21,37,24,88,4,3,U_TURN_HDG,AP_HDG_SEL_IMU,11.816,-30.000,0.000,4,15,19,13,ROLL_LEFT
373,38.527542,0,-0.077,0.141,0.064,-5.624,-4.279,163.629,0.000,0.000,0.000,-31.875,5.125,22.375,-3.255,2.486,-32.911,0.044,0.988,0.144,-0.043,1,-53.357,28.913,-31.744,0.000,2,32.120029,-110.761520,44.259998,5.563,3029.855713,21,37,25,0,4,3,U_TURN_HDG,AP_HDG_SEL_IMU,11.816,-30.000,0.000,4,15,19,13,ROLL_LEFT
374,38.609524,0,-0.103,-0.115,0.090,-5.618,-4.287,163.629,0.000,0.000,0.000,-31.875,5.125,22.375,-3.230,2.486,-32.937,0.044,0.988,0.144,-0.043,1,-52.735,28.893,-31.559,0.000,2,32.120029,-110.761520,45.650002,5.560,3029.855713,21,37,25,8,4,3,U_TURN_HDG,AP_HDG_SEL_IMU,11.816,-30.000,0.000,4,15,19,13,ROLL_LEFT
375,38.679508,0,0.423,0.269,0.064,-5.618,-4.287,163.629,0.000,0.000,0.000,-31.875,5.125,22.375,-3.230,2.486,-32.937,0.044,0.988,0.144,-0.043,1,-52.902,28.881,-31.608,0.000,2,32.120029,-110.761520,45.810001,5.556,3029.855713,21,37,25,12,4,3,U_TURN_HDG,AP_HDG_SEL_IMU,11.816,-30.000,0.000,4,15,19,13,ROLL_LEFT
376,38.742432,0,0.038,0.038,0.064,-5.612,-4.295,163.629,0.000,0.000,0.000,-31.875,5.125,22.375,-3.255,2.461,-32.911,0.044,0.988,0.144,-0.043,1,-53.379,28.874,-31.751,0.000,2,32.120029,-110.761520,45.799999,5.548,3029.855713,21,37,25,20,4,3,U_TURN_HDG,AP_HDG_SEL_IMU,11.816,-30.000,0.000,4,15,19,13,ROLL_LEFT
377,41.807976,0,0.038,0.013,-0.064,-5.612,-4.295,163.629,0.000,0.000,0.000,-31.875,5.125,22.375,-3.255,2.486,-32.911,0.044,0.988,0.144,-0.043,1,-53.352,28.922,-31.743,0.000,2,32.120060,-110.761482,45.590000,5.563,3029.855713,21,37,28,28,3,3,U_TURN_HDG,AP_HDG_SEL_IMU,11.816,-30.000,0.000,4,15,19,13,ROLL_LEFT
378,41.877357,0,-0.205,0.141,0.064,-5.612,-4.295,163.629,-0.112,-0.112,0.000,-31.875,5.125,22.375,-3.127,2.614,-32.911,0.044,0.988,0.144,-0.043,1,-54.432,28.831,-32.062,0.000,2,32.120060,-110.761482,45.400002,5.573,3029.527832,21,37,28,32,3,3,U_TURN_HDG,AP_HDG_SEL_IMU,11.816,-30.000,0.000,4,15,19,13,ROLL_LEFT
379,41.938301,0,-0.064,0.013,-0.038,-5.467,-4.479,163.668,0.671,-0.112,0.000,-31.875,5.125,22.375,-3.127,2.614,-32.937,0.045,0.988,0.144,-0.042,1,-54.155,28.905,-31.981,0.000,2,32.120064,-110.761482,45.220001,5.582,3029.527832,21,37,28,36,3,3,U_TURN_HDG,AP_HDG_SEL_IMU,11.816,-30.000,0.000,4,15,19,13,ROLL_LEFT
380,41.995674,0,-0.333,-0.115,-0.038,-5.450,-4.510,163.669,1.119,-0.224,0.000,-31.875,5.125,22.375,-3.153,2.666,-32.937,0.046,0.988,0.144,-0.041,1,-53.444,28.901,-31.770,0.000,2,32.120064,-110.761482,44.840000,5.598,3029.527832,21,37,28,44,3,3,U_TURN_HDG,AP_HDG_SEL_IMU,11.816,-30.000,0.000,4,15,19,13,ROLL_LEFT
381,42.047497,0,0.192,0.090,0.218,-5.456,-4.502,163.669,-0.112,-0.224,-0.112,-31.875,5.125,22.375,-3.178,2.640,-32.911,0.046,0.988,0.144,-0.042,1,-52.738,28.892,-31.560,0.000,2,32.120064,-110.761482,44.639999,5.607,3029.527832,21,37,28,48,3,3,U_TURN_HDG,AP_HDG_SEL_IMU,11.816,-30.000,0.000,4,15,19,13,ROLL_LEFT
382,42.115509,0,-0.064,-0.141,-0.064,-5.452,-4.524,163.670,1.007,-0.224,0.224,-31.875,5.125,22.375,-3.178,2.640,-32.885,0.046,0.988,0.144,-0.041,1,-53.010,28.967,-31.641,0.000,2,32.120064,-110.761490,44.220001,5.622,3029.527832,21,37,28,56,3,3,U_TURN_HDG,AP_HDG_SEL_IMU,11.816,-30.000,0.000,4,15,19,13,ROLL_LEFT
383,42.198608,0,-0.064,0.218,0.192,-5.457,-4.509,163.669,-1.119,0.448,-0.336,-31.875,5.125,22.375,-3.153,2.666,-32.911,0.046,0.988,0.144,-0.042,1,-53.296,28.888,-31.726,0.000,2,32.120064,-110.761482,44.189999,5.647,3029.527832,21,37,28,64,3,3,U_TURN_HDG,AP_HDG_SEL_IMU,11.816,-30.000,0.000,4,15,19,13,ROLL_LEFT
384,42.288101,0,0.064,0.115,-0.064,-5.475,-4.436,163.667,-3.917,1.119,0.000,-31.875,5.125,22.375,-3.153,2.614,-32.911,0.045,0.988,0.144,-0.042,1,-53.998,28.897,-31.934,0.000,2,32.120064,-110.761482,44.290001,5.669,3029.199463,21,37,28,72,3,3,U_TURN_HDG,AP_HDG_SEL_IMU,11.816,-30.000,0.000,4,15,19,13,ROLL_LEFT
385,42.360126,0,0.064,0.115,-0.064,-5.466,-4.473,163.668,0.448,-0.112,0.336,-31.875,5.125,22.375,-3.153,2.614,-32.911,0.045,0.988,0.144,-0.042,1,-53.926,28.888,-31.913,0.000,2,32.120064,-110.761482,44.630001,5.674,3029.199463,21,37,28,80,3,3,U_TURN_HDG,AP_HDG_SEL_IMU,11.816,-30.000,0.000,4,15,19,13,ROLL_LEFT
386,45.727837,0,0.064,-0.115,-0.064,-5.462,-4.494,163.669,0.336,-0.112,0.224,-31.875,5.125,22.375,-3.153,2.640,-32.911,0.046,0.988,0.144,-0.042,1,-54.785,28.902,-32.166,0.000,2,32.120106,-110.761436,44.669998,5.685,3029.199463,21,37,32,20,3,3,U_TURN_HDG,AP_HDG_SEL_IMU,11.816,-30.000,0.000,4,15,19,13,ROLL_LEFT
387,45.834217,0,-0.218,0.013,0.320,-5.473,-4.472,163.668,-5.931,2.014,1.679,-31.875,5.125,22.375,-2.691,3.435,-32.783,0.045,0.988,0.144,-0.042,1,-51.712,28.891,-31.251,0.000,2,32.120106,-110.761436,43.750000,5.703,3029.199463,21,37,32,24,3,3,U_TURN_HDG,AP_HDG_SEL_IMU,11.816,-30.000,0.000,4,15,19,13,ROLL_LEFT
388,45.909237,0,0.128,-0.077,0.320,-4.591,-6.721,163.877,2.014,0.224,0.000,-31.875,5.125,22.375,-2.589,3.614,-32.783,0.064,0.987,0.142,-0.031,1,-53.039,28.916,-31.649,0.000,2,32.120113,-110.761452,40.939999,5.791,3029.199463,21,37,32,36,3,3,U_TURN_HDG,AP_HDG_SEL_IMU,11.816,-30.000,0.000,4,14,18,12,ROLL_LEFT
389,45.963230,0,-0.474,-0.730,0.064,-4.630,-6.595,163.867,3.021,-2.014,-0.560,-31.875,5.125,22.375,-2.614,3.486,-32.783,0.063,0.987,0.142,-0.032,1,-52.582,28.889,-31.513,0.000,2,32.120113,-110.761452,40.259998,5.823,3029.199463,21,37,32,40,3,3,U_TURN_HDG,AP_HDG_SEL_IMU,11.816,-30.000,0.000,4,14,18,12,ROLL_LEFT
390,46.051517,0,0.000,0.320,0.218,-4.643,-6.570,163.825,-1.455,0.448,0.671,-31.875,5.125,22.375,-2.614,3.537,-32.808,0.062,0.987,0.143,-0.032,1,-51.379,28.924,-31.150,0.000,2,32.120117,-110.761452,39.049999,5.882,3028.871582,21,37,32,48,3,3,U_TURN_HDG,AP_HDG_SEL_IMU,11.816,-30.000,0.000,4,14,18,12,ROLL_LEFT
391,46.689568,0,-0.064,-0.051,0.090,-4.634,-6.508,163.822,1.902,-0.336,-0.224,-31.875,5.125,22.375,-2.640,3.460,-32.808,0.062,0.987,0.143,-0.032,1,-52.488,28.918,-31.485,0.000,2,32.120125,-110.761436,38.910000,5.958,3028.871582,21,37,33,16,3,3,U_TURN_HDG,AP_HDG_SEL_IMU,11.816,-30.000,0.000,4,14,18,12,ROLL_LEFT
392,46.752285,0,0.013,-0.077,-0.038,-4.696,-6.236,163.795,0.112,-0.112,-0.112,-31.875,5.125,22.375,-2.717,3.332,-32.808,0.060,0.987,0.143,-0.033,1,-52.204,28.859,-31.399,0.000,2,32.120125,-110.761436,38.950001,6.025,3028.871582,21,37,33,20,3,3,U_TURN_HDG,AP_HDG_SEL_IMU,11.816,-30.000,0.000,4,14,18,12,ROLL_LEFT
393,46.802521,0,0.013,-0.026,0.090,-4.714,-5.948,163.744,1.343,-0.560,-0.448,-31.875,5.125,22.375,-2.717,3.281,-32.808,0.057,0.987,0.143,-0.033,1,-51.546,28.908,-31.201,0.000,2,32.120129,-110.761429,39.049999,6.086,3028.871582,21,37,33,24,3,3,U_TURN_HDG,AP_HDG_SEL_IMU,11.816,-30.000,0.000,4,14,18,12,ROLL_LEFT
394,46.880711,0,-0.192,0.282,0.090,-4.743,-5.851,163.721,2.574,-0.783,-1.119,-31.875,5.125,22.375,-2.743,3.255,-32.808,0.056,0.987,0.143,-0.034,1,-52.975,28.894,-31.630,0.000,2,32.120129,-110.761421,39.259998,6.196,3028.871582,21,37,33,32,3,3,U_TURN_HDG,AP_HDG_SEL_IMU,11.816,-30.000,0.000,4,14,18,12,ROLL_LEFT
395,46.959618,0,0.192,0.308,0.090,-4.837,-5.546,163.665,13.429,-3.469,-1.007,-31.875,5.125,22.375,-2.819,3.050,-32.808,0.054,0.988,0.144,-0.035,1,-51.944,28.908,-31.321,0.000,2,32.120132,-110.761421,39.400002,6.294,3028.543213,21,37,33,40,3,3,U_TURN_HDG,AP_HDG_SEL_IMU,11.816,-30.000,0.000,4,14,18,12,ROLL_LEFT
396,47.038513,0,0.064,0.269,-0.256,-5.146,-4.412,163.662,4.364,-2.014,-1.007,-31.875,5.125,22.375,-2.999,2.384,-32.834,0.044,0.988,0.144,-0.039,1,-51.702,28.911,-31.248,0.000,2,32.120132,-110.761421,39.459999,6.380,3028.543213,21,37,33,48,3,3,U_TURN_HDG,AP_HDG_SEL_IMU,11.816,-30.000,0.000,4,15,19,13,ROLL_LEFT
397,47.102215,0,-0.820,0.064,-0.384,-5.184,-4.328,163.652,-1.455,0.895,-0.112,-31.875,5.125,22.375,-2.973,2.435,-32.834,0.044,0.988,0.144,-0.039,1,-52.562,28.926,-31.507,0.000,2,32.120136,-110.761414,39.480000,6.463,3028.543213,21,37,33,56,3,3,U_TURN_HDG,AP_HDG_SEL_IMU,11.816,-30.000,0.000,4,15,19,13,ROLL_LEFT
398,47.172058,0,0.115,0.295,-0.384,-5.312,-3.899,163.660,4.141,-2.014,-0.560,-31.875,5.125,22.375,-3.076,2.179,-32.834,0.040,0.988,0.143,-0.041,1,-52.484,28.922,-31.484,0.000,2,32.120136,-110.761406,39.310001,6.569,3028.543213,21,37,33,64,3,3,U_TURN_HDG,AP_HDG_SEL_IMU,11.816,-30.000,0.000,4,15,19,13,ROLL_LEFT
399,47.230427,0,-0.038,0.372,-0.141,-5.277,-3.996,163.657,1.790,-0.895,0.000,-31.875,5.125,22.375,-3.076,2.281,-32.834,0.041,0.988,0.143,-0.041,1,-52.972,28.900,-31.629,0.000,2,32.120140,-110.761406,39.110001,6.665,3028.543213,21,37,33,68,3,3,U_TURN_HDG,AP_HDG_SEL_IMU,11.816,-30.000,0.000,4,15,19,13,ROLL_LEFT
400,47.304504,0,-0.013,0.423,-0.115,-5.323,-3.876,163.653,-0.671,0.224,0.112,-31.875,5.125,22.375,-3.101,2.204,-32.860,0.040,0.988,0.143,-0.041,1,-52.997,28.998,-31.637,0.000,2,32.120144,-110.761406,38.660000,6.820,3028.215332,21,37,33,76,3,3,U_TURN_HDG,AP_HDG_SEL_IMU,11.816,-30.000,0.000,4,15,19,13,ROLL_LEFT
401,47.371998,0,0.115,0.525,-0.115,-5.314,-3.913,163.661,0.112,-0.112,0.224,-31.875,5.125,22.375,-3.101,2.230,-32.860,0.040,0.988,0.143,-0.041,1,-52.244,28.931,-31.411,0.000,2,32.120148,-110.761398,38.439999,6.890,3028.215332,21,37,33,80,3,3,U_TURN_HDG,AP_HDG_SEL_IMU,11.816,-30.000,0.000,4,15,19,13,ROLL_LEFT
402,47.450294,0,0.013,0.525,-0.115,-5.331,-3.882,163.653,-0.336,0.112,-0.112,-31.875,5.125,22.375,-3.101,2.230,-32.860,0.040,0.988,0.143,-0.041,1,-52.088,28.927,-31.364,0.000,2,32.120152,-110.761391,37.810001,7.096,3028.215332,21,37,33,92,3,3,U_TURN_HDG,AP_HDG_SEL_IMU,11.816,-30.000,0.000,4,15,19,13,ROLL_LEFT
403,47.498577,0,-0.231,0.397,0.013,-5.338,-3.881,163.653,0.560,-0.336,0.000,-31.875,5.125,22.375,-3.101,2.230,-32.860,0.040,0.988,0.143,-0.041,1,-53.260,28.949,-31.715,0.000,2,32.120155,-110.761391,37.639999,7.151,3027.887207,21,37,33,96,3,3,U_TURN_HDG,AP_HDG_SEL_IMU,11.816,-30.000,0.000,4,15,19,13,ROLL_LEFT
404,47.562065,0,0.064,-0.064,0.090,-5.357,-3.914,163.655,0.336,0.000,0.000,-31.875,5.125,22.375,-3.153,2.691,-32.937,0.040,0.988,0.143,-0.041,1,-52.541,28.964,-31.501,0.000,2,32.120155,-110.761391,37.610001,7.156,3027.887207,21,37,34,0,3,3,U_TURN_HDG,AP_HDG_SEL_IMU,11.816,-30.000,0.000,4,15,19,13,ROLL_LEFT
405,47.622337,0,-0.064,-0.038,0.090,-5.376,-3.947,163.665,0.336,-0.112,-0.112,-31.875,5.125,22.375,-3.153,2.666,-32.937,0.041,0.988,0.143,-0.042,1,-52.387,28.957,-31.454,0.000,2,32.120155,-110.761391,37.650002,7.158,3027.887207,21,37,34,4,3,3,U_TURN_HDG,AP_HDG_SEL_IMU,11.816,-30.000,0.000,4,15,19,13,ROLL_LEFT
406,47.676991,0,-0.038,-0.038,0.090,-5.385,-3.960,163.665,0.112,0.000,-0.112,-31.875,5.125,22.375,-3.178,2.666,-32.937,0.041,0.988,0.143,-0.042,1,-52.466,28.954,-31.478,0.000,2,32.120155,-110.761391,37.779999,7.155,3027.887207,21,37,34,12,3,3,U_TURN_HDG,AP_HDG_SEL_IMU,11.816,-30.000,0.000,4,15,19,13,ROLL_LEFT
407,47.748653,0,0.064,0.013,0.064,-5.399,-3.958,163.665,0.112,-0.112,0.000,-31.875,5.125,22.375,-3.153,2.614,-32.911,0.041,0.988,0.143,-0.042,1,-52.237,28.944,-31.409,0.000,2,32.120155,-110.761391,37.930000,7.148,3027.887207,21,37,34,20,3,3,U_TURN_HDG,AP_HDG_SEL_IMU,11.816,-30.000,0.000,4,15,19,13,ROLL_LEFT
408,47.830517,0,-0.064,0.038,0.064,-5.411,-3.999,163.674,0.000,0.000,0.112,-31.875,5.125,22.375,-3.153,2.614,-32.911,0.041,0.988,0.143,-0.042,1,-51.990,28.961,-31.335,0.000,2,32.120155,-110.761391,38.070000,7.136,3027.887207,21,37,34,28,3,3,U_TURN_HDG,AP_HDG_SEL_IMU,11.816,-30.000,0.000,4,15,19,13,ROLL_LEFT
409,47.909500,0,0.372,0.320,0.064,-5.422,-4.026,163.683,0.336,-0.336,0.000,-31.875,5.125,22.375,-3.204,2.589,-32.911,0.041,0.988,0.143,-0.042,1,-52.078,28.945,-31.361,0.000,2,32.120155,-110.761391,38.209999,7.117,3027.559082,21,37,34,36,3,3,U_TURN_HDG,AP_HDG_SEL_IMU,11.816,-30.000,0.000,4,15,19,13,ROLL_LEFT
410,47.968945,0,-0.013,-0.064,-0.064,-5.450,-4.030,163.691,0.783,-0.112,0.000,-31.875,5.125,22.375,-3.204,2.563,-32.911,0.042,0.988,0.143,-0.042,1,-51.752,28.961,-31.263,0.000,2,32.120155,-110.761391,38.169998,7.161,3027.559082,21,37,34,40,3,3,U_TURN_HDG,AP_HDG_SEL_IMU,11.816,-30.000,0.000,4,15,19,13,ROLL_LEFT
411,48.031689,0,0.115,-0.064,-0.064,-5.448,-4.065,163.693,-0.560,0.224,-0.112,-31.875,5.125,22.375,-3.204,2.563,-32.911,0.042,0.988,0.143,-0.042,1,-52.860,28.958,-31.596,0.000,2,32.120159,-110.761383,38.060001,7.241,3027.559082,21,37,34,44,3,3,U_TURN_HDG,AP_HDG_SEL_IMU,11.816,-30.000,0.000,4,15,19,13,ROLL_LEFT
412,48.566692,0,-0.013,-0.064,-0.090,-5.466,-4.092,163.701,0.560,-0.112,-0.112,-31.875,5.125,22.375,-3.204,2.563,-32.911,0.042,0.988,0.143,-0.042,1,-52.488,28.921,-31.485,0.000,2,32.120167,-110.761375,38.000000,7.381,3027.559082,21,37,35,4,3,3,U_TURN_HDG,AP_HDG_SEL_IMU,11.816,-30.000,0.000,4,15,19,13,ROLL_LEFT
413,48.651482,0,0.064,0.038,-0.038,-5.474,-4.098,163.702,2.798,-1.567,-0.112,-31.875,5.125,22.375,-3.153,2.614,-32.937,0.042,0.988,0.143,-0.042,1,-52.172,28.918,-31.390,0.000,2,32.120171,-110.761368,38.070000,7.523,3027.559082,21,37,35,12,3,3,U_TURN_HDG,AP_HDG_SEL_IMU,11.816,-30.000,0.000,4,15,19,13,ROLL_LEFT
414,48.707508,0,0.064,0.038,-0.038,-5.478,-4.331,163.719,0.224,0.000,-0.112,-31.875,5.125,22.375,-3.153,2.589,-32.937,0.044,0.988,0.143,-0.042,1,-52.538,28.970,-31.500,0.000,2,32.120174,-110.761360,38.299999,7.597,3027.231201,21,37,35,16,3,3,U_TURN_HDG,AP_HDG_SEL_IMU,11.816,-30.000,0.000,4,15,19,13,ROLL_LEFT
415,48.765507,0,-0.064,0.013,-0.038,-5.473,-4.346,163.720,-0.671,0.224,0.000,-31.875,5.125,22.375,-3.153,2.589,-32.937,0.044,0.988,0.143,-0.042,1,-52.390,28.951,-31.455,0.000,2,32.120174,-110.761353,38.990002,7.750,3027.231201,21,37,35,24,3,3,U_TURN_HDG,AP_HDG_SEL_IMU,11.816,-30.000,0.000,4,15,19,13,ROLL_LEFT
416,48.924679,0,-0.064,-0.218,-0.154,-5.459,-4.391,163.720,2.238,-0.560,-0.224,-31.875,5.125,22.375,-3.153,2.589,-32.937,0.045,0.988,0.143,-0.042,1,-51.675,28.957,-31.240,0.000,2,32.120182,-110.761330,40.529999,8.064,3027.231201,21,37,35,40,3,3,U_TURN_HDG,AP_HDG_SEL_IMU,11.816,-30.000,0.000,4,15,19,13,ROLL_LEFT
417,49.011944,0,-0.064,0.115,0.064,-5.462,-4.412,163.721,-0.895,0.336,0.000,-31.875,5.125,22.375,-3.153,2.640,-32.911,0.045,0.988,0.143,-0.042,1,-52.948,28.943,-31.622,0.000,2,32.120186,-110.761314,41.279999,8.220,3027.231201,21,37,35,48,3,3,U_TURN_HDG,AP_HDG_SEL_IMU,11.816,-30.000,0.000,4,15,19,13,ROLL_LEFT
418,49.082672,0,0.064,-0.013,-0.064,-5.449,-4.470,163.724,-0.895,0.224,0.224,-31.875,5.125,22.375,-3.153,2.614,-32.911,0.045,0.988,0.143,-0.042,1,-52.482,28.929,-31.483,0.000,2,32.120190,-110.761299,42.029999,8.373,3027.231201,21,37,35,56,3,3,U_TURN_HDG,AP_HDG_SEL_IMU,11.816,-30.000,0.000,4,15,19,13,ROLL_LEFT
419,49.170677,0,-0.179,0.141,-0.179,-5.464,-4.426,163.729,-1.455,0.671,0.112,-31.875,5.125,22.375,-3.153,2.640,-32.911,0.045,0.988,0.143,-0.042,1,-52.078,28.947,-31.361,0.000,2,32.120193,-110.761292,42.740002,8.562,3027.231201,21,37,35,64,3,3,U_TURN_HDG,AP_HDG_SEL_IMU,11.816,-30.000,0.000,4,15,19,13,ROLL_LEFT
420,49.252495,0,-0.154,-0.192,-0.064,-5.422,-4.531,163.726,4.588,-2.014,-0.336,-31.875,5.125,22.375,-3.178,2.614,-32.911,0.046,0.988,0.143,-0.041,1,-53.031,28.933,-31.647,0.000,2,32.120193,-110.761276,43.380001,8.583,3027.231201,21,37,35,72,3,3,U_TURN_HDG,AP_HDG_SEL_IMU,11.816,-30.000,0.000,4,15,19,13,ROLL_LEFT
421,49.319969,0,-0.013,-0.090,0.064,-5.468,-4.454,163.731,0.112,-0.112,-0.112,-31.875,5.125,22.375,-3.204,2.589,-32.911,0.045,0.988,0.143,-0.042,1,-52.807,28.910,-31.580,0.000,2,32.120193,-110.761276,43.680000,8.593,3027.231201,21,37,35,76,3,3,U_TURN_HDG,AP_HDG_SEL_IMU,11.816,-30.000,0.000,4,15,19,13,ROLL_LEFT
422,49.405106,0,0.115,0.141,-0.179,-5.479,-4.438,163.730,-3.357,1.343,0.224,-31.875,5.125,22.375,-3.204,2.614,-32.911,0.045,0.988,0.143,-0.042,1,-52.860,28.958,-31.596,0.000,2,32.120193,-110.761261,44.680000,8.606,3027.231201,21,37,35,88,3,3,U_TURN_HDG,AP_HDG_SEL_IMU,11.816,-30.000,0.000,4,15,19,13,ROLL_LEFT
423,49.491531,0,0.064,0.115,-0.064,-5.449,-4.520,163.733,0.671,-0.336,0.000,-31.875,5.125,22.375,-3.153,2.640,-32.911,0.046,0.988,0.143,-0.041,1,-51.681,28.949,-31.241,0.000,2,32.120190,-110.761261,45.389999,8.604,3027.231201,21,37,35,96,3,3,U_TURN_HDG,AP_HDG_SEL_IMU,11.816,-30.000,0.000,4,15,19,13,ROLL_LEFT
424,49.609657,0,-0.179,-0.295,-0.179,-5.466,-4.496,163.733,-0.560,0.112,-0.112,-31.875,5.125,22.375,-3.153,2.666,-32.911,0.046,0.988,0.143,-0.042,1,-53.016,28.959,-31.643,0.000,2,32.120190,-110.761253,46.630001,8.586,3027.231201,21,37,36,8,3,3,U_TURN_HDG,AP_HDG_SEL_IMU,11.816,-30.000,0.000,4,15,19,13,ROLL_LEFT
425,49.666515,0,-0.064,-0.141,-0.064,-5.458,-4.540,163.734,1.007,-0.448,-0.224,-31.875,5.125,22.375,-3.153,2.640,-32.937,0.046,0.988,0.143,-0.042,1,-51.749,28.968,-31.262,0.000,2,32.120190,-110.761246,47.029999,8.579,3027.231201,21,37,36,12,3,3,U_TURN_HDG,AP_HDG_SEL_IMU,11.816,-30.000,0.000,4,15,19,13,ROLL_LEFT
426,49.725464,0,0.192,0.090,-0.064,-5.459,-4.540,163.727,-0.448,0.112,0.224,-31.875,5.125,22.375,-3.153,2.666,-32.911,0.046,0.988,0.143,-0.042,1,-53.043,28.913,-31.650,0.000,2,32.120186,-110.761246,47.830002,8.569,3026.902832,21,37,36,20,4,3,U_TURN_HDG,AP_HDG_SEL_IMU,11.816,-30.000,0.000,4,15,19,13,ROLL_LEFT
427,49.810680,0,-0.064,-0.013,-0.154,-5.458,-4.540,163.734,0.336,-0.224,0.000,-31.875,5.125,22.375,-3.153,2.666,-32.911,0.046,0.988,0.143,-0.042,1,-53.485,28.973,-31.782,0.000,2,32.120186,-110.761238,48.590000,8.562,3026.574951,21,37,36,28,4,3,U_TURN_HDG,AP_HDG_SEL_IMU,11.816,-30.000,0.000,4,15,19,13,ROLL_LEFT
428,49.866520,0,0.090,0.115,0.064,-5.458,-4.540,163.734,0.224,0.000,-0.112,-31.875,5.125,22.375,-3.178,2.640,-32.911,0.046,0.988,0.143,-0.042,1,-52.544,28.960,-31.501,0.000,2,32.120186,-110.761238,48.709999,8.547,3026.574951,21,37,36,32,4,3,U_TURN_HDG,AP_HDG_SEL_IMU,11.816,-30.000,0.000,4,15,19,13,ROLL_LEFT
429,49.931606,0,0.090,0.013,-0.064,-5.475,-4.509,163.734,0.560,-0.112,0.224,-31.875,5.125,22.375,-3.178,2.614,-32.911,0.046,0.988,0.143,-0.042,1,-51.041,28.964,-31.048,0.000,2,32.120186,-110.761246,48.660000,8.513,3025.918701,21,37,36,40,4,3,U_TURN_HDG,AP_HDG_SEL_IMU,11.816,-30.000,0.000,4,15,19,13,ROLL_LEFT
430,49.989140,0,0.090,0.038,-0.064,-5.480,-4.495,163.740,0.000,0.000,-0.112,-31.875,5.125,22.375,-3.178,2.589,-32.911,0.046,0.988,0.143,-0.042,1,-52.849,28.982,-31.593,0.000,2,32.120186,-110.761246,48.599998,8.493,3025.918701,21,37,36,44,4,3,U_TURN_HDG,AP_HDG_SEL_IMU,11.816,-30.000,0.000,4,15,19,13,ROLL_LEFT
431,50.054955,0,-0.154,-0.064,-0.064,-5.498,-4.471,163.740,0.448,-0.560,0.112,-31.875,5.125,22.375,-3.178,2.563,-32.911,0.045,0.988,0.143,-0.042,1,-52.242,28.937,-31.411,0.000,2,32.120186,-110.761246,48.480000,8.451,3025.590576,21,37,36,52,4,3,U_TURN_HDG,AP_HDG_SEL_IMU,11.816,-30.000,0.000,4,15,19,13,ROLL_LEFT
432,50.106514,0,-0.038,0.013,-0.064,-5.478,-4.531,163.742,-0.224,0.000,0.224,-31.875,5.125,22.375,-3.178,2.614,-32.911,0.046,0.988,0.143,-0.042,1,-51.850,28.925,-31.293,0.000,2,32.120186,-110.761246,48.419998,8.441,3025.262451,21,37,36,56,4,3,U_TURN_HDG,AP_HDG_SEL_IMU,11.816,-30.000,0.000,4,15,19,13,ROLL_LEFT
433,50.186516,0,-0.038,-0.090,-0.064,-5.499,-4.478,163.740,1.007,-0.671,-0.112,-31.875,5.125,22.375,-3.178,2.589,-32.911,0.045,0.988,0.143,-0.042,1,-51.340,28.994,-31.138,0.000,2,32.120186,-110.761253,48.220001,8.275,3025.262451,21,37,36,64,4,3,U_TURN_HDG,AP_HDG_SEL_IMU,11.816,-30.000,0.000,4,15,19,13,ROLL_LEFT
434,50.278938,0,0.090,0.038,-0.064,-5.478,-4.531,163.742,2.238,-0.783,-0.112,-31.875,5.125,22.375,-3.178,2.589,-32.911,0.046,0.988,0.143,-0.042,1,-52.302,28.969,-31.429,0.000,2,32.120186,-110.761253,48.150002,8.223,3024.934570,21,37,36,68,4,3,U_TURN_HDG,AP_HDG_SEL_IMU,11.816,-30.000,0.000,4,15,19,13,ROLL_LEFT
435,50.350502,0,0.218,0.115,-0.064,-5.478,-4.531,163.742,-1.007,0.560,-0.112,-31.875,5.125,22.375,-3.178,2.640,-32.911,0.046,0.988,0.143,-0.042,1,-52.217,28.974,-31.403,0.000,2,32.120182,-110.761261,48.070000,8.076,3024.606445,21,37,36,80,4,3,U_TURN_HDG,AP_HDG_SEL_IMU,11.816,-30.000,0.000,4,15,19,13,ROLL_LEFT
436,50.419502,0,0.115,0.038,-0.064,-5.509,-4.448,163.739,-0.895,-0.112,0.336,-31.875,5.125,22.375,-3.230,2.563,-32.911,0.045,0.988,0.143,-0.042,1,-53.016,28.961,-31.643,0.000,2,32.120182,-110.761261,48.009998,7.987,3024.278320,21,37,36,88,4,3,U_TURN_HDG,AP_HDG_SEL_IMU,11.816,-30.000,0.000,4,15,19,13,ROLL_LEFT
437,50.495510,0,-0.013,-0.064,-0.179,-5.496,-4.507,163.741,2.798,-0.895,0.000,-31.875,5.125,22.375,-3.230,2.589,-32.911,0.046,0.988,0.143,-0.042,1,-53.805,28.962,-31.877,0.000,2,32.120182,-110.761261,47.970001,7.943,3023.950195,21,37,36,92,4,3,U_TURN_HDG,AP_HDG_SEL_IMU,11.816,-30.000,0.000,4,15,19,13,ROLL_LEFT
438,50.549152,0,0.013,-0.064,-0.064,-5.522,-4.439,163.739,1.007,-0.336,-0.112,-31.875,5.125,22.375,-3.230,2.563,-32.911,0.045,0.988,0.143,-0.042,1,-52.120,29.010,-31.374,0.000,2,32.120178,-110.761253,48.939999,7.904,3023.950195,21,37,37,0,4,3,U_TURN_HDG,AP_HDG_SEL_IMU,11.816,-30.000,0.000,4,15,19,13,ROLL_LEFT
439,50.618927,0,-0.013,0.192,-0.064,-5.528,-4.432,163.739,-1.007,0.112,0.000,-31.875,5.125,22.375,-3.204,2.563,-32.911,0.045,0.988,0.143,-0.042,1,-51.821,28.982,-31.284,0.000,2,32.120174,-110.761246,50.360001,7.879,3023.293945,21,37,37,8,4,3,U_TURN_HDG,AP_HDG_SEL_IMU,11.816,-30.000,0.000,4,15,19,13,ROLL_LEFT
440,50.692520,0,0.013,-0.192,-0.064,-5.529,-4.438,163.739,-0.336,0.112,0.000,-31.875,5.125,22.375,-3.204,2.563,-32.911,0.045,0.988,0.143,-0.042,1,-51.337,29.001,-31.137,0.000,2,32.120174,-110.761238,51.959999,7.853,3022.966064,21,37,37,16,4,3,U_TURN_HDG,AP_HDG_SEL_IMU,11.816,-30.000,0.000,4,15,19,13,ROLL_LEFT
441,50.779507,0,0.115,0.038,-0.064,-5.520,-4.475,163.741,0.112,-0.112,-0.224,-31.875,5.125,22.375,-3.204,2.589,-32.911,0.045,0.988,0.143,-0.042,1,-52.774,28.975,-31.570,0.000,2,32.120171,-110.761223,54.020000,7.821,3022.637939,21,37,37,24,4,3,U_TURN_HDG,AP_HDG_SEL_IMU,11.816,-30.000,0.000,4,15,19,13,ROLL_LEFT
442,50.848667,0,-0.013,0.038,0.064,-5.521,-4.482,163.734,0.336,-0.112,0.112,-31.875,5.125,22.375,-3.204,2.589,-32.911,0.045,0.988,0.143,-0.042,1,-52.393,28.949,-31.456,0.000,2,32.120167,-110.761215,56.150002,7.858,3022.309814,21,37,37,32,4,3,U_TURN_HDG,AP_HDG_SEL_IMU,11.816,-30.000,0.000,4,15,19,13,ROLL_LEFT
443,50.928944,0,-0.154,0.038,-0.064,-5.515,-4.490,163.734,1.679,-0.560,0.000,-31.875,5.125,22.375,-3.204,2.589,-32.911,0.046,0.988,0.143,-0.042,1,-52.170,28.925,-31.389,0.000,2,32.120163,-110.761200,58.220001,7.966,3022.309814,21,37,37,40,4,3,U_TURN_HDG,AP_HDG_SEL_IMU,11.816,-30.000,0.000,4,15,19,13,ROLL_LEFT
444,51.049652,0,-0.013,-0.115,0.090,-5.512,-4.519,163.742,-1.790,0.560,0.224,-31.875,5.125,22.375,-3.178,2.614,-32.937,0.046,0.988,0.143,-0.042,1,-52.390,28.953,-31.455,0.000,2,32.120159,-110.761177,61.139999,8.144,3021.653564,21,37,37,52,4,3,U_TURN_HDG,AP_HDG_SEL_IMU,11.816,-30.000,0.000,4,15,19,13,ROLL_LEFT
445,51.124260,0,-0.038,0.013,-0.064,-5.514,-4.490,163.748,1.790,-0.560,-0.224,-31.875,5.125,22.375,-3.178,2.614,-32.911,0.046,0.988,0.143,-0.042,1,-52.673,29.009,-31.540,0.000,2,32.120159,-110.761169,62.939999,8.280,3021.325684,21,37,37,60,4,3,U_TURN_HDG,AP_HDG_SEL_IMU,11.816,-30.000,0.000,4,15,19,13,ROLL_LEFT
446,51.211128,0,0.090,0.141,0.064,-5.494,-4.543,163.743,1.343,-0.336,-0.112,-31.875,5.125,22.375,-3.178,2.640,-32.911,0.046,0.988,0.143,-0.042,1,-51.734,28.995,-31.258,0.000,2,32.120159,-110.761154,64.410004,8.422,3021.325684,21,37,37,68,3,3,U_TURN_HDG,AP_HDG_SEL_IMU,11.816,-30.000,0.000,4,15,19,13,ROLL_LEFT
447,51.289452,0,0.090,0.141,0.064,-5.508,-4.498,163.748,0.448,-0.112,0.224,-31.875,5.125,22.375,-3.178,2.614,-32.911,0.046,0.988,0.143,-0.042,1,-51.817,28.986,-31.283,0.000,2,32.120159,-110.761147,65.519997,8.523,3020.997314,21,37,37,76,3,3,U_TURN_HDG,AP_HDG_SEL_IMU,11.816,-30.000,0.000,4,15,19,13,ROLL_LEFT
448,51.344421,0,-0.103,-0.410,-0.179,-5.537,-4.402,163.745,2.014,-1.231,-0.336,-31.875,5.125,22.375,-3.230,2.512,-32.911,0.045,0.988,0.143,-0.042,1,-52.706,28.951,-31.550,0.000,2,32.120159,-110.761139,65.699997,8.542,3020.997314,21,37,37,80,3,3,U_TURN_HDG,AP_HDG_SEL_IMU,11.816,-30.000,0.000,4,15,19,13,ROLL_LEFT
449,51.404556,0,0.372,0.038,-0.064,-5.540,-4.423,163.746,-1.679,0.671,0.000,-31.875,5.125,22.375,-3.204,2.589,-32.911,0.045,0.988,0.143,-0.042,1,-52.463,28.960,-31.477,0.000,2,32.120159,-110.761139,65.830002,8.577,3020.669434,21,37,37,88,3,3,U_TURN_HDG,AP_HDG_SEL_IMU,11.816,-30.000,0.000,4,15,19,13,ROLL_LEFT
450,51.491131,0,0.013,-0.141,-0.064,-5.561,-4.370,163.737,-0.671,0.112,0.224,-31.875,5.125,22.375,-3.230,2.512,-32.911,0.045,0.988,0.143,-0.043,1,-51.986,28.973,-31.334,0.000,2,32.120159,-110.761139,65.849998,8.610,3020.341309,21,37,37,96,3,3,U_TURN_HDG,AP_HDG_SEL_IMU,11.816,-30.000,0.000,4,15,19,13,ROLL_LEFT
451,51.561337,0,0.013,-0.282,-0.205,-5.535,-4.437,163.739,3.357,-1.119,-0.448,-31.875,5.125,22.375,-3.230,2.538,-32.885,0.045,0.988,0.143,-0.042,1,-52.437,29.007,-31.469,0.000,2,32.120159,-110.761139,65.849998,8.637,3020.341309,21,37,38,4,3,3,U_TURN_HDG,AP_HDG_SEL_IMU,11.816,-30.000,0.000,4,15,19,13,ROLL_LEFT
452,52.727455,0,-0.128,0.064,0.038,-5.553,-4.414,163.739,-1.679,1.119,0.000,-31.875,5.125,22.375,-3.204,2.589,-32.885,0.045,0.988,0.143,-0.042,1,-52.706,28.953,-31.550,0.000,2,32.120171,-110.761101,65.870003,8.642,3020.013184,21,37,39,20,3,3,U_TURN_HDG,AP_HDG_SEL_IMU,11.816,-30.000,0.000,4,15,19,13,ROLL_LEFT
453,52.808647,0,-0.013,-0.167,-0.064,-5.566,-4.355,163.737,0.448,-0.336,-0.336,-31.875,5.125,22.375,-3.204,2.538,-32.911,0.044,0.988,0.143,-0.043,1,-52.800,28.924,-31.578,0.000,2,32.120171,-110.761101,65.940002,8.631,3020.013184,21,37,39,28,3,3,U_TURN_HDG,AP_HDG_SEL_IMU,11.816,-30.000,0.000,4,15,19,13,ROLL_LEFT
454,52.889652,0,-0.128,-0.167,-0.064,-5.545,-4.408,163.738,-0.336,0.000,0.112,-31.875,5.125,22.375,-3.204,2.538,-32.911,0.045,0.988,0.143,-0.042,1,-52.334,28.911,-31.438,0.000,2,32.120171,-110.761101,66.029999,8.623,3020.013184,21,37,39,36,3,3,U_TURN_HDG,AP_HDG_SEL_IMU,11.816,-30.000,0.000,4,15,19,13,ROLL_LEFT
455,52.967728,0,-0.038,0.090,0.038,-5.548,-4.379,163.737,0.671,0.000,-0.112,-31.875,5.125,22.375,-3.178,2.538,-32.911,0.045,0.988,0.143,-0.042,1,-52.414,28.911,-31.462,0.000,2,32.120171,-110.761093,66.129997,8.618,3019.685303,21,37,39,44,3,3,U_TURN_HDG,AP_HDG_SEL_IMU,11.816,-30.000,0.000,4,15,19,13,ROLL_LEFT
456,53.046146,0,-0.038,-0.038,0.038,-5.541,-4.380,163.737,0.336,-0.112,0.000,-31.875,5.125,22.375,-3.178,2.538,-32.885,0.045,0.988,0.143,-0.042,1,-52.860,28.955,-31.596,0.000,2,32.120171,-110.761093,66.220001,8.613,3019.685303,21,37,39,52,3,3,U_TURN_HDG,AP_HDG_SEL_IMU,11.816,-30.000,0.000,4,15,19,13,ROLL_LEFT
457,53.126129,0,-0.154,0.090,0.038,-5.547,-4.372,163.737,-0.112,0.000,-0.112,-31.875,5.125,22.375,-3.178,2.538,-32.885,0.045,0.988,0.143,-0.042,1,-52.719,28.925,-31.554,0.000,2,32.120171,-110.761093,66.309998,8.610,3019.685303,21,37,39,60,3,3,U_TURN_HDG,AP_HDG_SEL_IMU,11.816,-30.000,0.000,4,15,19,13,ROLL_LEFT
458,53.248657,0,0.013,-0.038,-0.064,-5.547,-4.372,163.737,0.671,0.000,0.112,-31.875,5.125,22.375,-3.178,2.538,-32.911,0.045,0.988,0.143,-0.042,1,-51.986,28.970,-31.334,0.000,2,32.120171,-110.761093,66.220001,8.593,3019.356934,21,37,39,72,3,3,U_TURN_HDG,AP_HDG_SEL_IMU,11.816,-30.000,0.000,4,15,19,13,ROLL_LEFT
459,53.329235,0,-0.103,-0.038,-0.090,-5.554,-4.371,163.737,-0.448,0.112,0.000,-31.875,5.125,22.375,-3.204,2.538,-32.911,0.045,0.988,0.143,-0.043,1,-51.723,29.013,-31.254,0.000,2,32.120171,-110.761093,66.019997,8.579,3019.356934,21,37,39,80,3,3,U_TURN_HDG,AP_HDG_SEL_IMU,11.816,-30.000,0.000,4,15,19,13,ROLL_LEFT
460,53.407249,0,0.013,-0.167,-0.090,-5.555,-4.378,163.737,0.336,0.000,-0.112,-31.875,5.125,22.375,-3.230,2.538,-32.885,0.045,0.988,0.143,-0.043,1,-51.432,28.972,-31.166,0.000,2,32.120174,-110.761093,65.669998,8.561,3019.356934,21,37,39,88,3,3,U_TURN_HDG,AP_HDG_SEL_IMU,11.816,-30.000,0.000,4,15,19,13,ROLL_LEFT
461,53.495655,0,0.013,-0.038,-0.064,-5.561,-4.370,163.737,0.000,0.000,0.000,-31.875,5.125,22.375,-3.230,2.538,-32.911,0.045,0.988,0.143,-0.043,1,-52.541,28.966,-31.501,0.000,2,32.120174,-110.761093,65.080002,8.542,3019.356934,21,37,39,96,3,3,U_TURN_HDG,AP_HDG_SEL_IMU,11.816,-30.000,0.000,4,15,19,13,ROLL_LEFT
462,53.568291,0,-0.103,-0.038,0.064,-5.568,-4.369,163.737,0.000,0.000,0.000,-31.875,5.125,22.375,-3.255,2.512,-32.911,0.045,0.988,0.143,-0.043,1,-52.619,28.965,-31.524,0.000,2,32.120178,-110.761093,64.459999,8.525,3019.029053,21,37,40,4,3,3,U_TURN_HDG,AP_HDG_SEL_IMU,11.816,-30.000,0.000,4,15,19,13,ROLL_LEFT
463,53.646893,0,0.038,0.115,-0.064,-5.568,-4.369,163.737,0.000,0.000,0.000,-31.875,5.125,22.375,-3.255,2.512,-32.911,0.045,0.988,0.143,-0.043,1,-52.794,28.932,-31.576,0.000,2,32.120178,-110.761093,63.860001,8.510,3019.029053,21,37,40,12,3,3,U_TURN_HDG,AP_HDG_SEL_IMU,11.816,-30.000,0.000,4,15,19,13,ROLL_LEFT
464,53.724510,0,0.038,-0.013,0.064,-5.575,-4.368,163.738,0.000,0.000,0.000,-31.875,5.125,22.375,-3.255,2.512,-32.911,0.045,0.988,0.143,-0.043,1,-52.845,28.984,-31.592,0.000,2,32.120178,-110.761093,63.560001,8.505,3019.029053,21,37,40,16,3,3,U_TURN_HDG,AP_HDG_SEL_IMU,11.816,-30.000,0.000,4,15,19,13,ROLL_LEFT
465,53.793236,0,0.038,-0.013,0.064,-5.582,-4.367,163.738,0.000,0.000,0.000,-31.875,5.125,22.375,-3.255,2.538,-32.911,0.045,0.988,0.143,-0.043,1,-52.632,28.943,-31.528,0.000,2,32.120186,-110.761093,62.980000,8.493,3018.700684,21,37,40,24,4,3,U_TURN_HDG,AP_HDG_SEL_IMU,11.816,-30.000,0.000,4,15,19,13,ROLL_LEFT
466,53.844284,0,0.038,-0.013,-0.064,-5.589,-4.366,163.738,0.000,0.000,0.000,-31.875,5.125,22.375,-3.255,2.512,-32.911,0.045,0.988,0.143,-0.043,1,-53.317,28.984,-31.732,0.000,2,32.120186,-110.761093,62.700001,8.486,3018.700684,21,37,40,28,4,3,U_TURN_HDG,AP_HDG_SEL_IMU,11.816,-30.000,0.000,4,15,19,13,ROLL_LEFT
467,53.910507,0,0.038,0.115,0.064,-5.590,-4.373,163.738,0.000,0.000,0.000,-31.875,5.125,22.375,-3.255,2.538,-32.911,0.045,0.988,0.143,-0.043,1,-52.216,28.984,-31.403,0.000,2,32.120186,-110.761093,62.150002,8.476,3018.700684,21,37,40,36,4,3,U_TURN_HDG,AP_HDG_SEL_IMU,11.816,-30.000,0.000,4,15,19,13,ROLL_LEFT
468,53.965504,0,0.038,0.090,0.064,-5.597,-4.372,163.739,0.000,0.000,0.000,-31.875,5.125,22.375,-3.255,2.538,-32.911,0.045,0.988,0.143,-0.043,1,-51.979,28.979,-31.332,0.000,2,32.120190,-110.761093,61.880001,8.471,3018.700684,21,37,40,40,4,3,U_TURN_HDG,AP_HDG_SEL_IMU,11.816,-30.000,0.000,4,15,19,13,ROLL_LEFT
469,54.031654,0,-0.077,-0.038,-0.090,-5.597,-4.372,163.739,0.000,0.000,0.000,-31.875,5.125,22.375,-3.255,2.538,-32.885,0.045,0.988,0.143,-0.043,1,-53.045,29.047,-31.651,0.000,2,32.120190,-110.761093,61.340000,8.463,3018.700684,21,37,40,48,4,3,U_TURN_HDG,AP_HDG_SEL_IMU,11.816,-30.000,0.000,4,15,19,13,ROLL_LEFT
470,54.082508,0,-0.103,-0.192,-0.090,-5.598,-4.379,163.739,0.000,0.000,0.000,-31.875,5.125,22.375,-3.230,2.563,-32.885,0.045,0.988,0.143,-0.043,1,-52.271,29.024,-31.419,0.000,2,32.120190,-110.761093,61.070000,8.458,3018.372803,21,37,40,52,4,3,U_TURN_HDG,AP_HDG_SEL_IMU,11.816,-30.000,0.000,4,15,19,13,ROLL_LEFT
471,54.134506,0,0.013,0.064,-0.090,-5.598,-4.379,163.739,0.000,0.000,0.000,-31.875,5.125,22.375,-3.230,2.563,-32.885,0.045,0.988,0.143,-0.043,1,-51.831,28.960,-31.287,0.000,2,32.120193,-110.761093,60.830002,8.456,3018.372803,21,37,40,56,4,3,U_TURN_HDG,AP_HDG_SEL_IMU,11.816,-30.000,0.000,4,15,19,13,ROLL_LEFT
472,54.223621,0,0.013,-0.282,0.038,-5.599,-4.386,163.739,0.000,0.000,0.000,-31.875,5.125,22.375,-3.230,2.538,-32.885,0.045,0.988,0.143,-0.043,1,-52.141,28.970,-31.380,0.000,2,32.120193,-110.761093,60.639999,8.458,3018.372803,21,37,40,64,4,3,U_TURN_HDG,AP_HDG_SEL_IMU,11.816,-30.000,0.000,4,15,19,13,ROLL_LEFT
473,54.284508,0,-0.103,0.090,-0.090,-5.600,-4.393,163.740,0.000,0.000,0.000,-31.875,5.125,22.375,-3.230,2.538,-32.885,0.045,0.988,0.143,-0.043,1,-53.869,28.992,-31.896,0.000,2,32.120193,-110.761093,60.580002,8.461,3018.372803,21,37,40,72,4,3,U_TURN_HDG,AP_HDG_SEL_IMU,11.816,-30.000,0.000,4,15,19,13,ROLL_LEFT
474,54.345501,0,-0.103,-0.167,-0.090,-5.600,-4.393,163.740,0.000,0.000,0.000,-31.875,5.125,22.375,-3.230,2.538,-32.885,0.045,0.988,0.143,-0.043,1,-52.789,28.941,-31.575,0.000,2,32.120193,-110.761093,60.570000,8.463,3018.372803,21,37,40,80,4,3,U_TURN_HDG,AP_HDG_SEL_IMU,11.816,-30.000,0.000,4,15,19,13,ROLL_LEFT
475,54.406429,0,0.013,0.090,0.038,-5.593,-4.394,163.739,0.000,0.000,0.000,-31.875,5.125,22.375,-3.230,2.538,-32.885,0.045,0.988,0.143,-0.043,1,-52.053,28.987,-31.354,0.000,2,32.120193,-110.761086,60.779999,8.464,3018.372803,21,37,40,88,4,3,U_TURN_HDG,AP_HDG_SEL_IMU,11.816,-30.000,0.000,4,15,19,13,ROLL_LEFT
476,54.494678,0,0.013,0.090,-0.064,-5.593,-4.394,163.739,0.000,0.000,0.000,-31.875,5.125,22.375,-3.230,2.538,-32.911,0.045,0.988,0.143,-0.043,1,-53.543,29.006,-31.799,0.000,2,32.120193,-110.761086,61.419998,8.464,3018.372803,21,37,40,96,4,3,U_TURN_HDG,AP_HDG_SEL_IMU,11.816,-30.000,0.000,4,15,19,13,ROLL_LEFT
477,54.580498,0,0.013,-0.064,0.064,-5.593,-4.394,163.739,0.000,0.000,0.000,-31.875,5.125,22.375,-3.230,2.563,-32.911,0.045,0.988,0.143,-0.043,1,-51.969,28.996,-31.329,0.000,2,32.120193,-110.761078,62.150002,8.466,3018.044678,21,37,41,4,4,3,U_TURN_HDG,AP_HDG_SEL_IMU,11.816,-30.000,0.000,4,15,19,13,ROLL_LEFT
478,54.645725,0,0.013,0.090,-0.064,-5.594,-4.401,163.740,0.000,0.000,0.000,-31.875,5.125,22.375,-3.230,2.538,-32.911,0.045,0.988,0.143,-0.043,1,-52.207,28.993,-31.400,0.000,2,32.120193,-110.761078,62.660000,8.454,3018.044678,21,37,41,12,4,3,U_TURN_HDG,AP_HDG_SEL_IMU,11.816,-30.000,0.000,4,15,19,13,ROLL_LEFT
479,54.724419,0,-0.013,-0.038,0.090,-5.594,-4.401,163.740,0.000,0.000,0.000,-31.875,5.125,22.375,-3.204,2.538,-32.937,0.045,0.988,0.143,-0.043,1,-52.024,29.040,-31.345,0.000,2,32.120193,-110.761070,63.060001,8.444,3018.044678,21,37,41,20,4,3,U_TURN_HDG,AP_HDG_SEL_IMU,11.816,-30.000,0.000,4,15,19,13,ROLL_LEFT
480,54.850143,0,-0.013,-0.038,-0.064,-5.587,-4.402,163.740,0.000,0.000,0.000,-31.875,5.125,22.375,-3.204,2.538,-32.911,0.045,0.988,0.143,-0.043,1,-52.212,28.987,-31.402,0.000,2,32.120193,-110.761070,63.630001,8.426,3017.716553,21,37,41,32,3,3,U_TURN_HDG,AP_HDG_SEL_IMU,11.816,-30.000,0.000,4,15,19,13,ROLL_LEFT
481,54.924652,0,-0.013,0.090,0.167,-5.587,-4.402,163.740,0.000,0.000,0.000,-31.875,5.125,22.375,-3.230,2.538,-32.885,0.045,0.988,0.143,-0.043,1,-53.290,29.039,-31.724,0.000,2,32.120190,-110.761063,64.110001,8.422,3017.716553,21,37,41,40,3,3,U_TURN_HDG,AP_HDG_SEL_IMU,11.816,-30.000,0.000,4,15,19,13,ROLL_LEFT
482,55.010239,0,0.269,0.090,-0.064,-5.581,-4.410,163.740,-0.112,0.112,0.112,-31.875,5.125,22.375,-3.204,2.538,-32.911,0.045,0.988,0.143,-0.043,1,-51.792,29.032,-31.275,0.000,2,32.120190,-110.761055,64.690002,8.415,3017.716553,21,37,41,48,3,3,U_TURN_HDG,AP_HDG_SEL_IMU,11.816,-30.000,0.000,4,15,19,13,ROLL_LEFT
483,55.089378,0,0.141,0.218,0.038,-5.592,-4.387,163.739,-1.119,0.224,-0.112,-31.875,5.125,22.375,-3.230,2.538,-32.885,0.045,0.988,0.143,-0.043,1,-52.359,29.006,-31.446,0.000,2,32.120190,-110.761055,65.309998,8.412,3017.716553,21,37,41,56,3,3,U_TURN_HDG,AP_HDG_SEL_IMU,11.816,-30.000,0.000,4,15,19,13,ROLL_LEFT
484,61.727837,0,0.013,0.090,-0.090,-5.586,-4.395,163.746,1.455,-0.448,0.112,-31.875,5.125,22.375,-3.230,2.512,-32.885,0.045,0.988,0.143,-0.043,1,-51.834,28.956,-31.288,0.000,2,32.120247,-110.760895,66.110001,8.375,3017.716553,21,37,48,20,3,3,U_TURN_HDG,AP_HDG_SEL_IMU,11.816,-30.000,0.000,4,15,19,13,ROLL_LEFT
485,61.793888,0,0.038,0.090,0.038,-5.582,-4.417,163.747,-1.231,0.336,0.112,-31.875,5.125,22.375,-3.281,2.538,-32.911,0.045,0.988,0.143,-0.043,1,-52.453,28.982,-31.474,0.000,2,32.120247,-110.760887,66.540001,8.388,3017.716553,21,37,48,24,3,3,U_TURN_HDG,AP_HDG_SEL_IMU,11.816,-30.000,0.000,4,15,19,13,ROLL_LEFT
486,61.861504,0,0.038,-0.038,-0.064,-5.635,-4.346,163.753,-0.336,0.112,0.112,-31.875,5.125,22.375,-3.255,2.538,-32.911,0.044,0.988,0.143,-0.043,1,-52.544,28.963,-31.501,0.000,2,32.120243,-110.760887,67.459999,8.410,3017.716553,21,37,48,32,3,3,U_TURN_HDG,AP_HDG_SEL_IMU,11.816,-30.000,0.000,4,15,19,13,ROLL_LEFT
487,61.913506,0,0.038,-0.141,-0.064,-5.634,-4.339,163.752,0.560,-0.112,-0.336,-31.875,5.125,22.375,-3.255,2.512,-32.911,0.044,0.988,0.143,-0.043,1,-53.013,28.964,-31.642,0.000,2,32.120243,-110.760880,67.930000,8.419,3017.716553,21,37,48,36,3,3,U_TURN_HDG,AP_HDG_SEL_IMU,11.816,-30.000,0.000,4,15,19,13,ROLL_LEFT
488,61.973499,0,-0.077,0.090,-0.064,-5.632,-4.375,163.754,-0.895,0.671,0.224,-31.875,5.125,22.375,-3.255,2.538,-32.911,0.045,0.988,0.143,-0.043,1,-52.779,28.962,-31.572,0.000,2,32.120243,-110.760880,68.379997,8.429,3017.716553,21,37,48,40,3,3,U_TURN_HDG,AP_HDG_SEL_IMU,11.816,-30.000,0.000,4,15,19,13,ROLL_LEFT
489,62.041618,0,-0.103,-0.038,-0.090,-5.631,-4.368,163.754,0.560,-0.224,-0.224,-31.875,5.125,22.375,-3.255,2.538,-32.885,0.045,0.988,0.143,-0.043,1,-52.043,29.006,-31.351,0.000,2,32.120239,-110.760880,69.279999,8.446,3017.716553,21,37,48,48,3,3,U_TURN_HDG,AP_HDG_SEL_IMU,11.816,-30.000,0.000,4,15,19,13,ROLL_LEFT
490,62.122513,0,-0.077,-0.038,-0.064,-5.615,-4.406,163.755,0.671,-0.224,0.000,-31.875,5.125,22.375,-3.255,2.538,-32.911,0.045,0.988,0.143,-0.043,1,-53.633,28.988,-31.826,0.000,2,32.120239,-110.760872,70.129997,8.463,3017.716553,21,37,48,56,3,3,U_TURN_HDG,AP_HDG_SEL_IMU,11.816,-30.000,0.000,4,15,19,13,ROLL_LEFT
491,62.203106,0,0.038,-0.167,-0.064,-5.621,-4.398,163.755,1.007,-0.224,0.112,-31.875,5.125,22.375,-3.255,2.538,-32.911,0.045,0.988,0.143,-0.043,1,-52.110,29.029,-31.371,0.000,2,32.120235,-110.760864,70.930000,8.481,3017.716553,21,37,48,64,3,3,U_TURN_HDG,AP_HDG_SEL_IMU,11.816,-30.000,0.000,4,15,19,13,ROLL_LEFT
492,62.281376,0,-0.077,-0.038,0.064,-5.627,-4.390,163.754,0.000,0.112,-0.112,-31.875,5.125,22.375,-3.230,2.563,-32.911,0.045,0.988,0.143,-0.043,1,-52.525,28.994,-31.496,0.000,2,32.120239,-110.760864,71.010002,8.527,3017.716553,21,37,48,72,3,3,U_TURN_HDG,AP_HDG_SEL_IMU,11.816,-30.000,0.000,4,15,19,13,ROLL_LEFT
493,62.361347,0,0.038,0.090,0.064,-5.636,-4.353,163.753,-0.895,0.336,-0.112,-31.875,5.125,22.375,-3.255,2.538,-32.911,0.044,0.988,0.143,-0.043,1,-52.130,28.993,-31.377,0.000,2,32.120239,-110.760864,70.769997,8.567,3017.716553,21,37,48,80,3,3,U_TURN_HDG,AP_HDG_SEL_IMU,11.816,-30.000,0.000,4,15,19,13,ROLL_LEFT
494,62.431618,0,0.038,0.090,-0.064,-5.641,-4.339,163.759,-1.902,0.560,0.112,-31.875,5.125,22.375,-3.255,2.512,-32.911,0.044,0.988,0.143,-0.043,1,-52.837,29.000,-31.589,0.000,2,32.120243,-110.760864,70.379997,8.596,3017.716553,21,37,48,88,3,3,U_TURN_HDG,AP_HDG_SEL_IMU,11.816,-30.000,0.000,4,15,19,13,ROLL_LEFT
495,62.511612,0,-0.077,-0.013,-0.064,-5.620,-4.391,163.761,1.007,-0.560,-0.112,-31.875,5.125,22.375,-3.255,2.512,-32.885,0.045,0.988,0.143,-0.043,1,-52.759,28.994,-31.566,0.000,2,32.120243,-110.760857,69.860001,8.618,3017.716553,21,37,48,96,3,3,U_TURN_HDG,AP_HDG_SEL_IMU,11.816,-30.000,0.000,4,15,19,13,ROLL_LEFT
496,62.589172,0,0.013,-0.064,-0.038,-5.625,-4.376,163.761,-0.112,0.000,-0.112,-31.875,5.125,22.375,-3.230,2.538,-32.937,0.045,0.988,0.143,-0.043,1,-52.117,29.016,-31.373,0.000,2,32.120247,-110.760857,69.190002,8.645,3017.716553,21,37,49,4,3,3,U_TURN_HDG,AP_HDG_SEL_IMU,11.816,-30.000,0.000,4,15,19,13,ROLL_LEFT
497,62.673717,0,0.013,-0.013,-0.038,-5.620,-4.391,163.754,2.238,-0.895,-0.112,-31.875,5.125,22.375,-3.230,2.538,-32.937,0.045,0.988,0.143,-0.043,1,-52.660,29.031,-31.536,0.000,2,32.120247,-110.760857,68.930000,8.648,3017.716553,21,37,49,12,3,3,U_TURN_HDG,AP_HDG_SEL_IMU,11.816,-30.000,0.000,4,15,19,13,ROLL_LEFT
498,62.751507,0,0.013,-0.038,0.090,-5.626,-4.383,163.754,0.112,0.000,-0.112,-31.875,5.125,22.375,-3.230,2.563,-32.937,0.045,0.988,0.143,-0.043,1,-52.138,28.977,-31.380,0.000,2,32.120251,-110.760857,68.559998,8.621,3017.716553,21,37,49,20,3,3,U_TURN_HDG,AP_HDG_SEL_IMU,11.816,-30.000,0.000,4,15,19,13,ROLL_LEFT
499,62.802509,0,-0.077,0.115,0.064,-5.630,-4.361,163.753,0.112,0.112,0.112,-31.875,5.125,22.375,-3.255,2.512,-32.911,0.045,0.988,0.143,-0.043,1,-51.818,28.987,-31.283,0.000,2,32.120251,-110.760857,68.339996,8.608,3017.716553,21,37,49,24,3,3,U_TURN_HDG,AP_HDG_SEL_IMU,11.816,-30.000,0.000,4,15,19,13,ROLL_LEFT
500,62.870502,0,-0.077,-0.013,-0.038,-5.639,-4.324,163.752,0.895,-0.560,-0.112,-31.875,5.125,22.375,-3.255,2.486,-32.937,0.044,0.988,0.143,-0.043,1,-52.668,29.020,-31.538,0.000,2,32.120251,-110.760849,67.860001,8.588,3017.716553,21,37,49,32,3,3,U_TURN_HDG,AP_HDG_SEL_IMU,11.816,-30.000,0.000,4,15,19,13,ROLL_LEFT
501,62.950516,0,-0.077,-0.038,-0.090,-5.626,-4.383,163.754,0.000,0.000,0.000,-31.875,5.125,22.375,-3.255,2.538,-32.885,0.045,0.988,0.143,-0.043,1,-52.577,29.038,-31.511,0.000,2,32.120255,-110.760849,67.379997,8.567,3017.388672,21,37,49,40,3,3,U_TURN_HDG,AP_HDG_SEL_IMU,11.816,-30.000,0.000,4,15,19,13,ROLL_LEFT
502,69.726830,0,-0.103,-0.167,-0.064,-5.626,-4.383,163.754,0.000,0.000,0.000,-31.875,5.125,22.375,-3.230,2.538,-32.911,0.045,0.988,0.143,-0.043,1,-52.743,29.027,-31.561,0.000,2,32.120316,-110.760674,67.489998,8.631,3017.388672,21,37,56,20,3,3,U_TURN_HDG,AP_HDG_SEL_IMU,11.816,-30.000,0.000,4,15,19,13,ROLL_LEFT
503,69.796501,0,0.038,0.090,-0.038,-5.619,-4.384,163.754,0.000,0.000,0.000,-31.875,5.125,22.375,-3.255,2.538,-32.937,0.045,0.988,0.143,-0.043,1,-50.947,28.987,-31.019,0.000,2,32.120316,-110.760674,67.720001,8.680,3017.388672,21,37,56,24,3,3,U_TURN_HDG,AP_HDG_SEL_IMU,11.816,-30.000,0.000,4,15,19,13,ROLL_LEFT
504,69.855659,0,-0.077,-0.038,0.090,-5.600,-4.401,163.754,0.000,0.000,0.000,-31.875,5.125,22.375,-3.255,2.538,-32.937,0.045,0.988,0.143,-0.043,1,-51.164,29.021,-31.085,0.000,2,32.120312,-110.760674,67.989998,8.718,3017.388672,21,37,56,28,3,3,U_TURN_HDG,AP_HDG_SEL_IMU,11.816,-30.000,0.000,4,15,19,13,ROLL_LEFT
505,69.913513,0,0.013,0.090,0.192,-5.600,-4.401,163.754,0.000,0.000,0.000,-31.875,5.125,22.375,-3.230,2.538,-32.911,0.045,0.988,0.143,-0.043,1,-52.969,29.044,-31.629,0.000,2,32.120312,-110.760666,68.529999,8.772,3017.388672,21,37,56,36,3,3,U_TURN_HDG,AP_HDG_SEL_IMU,11.816,-30.000,0.000,4,15,19,13,ROLL_LEFT
506,69.974983,0,0.167,0.090,-0.038,-5.600,-4.401,163.754,0.000,0.000,0.000,-31.875,5.125,22.375,-3.255,2.538,-32.937,0.045,0.988,0.143,-0.043,1,-52.056,28.981,-31.355,0.000,2,32.120312,-110.760666,68.730003,8.799,3017.388672,21,37,56,40,3,3,U_TURN_HDG,AP_HDG_SEL_IMU,11.816,-30.000,0.000,4,15,19,13,ROLL_LEFT
507,70.052505,0,0.038,-0.038,-0.038,-5.601,-4.408,163.754,0.000,0.000,0.000,-31.875,5.125,22.375,-3.255,2.538,-32.937,0.045,0.988,0.143,-0.043,1,-52.598,28.999,-31.518,0.000,2,32.120308,-110.760658,68.949997,8.839,3017.388672,21,37,56,48,3,3,U_TURN_HDG,AP_HDG_SEL_IMU,11.816,-30.000,0.000,4,15,19,13,ROLL_LEFT
508,70.111649,0,0.038,-0.038,-0.038,-5.601,-4.408,163.754,0.000,0.000,0.000,-31.875,5.125,22.375,-3.255,2.538,-32.937,0.045,0.988,0.143,-0.043,1,-52.115,29.021,-31.372,0.000,2,32.120308,-110.760658,69.080002,8.869,3017.388672,21,37,56,56,3,3,U_TURN_HDG,AP_HDG_SEL_IMU,11.816,-30.000,0.000,4,15,19,13,ROLL_LEFT
509,70.190506,0,0.064,0.243,0.218,-5.608,-4.407,163.755,0.000,0.000,0.000,-31.875,5.125,22.375,-3.281,2.512,-32.937,0.045,0.988,0.143,-0.043,1,-52.585,29.025,-31.514,0.000,2,32.120308,-110.760658,69.209999,8.895,3017.388672,21,37,56,64,3,3,U_TURN_HDG,AP_HDG_SEL_IMU,11.816,-30.000,0.000,4,15,19,13,ROLL_LEFT
510,70.273338,0,0.064,-0.013,-0.038,-5.614,-4.399,163.754,0.000,0.000,0.000,-31.875,5.125,22.375,-3.281,2.512,-32.937,0.045,0.988,0.143,-0.043,1,-52.665,29.024,-31.538,0.000,2,32.120308,-110.760651,69.379997,8.920,3017.388672,21,37,56,72,3,3,U_TURN_HDG,AP_HDG_SEL_IMU,11.816,-30.000,0.000,4,15,19,13,ROLL_LEFT
511,70.351349,0,-0.051,-0.013,0.090,-5.614,-4.398,163.747,0.000,0.000,0.000,-31.875,5.125,22.375,-3.281,2.512,-32.937,0.045,0.988,0.143,-0.043,1,-52.281,29.007,-31.423,0.000,2,32.120308,-110.760651,69.589996,8.942,3017.388672,21,37,56,80,3,3,U_TURN_HDG,AP_HDG_SEL_IMU,11.816,-30.000,0.000,4,15,19,13,ROLL_LEFT
512,70.427017,0,0.064,-0.013,-0.038,-5.620,-4.390,163.747,0.000,0.000,0.000,-31.875,5.125,22.375,-3.281,2.512,-32.937,0.045,0.988,0.143,-0.043,1,-52.590,29.015,-31.515,0.000,2,32.120308,-110.760643,69.720001,8.962,3017.388672,21,37,56,88,3,3,U_TURN_HDG,AP_HDG_SEL_IMU,11.816,-30.000,0.000,4,15,19,13,ROLL_LEFT
513,70.483093,0,-0.051,-0.013,-0.038,-5.627,-4.389,163.748,0.000,0.000,0.000,-31.875,5.125,22.375,-3.281,2.512,-32.937,0.045,0.988,0.143,-0.043,1,-52.286,28.996,-31.424,0.000,2,32.120308,-110.760643,69.750000,8.972,3017.388672,21,37,56,92,3,3,U_TURN_HDG,AP_HDG_SEL_IMU,11.816,-30.000,0.000,4,15,19,13,ROLL_LEFT
514,70.532501,0,0.064,-0.013,-0.038,-5.634,-4.388,163.748,0.000,0.000,0.000,-31.875,5.125,22.375,-3.281,2.512,-32.937,0.045,0.988,0.143,-0.043,1,-52.665,29.026,-31.538,0.000,2,32.120308,-110.760643,69.750000,8.981,3017.388672,21,37,56,96,3,3,U_TURN_HDG,AP_HDG_SEL_IMU,11.816,-30.000,0.000,4,15,19,13,ROLL_LEFT
515,70.591507,0,-0.051,-0.013,-0.038,-5.634,-4.388,163.748,0.000,0.000,0.000,-31.875,5.125,22.375,-3.281,2.512,-32.937,0.045,0.988,0.143,-0.043,1,-52.819,29.032,-31.584,0.000,2,32.120308,-110.760635,69.750000,8.998,3017.388672,21,37,57,4,3,3,U_TURN_HDG,AP_HDG_SEL_IMU,11.816,-30.000,0.000,4,15,19,13,ROLL_LEFT
516,70.643509,0,-0.051,-0.013,-0.038,-5.633,-4.382,163.747,0.000,0.000,0.000,-31.875,5.125,22.375,-3.255,2.486,-32.937,0.045,0.988,0.143,-0.043,1,-52.268,29.025,-31.419,0.000,2,32.120308,-110.760635,69.750000,9.006,3017.388672,21,37,57,8,3,3,U_TURN_HDG,AP_HDG_SEL_IMU,11.816,-30.000,0.000,4,15,19,13,ROLL_LEFT
517,70.713882,0,-0.051,-0.141,0.090,-5.632,-4.375,163.747,0.000,0.000,0.000,-31.875,5.125,22.375,-3.255,2.486,-32.937,0.045,0.988,0.143,-0.043,1,-52.741,29.030,-31.560,0.000,2,32.120312,-110.760635,68.949997,9.057,3017.388672,21,37,57,16,3,3,U_TURN_HDG,AP_HDG_SEL_IMU,11.816,-30.000,0.000,4,15,19,13,ROLL_LEFT
518,70.781876,0,0.038,-0.115,-0.038,-5.632,-4.375,163.747,0.000,0.000,0.000,-31.875,5.125,22.375,-3.255,2.486,-32.937,0.045,0.988,0.143,-0.043,1,-51.623,29.056,-31.224,0.000,2,32.120319,-110.760628,67.800003,9.107,3017.388672,21,37,57,24,3,3,U_TURN_HDG,AP_HDG_SEL_IMU,11.816,-30.000,0.000,4,15,19,13,ROLL_LEFT
519,70.863670,0,0.064,0.013,0.064,-5.631,-4.368,163.747,0.000,0.000,0.000,-31.875,5.125,22.375,-3.255,2.486,-32.937,0.045,0.988,0.143,-0.043,1,-52.115,29.018,-31.372,0.000,2,32.120323,-110.760628,66.599998,9.158,3017.388672,21,37,57,32,3,3,U_TURN_HDG,AP_HDG_SEL_IMU,11.816,-30.000,0.000,4,15,19,13,ROLL_LEFT
520,70.930511,0,-0.051,0.013,0.064,-5.638,-4.367,163.747,0.000,0.000,0.000,-31.875,5.125,22.375,-3.281,2.486,-32.911,0.045,0.988,0.143,-0.043,1,-52.334,29.050,-31.438,0.000,2,32.120323,-110.760628,66.000000,9.183,3017.388672,21,37,57,36,3,3,U_TURN_HDG,AP_HDG_SEL_IMU,11.816,-30.000,0.000,4,15,19,13,ROLL_LEFT
521,71.011505,0,-0.051,0.013,-0.064,-5.637,-4.360,163.746,0.000,0.000,0.000,-31.875,5.125,22.375,-3.281,2.486,-32.911,0.045,0.988,0.143,-0.043,1,-52.347,29.029,-31.442,0.000,2,32.120331,-110.760628,64.660004,9.231,3017.388672,21,37,57,44,3,3,U_TURN_HDG,AP_HDG_SEL_IMU,11.816,-30.000,0.000,4,15,19,13,ROLL_LEFT
522,71.073219,0,-0.051,-0.115,-0.064,-5.644,-4.359,163.747,0.000,0.000,0.000,-31.875,5.125,22.375,-3.281,2.486,-32.911,0.045,0.988,0.143,-0.043,1,-51.784,29.049,-31.273,0.000,2,32.120338,-110.760612,63.299999,9.283,3017.388672,21,37,57,52,3,3,U_TURN_HDG,AP_HDG_SEL_IMU,11.816,-30.000,0.000,4,15,19,13,ROLL_LEFT
523,71.133835,0,-0.051,0.013,0.064,-5.645,-4.366,163.747,-0.112,0.112,0.000,-31.875,5.125,22.375,-3.281,2.486,-32.911,0.045,0.988,0.143,-0.043,1,-52.735,29.035,-31.559,0.000,2,32.120338,-110.760612,62.630001,9.312,3017.388672,21,37,57,56,3,3,U_TURN_HDG,AP_HDG_SEL_IMU,11.816,-30.000,0.000,4,15,19,13,ROLL_LEFT
524,71.210526,0,-0.026,-0.090,0.064,-5.649,-4.344,163.746,0.671,-0.224,-0.112,-31.875,5.125,22.375,-3.281,2.486,-32.911,0.044,0.988,0.143,-0.043,1,-51.300,29.064,-31.126,0.000,2,32.120316,-110.760712,60.950001,8.368,3016.732422,21,37,57,68,4,3,U_TURN_HDG,AP_HDG_SEL_IMU,11.816,-30.000,0.000,4,15,19,13,ROLL_LEFT
525,71.303902,0,-0.026,-0.013,0.064,-5.650,-4.351,163.753,-0.224,0.000,0.000,-31.875,5.125,22.375,-3.306,2.486,-32.911,0.044,0.988,0.143,-0.043,1,-51.483,29.021,-31.182,0.000,2,32.120308,-110.760742,60.470001,8.080,3016.732422,21,37,57,72,4,3,U_TURN_HDG,AP_HDG_SEL_IMU,11.816,-30.000,0.000,4,15,19,13,ROLL_LEFT
526,71.364456,0,-0.026,0.013,-0.064,-5.663,-4.342,163.753,0.560,-0.112,0.112,-31.875,5.125,22.375,-3.306,2.486,-32.911,0.044,0.988,0.143,-0.044,1,-52.032,29.026,-31.348,0.000,2,32.120293,-110.760803,59.520000,7.539,3016.404297,21,37,57,80,4,3,U_TURN_HDG,AP_HDG_SEL_IMU,11.816,-30.000,0.000,4,15,19,13,ROLL_LEFT
527,71.425499,0,-0.026,-0.115,-0.064,-5.668,-4.327,163.753,0.112,-0.112,-0.112,-31.875,5.125,22.375,-3.306,2.486,-32.911,0.044,0.988,0.143,-0.044,1,-52.258,29.044,-31.416,0.000,2,32.120277,-110.760849,58.540001,7.045,3016.076172,21,37,57,88,4,3,U_TURN_HDG,AP_HDG_SEL_IMU,11.816,-30.000,0.000,4,15,19,13,ROLL_LEFT
528,71.499168,0,-0.026,-0.115,-0.064,-5.674,-4.319,163.746,0.560,-0.112,0.000,-31.875,5.125,22.375,-3.306,2.486,-32.911,0.044,0.988,0.143,-0.044,1,-52.217,29.118,-31.403,0.000,2,32.120262,-110.760887,58.470001,6.603,3015.419922,21,37,57,96,4,3,U_TURN_HDG,AP_HDG_SEL_IMU,11.816,-30.000,0.000,4,15,19,13,ROLL_LEFT
529,71.609901,0,-0.026,-0.090,0.064,-5.677,-4.340,163.747,0.112,-0.112,-0.112,-31.875,5.125,22.375,-3.306,2.461,-32.911,0.044,0.988,0.143,-0.044,1,-52.156,29.087,-31.385,0.000,2,32.120239,-110.760933,59.150002,6.014,3014.435791,21,37,58,8,4,3,U_TURN_HDG,AP_HDG_SEL_IMU,11.816,-30.000,0.000,4,15,19,13,ROLL_LEFT
530,71.700401,0,-0.026,0.038,0.064,-5.683,-4.332,163.747,0.560,-0.112,-0.112,-31.875,5.125,22.375,-3.306,2.461,-32.911,0.044,0.988,0.143,-0.044,1,-52.641,29.069,-31.530,0.000,2,32.120232,-110.760971,59.310001,5.713,3014.107666,21,37,58,16,4,3,U_TURN_HDG,AP_HDG_SEL_IMU,11.816,-30.000,0.000,4,15,19,13,ROLL_LEFT
531,71.820190,0,-0.026,-0.064,0.064,-5.688,-4.317,163.739,0.336,-0.112,0.000,-31.875,5.125,22.375,-3.306,2.461,-32.911,0.044,0.988,0.143,-0.044,1,-52.638,29.070,-31.530,0.000,2,32.120216,-110.761002,59.740002,5.340,3013.123535,21,37,58,28,3,3,U_TURN_HDG,AP_HDG_SEL_IMU,11.816,-30.000,0.000,4,15,19,13,ROLL_LEFT
532,71.870415,0,0.064,-0.090,-0.064,-5.698,-4.287,163.730,0.336,0.112,0.112,-31.875,5.125,22.375,-3.281,2.461,-32.911,0.044,0.988,0.143,-0.044,1,-52.387,29.097,-31.454,0.000,2,32.120213,-110.761009,59.910000,5.227,3012.795410,21,37,58,32,3,3,U_TURN_HDG,AP_HDG_SEL_IMU,11.816,-30.000,0.000,4,15,19,13,ROLL_LEFT
533,71.926338,0,0.064,-0.115,-0.064,-5.697,-4.280,163.731,-0.336,0.000,0.112,-31.875,5.125,22.375,-3.281,2.486,-32.911,0.044,0.988,0.143,-0.044,1,-51.546,29.048,-31.201,0.000,2,32.120205,-110.761032,60.410000,5.001,3012.467285,21,37,58,40,3,3,U_TURN_HDG,AP_HDG_SEL_IMU,11.816,-30.000,0.000,4,15,19,13,ROLL_LEFT
534,72.005112,0,0.064,0.038,-0.064,-5.693,-4.302,163.739,0.224,0.000,0.000,-31.875,5.125,22.375,-3.281,2.461,-32.911,0.044,0.988,0.143,-0.044,1,-51.927,29.073,-31.316,0.000,2,32.120193,-110.761047,61.490002,4.765,3012.139160,21,37,58,48,3,3,U_TURN_HDG,AP_HDG_SEL_IMU,11.816,-30.000,0.000,4,15,19,13,ROLL_LEFT
535,72.088745,0,-0.051,0.038,-0.064,-5.698,-4.287,163.738,0.224,0.112,0.112,-31.875,5.125,22.375,-3.281,2.461,-32.911,0.044,0.988,0.143,-0.044,1,-52.307,29.097,-31.430,0.000,2,32.120186,-110.761070,62.349998,4.503,3011.483154,21,37,58,56,3,3,U_TURN_HDG,AP_HDG_SEL_IMU,11.816,-30.000,0.000,4,15,19,13,ROLL_LEFT
536,72.142296,0,0.038,0.013,-0.038,-5.690,-4.281,163.738,0.000,-0.112,0.000,-31.875,5.125,22.375,-3.281,2.461,-32.911,0.044,0.988,0.143,-0.044,1,-52.172,29.055,-31.390,0.000,2,32.120178,-110.761086,62.389999,4.363,3011.483154,21,37,58,60,3,3,U_TURN_HDG,AP_HDG_SEL_IMU,11.816,-30.000,0.000,4,15,19,13,ROLL_LEFT
537,72.205910,0,-0.077,-0.090,-0.038,-5.684,-4.289,163.738,0.224,-0.112,0.112,-31.875,5.125,22.375,-3.255,2.461,-32.937,0.044,0.988,0.143,-0.044,1,-51.857,29.054,-31.295,0.000,2,32.120171,-110.761124,62.189999,4.096,3011.155029,21,37,58,68,3,3,U_TURN_HDG,AP_HDG_SEL_IMU,11.816,-30.000,0.000,4,15,19,13,ROLL_LEFT
538,72.284142,0,-0.051,-0.090,-0.013,-5.683,-4.282,163.737,0.336,-0.112,0.112,-31.875,5.125,22.375,-3.255,2.461,-32.962,0.044,0.988,0.143,-0.044,1,-52.419,29.043,-31.464,0.000,2,32.120163,-110.761147,62.090000,3.825,3010.826904,21,37,58,76,3,3,U_TURN_HDG,AP_HDG_SEL_IMU,11.816,-30.000,0.000,4,15,19,13,ROLL_LEFT
539,72.371216,0,0.090,-0.090,-0.038,-5.677,-4.290,163.744,1.455,-0.224,-0.112,-31.875,5.125,22.375,-3.281,2.486,-32.962,0.044,0.988,0.143,-0.044,1,-52.807,29.051,-31.580,0.000,2,32.120155,-110.761169,61.639999,3.531,3010.498779,21,37,58,84,3,3,U_TURN_HDG,AP_HDG_SEL_IMU,11.816,-30.000,0.000,4,15,19,13,ROLL_LEFT
540,72.432648,0,0.064,-0.090,0.090,-5.675,-4.276,163.737,1.007,-0.224,0.000,-31.875,5.125,22.375,-3.281,2.461,-32.937,0.044,0.988,0.143,-0.044,1,-51.765,29.079,-31.267,0.000,2,32.120148,-110.761185,61.950001,3.350,3010.170654,21,37,58,88,3,3,U_TURN_HDG,AP_HDG_SEL_IMU,11.816,-30.000,0.000,4,15,19,13,ROLL_LEFT
541,72.492058,0,-0.051,0.013,0.090,-5.674,-4.269,163.736,-0.560,0.000,0.112,-31.875,5.125,22.375,-3.281,2.486,-32.937,0.044,0.988,0.143,-0.044,1,-52.000,29.083,-31.338,0.000,2,32.120136,-110.761215,63.830002,3.004,3009.842773,21,37,58,96,3,3,U_TURN_HDG,AP_HDG_SEL_IMU,11.816,-30.000,0.000,4,15,19,13,ROLL_LEFT
542,72.571945,0,0.064,0.013,-0.038,-5.683,-4.232,163.728,0.336,-0.112,-0.224,-31.875,5.125,22.375,-3.281,2.461,-32.937,0.044,0.988,0.143,-0.044,1,-52.073,29.094,-31.360,0.000,2,32.120125,-110.761238,66.660004,2.687,3009.514404,21,37,59,4,3,3,U_TURN_HDG,AP_HDG_SEL_IMU,11.816,-30.000,0.000,4,15,19,13,ROLL_LEFT
543,72.649094,0,0.064,0.038,-0.038,-5.680,-4.261,163.736,0.671,-0.112,0.112,-31.875,5.125,22.375,-3.281,2.486,-32.937,0.044,0.988,0.143,-0.044,1,-51.866,29.043,-31.297,0.000,2,32.120117,-110.761253,69.610001,2.419,3009.186523,21,37,59,12,3,3,U_TURN_HDG,AP_HDG_SEL_IMU,11.816,-30.000,0.000,4,15,19,13,ROLL_LEFT
544,72.698463,0,0.064,0.141,-0.038,-5.685,-4.246,163.736,-0.560,0.112,0.000,-31.875,5.125,22.375,-3.281,2.486,-32.937,0.044,0.988,0.143,-0.044,1,-52.242,29.076,-31.411,0.000,2,32.120113,-110.761261,70.650002,2.302,3008.858398,21,37,59,16,3,3,U_TURN_HDG,AP_HDG_SEL_IMU,11.816,-30.000,0.000,4,15,19,13,ROLL_LEFT
545,72.768021,0,-0.051,0.038,0.090,-5.679,-4.254,163.736,0.448,-0.224,-0.112,-31.875,5.125,22.375,-3.281,2.461,-32.937,0.044,0.988,0.143,-0.044,1,-52.151,29.094,-31.383,0.000,2,32.120110,-110.761292,72.540001,2.081,3008.530273,21,37,59,24,3,3,U_TURN_HDG,AP_HDG_SEL_IMU,11.816,-30.000,0.000,4,15,19,13,ROLL_LEFT
546,72.882515,0,-0.051,-0.090,-0.038,-5.680,-4.262,163.743,0.336,-0.224,0.112,-31.875,5.125,22.375,-3.281,2.461,-32.937,0.044,0.988,0.143,-0.044,1,-51.779,29.056,-31.271,0.000,2,32.120098,-110.761307,0.000000,1.794,3007.874023,21,37,59,36,3,3,U_TURN_HDG,AP_HDG_SEL_IMU,11.816,-30.000,0.000,4,15,19,13,ROLL_LEFT
547,72.968025,0,-0.051,-0.090,-0.154,-5.686,-4.253,163.736,0.000,-0.112,-0.112,-31.875,5.125,22.375,-3.281,2.461,-32.937,0.044,0.988,0.143,-0.044,1,-52.253,29.054,-31.414,0.000,2,32.120090,-110.761322,0.000000,1.625,3007.546143,21,37,59,44,3,3,U_TURN_HDG,AP_HDG_SEL_IMU,11.816,-30.000,0.000,4,15,19,13,ROLL_LEFT
548,73.018509,0,0.064,-0.090,-0.038,-5.680,-4.261,163.729,0.112,0.000,0.112,-31.875,5.125,22.375,-3.281,2.461,-32.937,0.044,0.988,0.143,-0.044,1,-51.522,29.089,-31.194,0.000,2,32.120087,-110.761330,0.000000,1.516,3007.546143,21,37,59,48,3,3,U_TURN_HDG,AP_HDG_SEL_IMU,11.816,-30.000,0.000,4,15,19,13,ROLL_LEFT
549,73.121124,0,0.064,0.038,-0.038,-5.680,-4.261,163.729,-0.560,0.000,0.224,-31.875,5.125,22.375,-3.281,2.461,-32.937,0.044,0.988,0.143,-0.044,1,-51.377,29.066,-31.149,0.000,2,32.120083,-110.761345,0.000000,1.305,3007.217773,21,37,59,56,3,3,U_TURN_HDG,AP_HDG_SEL_IMU,11.816,-30.000,0.000,4,15,19,13,ROLL_LEFT
550,73.173012,0,0.064,0.038,-0.038,-5.673,-4.262,163.729,-1.343,0.336,0.112,-31.875,5.125,22.375,-3.281,2.461,-32.937,0.044,0.988,0.143,-0.044,1,-51.925,29.077,-31.315,0.000,2,32.120083,-110.761353,0.000000,1.262,3006.889893,21,37,59,64,3,3,U_TURN_HDG,AP_HDG_SEL_IMU,11.816,-30.000,0.000,4,15,19,13,ROLL_LEFT
551,73.330620,0,-0.051,-0.090,-0.038,-5.663,-4.292,163.737,2.350,-0.560,-0.224,-31.875,5.125,22.375,-3.281,2.461,-32.937,0.044,0.988,0.143,-0.044,1,-51.689,29.078,-31.244,0.000,2,32.120079,-110.761368,0.000000,1.188,3006.233643,21,37,59,80,3,3,U_TURN_HDG,AP_HDG_SEL_IMU,11.816,-30.000,0.000,4,15,19,13,ROLL_LEFT
552,73.411453,0,-0.051,-0.090,-0.038,-5.668,-4.277,163.737,-0.224,0.112,0.112,-31.875,5.125,22.375,-3.281,2.461,-32.937,0.044,0.988,0.143,-0.044,1,-51.469,29.040,-31.178,0.000,2,32.120079,-110.761375,0.000000,1.165,3005.905762,21,37,59,88,3,3,U_TURN_HDG,AP_HDG_SEL_IMU,11.816,-30.000,0.000,4,15,19,13,ROLL_LEFT
553,73.491516,0,0.064,0.013,0.090,-5.667,-4.270,163.736,0.112,-0.112,0.000,-31.875,5.125,22.375,-3.281,2.486,-32.937,0.044,0.988,0.143,-0.044,1,-51.707,29.041,-31.249,0.000,2,32.120079,-110.761375,0.000000,1.149,3005.905762,21,37,59,96,3,3,U_TURN_HDG,AP_HDG_SEL_IMU,11.816,-30.000,0.000,4,15,19,13,ROLL_LEFT
554,73.547028,0,-0.051,0.141,-0.038,-5.669,-4.284,163.737,-0.336,0.000,0.000,-31.875,5.125,22.375,-3.281,2.486,-32.937,0.044,0.988,0.143,-0.044,1,-52.073,29.095,-31.360,0.000,2,32.120079,-110.761375,0.000000,1.151,3005.577393,21,38,0,0,3,3,U_TURN_HDG,AP_HDG_SEL_IMU,11.816,-30.000,0.000,4,15,19,13,ROLL_LEFT
555,73.610329,0,-0.051,-0.115,-0.038,-5.673,-4.262,163.729,-0.336,0.000,-0.112,-31.875,5.125,22.375,-3.281,2.486,-32.937,0.044,0.988,0.143,-0.044,1,-51.935,29.057,-31.318,0.000,2,32.120075,-110.761383,0.000000,1.160,3005.577393,21,38,0,8,3,3,U_TURN_HDG,AP_HDG_SEL_IMU,11.816,-30.000,0.000,4,15,19,13,ROLL_LEFT
556,73.683556,0,-0.051,-0.013,-0.038,-5.670,-4.291,163.737,1.119,-0.224,-0.112,-31.875,5.125,22.375,-3.281,2.512,-32.937,0.044,0.988,0.143,-0.044,1,-52.250,29.062,-31.413,0.000,2,32.120075,-110.761383,0.000000,1.160,3005.249512,21,38,0,16,3,3,U_TURN_HDG,AP_HDG_SEL_IMU,11.816,-30.000,0.000,4,15,19,13,ROLL_LEFT
557,73.766403,0,-0.051,0.013,0.064,-5.675,-4.276,163.730,-0.783,0.224,0.112,-31.875,5.125,22.375,-3.281,2.486,-32.911,0.044,0.988,0.143,-0.044,1,-51.707,29.043,-31.249,0.000,2,32.120071,-110.761383,0.000000,1.146,3005.249512,21,38,0,24,3,3,U_TURN_HDG,AP_HDG_SEL_IMU,11.816,-30.000,0.000,4,15,19,13,ROLL_LEFT
558,73.821205,0,-0.051,0.013,-0.064,-5.677,-4.290,163.731,0.000,0.000,-0.112,-31.875,5.125,22.375,-3.281,2.486,-32.911,0.044,0.988,0.143,-0.044,1,-52.480,29.069,-31.482,0.000,2,32.120071,-110.761391,0.000000,1.136,3005.249512,21,38,0,28,3,3,U_TURN_HDG,AP_HDG_SEL_IMU,11.816,-30.000,0.000,4,15,19,13,ROLL_LEFT
559,73.931564,0,-0.051,0.013,0.090,-5.676,-4.283,163.730,-0.224,0.000,0.000,-31.875,5.125,22.375,-3.281,2.486,-32.937,0.044,0.988,0.143,-0.044,1,-52.875,29.072,-31.600,0.000,2,32.120068,-110.761391,0.000000,1.109,3004.921387,21,38,0,40,3,3,U_TURN_HDG,AP_HDG_SEL_IMU,11.816,-30.000,0.000,4,15,19,13,ROLL_LEFT
560,74.003174,0,-0.051,0.013,-0.038,-5.669,-4.284,163.730,-0.112,0.000,0.000,-31.875,5.125,22.375,-3.281,2.512,-32.911,0.044,0.988,0.143,-0.044,1,-51.612,29.069,-31.221,0.000,2,32.120071,-110.761383,0.000000,1.224,3004.593262,21,38,0,48,4,3,U_TURN_HDG,AP_HDG_SEL_IMU,11.816,-30.000,0.000,4,15,19,13,ROLL_LEFT
561,74.081917,0,0.090,0.013,-0.038,-5.675,-4.276,163.737,-0.112,0.000,0.112,-31.875,5.125,22.375,-3.306,2.486,-32.937,0.044,0.988,0.143,-0.044,1,-52.463,29.103,-31.477,0.000,2,32.120087,-110.761353,0.000000,1.612,3003.609131,21,38,0,56,4,3,U_TURN_HDG,AP_HDG_SEL_IMU,11.816,-30.000,0.000,4,15,19,13,ROLL_LEFT
562,74.163193,0,0.090,0.013,-0.038,-5.677,-4.290,163.738,0.224,-0.112,-0.112,-31.875,5.125,22.375,-3.306,2.486,-32.937,0.044,0.988,0.143,-0.044,1,-51.612,29.076,-31.221,0.000,2,32.120098,-110.761322,67.330002,1.987,3002.624756,21,38,0,64,4,3,U_TURN_HDG,AP_HDG_SEL_IMU,11.816,-30.000,0.000,4,15,19,13,ROLL_LEFT
563,74.285919,0,0.064,0.013,-0.064,-5.685,-4.296,163.731,-0.336,0.112,0.000,-31.875,5.125,22.375,-3.281,2.486,-32.911,0.044,0.988,0.143,-0.044,1,-51.826,29.114,-31.285,0.000,2,32.120121,-110.761269,61.459999,2.565,3001.312500,21,38,0,76,4,3,U_TURN_HDG,AP_HDG_SEL_IMU,11.816,-30.000,0.000,4,15,19,13,ROLL_LEFT
564,74.370949,0,-0.051,0.038,-0.064,-5.683,-4.282,163.730,0.560,-0.112,0.112,-31.875,5.125,22.375,-3.281,2.486,-32.937,0.044,0.988,0.143,-0.044,1,-51.467,29.051,-31.177,0.000,2,32.120129,-110.761238,61.400002,2.893,3000.328125,21,38,0,84,4,3,U_TURN_HDG,AP_HDG_SEL_IMU,11.816,-30.000,0.000,4,15,19,13,ROLL_LEFT
565,74.452065,0,0.064,-0.115,0.064,-5.678,-4.297,163.731,0.448,-0.112,0.000,-31.875,5.125,22.375,-3.281,2.486,-32.911,0.044,0.988,0.143,-0.044,1,-52.180,29.043,-31.392,0.000,2,32.120136,-110.761208,62.450001,3.227,2999.671875,21,38,0,92,4,3,U_TURN_HDG,AP_HDG_SEL_IMU,11.816,-30.000,0.000,4,15,19,13,ROLL_LEFT
566,74.522377,0,-0.051,0.013,-0.064,-5.678,-4.297,163.731,0.336,0.000,0.112,-31.875,5.125,22.375,-3.281,2.486,-32.911,0.044,0.988,0.143,-0.044,1,-52.217,29.117,-31.403,0.000,2,32.120140,-110.761192,63.619999,3.381,2999.015869,21,38,1,0,3,3,U_TURN_HDG,AP_HDG_SEL_IMU,11.816,-30.000,0.000,4,15,19,13,ROLL_LEFT
567,74.610985,0,-0.051,-0.090,-0.038,-5.682,-4.275,163.730,-0.224,0.000,0.224,-31.875,5.125,22.375,-3.281,2.461,-32.937,0.044,0.988,0.143,-0.044,1,-52.240,29.079,-31.410,0.000,2,32.120140,-110.761192,65.459999,3.401,2998.687744,21,38,1,8,3,3,U_TURN_HDG,AP_HDG_SEL_IMU,11.816,-30.000,0.000,4,15,19,13,ROLL_LEFT
568,74.690079,0,-0.026,0.013,-0.064,-5.689,-4.274,163.737,0.000,0.000,0.000,-31.875,5.125,22.375,-3.306,2.486,-32.911,0.044,0.988,0.143,-0.044,1,-51.774,29.064,-31.270,0.000,2,32.120136,-110.761192,67.419998,3.426,2998.359863,21,38,1,16,3,3,U_TURN_HDG,AP_HDG_SEL_IMU,11.816,-30.000,0.000,4,15,19,13,ROLL_LEFT
569,74.804214,0,-0.026,0.013,-0.064,-5.690,-4.281,163.738,0.000,0.000,0.000,-31.875,5.125,22.375,-3.306,2.486,-32.911,0.044,0.988,0.143,-0.044,1,-51.927,29.070,-31.316,0.000,2,32.120132,-110.761185,70.040001,3.470,2998.031494,21,38,1,28,3,3,U_TURN_HDG,AP_HDG_SEL_IMU,11.816,-30.000,0.000,4,15,19,13,ROLL_LEFT
570,74.887100,0,0.090,0.013,-0.064,-5.690,-4.281,163.738,0.000,0.000,0.000,-31.875,5.125,22.375,-3.255,2.486,-32.937,0.044,0.988,0.143,-0.044,1,-52.097,29.052,-31.367,0.000,2,32.120132,-110.761185,71.029999,3.502,2997.703613,21,38,1,36,3,3,U_TURN_HDG,AP_HDG_SEL_IMU,11.816,-30.000,0.000,4,15,19,13,ROLL_LEFT
571,74.969429,0,-0.077,0.013,-0.038,-5.684,-4.289,163.738,0.000,0.000,0.000,-31.875,5.125,22.375,-3.255,2.486,-32.937,0.044,0.988,0.143,-0.044,1,-51.982,29.111,-31.333,0.000,2,32.120132,-110.761185,71.440002,3.521,2997.703613,21,38,1,40,3,3,U_TURN_HDG,AP_HDG_SEL_IMU,11.816,-30.000,0.000,4,15,19,13,ROLL_LEFT
572,75.029427,0,-0.077,0.013,0.090,-5.677,-4.290,163.738,0.000,0.000,0.000,-31.875,5.125,22.375,-3.255,2.486,-32.937,0.044,0.988,0.143,-0.044,1,-52.318,29.081,-31.434,0.000,2,32.120129,-110.761185,72.190002,3.558,2997.375244,21,38,1,48,3,3,U_TURN_HDG,AP_HDG_SEL_IMU,11.816,-30.000,0.000,4,15,19,13,ROLL_LEFT
573,75.090454,0,0.038,-0.115,-0.038,-5.677,-4.290,163.738,0.000,0.000,0.000,-31.875,5.125,22.375,-3.255,2.486,-32.937,0.044,0.988,0.143,-0.044,1,-52.297,29.119,-31.427,0.000,2,32.120129,-110.761177,73.169998,3.610,2997.047363,21,38,1,56,3,3,U_TURN_HDG,AP_HDG_SEL_IMU,11.816,-30.000,0.000,4,15,19,13,ROLL_LEFT
574,75.145447,0,-0.077,-0.115,-0.038,-5.670,-4.291,163.737,0.000,0.000,0.000,-31.875,5.125,22.375,-3.255,2.486,-32.937,0.044,0.988,0.143,-0.044,1,-51.749,29.109,-31.262,0.000,2,32.120129,-110.761177,73.629997,3.659,2997.047363,21,38,1,60,3,3,U_TURN_HDG,AP_HDG_SEL_IMU,11.816,-30.000,0.000,4,15,19,13,ROLL_LEFT
575,75.220940,0,-0.077,0.013,-0.038,-5.671,-4.298,163.738,0.000,0.000,0.000,-31.875,5.125,22.375,-3.255,2.486,-32.937,0.044,0.988,0.143,-0.044,1,-52.000,29.081,-31.338,0.000,2,32.120129,-110.761177,74.129997,3.725,2996.719238,21,38,1,68,3,3,U_TURN_HDG,AP_HDG_SEL_IMU,11.816,-30.000,0.000,4,15,19,13,ROLL_LEFT
576,75.295372,0,0.038,0.013,0.090,-5.664,-4.299,163.738,0.000,0.000,0.000,-31.875,5.125,22.375,-3.281,2.461,-32.937,0.044,0.988,0.143,-0.044,1,-51.919,29.087,-31.313,0.000,2,32.120129,-110.761177,73.610001,3.750,2996.391113,21,38,1,76,3,3,U_TURN_HDG,AP_HDG_SEL_IMU,11.816,-30.000,0.000,4,15,19,13,ROLL_LEFT
577,75.345581,0,-0.051,0.038,-0.038,-5.664,-4.299,163.738,0.000,0.000,0.000,-31.875,5.125,22.375,-3.306,2.461,-32.937,0.044,0.988,0.143,-0.044,1,-51.186,29.125,-31.092,0.000,2,32.120129,-110.761177,73.239998,3.762,2996.391113,21,38,1,80,3,3,U_TURN_HDG,AP_HDG_SEL_IMU,11.816,-30.000,0.000,4,15,19,13,ROLL_LEFT
578,75.413940,0,-0.026,-0.090,-0.038,-5.664,-4.299,163.738,0.000,0.000,0.000,-31.875,5.125,22.375,-3.281,2.461,-32.937,0.044,0.988,0.143,-0.044,1,-51.749,29.105,-31.262,0.000,2,32.120129,-110.761177,72.459999,3.786,2996.063232,21,38,1,88,3,3,U_TURN_HDG,AP_HDG_SEL_IMU,11.816,-30.000,0.000,4,15,19,13,ROLL_LEFT
579,75.491005,0,-0.051,0.038,0.090,-5.670,-4.291,163.737,0.000,0.000,0.000,-31.875,5.125,22.375,-3.281,2.461,-32.937,0.044,0.988,0.143,-0.044,1,-52.154,29.091,-31.384,0.000,2,32.120129,-110.761177,71.680000,3.806,2995.734863,21,38,1,96,3,3,U_TURN_HDG,AP_HDG_SEL_IMU,11.816,-30.000,0.000,4,15,19,13,ROLL_LEFT
580,75.608177,0,0.064,0.167,0.090,-5.670,-4.291,163.737,0.000,0.000,0.000,-31.875,5.125,22.375,-3.281,2.461,-32.937,0.044,0.988,0.143,-0.044,1,-52.170,29.061,-31.389,0.000,2,32.120125,-110.761185,70.529999,3.836,2995.406982,21,38,2,8,3,3,U_TURN_HDG,AP_HDG_SEL_IMU,11.816,-30.000,0.000,4,15,19,13,ROLL_LEFT
581,75.690186,0,-0.026,-0.115,0.064,-5.670,-4.291,163.737,0.000,0.000,0.000,-31.875,5.125,22.375,-3.306,2.486,-32.911,0.044,0.988,0.143,-0.044,1,-51.356,29.107,-31.143,0.000,2,32.120125,-110.761185,69.750000,3.865,2995.406982,21,38,2,16,3,3,U_TURN_HDG,AP_HDG_SEL_IMU,11.816,-30.000,0.000,4,15,19,13,ROLL_LEFT
582,75.769318,0,0.064,-0.090,-0.064,-5.670,-4.291,163.737,0.000,0.000,0.000,-31.875,5.125,22.375,-3.281,2.461,-32.937,0.044,0.988,0.143,-0.044,1,-52.068,29.107,-31.358,0.000,2,32.120125,-110.761185,69.070000,3.858,2995.078857,21,38,2,24,3,3,U_TURN_HDG,AP_HDG_SEL_IMU,11.816,-30.000,0.000,4,15,19,13,ROLL_LEFT
583,75.837860,0,0.064,0.167,0.090,-5.670,-4.291,163.737,0.000,0.000,0.000,-31.875,5.125,22.375,-3.281,2.461,-32.937,0.044,0.988,0.143,-0.044,1,-51.917,29.089,-31.313,0.000,2,32.120125,-110.761185,68.800003,3.836,2995.078857,21,38,2,28,3,3,U_TURN_HDG,AP_HDG_SEL_IMU,11.816,-30.000,0.000,4,15,19,13,ROLL_LEFT
584,75.888214,0,-0.077,-0.115,0.064,-5.670,-4.291,163.737,0.000,0.000,0.000,-31.875,5.125,22.375,-3.255,2.486,-32.911,0.044,0.988,0.143,-0.044,1,-52.380,29.112,-31.452,0.000,2,32.120125,-110.761192,68.080002,3.791,2994.750732,21,38,2,36,3,3,U_TURN_HDG,AP_HDG_SEL_IMU,11.816,-30.000,0.000,4,15,19,13,ROLL_LEFT
585,75.959213,0,-0.051,-0.141,0.064,-5.670,-4.291,163.737,0.000,0.000,0.000,-31.875,5.125,22.375,-3.255,2.486,-32.911,0.044,0.988,0.143,-0.044,1,-51.905,29.108,-31.309,0.000,2,32.120125,-110.761192,67.669998,3.769,2994.422607,21,38,2,40,3,3,U_TURN_HDG,AP_HDG_SEL_IMU,11.816,-30.000,0.000,4,15,19,13,ROLL_LEFT
586,76.027924,0,-0.051,-0.013,-0.064,-5.670,-4.291,163.737,0.000,0.000,0.000,-31.875,5.125,22.375,-3.281,2.512,-32.911,0.044,0.988,0.143,-0.044,1,-51.919,29.088,-31.313,0.000,2,32.120125,-110.761192,67.239998,3.747,2994.422607,21,38,2,44,3,3,U_TURN_HDG,AP_HDG_SEL_IMU,11.816,-30.000,0.000,4,15,19,13,ROLL_LEFT
587,76.107544,0,0.064,0.115,-0.064,-5.671,-4.298,163.738,0.000,0.000,0.000,-31.875,5.125,22.375,-3.281,2.512,-32.911,0.044,0.988,0.143,-0.044,1,-52.515,29.153,-31.493,0.000,2,32.120125,-110.761200,66.400002,3.705,2994.094482,21,38,2,52,3,3,U_TURN_HDG,AP_HDG_SEL_IMU,11.816,-30.000,0.000,4,15,19,13,ROLL_LEFT
588,76.187675,0,0.064,-0.013,-0.064,-5.665,-4.306,163.738,0.000,0.000,0.000,-31.875,5.125,22.375,-3.281,2.512,-32.911,0.044,0.988,0.143,-0.044,1,-51.917,29.093,-31.313,0.000,2,32.120121,-110.761200,66.220001,3.657,2994.094482,21,38,2,60,3,3,U_TURN_HDG,AP_HDG_SEL_IMU,11.816,-30.000,0.000,4,15,19,13,ROLL_LEFT
589,76.255165,0,-0.077,-0.115,-0.064,-5.666,-4.313,163.738,0.000,0.000,0.000,-31.875,5.125,22.375,-3.255,2.486,-32.911,0.044,0.988,0.143,-0.044,1,-52.143,29.105,-31.381,0.000,2,32.120117,-110.761208,66.419998,3.588,2993.766602,21,38,2,72,3,3,U_TURN_HDG,AP_HDG_SEL_IMU,11.816,-30.000,0.000,4,15,19,13,ROLL_LEFT
590,76.328201,0,-0.077,-0.115,-0.179,-5.666,-4.313,163.738,0.000,0.000,0.000,-31.875,5.125,22.375,-3.255,2.486,-32.911,0.044,0.988,0.143,-0.044,1,-52.380,29.114,-31.452,0.000,2,32.120117,-110.761215,66.559998,3.541,2993.438477,21,38,2,80,3,3,U_TURN_HDG,AP_HDG_SEL_IMU,11.816,-30.000,0.000,4,15,19,13,ROLL_LEFT
591,76.410027,0,-0.077,0.013,-0.064,-5.666,-4.313,163.738,0.000,0.000,0.000,-31.875,5.125,22.375,-3.255,2.486,-32.911,0.044,0.988,0.143,-0.044,1,-52.146,29.102,-31.382,0.000,2,32.120113,-110.761215,66.680000,3.495,2993.438477,21,38,2,88,3,3,U_TURN_HDG,AP_HDG_SEL_IMU,11.816,-30.000,0.000,4,15,19,13,ROLL_LEFT
592,76.489777,0,-0.077,0.141,0.064,-5.659,-4.314,163.738,0.000,0.000,0.000,-31.875,5.125,22.375,-3.255,2.486,-32.911,0.044,0.988,0.143,-0.044,1,-52.231,29.092,-31.407,0.000,2,32.120113,-110.761223,66.820000,3.450,2993.110352,21,38,2,96,3,3,U_TURN_HDG,AP_HDG_SEL_IMU,11.816,-30.000,0.000,4,15,19,13,ROLL_LEFT
593,76.568794,0,0.038,0.013,-0.064,-5.659,-4.314,163.738,0.000,0.000,0.000,-31.875,5.125,22.375,-3.255,2.486,-32.911,0.044,0.988,0.143,-0.044,1,-52.000,29.084,-31.338,0.000,2,32.120113,-110.761223,67.019997,3.409,2993.110352,21,38,3,4,3,3,U_TURN_HDG,AP_HDG_SEL_IMU,11.816,-30.000,0.000,4,15,19,13,ROLL_LEFT
594,76.649101,0,-0.179,-0.013,0.064,-5.659,-4.314,163.738,0.000,0.000,0.000,-31.875,5.125,22.375,-3.281,2.512,-32.911,0.044,0.988,0.143,-0.044,1,-51.744,29.115,-31.261,0.000,2,32.120110,-110.761230,66.870003,3.371,2992.782227,21,38,3,12,3,3,U_TURN_HDG,AP_HDG_SEL_IMU,11.816,-30.000,0.000,4,15,19,13,ROLL_LEFT
595,76.726776,0,0.064,-0.141,0.064,-5.660,-4.321,163.738,0.000,0.000,0.000,-31.875,5.125,22.375,-3.281,2.512,-32.911,0.044,0.988,0.143,-0.044,1,-51.977,29.127,-31.331,0.000,2,32.120110,-110.761230,66.540001,3.330,2992.782227,21,38,3,20,3,3,U_TURN_HDG,AP_HDG_SEL_IMU,11.816,-30.000,0.000,4,15,19,13,ROLL_LEFT
596,76.806664,0,-0.077,-0.013,0.038,-5.661,-4.328,163.739,0.000,0.000,0.000,-31.875,5.125,22.375,-3.281,2.512,-32.911,0.044,0.988,0.143,-0.044,1,-52.226,29.103,-31.406,0.000,2,32.120110,-110.761230,66.169998,3.291,2992.454102,21,38,3,28,3,3,U_TURN_HDG,AP_HDG_SEL_IMU,11.816,-30.000,0.000,4,15,19,13,ROLL_LEFT
597,76.887993,0,0.038,-0.013,-0.090,-5.661,-4.328,163.739,0.000,0.000,0.000,-31.875,5.125,22.375,-3.255,2.512,-32.885,0.044,0.988,0.143,-0.044,1,-51.990,29.101,-31.335,0.000,2,32.120110,-110.761238,65.790001,3.261,2992.454102,21,38,3,36,3,3,U_TURN_HDG,AP_HDG_SEL_IMU,11.816,-30.000,0.000,4,15,19,13,ROLL_LEFT
598,76.983978,0,0.167,0.269,0.064,-5.661,-4.328,163.739,0.000,0.000,0.000,-31.875,5.125,22.375,-3.255,2.486,-32.911,0.044,0.988,0.143,-0.044,1,-52.151,29.094,-31.383,0.000,2,32.120106,-110.761238,65.650002,3.298,2992.125977,21,38,3,44,3,3,U_TURN_HDG,AP_HDG_SEL_IMU,11.816,-30.000,0.000,4,15,19,13,ROLL_LEFT
599,77.091660,0,0.038,-0.231,-0.179,-5.654,-4.329,163.739,0.000,0.000,0.000,-31.875,5.125,22.375,-3.255,2.486,-32.911,0.044,0.988,0.143,-0.043,1,-52.061,29.111,-31.356,0.000,2,32.120106,-110.761230,66.459999,3.381,2991.798096,21,38,3,56,3,3,U_TURN_HDG,AP_HDG_SEL_IMU,11.816,-30.000,0.000,4,15,19,13,ROLL_LEFT
600,77.167992,0,-0.077,-0.115,0.064,-5.654,-4.329,163.739,0.000,0.000,0.000,-31.875,5.125,22.375,-3.255,2.486,-32.911,0.044,0.988,0.143,-0.043,1,-52.138,29.120,-31.380,0.000,2,32.120106,-110.761230,67.129997,3.435,2991.469971,21,38,3,64,3,3,U_TURN_HDG,AP_HDG_SEL_IMU,11.816,-30.000,0.000,4,15,19,13,ROLL_LEFT
601,77.283295,0,0.167,0.013,0.064,-5.654,-4.329,163.739,0.000,0.000,0.000,-31.875,5.125,22.375,-3.255,2.486,-32.911,0.044,0.988,0.143,-0.043,1,-51.925,29.078,-31.315,0.000,2,32.120106,-110.761223,68.019997,3.517,2991.141846,21,38,3,76,3,3,U_TURN_HDG,AP_HDG_SEL_IMU,11.816,-30.000,0.000,4,15,19,13,ROLL_LEFT
602,77.363182,0,-0.077,-0.115,-0.179,-5.647,-4.330,163.738,0.000,0.000,0.000,-31.875,5.125,22.375,-3.255,2.486,-32.911,0.044,0.988,0.143,-0.043,1,-51.995,29.092,-31.336,0.000,2,32.120106,-110.761215,68.339996,3.575,2991.141846,21,38,3,84,3,3,U_TURN_HDG,AP_HDG_SEL_IMU,11.816,-30.000,0.000,4,15,19,13,ROLL_LEFT
603,77.450203,0,0.038,0.013,-0.064,-5.647,-4.330,163.738,0.000,0.000,0.000,-31.875,5.125,22.375,-3.255,2.486,-32.911,0.044,0.988,0.143,-0.043,1,-51.930,29.068,-31.317,0.000,2,32.120106,-110.761215,68.760002,3.634,2990.813721,21,38,3,92,3,3,U_TURN_HDG,AP_HDG_SEL_IMU,11.816,-30.000,0.000,4,15,19,13,ROLL_LEFT
604,77.525520,0,-0.077,0.141,-0.064,-5.646,-4.323,163.738,0.000,0.000,0.000,-31.875,5.125,22.375,-3.255,2.486,-32.911,0.044,0.988,0.143,-0.043,1,-52.730,29.050,-31.557,0.000,2,32.120106,-110.761215,69.120003,3.663,2990.813721,21,38,3,96,3,3,U_TURN_HDG,AP_HDG_SEL_IMU,11.816,-30.000,0.000,4,15,19,13,ROLL_LEFT
605,77.612267,0,-0.077,-0.115,-0.064,-5.646,-4.323,163.738,0.000,0.000,0.000,-31.875,5.125,22.375,-3.230,2.486,-32.911,0.044,0.988,0.143,-0.043,1,-52.554,29.084,-31.504,0.000,2,32.120106,-110.761208,70.309998,3.754,2990.485596,21,38,4,8,3,3,U_TURN_HDG,AP_HDG_SEL_IMU,11.816,-30.000,0.000,4,15,19,13,ROLL_LEFT
606,77.689163,0,-0.077,0.013,-0.064,-5.639,-4.324,163.738,0.000,0.000,0.000,-31.875,5.125,22.375,-3.255,2.486,-32.911,0.044,0.988,0.143,-0.043,1,-52.156,29.084,-31.385,0.000,2,32.120106,-110.761200,71.099998,3.818,2990.485596,21,38,4,16,3,3,U_TURN_HDG,AP_HDG_SEL_IMU,11.816,-30.000,0.000,4,15,19,13,ROLL_LEFT
607,77.766785,0,0.038,0.141,-0.064,-5.639,-4.324,163.738,0.000,0.000,0.000,-31.875,5.125,22.375,-3.255,2.486,-32.911,0.044,0.988,0.143,-0.043,1,-51.993,29.092,-31.336,0.000,2,32.120106,-110.761200,71.870003,3.884,2990.157715,21,38,4,24,3,3,U_TURN_HDG,AP_HDG_SEL_IMU,11.816,-30.000,0.000,4,15,19,13,ROLL_LEFT
608,80.247627,0,0.038,0.141,0.192,-5.639,-4.324,163.738,0.000,0.000,0.000,-31.875,5.125,22.375,-3.255,2.486,-32.911,0.044,0.988,0.143,-0.043,1,-52.088,29.068,-31.364,0.000,2,32.120110,-110.761169,72.370003,3.840,2990.157715,21,38,6,72,3,3,U_TURN_HDG,AP_HDG_SEL_IMU,11.816,-30.000,0.000,4,15,19,13,ROLL_LEFT
609,80.303116,0,0.038,0.013,0.064,-5.639,-4.324,163.738,0.000,0.000,0.000,-31.875,5.125,22.375,-3.255,2.486,-32.911,0.044,0.988,0.143,-0.043,1,-51.467,29.049,-31.177,0.000,2,32.120110,-110.761177,73.070000,3.798,2990.157715,21,38,6,76,3,3,U_TURN_HDG,AP_HDG_SEL_IMU,11.816,-30.000,0.000,4,15,19,13,ROLL_LEFT
610,80.363510,0,0.038,0.013,-0.064,-5.657,-4.350,163.747,0.000,0.000,0.000,-31.875,5.125,22.375,-3.255,2.486,-32.911,0.044,0.988,0.143,-0.043,1,-51.921,29.079,-31.314,0.000,2,32.120106,-110.761177,73.820000,3.755,2990.157715,21,38,6,80,3,3,U_TURN_HDG,AP_HDG_SEL_IMU,11.816,-30.000,0.000,4,15,19,13,ROLL_LEFT
611,80.429474,0,0.013,-0.115,-0.179,-5.656,-4.343,163.746,0.000,0.000,0.000,-31.875,5.125,22.375,-3.230,2.486,-32.911,0.044,0.988,0.143,-0.043,1,-51.372,29.081,-31.148,0.000,2,32.120102,-110.761185,75.410004,3.676,2990.157715,21,38,6,88,3,3,U_TURN_HDG,AP_HDG_SEL_IMU,11.816,-30.000,0.000,4,15,19,13,ROLL_LEFT
612,81.734215,0,0.038,0.013,0.064,-5.649,-4.344,163.746,0.000,0.000,0.000,-31.875,5.125,22.375,-3.255,2.486,-32.911,0.044,0.988,0.143,-0.043,1,-52.178,29.048,-31.391,0.000,2,32.120106,-110.761169,76.129997,3.646,2989.829346,21,38,8,20,3,3,U_TURN_HDG,AP_HDG_SEL_IMU,11.816,-30.000,0.000,4,15,19,13,ROLL_LEFT
613,81.788544,0,-0.077,-0.115,0.064,-5.674,-4.269,163.743,0.000,0.000,0.000,-31.875,5.125,22.375,-3.281,2.486,-32.911,0.044,0.988,0.143,-0.044,1,-52.339,29.042,-31.440,0.000,2,32.120106,-110.761169,76.910004,3.617,2989.829346,21,38,8,24,3,3,U_TURN_HDG,AP_HDG_SEL_IMU,11.816,-30.000,0.000,4,15,19,13,ROLL_LEFT
614,81.855064,0,0.038,0.090,0.064,-5.655,-4.336,163.739,-2.350,0.895,0.112,-31.875,5.125,22.375,-3.255,2.538,-32.911,0.044,0.988,0.143,-0.043,1,-52.261,29.040,-31.416,0.000,2,32.120098,-110.761169,78.440002,3.556,2989.501465,21,38,8,32,3,3,U_TURN_HDG,AP_HDG_SEL_IMU,11.816,-30.000,0.000,4,15,19,13,ROLL_LEFT
615,81.909889,0,-0.205,0.346,0.320,-5.669,-4.284,163.737,1.567,-0.671,-0.112,-31.875,5.125,22.375,-3.281,2.486,-32.911,0.044,0.988,0.143,-0.044,1,-51.649,29.005,-31.232,0.000,2,32.120098,-110.761169,79.239998,3.526,2989.501465,21,38,8,36,3,3,U_TURN_HDG,AP_HDG_SEL_IMU,11.816,-30.000,0.000,4,15,19,13,ROLL_LEFT
616,81.960060,0,-0.051,-0.141,-0.064,-5.665,-4.306,163.738,-0.671,0.336,-0.112,-31.875,5.125,22.375,-3.281,2.512,-32.911,0.044,0.988,0.143,-0.044,1,-51.784,29.049,-31.273,0.000,2,32.120094,-110.761169,79.989998,3.506,2989.501465,21,38,8,40,3,3,U_TURN_HDG,AP_HDG_SEL_IMU,11.816,-30.000,0.000,4,15,19,13,ROLL_LEFT
617,82.050911,0,0.167,-0.038,-0.064,-5.666,-4.313,163.738,-0.112,0.112,0.112,-31.875,5.125,22.375,-3.255,2.512,-32.937,0.044,0.988,0.143,-0.044,1,-51.612,29.072,-31.221,0.000,2,32.120094,-110.761169,81.089996,3.504,2989.173340,21,38,8,48,3,3,U_TURN_HDG,AP_HDG_SEL_IMU,11.816,-30.000,0.000,4,15,19,13,ROLL_LEFT
618,82.115501,0,-0.077,0.090,0.064,-5.663,-4.342,163.747,-0.224,0.224,0.112,-31.875,5.125,22.375,-3.255,2.538,-32.911,0.044,0.988,0.143,-0.044,1,-51.868,29.035,-31.298,0.000,2,32.120090,-110.761169,82.080002,3.504,2988.845215,21,38,8,56,3,3,U_TURN_HDG,AP_HDG_SEL_IMU,11.816,-30.000,0.000,4,15,19,13,ROLL_LEFT
619,82.169998,0,0.038,-0.013,-0.064,-5.666,-4.313,163.745,-0.112,0.000,0.000,-31.875,5.125,22.375,-3.255,2.512,-32.911,0.044,0.988,0.143,-0.044,1,-52.406,29.064,-31.460,0.000,2,32.120090,-110.761169,82.669998,3.507,2988.845215,21,38,8,60,3,3,U_TURN_HDG,AP_HDG_SEL_IMU,11.816,-30.000,0.000,4,15,19,13,ROLL_LEFT
620,82.249931,0,-0.205,0.013,-0.064,-5.661,-4.328,163.746,0.224,0.000,0.000,-31.875,5.125,22.375,-3.255,2.512,-32.911,0.044,0.988,0.143,-0.044,1,-51.930,29.069,-31.317,0.000,2,32.120087,-110.761169,84.000000,3.516,2988.517334,21,38,8,68,3,3,U_TURN_HDG,AP_HDG_SEL_IMU,11.816,-30.000,0.000,4,15,19,13,ROLL_LEFT
621,82.319344,0,0.038,-0.013,-0.064,-5.670,-4.291,163.744,-0.336,0.112,0.224,-31.875,5.125,22.375,-3.255,2.486,-32.911,0.044,0.988,0.143,-0.044,1,-51.601,29.090,-31.217,0.000,2,32.120087,-110.761169,85.279999,3.519,2988.517334,21,38,8,76,3,3,U_TURN_HDG,AP_HDG_SEL_IMU,11.816,-30.000,0.000,4,15,19,13,ROLL_LEFT
622,82.397514,0,-0.077,-0.013,0.064,-5.671,-4.298,163.745,-0.112,0.000,0.000,-31.875,5.125,22.375,-3.255,2.512,-32.911,0.044,0.988,0.143,-0.044,1,-51.765,29.077,-31.267,0.000,2,32.120083,-110.761169,86.519997,3.522,2988.188965,21,38,8,84,3,3,U_TURN_HDG,AP_HDG_SEL_IMU,11.816,-30.000,0.000,4,15,19,13,ROLL_LEFT
623,82.467430,0,-0.231,-0.013,-0.038,-5.665,-4.306,163.745,-0.336,0.112,0.224,-31.875,5.125,22.375,-3.230,2.512,-32.937,0.044,0.988,0.143,-0.044,1,-52.310,29.094,-31.431,0.000,2,32.120083,-110.761169,87.709999,3.524,2988.188965,21,38,8,92,3,3,U_TURN_HDG,AP_HDG_SEL_IMU,11.816,-30.000,0.000,4,15,19,13,ROLL_LEFT
624,82.547501,0,-0.231,-0.013,0.090,-5.658,-4.307,163.745,-0.336,0.112,0.112,-31.875,5.125,22.375,-3.230,2.512,-32.937,0.044,0.988,0.143,-0.044,1,-51.921,29.084,-31.314,0.000,2,32.120079,-110.761169,88.889999,3.522,2987.861084,21,38,9,0,3,3,U_TURN_HDG,AP_HDG_SEL_IMU,11.816,-30.000,0.000,4,15,19,13,ROLL_LEFT
625,82.625053,0,0.013,-0.013,0.090,-5.651,-4.308,163.744,-0.112,-0.224,-0.224,-31.875,5.125,22.375,-3.255,2.512,-32.911,0.044,0.988,0.143,-0.043,1,-51.216,29.073,-31.101,0.000,2,32.120079,-110.761169,89.980003,3.526,2987.861084,21,38,9,8,3,3,U_TURN_HDG,AP_HDG_SEL_IMU,11.816,-30.000,0.000,4,15,19,13,ROLL_LEFT
626,82.719658,0,-0.103,-0.013,-0.038,-5.653,-4.322,163.745,0.895,-0.112,0.112,-31.875,5.125,22.375,-3.230,2.512,-32.937,0.044,0.988,0.143,-0.043,1,-52.476,29.076,-31.481,0.000,2,32.120075,-110.761169,90.470001,3.526,2987.861084,21,38,9,12,3,3,U_TURN_HDG,AP_HDG_SEL_IMU,11.816,-30.000,0.000,4,15,19,13,ROLL_LEFT
627,82.799477,0,0.013,-0.013,-0.064,-5.639,-4.324,163.738,0.000,0.000,0.000,-31.875,5.125,22.375,-3.230,2.512,-32.937,0.044,0.988,0.143,-0.043,1,-52.046,29.145,-31.352,0.000,2,32.120075,-110.761169,90.849998,3.506,2987.532715,21,38,9,20,3,3,U_TURN_HDG,AP_HDG_SEL_IMU,11.816,-30.000,0.000,4,15,19,13,ROLL_LEFT
628,82.876495,0,-0.103,-0.141,-0.038,-5.639,-4.324,163.738,0.000,0.000,0.000,-31.875,5.125,22.375,-3.230,2.512,-32.911,0.044,0.988,0.143,-0.043,1,-51.850,29.070,-31.293,0.000,2,32.120075,-110.761169,90.959999,3.480,2987.204834,21,38,9,32,3,3,U_TURN_HDG,AP_HDG_SEL_IMU,11.816,-30.000,0.000,4,15,19,13,ROLL_LEFT
629,82.958252,0,-0.103,-0.013,-0.038,-5.633,-4.332,163.738,0.000,0.000,0.000,-31.875,5.125,22.375,-3.230,2.512,-32.937,0.044,0.988,0.143,-0.043,1,-52.162,29.078,-31.387,0.000,2,32.120075,-110.761169,90.930000,3.465,2986.876709,21,38,9,40,3,3,U_TURN_HDG,AP_HDG_SEL_IMU,11.816,-30.000,0.000,4,15,19,13,ROLL_LEFT
630,83.008507,0,0.013,-0.013,-0.038,-5.626,-4.333,163.738,0.000,0.000,0.000,-31.875,5.125,22.375,-3.230,2.512,-32.937,0.044,0.988,0.143,-0.043,1,-52.159,29.080,-31.386,0.000,2,32.120075,-110.761169,90.910004,3.458,2986.876709,21,38,9,44,3,3,U_TURN_HDG,AP_HDG_SEL_IMU,11.816,-30.000,0.000,4,15,19,13,ROLL_LEFT
631,84.651146,0,0.013,-0.141,-0.038,-5.626,-4.333,163.738,0.000,0.000,0.000,-31.875,5.125,22.375,-3.230,2.512,-32.937,0.044,0.988,0.143,-0.043,1,-52.735,29.035,-31.559,0.000,2,32.120071,-110.761154,90.680000,3.492,2986.548584,21,38,11,12,3,3,U_TURN_HDG,AP_HDG_SEL_IMU,11.816,-30.000,0.000,4,15,19,13,ROLL_LEFT
632,84.729233,0,0.038,0.013,0.064,-5.620,-4.333,163.738,-1.679,0.336,0.000,-31.875,5.125,22.375,-3.255,2.486,-32.911,0.044,0.988,0.143,-0.043,1,-50.744,29.072,-30.957,0.000,2,32.120071,-110.761154,90.199997,3.568,2986.548584,21,38,11,20,3,3,U_TURN_HDG,AP_HDG_SEL_IMU,11.816,-30.000,0.000,4,15,19,13,ROLL_LEFT
633,84.809166,0,-0.051,-0.090,-0.064,-5.648,-4.337,163.739,0.448,-0.112,0.112,-31.875,5.125,22.375,-3.281,2.461,-32.911,0.044,0.988,0.143,-0.043,1,-51.787,29.041,-31.274,0.000,2,32.120071,-110.761154,89.809998,3.634,2986.548584,21,38,11,28,3,3,U_TURN_HDG,AP_HDG_SEL_IMU,11.816,-30.000,0.000,4,15,19,13,ROLL_LEFT
634,84.864281,0,-0.051,-0.090,0.064,-5.648,-4.337,163.746,1.790,-0.336,0.000,-31.875,5.125,22.375,-3.281,2.461,-32.911,0.044,0.988,0.143,-0.043,1,-51.763,29.083,-31.266,0.000,2,32.120071,-110.761154,89.639999,3.664,2986.548584,21,38,11,32,3,3,U_TURN_HDG,AP_HDG_SEL_IMU,11.816,-30.000,0.000,4,15,19,13,ROLL_LEFT
635,85.331619,0,0.064,0.038,-0.064,-5.670,-4.291,163.744,-0.783,0.112,0.000,-31.875,5.125,22.375,-3.306,2.461,-32.911,0.044,0.988,0.143,-0.044,1,-51.755,29.100,-31.264,0.000,2,32.120071,-110.761154,89.150002,3.695,2986.548584,21,38,11,80,3,3,U_TURN_HDG,AP_HDG_SEL_IMU,11.816,-30.000,0.000,4,15,19,13,ROLL_LEFT
636,85.386589,0,-0.179,-0.231,0.064,-5.661,-4.328,163.746,1.343,-0.224,-0.112,-31.875,5.125,22.375,-3.281,2.486,-32.911,0.044,0.988,0.143,-0.044,1,-51.551,29.038,-31.202,0.000,2,32.120071,-110.761154,88.519997,3.723,2986.548584,21,38,11,84,3,3,U_TURN_HDG,AP_HDG_SEL_IMU,11.816,-30.000,0.000,4,15,19,13,ROLL_LEFT
637,85.436508,0,0.064,0.115,-0.064,-5.658,-4.357,163.747,0.448,-0.112,-0.112,-31.875,5.125,22.375,-3.281,2.512,-32.911,0.045,0.988,0.143,-0.043,1,-51.475,29.035,-31.179,0.000,2,32.120071,-110.761154,87.830002,3.754,2986.548584,21,38,11,88,3,3,U_TURN_HDG,AP_HDG_SEL_IMU,11.816,-30.000,0.000,4,15,19,13,ROLL_LEFT
638,85.505043,0,0.064,0.013,-0.064,-5.667,-4.320,163.746,-0.560,0.224,0.112,-31.875,5.125,22.375,-3.281,2.486,-32.911,0.044,0.988,0.143,-0.044,1,-51.533,29.076,-31.197,0.000,2,32.120075,-110.761147,86.470001,3.811,2986.548584,21,38,11,96,3,3,U_TURN_HDG,AP_HDG_SEL_IMU,11.816,-30.000,0.000,4,15,19,13,ROLL_LEFT
639,85.583458,0,-0.077,-0.141,-0.064,-5.658,-4.357,163.747,0.895,-0.224,-0.112,-31.875,5.125,22.375,-3.255,2.512,-32.911,0.045,0.988,0.143,-0.043,1,-51.757,29.092,-31.265,0.000,2,32.120075,-110.761147,85.190002,3.872,2986.548584,21,38,12,4,3,3,U_TURN_HDG,AP_HDG_SEL_IMU,11.816,-30.000,0.000,4,15,19,13,ROLL_LEFT
640,85.668205,0,0.064,-0.141,-0.064,-5.653,-4.372,163.748,0.560,-0.224,-0.112,-31.875,5.125,22.375,-3.281,2.512,-32.911,0.045,0.988,0.143,-0.043,1,-52.328,29.060,-31.437,0.000,2,32.120075,-110.761147,84.059998,3.928,2986.548584,21,38,12,12,3,3,U_TURN_HDG,AP_HDG_SEL_IMU,11.816,-30.000,0.000,4,15,19,13,ROLL_LEFT
641,85.765511,0,-0.051,-0.141,-0.064,-5.658,-4.357,163.747,0.000,0.000,0.000,-31.875,5.125,22.375,-3.281,2.512,-32.911,0.045,0.988,0.143,-0.043,1,-51.442,29.094,-31.169,0.000,2,32.120075,-110.761147,83.809998,3.929,2986.548584,21,38,12,20,3,3,U_TURN_HDG,AP_HDG_SEL_IMU,11.816,-30.000,0.000,4,15,19,13,ROLL_LEFT
642,85.824898,0,0.064,-0.013,-0.064,-5.666,-4.363,163.748,0.000,0.000,0.000,-31.875,5.125,22.375,-3.281,2.512,-32.911,0.045,0.988,0.143,-0.044,1,-51.850,29.066,-31.293,0.000,2,32.120075,-110.761139,83.419998,3.960,2986.548584,21,38,12,28,4,3,U_TURN_HDG,AP_HDG_SEL_IMU,11.816,-30.000,0.000,4,15,19,13,ROLL_LEFT
643,85.906494,0,0.038,0.013,-0.064,-5.665,-4.356,163.747,0.000,0.000,0.000,-31.875,5.125,22.375,-3.255,2.486,-32.911,0.045,0.988,0.143,-0.044,1,-51.583,29.121,-31.212,0.000,2,32.120075,-110.761139,83.070000,3.988,2986.220703,21,38,12,32,4,3,U_TURN_HDG,AP_HDG_SEL_IMU,11.816,-30.000,0.000,4,15,19,13,ROLL_LEFT
644,85.992516,0,-0.077,0.013,-0.064,-5.658,-4.357,163.747,0.000,0.000,0.000,-31.875,5.125,22.375,-3.255,2.486,-32.911,0.045,0.988,0.143,-0.043,1,-50.811,29.093,-30.978,0.000,2,32.120075,-110.761139,81.919998,4.076,2985.892334,21,38,12,44,4,3,U_TURN_HDG,AP_HDG_SEL_IMU,11.816,-30.000,0.000,4,15,19,13,ROLL_LEFT
645,86.050514,0,-0.051,-0.013,-0.064,-5.657,-4.350,163.747,0.000,0.000,0.000,-31.875,5.125,22.375,-3.281,2.512,-32.911,0.044,0.988,0.143,-0.043,1,-51.271,29.117,-31.118,0.000,2,32.120079,-110.761139,81.129997,4.135,2985.892334,21,38,12,52,4,3,U_TURN_HDG,AP_HDG_SEL_IMU,11.816,-30.000,0.000,4,15,19,13,ROLL_LEFT
646,86.126587,0,-0.179,-0.013,-0.064,-5.657,-4.350,163.747,0.000,0.000,0.000,-31.875,5.125,22.375,-3.255,2.512,-32.911,0.044,0.988,0.143,-0.043,1,-51.658,29.130,-31.235,0.000,2,32.120079,-110.761131,80.260002,4.193,2985.564453,21,38,12,60,4,3,U_TURN_HDG,AP_HDG_SEL_IMU,11.816,-30.000,0.000,4,15,19,13,ROLL_LEFT
647,86.208862,0,0.064,-0.013,-0.064,-5.657,-4.350,163.747,0.000,0.000,0.000,-31.875,5.125,22.375,-3.281,2.512,-32.911,0.044,0.988,0.143,-0.043,1,-52.774,29.113,-31.570,0.000,2,32.120079,-110.761131,79.400002,4.250,2985.236328,21,38,12,68,4,3,U_TURN_HDG,AP_HDG_SEL_IMU,11.816,-30.000,0.000,4,15,19,13,ROLL_LEFT
648,86.286507,0,0.064,-0.141,-0.064,-5.658,-4.357,163.747,0.000,0.000,0.000,-31.875,5.125,22.375,-3.281,2.512,-32.911,0.045,0.988,0.143,-0.043,1,-51.837,29.093,-31.289,0.000,2,32.120079,-110.761131,78.900002,4.233,2985.236328,21,38,12,72,3,3,U_TURN_HDG,AP_HDG_SEL_IMU,11.816,-30.000,0.000,4,15,19,13,ROLL_LEFT
649,86.345596,0,-0.051,-0.013,0.064,-5.665,-4.356,163.747,0.000,0.000,0.000,-31.875,5.125,22.375,-3.281,2.512,-32.911,0.045,0.988,0.143,-0.044,1,-52.221,29.111,-31.404,0.000,2,32.120079,-110.761131,78.360001,4.216,2984.908203,21,38,12,76,3,3,U_TURN_HDG,AP_HDG_SEL_IMU,11.816,-30.000,0.000,4,15,19,13,ROLL_LEFT
650,86.425209,0,0.064,0.115,-0.064,-5.665,-4.356,163.747,0.000,0.000,0.000,-31.875,5.125,22.375,-3.281,2.512,-32.911,0.045,0.988,0.143,-0.044,1,-52.196,29.155,-31.397,0.000,2,32.120083,-110.761131,77.019997,4.206,2984.908203,21,38,12,84,4,3,U_TURN_HDG,AP_HDG_SEL_IMU,11.816,-30.000,0.000,4,15,19,13,ROLL_LEFT
651,86.505066,0,-0.077,-0.013,0.064,-5.665,-4.356,163.747,0.000,0.000,0.000,-31.875,5.125,22.375,-3.255,2.512,-32.911,0.045,0.988,0.143,-0.044,1,-52.122,29.147,-31.375,0.000,2,32.120083,-110.761131,75.349998,4.225,2984.908203,21,38,12,92,4,3,U_TURN_HDG,AP_HDG_SEL_IMU,11.816,-30.000,0.000,4,15,19,13,ROLL_LEFT
652,86.584862,0,0.038,-0.013,0.064,-5.665,-4.356,163.747,0.000,0.000,0.000,-31.875,5.125,22.375,-3.255,2.512,-32.911,0.045,0.988,0.143,-0.044,1,-51.912,29.100,-31.311,0.000,2,32.120087,-110.761131,73.610001,4.248,2984.908203,21,38,13,0,4,3,U_TURN_HDG,AP_HDG_SEL_IMU,11.816,-30.000,0.000,4,15,19,13,ROLL_LEFT
653,86.664932,0,-0.077,-0.013,0.064,-5.658,-4.357,163.747,0.000,0.000,0.000,-31.875,5.125,22.375,-3.255,2.512,-32.911,0.045,0.988,0.143,-0.043,1,-51.839,29.091,-31.289,0.000,2,32.120087,-110.761131,71.820000,4.274,2984.908203,21,38,13,8,4,3,U_TURN_HDG,AP_HDG_SEL_IMU,11.816,-30.000,0.000,4,15,19,13,ROLL_LEFT
654,86.735046,0,0.064,0.115,0.064,-5.658,-4.357,163.747,0.000,0.000,0.000,-31.875,5.125,22.375,-3.281,2.512,-32.911,0.045,0.988,0.143,-0.043,1,-52.068,29.102,-31.358,0.000,2,32.120090,-110.761139,70.050003,4.306,2984.580078,21,38,13,16,4,3,U_TURN_HDG,AP_HDG_SEL_IMU,11.816,-30.000,0.000,4,15,19,13,ROLL_LEFT
655,86.815514,0,0.192,0.115,0.090,-5.658,-4.357,163.747,0.000,0.000,0.000,-31.875,5.125,22.375,-3.281,2.512,-32.937,0.045,0.988,0.143,-0.043,1,-51.668,29.113,-31.238,0.000,2,32.120090,-110.761139,68.339996,4.339,2984.580078,21,38,13,24,4,3,U_TURN_HDG,AP_HDG_SEL_IMU,11.816,-30.000,0.000,4,15,19,13,ROLL_LEFT
656,92.171585,0,0.064,-0.013,-0.038,-5.658,-4.357,163.747,0.000,0.000,0.000,-31.875,5.125,22.375,-3.281,2.512,-32.937,0.045,0.988,0.143,-0.043,1,-51.887,29.144,-31.304,0.000,2,32.120121,-110.761047,67.919998,4.422,2985.236328,21,38,18,64,3,3,U_TURN_HDG,AP_HDG_SEL_IMU,11.816,-30.000,0.000,4,15,19,13,ROLL_LEFT
657,92.228500,0,0.064,0.013,-0.038,-5.658,-4.357,163.747,0.000,0.000,0.000,-31.875,5.125,22.375,-3.281,2.486,-32.937,0.045,0.988,0.143,-0.043,1,-52.172,29.059,-31.390,0.000,2,32.120125,-110.761032,67.650002,4.498,2985.564453,21,38,18,68,3,3,U_TURN_HDG,AP_HDG_SEL_IMU,11.816,-30.000,0.000,4,15,19,13,ROLL_LEFT
658,92.277512,0,-0.051,-0.115,-0.038,-5.686,-4.353,163.740,0.000,0.000,0.000,-31.875,5.125,22.375,-3.281,2.486,-32.937,0.045,0.988,0.143,-0.044,1,-51.609,29.073,-31.220,0.000,2,32.120129,-110.761024,67.570000,4.574,2985.892334,21,38,18,72,3,3,U_TURN_HDG,AP_HDG_SEL_IMU,11.816,-30.000,0.000,4,15,19,13,ROLL_LEFT
659,92.368774,0,-0.051,0.115,0.090,-5.680,-4.361,163.740,-1.679,0.448,0.112,-31.875,5.125,22.375,-3.281,2.486,-32.937,0.045,0.988,0.143,-0.044,1,-51.938,29.056,-31.319,0.000,2,32.120132,-110.761009,67.610001,4.648,2986.548584,21,38,18,84,3,3,U_TURN_HDG,AP_HDG_SEL_IMU,11.816,-30.000,0.000,4,15,19,13,ROLL_LEFT
660,92.425957,0,0.064,0.013,-0.038,-5.684,-4.339,163.746,-1.007,0.336,0.112,-31.875,5.125,22.375,-3.281,2.486,-32.937,0.044,0.988,0.143,-0.044,1,-51.935,29.059,-31.318,0.000,2,32.120136,-110.760994,67.699997,4.724,2986.876709,21,38,18,88,3,3,U_TURN_HDG,AP_HDG_SEL_IMU,11.816,-30.000,0.000,4,15,19,13,ROLL_LEFT
661,92.476501,0,-0.051,0.013,0.090,-5.679,-4.354,163.747,0.560,0.000,0.000,-31.875,5.125,22.375,-3.281,2.486,-32.937,0.045,0.988,0.143,-0.044,1,-51.432,29.111,-31.166,0.000,2,32.120136,-110.760986,67.839996,4.800,2987.204834,21,38,18,92,3,3,U_TURN_HDG,AP_HDG_SEL_IMU,11.816,-30.000,0.000,4,15,19,13,ROLL_LEFT
662,92.553505,0,0.038,-0.013,-0.038,-5.679,-4.354,163.747,-0.448,0.112,0.112,-31.875,5.125,22.375,-3.255,2.512,-32.937,0.045,0.988,0.143,-0.044,1,-51.801,29.158,-31.278,0.000,2,32.120140,-110.760971,67.879997,4.832,2987.532715,21,38,19,0,3,3,U_TURN_HDG,AP_HDG_SEL_IMU,11.816,-30.000,0.000,4,15,19,13,ROLL_LEFT
663,92.607658,0,0.064,-0.115,0.090,-5.678,-4.347,163.747,0.895,-0.112,-0.112,-31.875,5.125,22.375,-3.281,2.486,-32.937,0.044,0.988,0.143,-0.044,1,-51.726,29.147,-31.255,0.000,2,32.120140,-110.760971,67.889999,4.810,2987.861084,21,38,19,4,3,3,U_TURN_HDG,AP_HDG_SEL_IMU,11.816,-30.000,0.000,4,15,19,13,ROLL_LEFT
664,92.676376,0,0.038,0.115,0.090,-5.666,-4.363,163.748,-0.895,0.336,0.000,-31.875,5.125,22.375,-3.255,2.512,-32.937,0.045,0.988,0.143,-0.044,1,-51.583,29.127,-31.212,0.000,2,32.120140,-110.760963,67.779999,4.768,2988.188965,21,38,19,12,4,3,U_TURN_HDG,AP_HDG_SEL_IMU,11.816,-30.000,0.000,4,15,19,13,ROLL_LEFT
665,92.749657,0,-0.077,0.115,0.090,-5.676,-4.333,163.747,-0.560,0.224,0.000,-31.875,5.125,22.375,-3.281,2.486,-32.937,0.044,0.988,0.143,-0.044,1,-51.186,29.125,-31.092,0.000,2,32.120140,-110.760963,67.500000,4.726,2988.517334,21,38,19,20,4,3,U_TURN_HDG,AP_HDG_SEL_IMU,11.816,-30.000,0.000,4,15,19,13,ROLL_LEFT
666,92.828911,0,-0.051,-0.115,-0.038,-5.671,-4.348,163.747,0.448,-0.112,0.000,-31.875,5.125,22.375,-3.281,2.486,-32.937,0.044,0.988,0.143,-0.044,1,-51.498,29.132,-31.186,0.000,2,32.120140,-110.760963,66.559998,4.665,2988.517334,21,38,19,28,4,3,U_TURN_HDG,AP_HDG_SEL_IMU,11.816,-30.000,0.000,4,15,19,13,ROLL_LEFT
667,92.897011,0,0.038,-0.013,0.090,-5.656,-4.392,163.741,0.783,-0.224,0.112,-31.875,5.125,22.375,-3.255,2.512,-32.937,0.045,0.988,0.143,-0.043,1,-52.294,29.123,-31.426,0.000,2,32.120140,-110.760956,66.669998,4.680,2988.845215,21,38,19,32,4,3,U_TURN_HDG,AP_HDG_SEL_IMU,11.816,-30.000,0.000,4,15,19,13,ROLL_LEFT
668,92.954910,0,-0.077,-0.013,0.090,-5.653,-4.372,163.748,-0.895,0.224,-0.224,-31.875,5.125,22.375,-3.255,2.512,-32.937,0.045,0.988,0.143,-0.043,1,-52.380,29.110,-31.452,0.000,2,32.120140,-110.760941,67.230003,4.709,2989.173340,21,38,19,40,4,3,U_TURN_HDG,AP_HDG_SEL_IMU,11.816,-30.000,0.000,4,15,19,13,ROLL_LEFT
669,93.024391,0,-0.077,-0.115,-0.038,-5.647,-4.379,163.740,1.007,-0.224,-0.112,-31.875,5.125,22.375,-3.255,2.512,-32.937,0.045,0.988,0.143,-0.043,1,-52.073,29.096,-31.360,0.000,2,32.120140,-110.760933,67.940002,4.739,2989.501465,21,38,19,48,4,3,U_TURN_HDG,AP_HDG_SEL_IMU,11.816,-30.000,0.000,4,15,19,13,ROLL_LEFT
670,93.104515,0,0.038,0.013,-0.038,-5.651,-4.357,163.740,0.000,0.000,0.112,-31.875,5.125,22.375,-3.255,2.461,-32.937,0.045,0.988,0.143,-0.043,1,-51.377,29.066,-31.149,0.000,2,32.120144,-110.760918,68.690002,4.842,2989.829346,21,38,19,56,4,3,U_TURN_HDG,AP_HDG_SEL_IMU,11.816,-30.000,0.000,4,15,19,13,ROLL_LEFT
671,93.184502,0,-0.077,-0.115,-0.038,-5.640,-4.380,163.741,1.007,-0.112,-0.112,-31.875,5.125,22.375,-3.230,2.486,-32.937,0.045,0.988,0.143,-0.043,1,-51.876,29.161,-31.301,0.000,2,32.120144,-110.760895,69.730003,4.981,2990.485596,21,38,19,64,4,3,U_TURN_HDG,AP_HDG_SEL_IMU,11.816,-30.000,0.000,4,15,19,13,ROLL_LEFT
672,93.236839,0,-0.077,-0.115,0.090,-5.638,-4.366,163.740,2.350,-0.671,-0.224,-31.875,5.125,22.375,-3.255,2.486,-32.937,0.045,0.988,0.143,-0.043,1,-52.056,29.122,-31.355,0.000,2,32.120148,-110.760887,70.370003,5.060,2990.485596,21,38,19,68,4,3,U_TURN_HDG,AP_HDG_SEL_IMU,11.816,-30.000,0.000,4,15,19,13,ROLL_LEFT
673,93.317513,0,0.064,0.141,-0.038,-5.656,-4.293,163.737,-0.783,0.224,0.000,-31.875,5.125,22.375,-3.281,2.461,-32.937,0.044,0.988,0.143,-0.044,1,-51.649,29.145,-31.232,0.000,2,32.120148,-110.760880,70.989998,5.141,2990.813721,21,38,19,72,4,3,U_TURN_HDG,AP_HDG_SEL_IMU,11.816,-30.000,0.000,4,15,19,13,ROLL_LEFT
674,93.427078,0,0.038,0.115,0.192,-5.652,-4.315,163.738,1.343,-0.336,-0.112,-31.875,5.125,22.375,-3.255,2.486,-32.937,0.044,0.988,0.143,-0.043,1,-51.697,29.060,-31.246,0.000,2,32.120152,-110.760849,72.699997,5.391,2991.141846,21,38,19,84,4,3,U_TURN_HDG,AP_HDG_SEL_IMU,11.816,-30.000,0.000,4,15,19,13,ROLL_LEFT
675,93.489624,0,0.064,-0.205,-0.064,-5.658,-4.307,163.738,1.119,-0.336,-0.336,-31.875,5.125,22.375,-3.281,2.461,-32.911,0.044,0.988,0.143,-0.044,1,-51.678,29.094,-31.241,0.000,2,32.120155,-110.760826,73.680000,5.561,2991.141846,21,38,19,92,4,3,U_TURN_HDG,AP_HDG_SEL_IMU,11.816,-30.000,0.000,4,15,19,13,ROLL_LEFT
676,93.568504,0,0.064,-0.115,-0.064,-5.638,-4.366,163.740,0.000,0.000,-0.112,-31.875,5.125,22.375,-3.281,2.512,-32.911,0.045,0.988,0.143,-0.043,1,-52.061,29.116,-31.356,0.000,2,32.120155,-110.760803,74.550003,5.733,2991.469971,21,38,20,0,4,3,U_TURN_HDG,AP_HDG_SEL_IMU,11.816,-30.000,0.000,4,15,19,13,ROLL_LEFT
677,93.656982,0,0.167,0.013,0.064,-5.654,-4.329,163.739,-1.679,0.448,0.112,-31.875,5.125,22.375,-3.255,2.486,-32.911,0.044,0.988,0.143,-0.043,1,-52.380,29.111,-31.452,0.000,2,32.120159,-110.760765,76.019997,6.049,2991.798096,21,38,20,12,4,3,U_TURN_HDG,AP_HDG_SEL_IMU,11.816,-30.000,0.000,4,15,19,13,ROLL_LEFT
678,93.714508,0,-0.077,-0.090,0.064,-5.658,-4.306,163.731,-1.343,0.336,0.112,-31.875,5.125,22.375,-3.255,2.486,-32.911,0.044,0.988,0.143,-0.044,1,-51.998,29.087,-31.337,0.000,2,32.120163,-110.760757,76.290001,6.098,2991.798096,21,38,20,16,4,3,U_TURN_HDG,AP_HDG_SEL_IMU,11.816,-30.000,0.000,4,15,19,13,ROLL_LEFT
679,93.779503,0,-0.051,0.013,-0.064,-5.652,-4.315,163.738,1.231,-0.336,0.112,-31.875,5.125,22.375,-3.281,2.486,-32.911,0.044,0.988,0.143,-0.043,1,-52.040,29.150,-31.350,0.000,2,32.120163,-110.760742,76.660004,6.193,2991.798096,21,38,20,24,4,3,U_TURN_HDG,AP_HDG_SEL_IMU,11.816,-30.000,0.000,4,15,19,13,ROLL_LEFT
680,93.883072,0,0.064,0.013,-0.064,-5.649,-4.343,163.739,-1.007,0.112,0.112,-31.875,5.125,22.375,-3.281,2.512,-32.911,0.044,0.988,0.143,-0.043,1,-51.279,29.098,-31.120,0.000,2,32.120167,-110.760719,77.099998,6.331,2991.469971,21,38,20,36,4,3,U_TURN_HDG,AP_HDG_SEL_IMU,11.816,-30.000,0.000,4,15,19,13,ROLL_LEFT
681,93.934311,0,-0.077,0.115,0.064,-5.656,-4.342,163.732,0.448,-0.224,-0.112,-31.875,5.125,22.375,-3.281,2.486,-32.911,0.044,0.988,0.143,-0.043,1,-51.510,29.114,-31.190,0.000,2,32.120167,-110.760719,77.239998,6.377,2991.469971,21,38,20,40,4,3,U_TURN_HDG,AP_HDG_SEL_IMU,11.816,-30.000,0.000,4,15,19,13,ROLL_LEFT
682,94.003075,0,-0.077,-0.115,0.064,-5.660,-4.321,163.738,0.448,-0.224,-0.112,-31.875,5.125,22.375,-3.255,2.486,-32.911,0.044,0.988,0.143,-0.044,1,-51.334,29.144,-31.136,0.000,2,32.120171,-110.760704,77.519997,6.469,2991.469971,21,38,20,48,4,3,U_TURN_HDG,AP_HDG_SEL_IMU,11.816,-30.000,0.000,4,15,19,13,ROLL_LEFT
683,94.087029,0,0.038,-0.115,0.064,-5.653,-4.322,163.738,0.560,-0.112,-0.112,-31.875,5.125,22.375,-3.255,2.486,-32.911,0.044,0.988,0.143,-0.043,1,-51.631,29.176,-31.227,0.000,2,32.120171,-110.760689,77.809998,6.562,2991.141846,21,38,20,56,4,3,U_TURN_HDG,AP_HDG_SEL_IMU,11.816,-30.000,0.000,4,15,19,13,ROLL_LEFT
684,94.144920,0,0.064,0.013,-0.038,-5.652,-4.314,163.731,-0.336,0.000,0.112,-31.875,5.125,22.375,-3.281,2.486,-32.937,0.044,0.988,0.143,-0.043,1,-51.401,29.163,-31.157,0.000,2,32.120174,-110.760681,77.949997,6.609,2991.141846,21,38,20,60,4,3,U_TURN_HDG,AP_HDG_SEL_IMU,11.816,-30.000,0.000,4,15,19,13,ROLL_LEFT
685,94.201256,0,0.064,-0.115,-0.038,-5.653,-4.321,163.731,-0.448,0.112,0.112,-31.875,5.125,22.375,-3.281,2.486,-32.937,0.044,0.988,0.143,-0.043,1,-51.653,29.143,-31.233,0.000,2,32.120174,-110.760666,78.239998,6.699,2991.141846,21,38,20,68,4,3,U_TURN_HDG,AP_HDG_SEL_IMU,11.816,-30.000,0.000,4,15,19,13,ROLL_LEFT
686,94.324043,0,-0.051,0.013,-0.038,-5.655,-4.335,163.732,0.112,-0.112,0.112,-31.875,5.125,22.375,-3.281,2.486,-32.937,0.044,0.988,0.143,-0.043,1,-51.090,29.153,-31.063,0.000,2,32.120178,-110.760643,78.669998,6.824,2991.141846,21,38,20,80,4,3,U_TURN_HDG,AP_HDG_SEL_IMU,11.816,-30.000,0.000,4,15,19,13,ROLL_LEFT
687,94.415627,0,-0.051,-0.013,-0.038,-5.651,-4.357,163.740,0.671,-0.112,-0.112,-31.875,5.125,22.375,-3.281,2.486,-32.937,0.045,0.988,0.143,-0.043,1,-51.480,29.163,-31.181,0.000,2,32.120178,-110.760643,78.800003,6.864,2991.141846,21,38,20,84,4,3,U_TURN_HDG,AP_HDG_SEL_IMU,11.816,-30.000,0.000,4,15,19,13,ROLL_LEFT
688,94.495438,0,-0.051,0.013,-0.064,-5.651,-4.358,163.739,1.119,-0.224,-0.112,-31.875,5.125,22.375,-3.281,2.512,-32.937,0.045,0.988,0.143,-0.043,1,-51.234,29.184,-31.106,0.000,2,32.120178,-110.760628,79.070000,6.944,2991.141846,21,38,20,92,4,3,U_TURN_HDG,AP_HDG_SEL_IMU,11.816,-30.000,0.000,4,15,19,13,ROLL_LEFT
689,94.557831,0,0.064,-0.013,0.090,-5.657,-4.342,163.731,-0.448,0.336,0.112,-31.875,5.125,22.375,-3.281,2.512,-32.937,0.044,0.988,0.143,-0.043,1,-51.962,29.153,-31.326,0.000,2,32.120178,-110.760612,79.389999,6.974,2991.141846,21,38,21,0,3,3,U_TURN_HDG,AP_HDG_SEL_IMU,11.816,-30.000,0.000,4,15,19,13,ROLL_LEFT
690,94.626511,0,-0.051,-0.013,0.090,-5.660,-4.363,163.733,0.336,-0.112,-0.112,-31.875,5.125,22.375,-3.281,2.512,-32.937,0.045,0.988,0.143,-0.043,1,-51.186,29.128,-31.092,0.000,2,32.120178,-110.760605,79.459999,6.940,2991.141846,21,38,21,8,4,3,U_TURN_HDG,AP_HDG_SEL_IMU,11.816,-30.000,0.000,4,15,19,13,ROLL_LEFT
691,94.672501,0,0.192,0.141,0.090,-5.659,-4.356,163.732,0.000,0.000,0.000,-31.875,5.125,22.375,-3.281,2.486,-32.937,0.045,0.988,0.143,-0.043,1,-51.723,29.153,-31.254,0.000,2,32.120178,-110.760605,79.449997,6.922,2990.813721,21,38,21,12,4,3,U_TURN_HDG,AP_HDG_SEL_IMU,11.816,-30.000,0.000,4,15,19,13,ROLL_LEFT
692,94.807007,0,-0.051,0.141,0.090,-5.659,-4.356,163.732,0.000,0.000,0.000,-31.875,5.125,22.375,-3.281,2.486,-32.937,0.045,0.988,0.143,-0.043,1,-51.300,29.202,-31.126,0.000,2,32.120182,-110.760597,79.370003,6.853,2990.485596,21,38,21,28,4,3,U_TURN_HDG,AP_HDG_SEL_IMU,11.816,-30.000,0.000,4,15,19,13,ROLL_LEFT
693,94.862511,0,0.038,0.115,0.090,-5.664,-4.341,163.732,-0.671,0.448,0.112,-31.875,5.125,22.375,-3.255,2.512,-32.937,0.044,0.988,0.143,-0.044,1,-51.700,29.196,-31.247,0.000,2,32.120182,-110.760590,79.349998,6.834,2990.485596,21,38,21,32,4,3,U_TURN_HDG,AP_HDG_SEL_IMU,11.816,-30.000,0.000,4,15,19,13,ROLL_LEFT
694,94.930153,0,-0.077,-0.256,-0.154,-5.670,-4.333,163.731,-0.112,-0.112,-0.112,-31.875,5.125,22.375,-3.255,2.512,-32.937,0.044,0.988,0.143,-0.044,1,-51.422,29.130,-31.163,0.000,2,32.120186,-110.760590,79.290001,6.800,2990.485596,21,38,21,40,4,3,U_TURN_HDG,AP_HDG_SEL_IMU,11.816,-30.000,0.000,4,15,19,13,ROLL_LEFT
695,94.982361,0,0.013,0.115,0.090,-5.650,-4.393,163.734,0.336,0.000,0.112,-31.875,5.125,22.375,-3.230,2.512,-32.937,0.045,0.988,0.143,-0.043,1,-51.095,29.144,-31.064,0.000,2,32.120186,-110.760582,79.269997,6.783,2990.485596,21,38,21,44,4,3,U_TURN_HDG,AP_HDG_SEL_IMU,11.816,-30.000,0.000,4,15,19,13,ROLL_LEFT
696,95.125275,0,-0.077,0.013,-0.064,-5.658,-4.349,163.732,-0.560,0.112,0.000,-31.875,5.125,22.375,-3.255,2.486,-32.911,0.044,0.988,0.143,-0.043,1,-50.615,29.160,-30.918,0.000,2,32.120186,-110.760567,79.540001,6.864,2990.485596,21,38,21,60,3,3,U_TURN_HDG,AP_HDG_SEL_IMU,11.816,-30.000,0.000,4,15,19,13,ROLL_LEFT
697,95.210869,0,0.038,-0.115,-0.064,-5.648,-4.379,163.733,1.343,-0.336,-0.112,-31.875,5.125,22.375,-3.255,2.486,-32.911,0.045,0.988,0.143,-0.043,1,-50.621,29.152,-30.920,0.000,2,32.120186,-110.760559,79.800003,6.918,2990.485596,21,38,21,68,3,3,U_TURN_HDG,AP_HDG_SEL_IMU,11.816,-30.000,0.000,4,15,19,13,ROLL_LEFT
698,95.261871,0,0.038,0.167,0.064,-5.656,-4.335,163.724,0.336,-0.112,0.112,-31.875,5.125,22.375,-3.255,2.461,-32.911,0.044,0.988,0.143,-0.043,1,-50.879,29.114,-30.998,0.000,2,32.120186,-110.760559,79.930000,6.945,2990.485596,21,38,21,72,3,3,U_TURN_HDG,AP_HDG_SEL_IMU,11.816,-30.000,0.000,4,15,19,13,ROLL_LEFT
699,95.332016,0,0.064,-0.090,-0.064,-5.659,-4.306,163.723,0.560,-0.224,0.112,-31.875,5.125,22.375,-3.255,2.435,-32.911,0.044,0.988,0.143,-0.044,1,-51.570,29.144,-31.208,0.000,2,32.120182,-110.760551,80.180000,6.989,2990.485596,21,38,21,80,4,3,U_TURN_HDG,AP_HDG_SEL_IMU,11.816,-30.000,0.000,4,15,19,13,ROLL_LEFT
700,96.493118,0,0.064,0.141,-0.064,-5.652,-4.357,163.725,-0.112,0.000,0.000,-31.875,5.125,22.375,-3.281,2.486,-32.911,0.045,0.988,0.143,-0.043,1,-51.839,29.088,-31.289,0.000,2,32.120186,-110.760521,80.449997,6.977,2990.485596,21,38,22,96,3,3,U_TURN_HDG,AP_HDG_SEL_IMU,11.816,-30.000,0.000,4,15,19,13,ROLL_LEFT
701,96.689087,0,0.090,-0.013,0.064,-5.650,-4.343,163.724,0.000,0.000,0.000,-31.875,5.125,22.375,-3.281,2.512,-32.937,0.044,0.988,0.143,-0.043,1,-51.275,29.106,-31.119,0.000,2,32.120186,-110.760513,80.570000,6.972,2990.157715,21,38,23,16,3,3,U_TURN_HDG,AP_HDG_SEL_IMU,11.816,-30.000,0.000,4,15,19,13,ROLL_LEFT
702,96.750511,0,-0.051,-0.141,-0.064,-5.668,-4.368,163.719,2.238,-0.560,-0.224,-31.875,5.125,22.375,-3.281,2.538,-32.911,0.045,0.988,0.143,-0.044,1,-51.176,29.146,-31.089,0.000,2,32.120186,-110.760513,80.589996,6.971,2990.157715,21,38,23,20,3,3,U_TURN_HDG,AP_HDG_SEL_IMU,11.816,-30.000,0.000,4,15,19,13,ROLL_LEFT
703,96.813835,0,0.218,0.115,-0.064,-5.669,-4.376,163.727,-1.231,0.448,0.000,-31.875,5.125,22.375,-3.281,2.512,-32.937,0.045,0.988,0.143,-0.044,1,-50.879,29.110,-30.998,0.000,2,32.120186,-110.760513,80.620003,6.971,2990.157715,21,38,23,28,3,3,U_TURN_HDG,AP_HDG_SEL_IMU,11.816,-30.000,0.000,4,15,19,13,ROLL_LEFT
704,96.887115,0,0.064,-0.013,-0.064,-5.668,-4.369,163.726,0.448,-0.224,0.224,-31.875,5.125,22.375,-3.281,2.512,-32.911,0.045,0.988,0.143,-0.044,1,-51.110,29.122,-31.069,0.000,2,32.120186,-110.760506,80.650002,6.972,2990.157715,21,38,23,36,3,3,U_TURN_HDG,AP_HDG_SEL_IMU,11.816,-30.000,0.000,4,15,19,13,ROLL_LEFT
705,96.964195,0,0.192,-0.013,-0.064,-5.659,-4.405,163.728,0.895,-0.448,-0.112,-31.875,5.125,22.375,-3.306,2.512,-32.911,0.045,0.988,0.143,-0.043,1,-51.817,29.132,-31.283,0.000,2,32.120186,-110.760506,80.680000,6.974,2990.157715,21,38,23,44,3,3,U_TURN_HDG,AP_HDG_SEL_IMU,11.816,-30.000,0.000,4,15,19,13,ROLL_LEFT
706,97.084030,0,0.038,-0.141,-0.179,-5.656,-4.434,163.722,2.798,-0.783,-0.112,-31.875,5.125,22.375,-3.255,2.512,-32.911,0.045,0.988,0.143,-0.043,1,-52.265,29.174,-31.418,0.000,2,32.120182,-110.760490,81.099998,7.087,2990.157715,21,38,23,56,3,3,U_TURN_HDG,AP_HDG_SEL_IMU,11.816,-30.000,0.000,4,15,19,13,ROLL_LEFT
707,97.149513,0,0.038,-0.115,-0.179,-5.670,-4.382,163.720,1.343,-0.448,0.112,-31.875,5.125,22.375,-3.255,2.486,-32.911,0.045,0.988,0.143,-0.044,1,-51.418,29.132,-31.162,0.000,2,32.120182,-110.760490,81.290001,7.126,2990.157715,21,38,23,60,3,3,U_TURN_HDG,AP_HDG_SEL_IMU,11.816,-30.000,0.000,4,15,19,13,ROLL_LEFT
708,97.205261,0,0.038,0.243,0.064,-5.658,-4.398,163.720,1.007,-0.336,0.000,-31.875,5.125,22.375,-3.255,2.512,-32.911,0.045,0.988,0.143,-0.043,1,-51.749,29.110,-31.262,0.000,2,32.120178,-110.760483,81.680000,7.202,2990.157715,21,38,23,68,3,3,U_TURN_HDG,AP_HDG_SEL_IMU,11.816,-30.000,0.000,4,15,19,13,ROLL_LEFT
709,97.364151,0,0.038,-0.115,-0.064,-5.677,-4.332,163.718,-1.119,0.448,0.224,-31.875,5.125,22.375,-3.255,2.486,-32.911,0.044,0.988,0.143,-0.044,1,-50.885,29.102,-31.000,0.000,2,32.120178,-110.760468,82.500000,7.359,2990.157715,21,38,23,84,3,3,U_TURN_HDG,AP_HDG_SEL_IMU,11.816,-30.000,0.000,4,15,19,13,ROLL_LEFT
710,97.422279,0,0.013,-0.013,-0.064,-5.653,-4.363,163.718,0.448,-0.112,0.000,-31.875,5.125,22.375,-3.230,2.512,-32.911,0.045,0.988,0.143,-0.043,1,-51.364,29.092,-31.146,0.000,2,32.120178,-110.760452,82.839996,7.452,2990.157715,21,38,23,88,3,3,U_TURN_HDG,AP_HDG_SEL_IMU,11.816,-30.000,0.000,4,15,19,13,ROLL_LEFT
711,97.481995,0,-0.077,0.013,-0.064,-5.653,-4.363,163.712,0.336,-0.224,0.112,-31.875,5.125,22.375,-3.255,2.486,-32.911,0.045,0.988,0.143,-0.043,1,-51.726,29.150,-31.255,0.000,2,32.120178,-110.760452,83.040001,7.458,2990.157715,21,38,23,92,3,3,U_TURN_HDG,AP_HDG_SEL_IMU,11.816,-30.000,0.000,4,15,19,13,ROLL_LEFT
712,97.562553,0,-0.077,-0.115,-0.064,-5.657,-4.341,163.711,-0.224,0.112,-0.112,-31.875,5.125,22.375,-3.255,2.486,-32.911,0.044,0.988,0.143,-0.043,1,-52.056,29.122,-31.355,0.000,2,32.120178,-110.760445,83.169998,7.467,2990.157715,21,38,23,96,3,3,U_TURN_HDG,AP_HDG_SEL_IMU,11.816,-30.000,0.000,4,15,19,13,ROLL_LEFT
713,97.651672,0,-0.205,0.013,0.064,-5.656,-4.334,163.710,-0.336,0.000,-0.224,-31.875,5.125,22.375,-3.255,2.486,-32.911,0.044,0.988,0.143,-0.043,1,-51.870,29.174,-31.299,0.000,2,32.120178,-110.760445,83.389999,7.489,2990.157715,21,38,24,8,3,3,U_TURN_HDG,AP_HDG_SEL_IMU,11.816,-30.000,0.000,4,15,19,13,ROLL_LEFT
714,97.711510,0,-0.077,-0.231,-0.179,-5.661,-4.319,163.710,0.112,-0.112,0.112,-31.875,5.125,22.375,-3.255,2.486,-32.911,0.044,0.988,0.143,-0.044,1,-51.705,29.187,-31.249,0.000,2,32.120178,-110.760437,83.459999,7.489,2989.829346,21,38,24,16,3,3,U_TURN_HDG,AP_HDG_SEL_IMU,11.816,-30.000,0.000,4,15,19,13,ROLL_LEFT
715,99.367264,0,-0.205,-0.115,-0.064,-5.651,-4.349,163.711,1.007,-0.224,0.112,-31.875,5.125,22.375,-3.255,2.486,-32.911,0.044,0.988,0.143,-0.043,1,-51.654,29.136,-31.234,0.000,2,32.120182,-110.760399,83.620003,7.533,2989.829346,21,38,25,84,3,3,U_TURN_HDG,AP_HDG_SEL_IMU,11.816,-30.000,0.000,4,15,19,13,ROLL_LEFT
716,99.436813,0,-0.026,-0.090,-0.064,-5.645,-4.357,163.711,0.000,0.000,0.000,-31.875,5.125,22.375,-3.306,2.461,-32.911,0.045,0.988,0.143,-0.043,1,-51.216,29.074,-31.101,0.000,2,32.120182,-110.760391,83.820000,7.575,2989.829346,21,38,25,88,3,3,U_TURN_HDG,AP_HDG_SEL_IMU,11.816,-30.000,0.000,4,15,19,13,ROLL_LEFT
717,99.538635,0,-0.051,0.013,-0.064,-5.688,-4.308,163.703,0.000,0.000,0.000,-31.875,5.125,22.375,-3.306,2.461,-32.911,0.044,0.988,0.143,-0.044,1,-51.216,29.078,-31.101,0.000,2,32.120182,-110.760376,84.529999,7.696,2989.501465,21,38,26,0,3,3,U_TURN_HDG,AP_HDG_SEL_IMU,11.816,-30.000,0.000,4,15,19,13,ROLL_LEFT
718,99.591820,0,-0.128,0.038,0.090,-5.688,-4.308,163.703,0.000,0.000,0.000,-31.875,5.125,22.375,-3.306,2.486,-32.937,0.044,0.988,0.143,-0.044,1,-51.132,29.082,-31.075,0.000,2,32.120182,-110.760368,84.760002,7.737,2989.501465,21,38,26,4,3,3,U_TURN_HDG,AP_HDG_SEL_IMU,11.816,-30.000,0.000,4,15,19,13,ROLL_LEFT
719,99.636505,0,0.115,0.038,-0.038,-5.695,-4.307,163.703,0.000,0.000,0.000,-31.875,5.125,22.375,-3.332,2.461,-32.937,0.044,0.988,0.143,-0.044,1,-51.640,29.165,-31.229,0.000,2,32.120182,-110.760368,84.980003,7.776,2989.501465,21,38,26,8,3,3,U_TURN_HDG,AP_HDG_SEL_IMU,11.816,-30.000,0.000,4,15,19,13,ROLL_LEFT
720,99.702042,0,0.000,0.038,0.090,-5.694,-4.300,163.703,0.000,0.000,0.000,-31.875,5.125,22.375,-3.332,2.461,-32.937,0.044,0.988,0.143,-0.044,1,-51.247,29.157,-31.110,0.000,2,32.120182,-110.760353,85.389999,7.852,2989.173340,21,38,26,16,3,3,U_TURN_HDG,AP_HDG_SEL_IMU,11.816,-30.000,0.000,4,15,19,13,ROLL_LEFT
721,99.747505,0,0.115,-0.090,-0.038,-5.701,-4.299,163.703,0.000,0.000,0.000,-31.875,5.125,22.375,-3.332,2.461,-32.937,0.044,0.988,0.143,-0.044,1,-51.316,29.176,-31.131,0.000,2,32.120182,-110.760353,85.589996,7.891,2989.173340,21,38,26,20,3,3,U_TURN_HDG,AP_HDG_SEL_IMU,11.816,-30.000,0.000,4,15,19,13,ROLL_LEFT
722,99.798500,0,0.000,0.038,-0.038,-5.708,-4.298,163.703,0.000,0.000,0.000,-31.875,5.125,22.375,-3.332,2.461,-32.937,0.044,0.988,0.143,-0.044,1,-51.253,29.148,-31.112,0.000,2,32.120182,-110.760345,85.709999,7.877,2988.845215,21,38,26,24,3,3,U_TURN_HDG,AP_HDG_SEL_IMU,11.816,-30.000,0.000,4,15,19,13,ROLL_LEFT
723,99.872200,0,-0.026,-0.090,-0.064,-5.708,-4.298,163.703,0.000,0.000,0.000,-31.875,5.125,22.375,-3.306,2.461,-32.911,0.044,0.988,0.143,-0.044,1,-51.403,29.159,-31.157,0.000,2,32.120186,-110.760345,85.820000,7.853,2988.517334,21,38,26,32,3,3,U_TURN_HDG,AP_HDG_SEL_IMU,11.816,-30.000,0.000,4,15,19,13,ROLL_LEFT
724,99.918648,0,0.000,-0.090,0.090,-5.708,-4.298,163.703,0.000,0.000,0.000,-31.875,5.125,22.375,-3.332,2.461,-32.937,0.044,0.988,0.143,-0.044,1,-51.307,29.191,-31.128,0.000,2,32.120186,-110.760338,85.870003,7.842,2988.517334,21,38,26,36,3,3,U_TURN_HDG,AP_HDG_SEL_IMU,11.816,-30.000,0.000,4,15,19,13,ROLL_LEFT
725,100.002480,0,-0.026,0.038,-0.064,-5.715,-4.297,163.704,0.000,0.000,0.000,-31.875,5.125,22.375,-3.306,2.461,-32.911,0.044,0.988,0.143,-0.044,1,-51.480,29.168,-31.181,0.000,2,32.120186,-110.760338,85.940002,7.818,2988.188965,21,38,26,44,3,3,U_TURN_HDG,AP_HDG_SEL_IMU,11.816,-30.000,0.000,4,15,19,13,ROLL_LEFT
726,100.077515,0,-0.026,-0.090,-0.064,-5.714,-4.290,163.703,0.000,0.000,0.000,-31.875,5.125,22.375,-3.306,2.461,-32.911,0.044,0.988,0.143,-0.044,1,-51.488,29.152,-31.183,0.000,2,32.120186,-110.760323,85.919998,7.921,2988.188965,21,38,26,52,3,3,U_TURN_HDG,AP_HDG_SEL_IMU,11.816,-30.000,0.000,4,15,19,13,ROLL_LEFT
727,100.156380,0,-0.026,0.064,-0.064,-5.714,-4.290,163.703,0.000,0.000,0.000,-31.875,5.125,22.375,-3.306,2.435,-32.911,0.044,0.988,0.143,-0.044,1,-51.253,29.147,-31.112,0.000,2,32.120186,-110.760315,85.830002,8.026,2987.861084,21,38,26,60,3,3,U_TURN_HDG,AP_HDG_SEL_IMU,11.816,-30.000,0.000,4,15,19,13,ROLL_LEFT
728,100.209496,0,-0.026,0.064,0.064,-5.713,-4.283,163.703,0.000,0.000,0.000,-31.875,5.125,22.375,-3.306,2.435,-32.911,0.044,0.988,0.143,-0.044,1,-51.551,29.180,-31.202,0.000,2,32.120190,-110.760307,85.779999,8.078,2987.861084,21,38,26,64,3,3,U_TURN_HDG,AP_HDG_SEL_IMU,11.816,-30.000,0.000,4,15,19,13,ROLL_LEFT
729,100.267502,0,0.090,0.064,-0.064,-5.713,-4.283,163.703,0.000,0.000,0.000,-31.875,5.125,22.375,-3.306,2.435,-32.911,0.044,0.988,0.143,-0.044,1,-51.321,29.166,-31.132,0.000,2,32.120190,-110.760300,85.680000,8.179,2987.861084,21,38,26,72,3,3,U_TURN_HDG,AP_HDG_SEL_IMU,11.816,-30.000,0.000,4,15,19,13,ROLL_LEFT
730,100.328529,0,0.000,0.038,-0.038,-5.712,-4.276,163.702,0.000,0.000,0.000,-31.875,5.125,22.375,-3.332,2.461,-32.937,0.044,0.988,0.143,-0.044,1,-52.110,29.172,-31.371,0.000,2,32.120190,-110.760284,85.699997,8.223,2987.532715,21,38,26,76,3,3,U_TURN_HDG,AP_HDG_SEL_IMU,11.816,-30.000,0.000,4,15,19,13,ROLL_LEFT
731,100.387505,0,0.115,-0.090,-0.038,-5.719,-4.275,163.703,0.000,0.000,0.000,-31.875,5.125,22.375,-3.332,2.461,-32.937,0.044,0.988,0.143,-0.044,1,-51.779,29.196,-31.271,0.000,2,32.120190,-110.760277,85.820000,8.307,2987.532715,21,38,26,84,3,3,U_TURN_HDG,AP_HDG_SEL_IMU,11.816,-30.000,0.000,4,15,19,13,ROLL_LEFT
732,100.439507,0,0.000,0.038,-0.038,-5.719,-4.275,163.703,0.000,0.000,0.000,-31.875,5.125,22.375,-3.332,2.461,-32.937,0.044,0.988,0.143,-0.044,1,-51.409,29.150,-31.159,0.000,2,32.120190,-110.760269,85.900002,8.350,2987.532715,21,38,26,88,3,3,U_TURN_HDG,AP_HDG_SEL_IMU,11.816,-30.000,0.000,4,15,19,13,ROLL_LEFT
733,100.518280,0,0.115,0.167,0.090,-5.726,-4.274,163.703,0.000,0.000,0.000,-31.875,5.125,22.375,-3.332,2.461,-32.937,0.044,0.988,0.143,-0.044,1,-51.168,29.158,-31.086,0.000,2,32.120193,-110.760262,85.970001,8.392,2987.204834,21,38,26,92,3,3,U_TURN_HDG,AP_HDG_SEL_IMU,11.816,-30.000,0.000,4,15,19,13,ROLL_LEFT
734,100.598892,0,0.090,0.167,0.064,-5.726,-4.274,163.703,0.000,0.000,0.000,-31.875,5.125,22.375,-3.306,2.461,-32.911,0.044,0.988,0.143,-0.044,1,-51.258,29.140,-31.114,0.000,2,32.120193,-110.760254,86.089996,8.453,2987.204834,21,38,27,0,3,3,U_TURN_HDG,AP_HDG_SEL_IMU,11.816,-30.000,0.000,4,15,19,13,ROLL_LEFT
735,100.669510,0,-0.026,0.038,-0.064,-5.726,-4.274,163.703,0.000,0.000,0.000,-31.875,5.125,22.375,-3.306,2.461,-32.911,0.044,0.988,0.143,-0.044,1,-52.530,29.122,-31.497,0.000,2,32.120193,-110.760239,86.150002,8.544,2987.204834,21,38,27,12,3,3,U_TURN_HDG,AP_HDG_SEL_IMU,11.816,-30.000,0.000,4,15,19,13,ROLL_LEFT
736,100.739685,0,-0.051,-0.115,0.064,-5.726,-4.274,163.703,0.000,0.000,0.000,-31.875,5.125,22.375,-3.281,2.486,-32.911,0.044,0.988,0.143,-0.044,1,-51.857,29.192,-31.295,0.000,2,32.120197,-110.760231,86.019997,8.615,2986.876709,21,38,27,20,3,3,U_TURN_HDG,AP_HDG_SEL_IMU,11.816,-30.000,0.000,4,15,19,13,ROLL_LEFT
737,100.795502,0,-0.051,-0.115,-0.064,-5.720,-4.282,163.703,0.000,0.000,0.000,-31.875,5.125,22.375,-3.281,2.486,-32.911,0.044,0.988,0.143,-0.044,1,-52.439,29.141,-31.470,0.000,2,32.120197,-110.760223,85.940002,8.665,2986.876709,21,38,27,24,3,3,U_TURN_HDG,AP_HDG_SEL_IMU,11.816,-30.000,0.000,4,15,19,13,ROLL_LEFT
738,100.859612,0,-0.051,0.013,-0.064,-5.720,-4.282,163.703,0.000,0.000,0.000,-31.875,5.125,22.375,-3.281,2.486,-32.911,0.044,0.988,0.143,-0.044,1,-51.340,29.135,-31.138,0.000,2,32.120197,-110.760216,85.849998,8.824,2986.548584,21,38,27,32,3,3,U_TURN_HDG,AP_HDG_SEL_IMU,11.816,-30.000,0.000,4,15,19,13,ROLL_LEFT
739,100.929558,0,0.064,0.013,-0.064,-5.713,-4.283,163.703,0.000,0.000,0.000,-31.875,5.125,22.375,-3.281,2.486,-32.911,0.044,0.988,0.143,-0.044,1,-51.797,29.165,-31.277,0.000,2,32.120201,-110.760201,85.790001,8.984,2986.548584,21,38,27,40,3,3,U_TURN_HDG,AP_HDG_SEL_IMU,11.816,-30.000,0.000,4,15,19,13,ROLL_LEFT
740,100.988037,0,-0.026,0.013,0.090,-5.714,-4.290,163.703,0.000,0.000,0.000,-31.875,5.125,22.375,-3.306,2.486,-32.937,0.044,0.988,0.143,-0.044,1,-51.327,29.158,-31.134,0.000,2,32.120201,-110.760193,85.760002,9.065,2986.548584,21,38,27,44,3,3,U_TURN_HDG,AP_HDG_SEL_IMU,11.816,-30.000,0.000,4,15,19,13,ROLL_LEFT
741,101.046265,0,-0.051,-0.115,-0.064,-5.714,-4.290,163.703,0.000,0.000,0.000,-31.875,5.125,22.375,-3.281,2.486,-32.911,0.044,0.988,0.143,-0.044,1,-51.866,29.180,-31.297,0.000,2,32.120201,-110.760178,85.800003,9.207,2986.548584,21,38,27,52,3,3,U_TURN_HDG,AP_HDG_SEL_IMU,11.816,-30.000,0.000,4,15,19,13,ROLL_LEFT
742,101.125229,0,-0.026,0.013,0.090,-5.707,-4.291,163.703,0.000,0.000,0.000,-31.875,5.125,22.375,-3.306,2.486,-32.937,0.044,0.988,0.143,-0.044,1,-51.712,29.174,-31.251,0.000,2,32.120201,-110.760162,86.080002,9.388,2986.548584,21,38,27,60,3,3,U_TURN_HDG,AP_HDG_SEL_IMU,11.816,-30.000,0.000,4,15,19,13,ROLL_LEFT
743,101.210121,0,-0.154,-0.115,-0.038,-5.708,-4.298,163.703,0.000,0.000,0.000,-31.875,5.125,22.375,-3.306,2.486,-32.937,0.044,0.988,0.143,-0.044,1,-51.557,29.169,-31.204,0.000,2,32.120201,-110.760155,86.489998,9.583,2986.548584,21,38,27,68,3,3,U_TURN_HDG,AP_HDG_SEL_IMU,11.816,-30.000,0.000,4,15,19,13,ROLL_LEFT
744,101.277817,0,-0.026,-0.115,-0.154,-5.708,-4.298,163.703,0.000,0.000,0.000,-31.875,5.125,22.375,-3.306,2.486,-32.937,0.044,0.988,0.143,-0.044,1,-50.795,29.118,-30.973,0.000,2,32.120201,-110.760147,86.690002,9.669,2986.548584,21,38,27,72,3,3,U_TURN_HDG,AP_HDG_SEL_IMU,11.816,-30.000,0.000,4,15,19,13,ROLL_LEFT
745,101.338989,0,-0.026,-0.115,0.090,-5.715,-4.297,163.704,0.000,0.000,0.000,-31.875,5.125,22.375,-3.306,2.486,-32.937,0.044,0.988,0.143,-0.044,1,-51.749,29.110,-31.262,0.000,2,32.120201,-110.760124,87.120003,9.853,2986.548584,21,38,27,80,3,3,U_TURN_HDG,AP_HDG_SEL_IMU,11.816,-30.000,0.000,4,15,19,13,ROLL_LEFT
746,101.411072,0,0.090,-0.115,-0.154,-5.715,-4.297,163.704,0.000,0.000,0.000,-31.875,5.125,22.375,-3.306,2.486,-32.937,0.044,0.988,0.143,-0.044,1,-52.129,29.139,-31.377,0.000,2,32.120201,-110.760117,87.480003,9.965,2986.548584,21,38,27,88,3,3,U_TURN_HDG,AP_HDG_SEL_IMU,11.816,-30.000,0.000,4,15,19,13,ROLL_LEFT
747,101.474510,0,-0.026,0.013,-0.038,-5.716,-4.304,163.704,0.000,0.000,0.000,-31.875,5.125,22.375,-3.306,2.486,-32.937,0.044,0.988,0.143,-0.044,1,-51.307,29.191,-31.128,0.000,2,32.120201,-110.760117,87.610001,9.994,2986.548584,21,38,27,92,3,3,U_TURN_HDG,AP_HDG_SEL_IMU,11.816,-30.000,0.000,4,15,19,13,ROLL_LEFT
748,101.537460,0,-0.154,-0.115,-0.038,-5.716,-4.304,163.704,0.000,0.000,0.000,-31.875,5.125,22.375,-3.306,2.486,-32.937,0.044,0.988,0.143,-0.044,1,-51.792,29.173,-31.275,0.000,2,32.120201,-110.760109,87.860001,10.049,2986.548584,21,38,28,0,3,3,U_TURN_HDG,AP_HDG_SEL_IMU,11.816,-30.000,0.000,4,15,19,13,ROLL_LEFT
749,101.609238,0,-0.051,-0.115,0.064,-5.716,-4.304,163.704,0.000,0.000,0.000,-31.875,5.125,22.375,-3.281,2.486,-32.911,0.044,0.988,0.143,-0.044,1,-50.771,29.163,-30.965,0.000,2,32.120201,-110.760101,88.080002,10.107,2986.548584,21,38,28,8,3,3,U_TURN_HDG,AP_HDG_SEL_IMU,11.816,-30.000,0.000,4,15,19,13,ROLL_LEFT
750,101.688095,0,0.064,-0.115,-0.179,-5.709,-4.305,163.704,0.000,0.000,0.000,-31.875,5.125,22.375,-3.281,2.486,-32.911,0.044,0.988,0.143,-0.044,1,-51.876,29.159,-31.301,0.000,2,32.120201,-110.760094,88.300003,10.161,2986.220703,21,38,28,16,3,3,U_TURN_HDG,AP_HDG_SEL_IMU,11.816,-30.000,0.000,4,15,19,13,ROLL_LEFT
751,101.777252,0,-0.051,0.013,-0.179,-5.709,-4.305,163.704,0.000,0.000,0.000,-31.875,5.125,22.375,-3.281,2.486,-32.911,0.044,0.988,0.143,-0.044,1,-51.636,29.170,-31.228,0.000,2,32.120201,-110.760094,88.410004,10.188,2986.220703,21,38,28,20,3,3,U_TURN_HDG,AP_HDG_SEL_IMU,11.816,-30.000,0.000,4,15,19,13,ROLL_LEFT
752,101.856628,0,-0.179,0.013,0.064,-5.702,-4.306,163.704,0.000,0.000,0.000,-31.875,5.125,22.375,-3.281,2.486,-32.911,0.044,0.988,0.143,-0.044,1,-51.418,29.135,-31.162,0.000,2,32.120197,-110.760086,88.620003,10.240,2986.220703,21,38,28,28,3,3,U_TURN_HDG,AP_HDG_SEL_IMU,11.816,-30.000,0.000,4,15,19,13,ROLL_LEFT
753,101.923332,0,0.064,0.013,0.064,-5.702,-4.306,163.704,0.000,0.000,0.000,-31.875,5.125,22.375,-3.281,2.486,-32.911,0.044,0.988,0.143,-0.044,1,-51.418,29.136,-31.162,0.000,2,32.120197,-110.760078,88.940002,10.319,2986.220703,21,38,28,40,3,3,U_TURN_HDG,AP_HDG_SEL_IMU,11.816,-30.000,0.000,4,15,19,13,ROLL_LEFT
754,101.993309,0,0.064,0.013,-0.064,-5.702,-4.306,163.704,0.000,0.000,0.000,-31.875,5.125,22.375,-3.281,2.486,-32.911,0.044,0.988,0.143,-0.044,1,-52.180,29.182,-31.392,0.000,2,32.120197,-110.760071,89.050003,10.343,2986.220703,21,38,28,44,3,3,U_TURN_HDG,AP_HDG_SEL_IMU,11.816,-30.000,0.000,4,15,19,13,ROLL_LEFT
755,102.047775,0,-0.051,0.013,0.064,-5.696,-4.314,163.704,0.000,0.000,0.000,-31.875,5.125,22.375,-3.281,2.486,-32.911,0.044,0.988,0.143,-0.044,1,-52.191,29.165,-31.395,0.000,2,32.120197,-110.760063,89.250000,10.392,2986.220703,21,38,28,52,3,3,U_TURN_HDG,AP_HDG_SEL_IMU,11.816,-30.000,0.000,4,15,19,13,ROLL_LEFT
756,102.128090,0,-0.051,0.013,-0.064,-5.696,-4.314,163.704,0.000,0.000,0.000,-31.875,5.125,22.375,-3.281,2.486,-32.911,0.044,0.988,0.143,-0.044,1,-51.151,29.191,-31.081,0.000,2,32.120197,-110.760063,89.449997,10.441,2985.892334,21,38,28,60,3,3,U_TURN_HDG,AP_HDG_SEL_IMU,11.816,-30.000,0.000,4,15,19,13,ROLL_LEFT
757,102.194794,0,-0.026,-0.115,-0.038,-5.696,-4.314,163.704,0.000,0.000,0.000,-31.875,5.125,22.375,-3.281,2.486,-32.911,0.044,0.988,0.143,-0.044,1,-51.151,29.190,-31.081,0.000,2,32.120197,-110.760056,89.529999,10.463,2985.892334,21,38,28,64,3,3,U_TURN_HDG,AP_HDG_SEL_IMU,11.816,-30.000,0.000,4,15,19,13,ROLL_LEFT
758,102.256126,0,-0.051,-0.115,-0.064,-5.696,-4.314,163.704,0.000,0.000,0.000,-31.875,5.125,22.375,-3.281,2.486,-32.911,0.044,0.988,0.143,-0.044,1,-51.789,29.178,-31.274,0.000,2,32.120197,-110.760056,89.489998,10.476,2985.892334,21,38,28,68,3,3,U_TURN_HDG,AP_HDG_SEL_IMU,11.816,-30.000,0.000,4,15,19,13,ROLL_LEFT
759,102.307510,0,-0.051,0.013,-0.064,-5.696,-4.314,163.704,0.000,0.000,0.000,-31.875,5.125,22.375,-3.281,2.486,-32.911,0.044,0.988,0.143,-0.044,1,-51.810,29.140,-31.281,0.000,2,32.120197,-110.760048,89.279999,10.502,2985.892334,21,38,28,76,3,3,U_TURN_HDG,AP_HDG_SEL_IMU,11.816,-30.000,0.000,4,15,19,13,ROLL_LEFT
760,102.370247,0,-0.051,-0.115,-0.064,-5.689,-4.315,163.704,0.000,0.000,0.000,-31.875,5.125,22.375,-3.281,2.486,-32.911,0.044,0.988,0.143,-0.044,1,-51.151,29.187,-31.081,0.000,2,32.120197,-110.760048,89.010002,10.523,2985.892334,21,38,28,84,3,3,U_TURN_HDG,AP_HDG_SEL_IMU,11.816,-30.000,0.000,4,15,19,13,ROLL_LEFT
761,102.447083,0,-0.051,0.013,0.064,-5.689,-4.315,163.704,0.000,0.000,0.000,-31.875,5.125,22.375,-3.281,2.486,-32.911,0.044,0.988,0.143,-0.044,1,-51.151,29.187,-31.081,0.000,2,32.120197,-110.760040,88.709999,10.544,2985.892334,21,38,28,92,3,3,U_TURN_HDG,AP_HDG_SEL_IMU,11.816,-30.000,0.000,4,15,19,13,ROLL_LEFT
762,102.565125,0,-0.051,0.013,-0.064,-5.689,-4.315,163.704,0.000,0.000,0.000,-31.875,5.125,22.375,-3.281,2.486,-32.911,0.044,0.988,0.143,-0.044,1,-51.003,29.169,-31.036,0.000,2,32.120201,-110.760033,88.260002,10.572,2985.892334,21,38,29,4,3,3,U_TURN_HDG,AP_HDG_SEL_IMU,11.816,-30.000,0.000,4,15,19,13,ROLL_LEFT
763,102.650185,0,0.064,0.013,0.064,-5.689,-4.315,163.704,0.000,0.000,0.000,-31.875,5.125,22.375,-3.281,2.486,-32.911,0.044,0.988,0.143,-0.044,1,-51.374,29.215,-31.149,0.000,2,32.120201,-110.760033,87.959999,10.586,2985.892334,21,38,29,12,3,3,U_TURN_HDG,AP_HDG_SEL_IMU,11.816,-30.000,0.000,4,15,19,13,ROLL_LEFT
764,102.729141,0,-0.051,-0.115,0.064,-5.689,-4.315,163.704,0.000,0.000,0.000,-31.875,5.125,22.375,-3.281,2.486,-32.911,0.044,0.988,0.143,-0.044,1,-50.347,29.212,-30.836,0.000,2,32.120201,-110.760025,87.610001,10.572,2985.892334,21,38,29,20,3,3,U_TURN_HDG,AP_HDG_SEL_IMU,11.816,-30.000,0.000,4,15,19,13,ROLL_LEFT
765,102.806244,0,-0.051,0.141,0.064,-5.689,-4.315,163.704,0.000,0.000,0.000,-31.875,5.125,22.375,-3.281,2.486,-32.911,0.044,0.988,0.143,-0.044,1,-51.164,29.165,-31.085,0.000,2,32.120205,-110.760025,87.029999,10.527,2985.564453,21,38,29,28,3,3,U_TURN_HDG,AP_HDG_SEL_IMU,11.816,-30.000,0.000,4,15,19,13,ROLL_LEFT
766,102.889099,0,0.064,0.141,0.064,-5.683,-4.323,163.704,0.000,0.000,0.000,-31.875,5.125,22.375,-3.281,2.486,-32.911,0.044,0.988,0.143,-0.044,1,-51.381,29.199,-31.151,0.000,2,32.120201,-110.760025,86.750000,10.510,2985.564453,21,38,29,36,3,3,U_TURN_HDG,AP_HDG_SEL_IMU,11.816,-30.000,0.000,4,15,19,13,ROLL_LEFT
767,102.962837,0,0.064,0.141,0.064,-5.689,-4.315,163.704,2.462,-0.671,0.000,-31.875,5.125,22.375,-3.281,2.486,-32.911,0.044,0.988,0.143,-0.044,1,-51.303,29.198,-31.127,0.000,2,32.120201,-110.760017,86.680000,10.491,2985.564453,21,38,29,44,3,3,U_TURN_HDG,AP_HDG_SEL_IMU,11.816,-30.000,0.000,4,15,19,13,ROLL_LEFT
768,103.042130,0,-0.051,0.013,-0.064,-5.687,-4.302,163.710,-1.790,0.783,0.336,-31.875,5.125,22.375,-3.281,2.486,-32.911,0.044,0.988,0.143,-0.044,1,-52.278,29.149,-31.422,0.000,2,32.120201,-110.760017,86.660004,10.475,2985.236328,21,38,29,52,3,3,U_TURN_HDG,AP_HDG_SEL_IMU,11.816,-30.000,0.000,4,15,19,13,ROLL_LEFT
769,105.730873,0,-0.051,0.141,0.192,-5.677,-4.331,163.704,1.119,-0.336,-0.112,-31.875,5.125,22.375,-3.281,2.486,-32.911,0.044,0.988,0.143,-0.044,1,-52.125,29.143,-31.376,0.000,2,32.120209,-110.759926,86.660004,10.468,2985.236328,21,38,32,20,3,3,U_TURN_HDG,AP_HDG_SEL_IMU,11.816,-30.000,0.000,4,15,19,13,ROLL_LEFT
770,105.781502,0,0.064,-0.115,0.064,-5.725,-4.267,163.703,-2.014,0.448,0.000,-31.875,5.125,22.375,-3.306,2.461,-32.911,0.044,0.988,0.143,-0.044,1,-51.432,29.112,-31.166,0.000,2,32.120209,-110.759918,86.650002,10.463,2985.236328,21,38,32,24,3,3,U_TURN_HDG,AP_HDG_SEL_IMU,11.816,-30.000,0.000,4,15,19,13,ROLL_LEFT
771,105.860847,0,-0.026,-0.090,0.064,-5.725,-4.267,163.703,0.000,0.000,0.000,-31.875,5.125,22.375,-3.306,2.461,-32.911,0.044,0.988,0.143,-0.044,1,-51.258,29.140,-31.114,0.000,2,32.120209,-110.759918,86.629997,10.453,2985.236328,21,38,32,32,3,3,U_TURN_HDG,AP_HDG_SEL_IMU,11.816,-30.000,0.000,4,15,19,13,ROLL_LEFT
772,106.092712,0,-0.026,-0.090,-0.064,-5.725,-4.267,163.703,0.000,0.000,0.000,-31.875,5.125,22.375,-3.306,2.461,-32.911,0.044,0.988,0.143,-0.044,1,-51.823,29.116,-31.284,0.000,2,32.120209,-110.759911,86.680000,10.485,2985.236328,21,38,32,56,3,3,U_TURN_HDG,AP_HDG_SEL_IMU,11.816,-30.000,0.000,4,15,19,13,ROLL_LEFT
773,106.288216,0,0.090,-0.090,-0.064,-5.725,-4.267,163.703,0.000,0.000,0.000,-31.875,5.125,22.375,-3.306,2.461,-32.911,0.044,0.988,0.143,-0.044,1,-52.129,29.140,-31.377,0.000,2,32.120209,-110.759903,86.760002,10.515,2985.236328,21,38,32,76,3,3,U_TURN_HDG,AP_HDG_SEL_IMU,11.816,-30.000,0.000,4,15,19,13,ROLL_LEFT
774,106.338509,0,-0.026,-0.090,-0.064,-5.725,-4.267,163.703,0.000,0.000,0.000,-31.875,5.125,22.375,-3.306,2.461,-32.911,0.044,0.988,0.143,-0.044,1,-51.210,29.087,-31.099,0.000,2,32.120209,-110.759903,86.839996,10.544,2985.236328,21,38,32,80,3,3,U_TURN_HDG,AP_HDG_SEL_IMU,11.816,-30.000,0.000,4,15,19,13,ROLL_LEFT
775,106.398590,0,-0.026,0.038,0.064,-5.725,-4.267,163.703,0.000,0.000,0.000,-31.875,5.125,22.375,-3.306,2.461,-32.911,0.044,0.988,0.143,-0.044,1,-51.268,29.117,-31.117,0.000,2,32.120209,-110.759895,86.940002,10.572,2985.236328,21,38,32,84,3,3,U_TURN_HDG,AP_HDG_SEL_IMU,11.816,-30.000,0.000,4,15,19,13,ROLL_LEFT
776,106.457214,0,0.000,-0.090,-0.064,-5.725,-4.267,163.703,0.000,0.000,0.000,-31.875,5.125,22.375,-3.332,2.461,-32.911,0.044,0.988,0.143,-0.044,1,-51.025,29.133,-31.043,0.000,2,32.120205,-110.759895,87.139999,10.623,2985.236328,21,38,32,92,3,3,U_TURN_HDG,AP_HDG_SEL_IMU,11.816,-30.000,0.000,4,15,19,13,ROLL_LEFT
777,106.511505,0,0.000,0.038,0.064,-5.725,-4.267,163.703,0.000,0.000,0.000,-31.875,5.125,22.375,-3.332,2.461,-32.911,0.044,0.988,0.143,-0.044,1,-51.337,29.140,-31.137,0.000,2,32.120205,-110.759888,87.239998,10.648,2985.236328,21,38,32,96,3,3,U_TURN_HDG,AP_HDG_SEL_IMU,11.816,-30.000,0.000,4,15,19,13,ROLL_LEFT
778,106.560501,0,0.000,-0.090,-0.064,-5.726,-4.274,163.703,0.112,0.000,-0.112,-31.875,5.125,22.375,-3.332,2.461,-32.911,0.044,0.988,0.143,-0.044,1,-51.469,29.182,-31.178,0.000,2,32.120205,-110.759888,87.239998,10.660,2985.236328,21,38,33,0,3,3,U_TURN_HDG,AP_HDG_SEL_IMU,11.816,-30.000,0.000,4,15,19,13,ROLL_LEFT
779,106.611504,0,0.000,0.038,-0.064,-5.726,-4.274,163.703,-0.224,0.000,0.112,-31.875,5.125,22.375,-3.332,2.461,-32.911,0.044,0.988,0.143,-0.044,1,-50.925,29.171,-31.012,0.000,2,32.120209,-110.759888,87.120003,10.632,2985.236328,21,38,33,4,3,3,U_TURN_HDG,AP_HDG_SEL_IMU,11.816,-30.000,0.000,4,15,19,13,ROLL_LEFT
780,106.700401,0,-0.026,0.064,-0.064,-5.726,-4.274,163.696,0.112,-0.112,-0.112,-31.875,5.125,22.375,-3.306,2.435,-32.911,0.044,0.988,0.143,-0.044,1,-51.021,29.139,-31.042,0.000,2,32.120209,-110.759888,86.730003,10.578,2985.236328,21,38,33,12,3,3,U_TURN_HDG,AP_HDG_SEL_IMU,11.816,-30.000,0.000,4,15,19,13,ROLL_LEFT
781,106.781403,0,0.000,0.064,-0.038,-5.732,-4.266,163.696,-0.112,0.000,-0.112,-31.875,5.125,22.375,-3.332,2.435,-32.937,0.044,0.988,0.143,-0.044,1,-51.255,29.143,-31.113,0.000,2,32.120209,-110.759888,86.279999,10.525,2985.564453,21,38,33,20,3,3,U_TURN_HDG,AP_HDG_SEL_IMU,11.816,-30.000,0.000,4,15,19,13,ROLL_LEFT
782,110.091087,0,0.000,-0.064,-0.038,-5.732,-4.266,163.696,0.000,0.000,-0.112,-31.875,5.125,22.375,-3.332,2.435,-32.937,0.044,0.988,0.143,-0.044,1,-50.766,29.170,-30.964,0.000,2,32.120216,-110.759781,85.820000,10.478,2985.236328,21,38,36,56,3,3,U_TURN_HDG,AP_HDG_SEL_IMU,11.816,-30.000,0.000,4,15,19,13,ROLL_LEFT
783,110.167480,0,0.064,-0.013,-0.064,-5.733,-4.273,163.688,0.000,0.000,0.000,-31.875,5.125,22.375,-3.281,2.512,-32.911,0.044,0.988,0.143,-0.044,1,-52.240,29.082,-31.410,0.000,2,32.120216,-110.759789,85.769997,10.486,2985.236328,21,38,36,64,3,3,U_TURN_HDG,AP_HDG_SEL_IMU,11.816,-30.000,0.000,4,15,19,13,ROLL_LEFT
784,110.246544,0,-0.051,-0.013,-0.179,-5.665,-4.339,163.682,0.000,0.000,0.000,-31.875,5.125,22.375,-3.281,2.512,-32.911,0.044,0.988,0.143,-0.044,1,-51.428,29.115,-31.165,0.000,2,32.120213,-110.759789,85.769997,10.488,2985.236328,21,38,36,68,3,3,U_TURN_HDG,AP_HDG_SEL_IMU,11.816,-30.000,0.000,4,15,19,13,ROLL_LEFT
785,110.313675,0,0.064,0.243,0.064,-5.666,-4.346,163.682,0.000,0.000,0.000,-31.875,5.125,22.375,-3.281,2.512,-32.911,0.044,0.988,0.143,-0.044,1,-51.184,29.131,-31.091,0.000,2,32.120209,-110.759804,86.050003,10.483,2985.236328,21,38,36,76,3,3,U_TURN_HDG,AP_HDG_SEL_IMU,11.816,-30.000,0.000,4,15,19,13,ROLL_LEFT
786,110.366272,0,0.192,0.243,0.218,-5.666,-4.346,163.682,-0.671,0.448,0.112,-31.875,5.125,22.375,-3.281,2.512,-32.937,0.044,0.988,0.143,-0.044,1,-50.803,29.107,-30.975,0.000,2,32.120209,-110.759811,86.239998,10.480,2985.236328,21,38,36,80,3,3,U_TURN_HDG,AP_HDG_SEL_IMU,11.816,-30.000,0.000,4,15,19,13,ROLL_LEFT
787,110.436905,0,-0.154,0.013,0.090,-5.675,-4.309,163.689,1.231,-0.448,0.000,-31.875,5.125,22.375,-3.281,2.486,-32.937,0.044,0.988,0.143,-0.044,1,-51.329,29.154,-31.135,0.000,2,32.120205,-110.759819,86.580002,10.453,2985.236328,21,38,36,88,3,3,U_TURN_HDG,AP_HDG_SEL_IMU,11.816,-30.000,0.000,4,15,19,13,ROLL_LEFT
788,110.513504,0,0.038,0.141,0.218,-5.667,-4.353,163.690,0.895,-0.224,0.112,-31.875,5.125,22.375,-3.281,2.512,-32.937,0.045,0.988,0.143,-0.044,1,-50.877,29.116,-30.998,0.000,2,32.120201,-110.759827,86.860001,10.422,2985.236328,21,38,36,96,3,3,U_TURN_HDG,AP_HDG_SEL_IMU,11.816,-30.000,0.000,4,15,19,13,ROLL_LEFT
789,110.582443,0,-0.077,0.013,-0.038,-5.705,-4.227,163.686,-3.021,0.895,0.336,-31.875,5.125,22.375,-3.255,2.461,-32.937,0.044,0.988,0.143,-0.044,1,-51.887,29.144,-31.304,0.000,2,32.120197,-110.759842,87.089996,10.400,2985.236328,21,38,37,4,3,3,U_TURN_HDG,AP_HDG_SEL_IMU,11.816,-30.000,0.000,4,15,19,13,ROLL_LEFT
790,110.645714,0,-0.051,0.013,-0.038,-5.667,-4.303,163.688,1.343,-0.671,-0.336,-31.875,5.125,22.375,-3.281,2.486,-32.911,0.044,0.988,0.143,-0.044,1,-51.633,29.174,-31.227,0.000,2,32.120193,-110.759842,87.379997,10.311,2985.236328,21,38,37,8,3,3,U_TURN_HDG,AP_HDG_SEL_IMU,11.816,-30.000,0.000,4,15,19,13,ROLL_LEFT
791,110.700882,0,-0.051,-0.038,0.064,-5.660,-4.354,163.691,-1.007,0.448,-0.112,-31.875,5.125,22.375,-3.255,2.538,-32.911,0.045,0.988,0.143,-0.043,1,-51.965,29.149,-31.327,0.000,2,32.120190,-110.759865,88.169998,10.144,2985.236328,21,38,37,16,3,3,U_TURN_HDG,AP_HDG_SEL_IMU,11.816,-30.000,0.000,4,15,19,13,ROLL_LEFT
792,110.755501,0,0.038,0.218,0.064,-5.617,-4.338,163.659,2.014,-0.448,-0.224,-31.875,5.125,22.375,-3.230,2.512,-32.911,0.044,0.988,0.144,-0.043,1,-51.720,29.157,-31.253,0.000,2,32.120186,-110.759872,88.580002,10.059,2985.236328,21,38,37,20,3,3,U_TURN_HDG,AP_HDG_SEL_IMU,11.816,-30.000,0.000,4,15,19,13,ROLL_LEFT
793,110.835831,0,-4.037,0.615,-1.564,-5.413,-4.364,162.755,-3.805,5.371,-9.960,-31.875,5.125,22.375,-3.255,2.538,-32.885,0.045,0.987,0.151,-0.041,1,-52.265,29.172,-31.418,0.000,2,32.120182,-110.759880,88.930000,9.968,2985.236328,21,38,37,24,3,3,U_TURN_HDG,AP_HDG_SEL_IMU,11.816,-30.000,0.000,4,15,19,13,ROLL_LEFT
794,110.911598,0,2.153,4.204,2.550,-5.000,-4.557,162.834,-10.072,3.021,0.560,-31.875,5.125,22.375,-2.973,2.640,-32.885,0.046,0.987,0.151,-0.037,1,-51.250,29.155,-31.111,0.000,2,32.120174,-110.759903,89.720001,9.690,2985.236328,21,38,37,36,3,3,U_TURN_HDG,AP_HDG_SEL_IMU,11.816,-30.000,0.000,4,15,19,13,ROLL_LEFT
795,110.976898,0,1.692,1.589,-2.448,-5.012,-4.558,162.729,-3.693,1.231,1.790,-31.875,5.125,22.375,-2.973,2.640,-32.885,0.046,0.987,0.152,-0.037,1,-51.874,29.168,-31.300,0.000,2,32.120174,-110.759911,89.800003,9.580,2985.236328,21,38,37,40,3,3,U_TURN_HDG,AP_HDG_SEL_IMU,11.816,-30.000,0.000,4,15,19,13,ROLL_LEFT
796,111.033501,0,-1.628,2.051,-1.064,-5.029,-4.241,161.724,13.205,-1.567,-39.055,-31.875,5.125,22.375,-2.973,2.461,-32.911,0.043,0.985,0.160,-0.037,1,-51.414,29.144,-31.161,0.000,2,32.120171,-110.759933,90.000000,9.384,2985.236328,21,38,37,48,3,3,U_TURN_HDG,AP_HDG_SEL_IMU,11.816,-30.000,0.000,4,15,19,13,ROLL_LEFT
797,111.104034,0,1.474,-0.423,-0.038,-5.410,-3.356,160.021,13.541,-0.560,2.574,-31.875,5.125,22.375,-3.332,1.717,-32.911,0.037,0.983,0.175,-0.041,1,-52.401,29.212,-31.458,0.000,2,32.120163,-110.759949,90.559998,9.246,2985.236328,21,38,37,56,3,3,U_TURN_HDG,AP_HDG_SEL_IMU,11.816,-30.000,0.000,4,15,19,13,ROLL_LEFT
798,111.185867,0,7.010,4.588,-6.049,-5.581,-2.671,160.648,-16.562,-19.584,10.407,-31.875,5.125,22.375,-3.460,1.640,-32.937,0.031,0.984,0.169,-0.044,1,-50.284,29.185,-30.817,0.000,2,32.120163,-110.759949,91.029999,9.197,2985.236328,21,38,37,60,3,3,U_TURN_HDG,AP_HDG_SEL_IMU,11.816,-30.000,0.000,4,16,20,14,ROLL_LEFT
799,111.255501,0,-2.640,-4.139,-4.947,-9.878,-5.155,160.329,-32.117,-51.700,9.176,-31.875,5.125,22.375,-5.793,2.922,-32.526,0.059,0.980,0.174,-0.077,1,-50.623,29.148,-30.920,0.000,2,32.120159,-110.759972,91.730003,9.062,2985.236328,21,38,37,68,3,3,U_TURN_HDG,AP_HDG_SEL_IMU,11.816,-30.000,0.000,4,14,18,12,ROLL_LEFT
800,111.322197,0,-6.267,4.152,-3.089,-13.035,-6.932,161.684,-33.684,-37.600,9.848,-31.875,5.125,22.375,-8.279,4.486,-31.809,0.077,0.978,0.165,-0.102,1,-50.383,29.152,-30.847,0.000,2,32.120155,-110.759987,92.349998,8.930,2985.236328,21,38,37,76,3,3,U_TURN_HDG,AP_HDG_SEL_IMU,11.816,-30.000,0.000,4,14,18,12,ROLL_LEFT
801,111.377594,0,4.780,-1.153,-1.012,-15.441,-9.971,162.332,-27.865,-23.836,-1.455,-31.875,5.125,22.375,-8.945,5.536,-31.501,0.106,0.974,0.163,-0.119,1,-50.914,29.189,-31.009,0.000,2,32.120148,-110.760002,93.449997,8.680,2985.236328,21,38,37,84,3,3,U_TURN_HDG,AP_HDG_SEL_IMU,11.816,-30.000,0.000,4,12,16,10,ROLL_LEFT
802,111.437027,0,5.357,0.103,-1.974,-17.617,-12.124,161.583,-48.903,-29.655,-27.976,-31.875,5.125,22.375,-10.124,6.639,-30.937,0.127,0.967,0.173,-0.134,1,-42.720,29.157,-28.404,0.000,2,32.120144,-110.760017,94.099998,8.557,2985.236328,21,38,37,88,3,3,U_TURN_HDG,AP_HDG_SEL_IMU,11.816,-30.000,0.000,4,11,15,9,ROLL_LEFT
803,111.483864,0,-1.205,0.269,4.729,-17.948,-14.266,158.945,-53.603,8.281,-50.805,-31.875,5.125,22.375,-10.304,7.766,-30.655,0.149,0.960,0.198,-0.130,1,-41.134,29.173,-27.872,0.000,2,32.120144,-110.760025,94.769997,8.437,2985.236328,21,38,37,92,3,3,U_TURN_HDG,AP_HDG_SEL_IMU,11.816,-30.000,0.000,4,10,14,8,ROLL_LEFT
804,111.531509,0,-2.896,-2.781,7.920,-17.107,-15.050,156.759,-14.883,13.653,-19.024,-31.875,5.125,22.375,-9.740,8.305,-30.707,0.157,0.956,0.217,-0.118,1,-39.475,29.170,-27.304,0.000,2,32.120136,-110.760033,95.480003,8.323,2985.236328,21,38,37,96,3,3,U_TURN_HDG,AP_HDG_SEL_IMU,11.816,-30.000,0.000,4,9,13,7,ROLL_LEFT
805,111.624512,0,-0.679,-2.358,0.525,-17.436,-15.175,156.259,3.245,-27.641,0.560,-31.875,5.125,22.375,-10.176,8.279,-30.578,0.159,0.955,0.221,-0.120,1,-39.081,29.174,-27.168,0.000,2,32.120129,-110.760063,97.910004,8.017,2985.236328,21,38,38,8,3,3,U_TURN_HDG,AP_HDG_SEL_IMU,11.816,-30.000,0.000,4,9,13,7,ROLL_LEFT
806,111.767159,0,3.153,2.012,-8.279,-17.771,-15.501,156.782,2.462,-13.541,3.693,-31.875,5.125,22.375,-10.201,8.458,-30.502,0.161,0.955,0.217,-0.123,1,-39.012,29.153,-27.143,0.000,2,32.120113,-110.760109,101.510002,7.583,2984.251953,21,38,38,24,4,3,U_TURN_HDG,AP_HDG_SEL_IMU,11.816,-30.000,0.000,4,9,13,7,ROLL_LEFT
807,111.846252,0,0.846,-2.794,-3.960,-17.310,-14.537,156.584,16.226,34.803,8.057,-31.875,5.125,22.375,-8.587,7.613,-31.219,0.153,0.956,0.218,-0.121,1,-38.235,29.130,-26.872,0.000,2,32.120117,-110.760124,101.540001,7.150,2983.924072,21,38,38,32,4,3,U_TURN_HDG,AP_HDG_SEL_IMU,11.816,-30.000,0.000,4,10,14,8,ROLL_LEFT
808,111.914597,0,-1.589,1.858,1.794,-12.695,-12.002,155.885,40.958,51.029,-9.736,-31.875,5.125,22.375,-6.767,6.254,-32.014,0.125,0.964,0.218,-0.086,1,-37.195,29.155,-26.504,0.000,2,32.120113,-110.760147,101.769997,6.989,2982.939697,21,38,38,36,4,3,U_TURN_HDG,AP_HDG_SEL_IMU,11.816,-30.000,0.000,4,11,15,9,ROLL_LEFT
809,111.965981,0,-4.306,1.025,1.141,-9.690,-10.397,154.714,-17.010,17.457,-0.783,-31.875,5.125,22.375,-5.562,5.870,-32.347,0.107,0.967,0.225,-0.062,1,-37.435,29.148,-26.589,0.000,2,32.120110,-110.760162,102.220001,6.890,2982.611572,21,38,38,44,4,3,U_TURN_HDG,AP_HDG_SEL_IMU,11.816,-30.000,0.000,4,12,16,10,ROLL_LEFT
810,112.044037,0,3.281,1.230,-4.626,-8.939,-11.471,154.568,-36.593,23.612,-4.141,-31.875,5.125,22.375,-4.896,6.895,-32.245,0.114,0.966,0.226,-0.054,1,-36.854,29.200,-26.382,0.000,2,32.120106,-110.760178,102.370003,6.748,2981.955566,21,38,38,52,3,3,U_TURN_HDG,AP_HDG_SEL_IMU,11.816,-30.000,0.000,4,11,15,9,ROLL_LEFT
811,112.126221,0,2.102,0.897,-2.153,-5.346,-14.192,152.506,-40.286,86.056,-24.060,-31.875,5.125,22.375,-2.614,8.305,-32.245,0.131,0.961,0.241,-0.016,1,-37.507,29.160,-26.615,0.000,2,32.120106,-110.760193,102.260002,6.636,2981.627441,21,38,38,60,3,3,U_TURN_HDG,AP_HDG_SEL_IMU,11.816,-30.000,0.000,4,10,14,8,ROLL_LEFT
812,112.224152,0,1.371,0.051,-5.126,0.334,-17.547,148.920,-50.917,94.560,-19.360,-31.875,5.125,22.375,3.614,12.098,-31.014,0.146,0.952,0.264,0.044,1,-38.361,29.188,-26.916,0.000,2,32.120106,-110.760201,101.199997,6.545,2980.643066,21,38,38,68,3,3,U_TURN_HDG,AP_HDG_SEL_IMU,11.816,-30.000,0.000,4,8,12,6,ROLL_LEFT
813,112.314346,0,3.294,0.961,-2.409,10.905,-23.906,142.588,-19.024,113.696,-2.350,-31.875,5.125,22.375,7.613,13.508,-29.758,0.165,0.929,0.294,0.154,1,-40.404,29.205,-27.624,0.000,2,32.120106,-110.760208,100.199997,6.503,2979.986816,21,38,38,76,3,3,U_TURN_HDG,AP_HDG_SEL_IMU,11.816,-30.000,0.000,4,5,9,3,ROLL_LEFT
814,112.394562,0,2.486,2.256,-1.128,17.690,-27.402,138.511,-72.627,117.725,-41.293,-31.875,5.125,22.375,11.329,15.533,-27.605,0.166,0.911,0.306,0.223,1,-40.281,29.143,-27.582,0.000,2,32.120110,-110.760208,99.250000,6.446,2979.658936,21,38,38,84,4,3,U_TURN_HDG,AP_HDG_SEL_IMU,11.816,-30.000,0.000,4,2,6,0,MAINTAIN_ANGLE
815,112.475510,0,-5.421,-1.910,1.845,24.288,-38.378,129.164,-135.070,129.475,-37.936,-31.875,5.125,22.375,15.200,21.044,-21.582,0.205,0.864,0.334,0.317,1,-47.536,29.162,-29.962,0.000,2,32.120113,-110.760216,98.220001,6.385,2979.330811,21,38,38,92,4,3,U_TURN_HDG,AP_PROT_ROLL_MIN,11.816,30.000,0.000,4,-12,-8,14,ROLL_RIGHT
816,112.555496,0,-5.472,-2.576,2.384,28.766,-55.079,118.297,-120.523,75.536,-47.000,-31.875,5.125,22.375,16.584,26.195,-13.482,0.272,0.796,0.342,0.419,1,-45.241,29.166,-29.230,0.000,2,32.120113,-110.760223,97.580002,6.231,2979.002686,21,38,39,0,4,3,U_TURN_HDG,AP_PROT_ROLL_MIN,11.816,30.000,0.000,4,-12,-8,14,ROLL_RIGHT
817,112.625511,0,-5.178,-4.575,1.230,28.401,-67.674,110.276,-62.220,70.165,-34.019,-31.875,5.125,22.375,16.174,28.067,-9.689,0.326,0.739,0.348,0.476,1,-43.344,29.170,-28.611,0.000,2,32.120117,-110.760231,97.070000,6.051,2977.690186,21,38,39,8,4,3,U_TURN_HDG,AP_PROT_ROLL_MIN,11.816,30.000,0.000,4,-12,-8,14,ROLL_RIGHT
818,112.714508,0,-3.076,-1.217,1.820,28.409,-73.548,105.560,-70.836,65.017,-1.343,-31.875,5.125,22.375,16.635,28.836,-5.895,0.343,0.707,0.353,0.508,1,-41.711,29.131,-28.067,0.000,2,32.120117,-110.760239,96.639999,5.931,2977.362305,21,38,39,16,4,3,U_TURN_HDG,AP_PROT_ROLL_MIN,11.816,30.000,0.000,4,-12,-8,14,ROLL_RIGHT
819,112.795502,0,-2.627,-1.833,2.717,29.517,-86.487,97.768,-81.356,48.343,1.455,-31.875,5.125,22.375,16.789,29.271,-1.025,0.377,0.645,0.332,0.575,1,-42.559,29.164,-28.351,0.000,2,32.120121,-110.760246,96.250000,5.828,2976.706055,21,38,39,24,4,3,U_TURN_HDG,AP_PROT_ROLL_MIN,11.816,30.000,0.000,4,-12,-8,14,ROLL_RIGHT
820,112.876656,0,-6.805,-2.896,-1.653,26.610,-103.849,86.786,-143.911,116.718,-20.926,-31.875,5.125,22.375,15.174,29.194,7.305,0.423,0.544,0.312,0.654,1,-44.380,29.150,-28.951,0.000,2,32.120121,-110.760254,95.660004,5.760,2975.393799,21,38,39,32,4,3,U_TURN_HDG,AP_PROT_ROLL_MIN,11.816,30.000,0.000,4,-12,-8,14,ROLL_RIGHT
821,112.956505,0,-4.165,2.025,-5.575,19.198,-121.641,81.412,-195.276,117.725,-69.605,-31.875,5.125,22.375,12.995,28.477,12.354,0.500,0.424,0.269,0.706,1,-45.588,29.116,-29.342,0.000,2,32.120121,-110.760262,95.080002,5.676,2974.737549,21,38,39,40,4,3,U_TURN_HDG,AP_PROT_ROLL_MIN,11.816,30.000,0.000,4,-12,-8,14,ROLL_RIGHT
822,113.025505,0,0.141,-1.153,2.307,14.737,-133.246,73.962,-161.032,110.899,-9.736,-31.875,5.125,22.375,9.561,24.965,20.275,0.507,0.331,0.244,0.758,1,-45.605,29.217,-29.348,0.000,2,32.120125,-110.760262,94.300003,5.664,2974.081543,21,38,39,48,4,3,U_TURN_HDG,AP_PROT_ROLL_MIN,11.816,30.000,0.000,4,-12,-8,14,ROLL_RIGHT
823,113.130165,0,1.871,1.820,-4.934,11.400,-137.994,69.678,-85.832,89.413,13.205,-31.875,5.125,22.375,7.356,22.376,23.786,0.501,0.280,0.240,0.783,1,-44.292,29.169,-28.922,0.000,2,32.120129,-110.760269,93.199997,5.526,2972.769043,21,38,39,60,4,3,U_TURN_HDG,AP_PROT_ROLL_MIN,11.816,30.000,0.000,4,-12,-8,14,ROLL_RIGHT
824,113.242775,0,-6.011,-3.627,5.190,7.690,-147.838,54.505,-12.422,62.555,24.060,-31.875,5.125,22.375,5.921,21.377,24.914,0.422,0.184,0.216,0.861,1,-46.455,29.120,-29.620,0.000,2,32.120125,-110.760284,94.309998,5.279,2972.440918,21,38,39,68,5,3,U_TURN_HDG,AP_PROT_ROLL_MIN,11.816,30.000,0.000,4,-12,-8,14,ROLL_RIGHT
825,113.337509,0,-2.576,-0.666,-2.550,2.749,-152.020,50.535,-68.151,34.131,7.945,-31.875,5.125,22.375,1.102,14.918,29.502,0.409,0.124,0.209,0.880,1,-57.423,29.129,-32.932,0.000,2,32.120125,-110.760300,94.629997,5.192,2971.128662,21,38,39,76,5,3,U_TURN_HDG,AP_PROT_ROLL_MIN,11.816,30.000,0.000,4,-12,-8,14,ROLL_RIGHT
826,113.433403,0,1.179,-7.369,-6.985,1.641,-155.841,48.188,-23.948,29.655,24.955,-31.875,5.125,22.375,0.692,13.303,30.168,0.396,0.098,0.185,0.894,1,-59.543,29.143,-33.534,0.000,2,32.120121,-110.760338,96.330002,4.520,2969.816406,21,38,39,88,4,3,U_TURN_HDG,AP_PROT_ROLL_MIN,11.816,30.000,0.000,4,-12,-8,14,ROLL_RIGHT
827,113.522522,0,4.793,-2.640,-7.971,0.065,-158.515,44.305,-5.931,12.645,12.533,-31.875,5.125,22.375,-0.077,12.201,30.476,0.370,0.071,0.172,0.910,1,-58.813,29.179,-33.328,0.000,2,32.120121,-110.760345,97.660004,4.289,2968.832275,21,38,39,96,4,3,U_TURN_HDG,AP_PROT_ROLL_MIN,11.816,30.000,0.000,4,-12,-8,14,ROLL_RIGHT
828,113.592125,0,3.383,3.576,0.282,-1.877,-158.032,42.965,-5.036,49.127,9.400,-31.875,5.125,22.375,-1.948,12.124,30.220,0.362,0.055,0.183,0.912,1,-60.060,29.211,-33.679,0.000,2,32.120125,-110.760353,97.019997,4.230,2967.847900,21,38,40,4,4,3,U_TURN_HDG,AP_PROT_ROLL_MIN,11.816,30.000,0.000,4,-12,-8,14,ROLL_RIGHT
829,113.664543,0,-3.101,1.653,-3.973,-3.546,-159.348,41.043,-51.589,4.029,61.548,-31.875,5.125,22.375,-1.999,11.278,30.450,0.350,0.034,0.178,0.919,1,-60.147,29.195,-33.704,0.000,2,32.120125,-110.760361,96.660004,4.106,2967.191895,21,38,40,12,4,3,U_TURN_HDG,AP_PROT_ROLL_MIN,11.816,30.000,0.000,4,-12,-8,14,ROLL_RIGHT
830,113.752289,0,-2.678,-8.945,-2.089,-2.199,-161.516,37.507,6.043,-21.598,83.706,-31.875,5.125,22.375,0.077,10.688,30.553,0.320,0.034,0.158,0.933,1,-61.681,29.138,-34.131,0.000,2,32.120125,-110.760361,96.769997,4.073,2966.535645,21,38,40,16,4,3,U_TURN_HDG,AP_PROT_ROLL_MIN,11.816,30.000,0.000,4,-12,-8,14,ROLL_RIGHT
831,113.852722,0,-1.435,-3.101,-0.884,4.627,-156.982,31.638,91.427,-52.372,56.848,-31.875,5.125,22.375,4.255,14.943,28.169,0.259,0.092,0.181,0.944,1,-62.138,29.167,-34.257,0.000,2,32.120121,-110.760384,98.029999,3.706,2965.223145,21,38,40,28,4,3,U_TURN_HDG,AP_PROT_ROLL_MIN,11.816,30.000,0.000,4,-12,-8,14,ROLL_RIGHT
832,113.937393,0,-8.753,2.204,5.677,7.729,-150.908,29.564,6.491,12.086,16.338,-31.875,5.125,22.375,4.255,15.456,27.836,0.230,0.127,0.226,0.938,1,-59.161,29.126,-33.426,0.000,2,32.120121,-110.760399,99.570000,3.470,2964.239014,21,38,40,40,4,3,U_TURN_HDG,AP_PROT_ROLL_MIN,11.816,30.000,0.000,4,-12,-8,14,ROLL_RIGHT
833,114.129311,0,-8.522,-4.024,-1.282,9.144,-151.562,28.165,15.891,-80.125,45.546,-31.875,5.125,22.375,7.356,15.046,27.323,0.216,0.135,0.219,0.942,1,-58.918,29.134,-33.357,0.000,2,32.120117,-110.760422,102.790001,3.090,2961.942383,21,38,40,60,4,3,U_TURN_HDG,AP_PROT_ROLL_MIN,11.816,30.000,0.000,4,-12,-8,14,ROLL_RIGHT
834,114.249054,0,-5.370,-6.382,-7.779,17.638,-147.032,23.853,76.879,-41.741,59.422,-31.875,5.125,22.375,9.074,16.045,25.837,0.153,0.202,0.244,0.936,1,-59.387,29.144,-33.490,0.000,2,32.120121,-110.760429,103.639999,3.236,2960.958008,21,38,40,72,4,3,U_TURN_HDG,AP_PROT_ROLL_MIN,11.816,30.000,0.000,4,-12,-8,14,ROLL_RIGHT
835,114.349190,0,-5.844,-0.141,3.832,15.769,-150.670,22.404,72.291,78.894,-30.774,-31.875,5.125,22.375,5.895,15.481,26.785,0.152,0.179,0.220,0.947,1,-59.374,29.168,-33.486,0.000,2,32.120121,-110.760429,104.379997,3.182,2960.302002,21,38,40,80,4,3,U_TURN_HDG,AP_PROT_ROLL_MIN,11.816,30.000,0.000,4,-12,-8,14,ROLL_RIGHT
836,114.443008,0,5.575,-2.025,1.666,10.294,-144.491,18.829,45.210,-32.900,45.658,-31.875,5.125,22.375,5.690,18.173,24.837,0.128,0.134,0.286,0.940,1,-47.789,29.133,-30.042,0.000,2,32.120117,-110.760483,105.820000,2.830,2959.317627,21,38,40,88,5,3,U_TURN_HDG,AP_PROT_ROLL_MIN,11.816,30.000,0.000,4,-12,-8,14,ROLL_RIGHT
837,114.523010,0,9.676,5.101,10.227,15.171,-139.262,16.397,135.518,35.810,46.553,-31.875,5.125,22.375,7.818,20.838,21.812,0.087,0.172,0.324,0.926,1,-42.805,29.152,-28.432,0.000,2,32.120117,-110.760490,106.220001,2.734,2958.661377,21,38,40,96,4,3,U_TURN_HDG,AP_PROT_ROLL_MIN,11.816,30.000,0.000,4,-12,-8,14,ROLL_RIGHT
838,114.602509,0,0.628,9.074,-2.704,16.406,-130.600,12.890,36.257,-20.926,47.112,-31.875,5.125,22.375,8.715,22.915,19.198,0.042,0.175,0.396,0.900,1,-38.473,29.131,-26.955,0.000,2,32.120117,-110.760498,105.720001,2.668,2958.005371,21,38,41,4,4,3,U_TURN_HDG,AP_PROT_ROLL_MIN,11.816,30.000,0.000,4,-12,-8,14,ROLL_RIGHT
839,114.731720,0,-4.973,3.652,-6.036,23.047,-130.417,9.773,42.860,-29.767,102.730,-31.875,5.125,22.375,14.431,20.787,18.198,0.008,-0.216,-0.394,-0.893,1,-35.945,29.134,-26.055,0.000,2,32.120117,-110.760498,103.930000,2.633,2957.349365,21,38,41,16,4,3,U_TURN_HDG,AP_PROT_ROLL_MIN,11.816,30.000,0.000,4,-12,-8,14,ROLL_RIGHT
840,114.801270,0,-3.537,-0.730,-5.216,36.766,-134.923,357.062,1.007,17.681,111.346,-31.875,5.125,22.375,18.865,16.789,18.224,0.143,-0.282,-0.371,-0.873,1,-32.937,29.149,-24.941,0.000,2,32.120117,-110.760506,103.470001,2.574,2956.693115,21,38,41,24,4,3,U_TURN_HDG,AP_PROT_ROLL_MIN,11.816,30.000,0.000,4,-12,-8,14,ROLL_RIGHT
841,114.875526,0,-5.895,-5.511,-4.665,42.213,-140.490,347.316,43.979,-14.324,126.677,-31.875,5.125,22.375,20.044,15.353,18.224,0.218,-0.302,-0.351,-0.859,1,-29.154,29.135,-23.465,0.000,2,32.120117,-110.760513,104.089996,2.517,2955.708740,21,38,41,32,4,3,U_TURN_HDG,AP_PROT_ROLL_MIN,11.816,30.000,0.000,4,-12,-8,14,ROLL_RIGHT
842,114.970863,0,-0.013,2.204,-4.742,46.345,-140.201,342.813,159.130,-22.941,174.237,-31.875,5.125,22.375,23.376,13.610,15.251,0.262,-0.319,-0.365,-0.835,1,-22.801,29.192,-20.751,0.000,2,32.120113,-110.760559,106.989998,2.093,2954.724365,21,38,41,40,5,3,U_TURN_HDG,AP_PROT_ROLL_MIN,11.816,30.000,0.000,4,-12,-8,14,ROLL_RIGHT
843,115.041519,0,-4.255,-0.295,1.512,60.802,-143.238,318.469,37.600,38.384,106.422,-31.875,5.125,22.375,26.708,10.022,12.047,0.439,-0.353,-0.425,-0.709,1,-22.410,29.186,-20.572,0.000,2,32.120110,-110.760643,112.730003,1.747,2953.412109,21,38,41,48,5,3,U_TURN_HDG,AP_PROT_ROLL_MIN,11.816,30.000,0.000,4,-12,-8,14,ROLL_RIGHT
844,115.121513,0,5.549,9.740,-2.627,61.738,-148.514,312.111,-18.576,34.355,-24.955,-31.875,5.125,22.375,26.811,8.100,13.021,0.463,-0.357,-0.413,-0.699,1,-21.699,29.188,-20.243,0.000,2,32.120106,-110.760712,0.000000,1.345,2952.099854,21,38,41,56,5,3,U_TURN_HDG,AP_PROT_ROLL_MIN,11.816,30.000,0.000,4,-12,-8,14,ROLL_RIGHT
845,115.220718,0,-1.179,-2.871,0.359,57.754,-152.553,310.639,-74.641,40.510,67.367,-31.875,5.125,22.375,25.555,6.510,15.968,0.459,-0.340,-0.385,-0.725,1,-19.641,29.199,-19.259,0.000,2,32.120098,-110.760780,0.000000,0.834,2950.787598,21,38,41,64,5,3,U_TURN_HDG,AP_PROT_ROLL_MIN,11.816,30.000,0.000,4,-12,-8,14,ROLL_RIGHT
846,115.320862,0,-0.807,-2.332,-5.844,59.324,-162.689,299.774,73.522,-22.045,2.574,-31.875,5.125,22.375,26.272,5.126,15.148,0.495,-0.358,-0.359,-0.706,1,-20.193,29.198,-19.528,0.000,2,32.120094,-110.760857,0.000000,1.041,2949.475098,21,38,41,76,5,3,U_TURN_HDG,AP_PROT_ROLL_MIN,11.816,30.000,0.000,4,-12,-8,14,ROLL_RIGHT
847,115.441048,0,1.269,-2.794,8.266,61.890,-163.514,295.996,-20.255,-14.772,49.239,-31.875,5.125,22.375,27.118,4.075,13.662,0.512,-0.366,-0.374,-0.681,1,-34.439,29.145,-25.503,0.000,2,32.120087,-110.760910,0.000000,1.468,2947.834717,21,38,41,88,5,3,U_TURN_HDG,AP_PROT_ROLL_MIN,11.816,30.000,0.000,4,-12,-8,14,ROLL_RIGHT
848,115.520294,0,-0.205,4.306,4.152,65.027,-167.766,286.569,94.896,-44.874,53.043,-31.875,5.125,22.375,27.580,3.230,12.739,0.547,-0.375,-0.392,-0.638,1,-35.317,29.130,-25.826,0.000,2,32.120083,-110.760963,0.000000,1.637,2947.506836,21,38,41,96,5,3,U_TURN_HDG,AP_PROT_ROLL_MIN,11.816,30.000,0.000,4,-12,-8,14,ROLL_RIGHT
849,115.628525,0,-1.602,-3.383,7.010,68.215,-175.463,273.372,27.417,-19.584,80.348,-31.875,5.125,22.375,28.502,0.666,10.919,0.584,-0.385,-0.408,-0.587,1,-28.964,29.191,-23.388,0.000,2,32.120083,-110.761009,160.440002,1.767,2945.866211,21,38,42,8,5,3,U_TURN_HDG,AP_PROT_ROLL_MIN,11.816,30.000,0.000,4,-12,-8,14,ROLL_RIGHT
850,115.745613,0,8.830,1.589,-1.910,68.852,173.825,261.979,-18.353,-8.393,-6.714,-31.875,5.125,22.375,28.477,-1.230,10.817,0.602,-0.404,-0.397,-0.563,1,-27.041,29.103,-22.599,0.000,2,32.120079,-110.761055,213.500000,1.985,2944.881836,21,38,42,20,5,3,U_TURN_HDG,AP_PROT_ROLL_MAX,11.816,-30.000,0.000,4,16,20,14,ROLL_LEFT
851,115.840256,0,-6.203,-3.076,-6.869,69.563,171.465,261.739,0.895,-0.112,50.134,-31.875,5.125,22.375,28.502,-2.896,10.483,0.592,-0.418,-0.390,-0.568,1,-30.969,29.135,-24.184,0.000,2,32.120079,-110.761086,222.509995,2.111,2944.225830,21,38,42,28,5,3,U_TURN_HDG,AP_PROT_ROLL_MAX,11.816,-30.000,0.000,4,16,20,14,ROLL_LEFT
852,115.919792,0,-5.447,-21.159,0.026,67.472,144.373,232.833,8.952,-44.874,98.365,-31.875,5.125,22.375,28.323,-5.998,9.637,0.633,-0.463,-0.360,-0.504,1,-30.734,29.135,-24.092,0.000,2,32.120079,-110.761108,229.360001,2.257,2943.897705,21,38,42,36,5,3,U_TURN_HDG,AP_PROT_ROLL_MAX,11.816,-30.000,0.000,4,16,20,14,ROLL_LEFT
853,116.029984,0,-2.217,-3.678,-1.307,71.407,132.759,216.018,89.972,-16.114,-70.724,-31.875,5.125,22.375,29.169,-6.049,6.536,0.635,-0.475,-0.408,-0.452,1,-29.226,29.144,-23.494,0.000,2,32.120075,-110.761139,230.699997,2.395,2943.241455,21,38,42,44,5,3,U_TURN_HDG,AP_PROT_ROLL_MAX,11.816,-30.000,0.000,4,16,20,14,ROLL_LEFT
854,116.105507,0,-4.793,-5.306,6.472,69.501,161.312,242.074,-22.941,36.929,3.469,-31.875,5.125,22.375,28.682,-3.358,9.740,0.647,-0.404,-0.413,-0.497,1,-31.075,29.089,-24.226,0.000,2,32.120075,-110.761162,233.190002,2.218,2942.585449,21,38,42,56,5,3,U_TURN_HDG,AP_PROT_ROLL_MAX,11.816,-30.000,0.000,4,16,20,14,ROLL_LEFT
855,116.183525,0,0.282,-1.051,5.716,68.881,160.690,241.549,78.446,3.133,24.060,-31.875,5.125,22.375,28.400,-3.588,10.381,0.650,-0.404,-0.408,-0.497,1,-29.207,29.178,-23.486,0.000,2,32.120075,-110.761177,229.979996,2.164,2941.601074,21,38,42,64,4,3,U_TURN_HDG,AP_PROT_ROLL_MAX,11.816,-30.000,0.000,4,16,20,14,ROLL_LEFT
856,116.286224,0,-0.192,-1.576,4.780,65.722,162.485,233.968,95.568,41.517,43.419,-31.875,5.125,22.375,27.913,-3.870,11.509,0.702,-0.357,-0.420,-0.450,1,-31.961,29.192,-24.569,0.000,2,32.120071,-110.761200,223.250000,2.292,2940.945068,21,38,42,76,4,3,U_TURN_HDG,AP_PROT_ROLL_MAX,11.816,-30.000,0.000,4,16,20,14,ROLL_LEFT
857,116.497139,0,-0.141,-5.216,-0.192,62.134,159.725,232.812,16.003,41.517,32.341,-31.875,5.125,22.375,27.400,-4.588,12.483,0.715,-0.361,-0.388,-0.456,1,-28.924,29.124,-23.372,0.000,2,32.120068,-110.761246,225.660004,2.549,2939.960693,21,38,42,96,4,3,U_TURN_HDG,AP_PROT_ROLL_MAX,11.816,-30.000,0.000,4,16,20,14,ROLL_LEFT
858,116.606194,0,-4.050,5.088,-0.038,56.171,167.883,244.776,9.512,28.648,0.895,-31.875,5.125,22.375,26.529,-5.126,13.995,0.714,-0.329,-0.345,-0.512,1,-26.855,29.152,-22.521,0.000,2,32.120064,-110.761261,223.679993,2.488,2939.632568,21,38,43,8,4,3,U_TURN_HDG,AP_PROT_ROLL_MAX,11.816,-30.000,0.000,4,16,20,14,ROLL_LEFT
859,116.693283,0,1.141,5.229,-1.820,52.664,170.422,252.594,-60.877,81.020,-35.810,-31.875,5.125,22.375,24.581,-4.178,17.583,0.698,-0.322,-0.312,-0.559,1,-26.605,29.170,-22.415,0.000,2,32.120060,-110.761276,222.800003,2.587,2939.304688,21,38,43,16,4,3,U_TURN_HDG,AP_PROT_ROLL_MAX,11.816,-30.000,0.000,4,16,20,14,ROLL_LEFT
860,116.770798,0,-0.551,1.025,-5.011,53.084,172.509,257.419,-21.934,-24.731,-5.707,-31.875,5.125,22.375,24.734,-2.794,17.660,0.678,-0.324,-0.311,-0.581,1,-24.341,29.133,-21.441,0.000,2,32.120060,-110.761299,226.630005,2.891,2938.976318,21,38,43,24,4,3,U_TURN_HDG,AP_PROT_ROLL_MAX,11.816,-30.000,0.000,4,16,20,14,ROLL_LEFT
861,116.879524,0,-2.115,-2.307,0.256,54.640,170.411,256.531,-16.786,-5.148,-13.876,-31.875,5.125,22.375,25.016,-3.640,17.071,0.671,-0.342,-0.313,-0.578,1,-21.928,29.200,-20.350,0.000,2,32.120056,-110.761314,229.500000,3.011,2938.976318,21,38,43,32,4,3,U_TURN_HDG,AP_PROT_ROLL_MAX,11.816,-30.000,0.000,4,16,20,14,ROLL_LEFT
862,116.948532,0,-1.602,-0.961,1.871,54.506,171.513,260.481,-64.682,44.762,-48.120,-31.875,5.125,22.375,24.401,-2.948,18.070,0.655,-0.345,-0.306,-0.599,1,-26.643,29.112,-22.431,0.000,2,32.120056,-110.761322,230.229996,2.952,2938.648438,21,38,43,40,4,3,U_TURN_HDG,AP_PROT_ROLL_MAX,11.816,-30.000,0.000,4,16,20,14,ROLL_LEFT
863,117.018387,0,-2.819,-3.640,7.510,50.041,173.768,269.329,-60.093,83.929,-89.972,-31.875,5.125,22.375,22.607,-2.025,20.351,0.627,-0.332,-0.266,-0.652,1,-19.668,29.154,-19.273,0.000,2,32.120056,-110.761330,229.220001,2.856,2938.320312,21,38,43,48,4,3,U_TURN_HDG,AP_PROT_ROLL_MAX,11.816,-30.000,0.000,4,16,20,14,ROLL_LEFT
864,117.094208,0,-1.077,-3.319,4.178,46.277,176.792,280.454,-17.681,24.507,-52.036,-31.875,5.125,22.375,22.197,-1.692,20.813,0.580,-0.318,-0.232,-0.714,1,-30.030,29.124,-23.815,0.000,2,32.120052,-110.761337,228.110001,2.787,2938.320312,21,38,43,56,4,3,U_TURN_HDG,AP_PROT_ROLL_MAX,11.816,-30.000,0.000,4,16,20,14,ROLL_LEFT
865,117.169151,0,8.317,4.985,2.576,45.791,178.618,282.599,25.626,49.686,-77.886,-31.875,5.125,22.375,21.531,0.410,21.633,0.572,-0.311,-0.235,-0.722,1,-32.709,29.132,-24.854,0.000,2,32.120052,-110.761345,228.119995,2.731,2937.992188,21,38,43,64,4,3,U_TURN_HDG,AP_PROT_ROLL_MAX,11.816,-30.000,0.000,4,16,20,14,ROLL_LEFT
866,117.265411,0,-5.062,-3.063,-5.242,42.759,-175.456,289.887,-43.084,-20.814,11.750,-31.875,5.125,22.375,21.095,0.538,22.120,0.546,-0.277,-0.239,-0.753,1,-26.223,29.152,-22.254,0.000,2,32.120052,-110.761353,230.639999,2.809,2937.664307,21,38,43,72,4,3,U_TURN_HDG,AP_PROT_ROLL_MIN,11.816,30.000,0.000,4,-12,-8,14,ROLL_RIGHT
867,117.339836,0,-2.922,-5.857,-3.460,46.601,-178.122,284.569,94.113,-52.148,8.729,-31.875,5.125,22.375,22.633,0.923,20.557,0.567,-0.304,-0.254,-0.722,1,-30.672,29.106,-24.068,0.000,2,32.120052,-110.761360,237.940002,3.026,2937.664307,21,38,43,80,4,3,U_TURN_HDG,AP_PROT_ROLL_MIN,11.816,30.000,0.000,4,-12,-8,14,ROLL_RIGHT
868,117.412262,0,1.820,-1.025,-6.100,49.720,-170.513,288.529,18.464,-28.424,-49.686,-31.875,5.125,22.375,23.376,2.896,19.506,0.556,-0.296,-0.306,-0.714,1,-20.306,29.143,-19.583,0.000,2,32.120052,-110.761368,240.889999,2.962,2937.335938,21,38,43,88,4,3,U_TURN_HDG,AP_PROT_ROLL_MIN,11.816,30.000,0.000,4,-12,-8,14,ROLL_RIGHT
869,117.498260,0,-0.103,-5.075,2.153,50.353,-170.311,288.754,35.810,-1.119,15.443,-31.875,5.125,22.375,23.684,2.999,19.121,0.554,-0.300,-0.309,-0.712,1,-16.361,29.142,-17.578,0.000,2,32.120049,-110.761375,242.300003,2.979,2937.008057,21,38,43,96,4,3,U_TURN_HDG,AP_PROT_ROLL_MIN,11.816,30.000,0.000,4,-12,-8,14,ROLL_RIGHT
870,117.587654,0,1.051,2.973,-1.230,51.614,-165.401,289.317,51.812,-22.605,-19.136,-31.875,5.125,22.375,24.299,4.844,17.968,0.562,-0.286,-0.343,-0.696,1,-19.290,29.121,-19.087,0.000,2,32.120049,-110.761383,242.639999,2.971,2937.008057,21,38,44,0,4,3,U_TURN_HDG,AP_PROT_ROLL_MIN,11.816,30.000,0.000,4,-12,-8,14,ROLL_RIGHT
871,117.663513,0,-2.538,-0.333,0.602,54.170,-164.316,287.734,17.905,-34.691,35.810,-31.875,5.125,22.375,24.863,4.511,17.276,0.570,-0.293,-0.364,-0.676,1,-19.918,29.131,-19.395,0.000,2,32.120049,-110.761391,242.580002,2.854,2936.679688,21,38,44,12,4,3,U_TURN_HDG,AP_PROT_ROLL_MIN,11.816,30.000,0.000,4,-12,-8,14,ROLL_RIGHT
872,117.725525,0,1.743,1.910,-2.012,57.394,-163.524,286.217,34.355,-40.958,21.822,-31.875,5.125,22.375,25.811,4.357,15.840,0.576,-0.305,-0.386,-0.653,1,-19.289,29.128,-19.086,0.000,2,32.120049,-110.761391,242.589996,2.883,2936.679688,21,38,44,16,4,3,U_TURN_HDG,AP_PROT_ROLL_MIN,11.816,30.000,0.000,4,-12,-8,14,ROLL_RIGHT
873,117.798973,0,-2.486,-2.422,2.281,58.876,-164.390,284.735,0.000,-11.414,22.829,-31.875,5.125,22.375,26.298,3.793,15.148,0.580,-0.313,-0.391,-0.643,1,-22.606,29.127,-20.662,0.000,2,32.120045,-110.761398,242.289993,3.062,2936.351807,21,38,44,24,4,3,U_TURN_HDG,AP_PROT_ROLL_MIN,11.816,30.000,0.000,4,-12,-8,14,ROLL_RIGHT
874,117.878517,0,5.818,9.304,-7.267,61.177,-164.774,282.427,17.122,-28.648,-35.586,-31.875,5.125,22.375,27.195,4.332,13.405,0.587,-0.322,-0.405,-0.623,1,-21.486,29.152,-20.144,0.000,2,32.120045,-110.761406,241.990005,3.033,2936.351807,21,38,44,32,4,3,U_TURN_HDG,AP_PROT_ROLL_MIN,11.816,30.000,0.000,4,-12,-8,14,ROLL_RIGHT
875,117.972610,0,3.524,8.984,-7.664,61.725,-162.071,284.965,-14.660,18.800,7.386,-31.875,5.125,22.375,27.067,4.024,13.764,0.580,-0.320,-0.415,-0.624,1,-22.576,29.175,-20.649,0.000,2,32.120045,-110.761414,241.639999,2.773,2936.023682,21,38,44,44,4,3,U_TURN_HDG,AP_PROT_ROLL_MIN,11.816,30.000,0.000,4,-12,-8,14,ROLL_RIGHT
876,118.048744,0,2.691,6.036,-3.435,63.193,-162.018,282.721,28.648,-18.241,6.602,-31.875,5.125,22.375,27.426,4.255,13.021,0.589,-0.321,-0.427,-0.606,1,-23.158,29.129,-20.913,0.000,2,32.120045,-110.761414,241.860001,2.795,2935.695557,21,38,44,52,4,3,U_TURN_HDG,AP_PROT_ROLL_MIN,11.816,30.000,0.000,4,-12,-8,14,ROLL_RIGHT
877,118.114517,0,-1.525,2.268,-1.474,62.915,-161.424,283.315,-7.162,10.631,-2.350,-31.875,5.125,22.375,27.349,4.383,13.123,0.588,-0.319,-0.427,-0.608,1,-24.545,29.182,-21.530,0.000,2,32.120045,-110.761421,241.750000,2.743,2935.695557,21,38,44,56,4,3,U_TURN_HDG,AP_PROT_ROLL_MIN,11.816,30.000,0.000,4,-12,-8,14,ROLL_RIGHT
878,118.203697,0,-0.628,0.474,-0.218,63.585,-163.460,280.589,18.576,-3.917,27.081,-31.875,5.125,22.375,27.631,3.512,12.790,0.596,-0.323,-0.427,-0.599,1,-25.052,29.129,-21.752,0.000,2,32.120045,-110.761429,241.710007,2.751,2935.367676,21,38,44,68,4,3,U_TURN_HDG,AP_PROT_ROLL_MIN,11.816,30.000,0.000,4,-12,-8,14,ROLL_RIGHT
879,118.298973,0,1.730,1.858,-3.614,65.323,-165.309,276.992,8.617,-18.800,10.407,-31.875,5.125,22.375,27.938,3.332,12.149,0.605,-0.330,-0.435,-0.580,1,-24.287,29.091,-21.417,0.000,2,32.120041,-110.761429,241.139999,2.586,2935.367676,21,38,44,76,4,3,U_TURN_HDG,AP_PROT_ROLL_MIN,11.816,30.000,0.000,4,-12,-8,14,ROLL_RIGHT
880,118.405754,0,-0.782,-0.538,5.178,65.582,-160.877,281.604,-6.826,5.260,-35.362,-31.875,5.125,22.375,27.708,5.075,12.021,0.594,-0.326,-0.446,-0.586,1,-24.352,29.112,-21.445,0.000,2,32.120041,-110.761436,240.869995,2.414,2935.367676,21,38,44,88,4,3,U_TURN_HDG,AP_PROT_ROLL_MIN,11.816,30.000,0.000,4,-12,-8,14,ROLL_RIGHT
881,118.498520,0,9.304,2.922,-2.730,66.301,-157.265,283.725,69.605,-41.965,11.079,-31.875,5.125,22.375,28.220,4.947,10.842,0.592,-0.320,-0.461,-0.579,1,-24.576,29.136,-21.544,0.000,2,32.120041,-110.761452,241.279999,2.488,2935.039307,21,38,44,96,4,3,U_TURN_HDG,AP_PROT_ROLL_MIN,11.816,30.000,0.000,4,-12,-8,14,ROLL_RIGHT
882,118.604126,0,-4.345,-0.820,-1.781,67.424,-152.999,285.159,16.114,-6.267,6.491,-31.875,5.125,22.375,28.297,5.434,10.458,0.594,-0.311,-0.482,-0.564,1,-24.907,29.108,-21.688,0.000,2,32.120041,-110.761459,241.660004,2.316,2935.039307,21,38,45,8,4,3,U_TURN_HDG,AP_PROT_ROLL_MIN,11.816,30.000,0.000,4,-12,-8,14,ROLL_RIGHT
883,118.688522,0,-0.910,-2.358,-3.255,68.928,-155.076,281.910,36.593,-36.817,47.112,-31.875,5.125,22.375,28.707,4.870,9.663,0.602,-0.317,-0.486,-0.548,1,-24.574,29.134,-21.543,0.000,2,32.120037,-110.761467,241.320007,2.437,2935.039307,21,38,45,16,4,3,U_TURN_HDG,AP_PROT_ROLL_MIN,11.816,30.000,0.000,4,-12,-8,14,ROLL_RIGHT
884,118.777946,0,-1.692,-3.947,1.769,72.187,-157.904,276.151,26.634,-5.595,16.450,-31.875,5.125,22.375,29.399,3.460,8.100,0.614,-0.327,-0.502,-0.515,1,-25.756,29.141,-22.055,0.000,2,32.120037,-110.761475,240.009995,2.403,2935.039307,21,38,45,24,4,3,U_TURN_HDG,AP_PROT_ROLL_MIN,11.816,30.000,0.000,4,-12,-8,14,ROLL_RIGHT
885,118.850304,0,-0.231,-1.128,3.652,72.819,-156.018,275.998,-10.855,-2.574,-27.753,-31.875,5.125,22.375,29.348,4.101,7.869,0.618,-0.320,-0.513,-0.503,1,-25.603,29.135,-21.989,0.000,2,32.120037,-110.761475,239.990005,2.380,2935.039307,21,38,45,32,4,3,U_TURN_HDG,AP_PROT_ROLL_MIN,11.816,30.000,0.000,4,-12,-8,14,ROLL_RIGHT
886,118.927727,0,-0.038,0.987,2.743,72.242,-151.627,281.392,-16.003,-0.112,-2.238,-31.875,5.125,22.375,29.246,4.562,7.869,0.608,-0.317,-0.515,-0.514,1,-26.089,29.114,-22.197,0.000,2,32.120037,-110.761482,240.050003,2.316,2935.039307,21,38,45,40,4,3,U_TURN_HDG,AP_PROT_ROLL_MIN,11.816,30.000,0.000,4,-12,-8,14,ROLL_RIGHT
887,119.132042,0,-2.448,-4.204,4.588,72.529,-154.213,279.903,3.693,-14.100,26.298,-31.875,5.125,22.375,29.399,3.691,7.792,0.607,-0.326,-0.509,-0.517,1,-26.244,29.116,-22.263,0.000,2,32.120033,-110.761490,238.679993,2.257,2935.039307,21,38,45,60,4,3,U_TURN_HDG,AP_PROT_ROLL_MIN,11.816,30.000,0.000,4,-12,-8,14,ROLL_RIGHT
888,119.225632,0,-0.077,-0.038,-1.282,74.376,-157.826,276.210,-30.998,16.898,-28.312,-31.875,5.125,22.375,28.784,4.152,9.356,0.609,-0.339,-0.510,-0.504,1,-24.603,29.089,-21.555,0.000,2,32.120033,-110.761497,239.199997,2.169,2935.039307,21,38,45,68,4,3,U_TURN_HDG,AP_PROT_ROLL_MIN,11.816,30.000,0.000,4,-12,-8,14,ROLL_RIGHT
889,119.330322,0,0.936,-1.025,-1.474,69.946,-157.679,286.264,-4.364,9.624,7.050,-31.875,5.125,22.375,28.759,3.922,9.535,0.571,-0.355,-0.464,-0.577,1,-25.361,29.139,-21.885,0.000,2,32.120033,-110.761505,237.380005,2.304,2935.039307,21,38,45,80,4,3,U_TURN_HDG,AP_PROT_ROLL_MIN,11.816,30.000,0.000,4,-12,-8,14,ROLL_RIGHT
890,119.415970,0,4.601,1.576,-1.025,70.583,-158.406,285.289,-11.079,-2.574,7.386,-31.875,5.125,22.375,28.887,3.563,9.304,0.573,-0.358,-0.466,-0.572,1,-25.853,29.108,-22.097,0.000,2,32.120033,-110.761505,235.470001,2.267,2935.039307,21,38,45,88,4,3,U_TURN_HDG,AP_PROT_ROLL_MIN,11.816,30.000,0.000,4,-12,-8,14,ROLL_RIGHT
891,119.493202,0,-1.679,-2.038,3.742,70.325,-158.203,285.345,-1.567,2.686,22.045,-31.875,5.125,22.375,28.989,3.281,9.227,0.573,-0.356,-0.466,-0.572,1,-26.310,29.134,-22.291,0.000,2,32.120029,-110.761513,233.800003,2.240,2935.039307,21,38,45,96,4,3,U_TURN_HDG,AP_PROT_ROLL_MIN,11.816,30.000,0.000,4,-12,-8,14,ROLL_RIGHT
892,119.612076,0,0.666,2.076,-0.628,73.033,-163.290,277.798,28.312,-26.298,38.831,-31.875,5.125,22.375,29.348,2.384,8.407,0.588,-0.367,-0.475,-0.542,1,-26.247,29.110,-22.264,0.000,2,32.120029,-110.761520,234.399994,2.149,2935.039307,21,38,46,8,4,3,U_TURN_HDG,AP_PROT_ROLL_MIN,11.816,30.000,0.000,4,-12,-8,14,ROLL_RIGHT
893,119.697517,0,0.871,2.499,-0.410,74.575,-166.075,272.969,11.079,-3.021,25.738,-31.875,5.125,22.375,29.579,1.743,7.818,0.597,-0.370,-0.484,-0.522,1,-26.795,29.119,-22.496,0.000,2,32.120029,-110.761520,235.869995,2.051,2935.039307,21,38,46,16,4,3,U_TURN_HDG,AP_PROT_ROLL_MIN,11.816,30.000,0.000,4,-12,-8,14,ROLL_RIGHT
894,119.768013,0,-3.768,1.153,-1.397,75.359,-164.872,274.369,0.112,-12.533,-11.414,-31.875,5.125,22.375,29.681,1.922,7.536,0.592,-0.374,-0.488,-0.521,1,-27.712,29.166,-22.877,0.000,2,32.120029,-110.761520,234.529999,2.123,2935.039307,21,38,46,24,4,3,U_TURN_HDG,AP_PROT_ROLL_MIN,11.816,30.000,0.000,4,-12,-8,14,ROLL_RIGHT
895,119.849236,0,-3.742,0.654,2.640,75.775,-168.365,270.846,8.393,-14.324,18.912,-31.875,5.125,22.375,29.810,1.077,7.202,0.595,-0.379,-0.486,-0.516,1,-28.903,29.158,-23.363,0.000,2,32.120029,-110.761528,234.589996,2.177,2935.039307,21,38,46,32,4,3,U_TURN_HDG,AP_PROT_ROLL_MIN,11.816,30.000,0.000,4,-12,-8,14,ROLL_RIGHT
896,119.930351,0,2.922,1.897,-0.538,77.059,-171.081,267.508,6.602,-8.729,-26.857,-31.875,5.125,22.375,29.938,1.358,6.408,0.597,-0.386,-0.491,-0.504,1,-29.882,29.107,-23.756,0.000,2,32.120029,-110.761528,236.600006,2.144,2934.711426,21,38,46,40,5,3,U_TURN_HDG,AP_PROT_ROLL_MIN,11.816,30.000,0.000,4,-12,-8,14,ROLL_RIGHT
897,120.130966,0,2.089,1.397,1.884,76.824,-162.088,276.441,-11.414,21.598,-10.072,-31.875,5.125,22.375,29.733,2.384,7.126,0.588,-0.376,-0.500,-0.513,1,-27.884,29.144,-22.948,0.000,2,32.120026,-110.761536,239.190002,2.120,2934.711426,21,38,46,60,5,3,U_TURN_HDG,AP_PROT_ROLL_MIN,11.816,30.000,0.000,4,-12,-8,14,ROLL_RIGHT
898,120.215813,0,2.871,1.243,2.127,74.189,-166.319,271.364,5.036,10.183,2.014,-31.875,5.125,22.375,29.630,1.948,8.151,0.605,-0.362,-0.486,-0.516,1,-27.443,29.092,-22.766,0.000,2,32.120026,-110.761536,240.720001,2.248,2934.711426,21,38,46,68,5,3,U_TURN_HDG,AP_PROT_ROLL_MIN,11.816,30.000,0.000,4,-12,-8,14,ROLL_RIGHT
899,120.330238,0,-8.587,-2.845,-1.371,74.848,-175.758,262.097,2.238,-0.895,60.429,-31.875,5.125,22.375,29.758,0.205,8.023,0.613,-0.377,-0.477,-0.504,1,-28.224,29.105,-23.087,0.000,2,32.120026,-110.761543,245.070007,2.252,2934.383301,21,38,46,80,5,3,U_TURN_HDG,AP_PROT_ROLL_MIN,11.816,30.000,0.000,4,-12,-8,14,ROLL_RIGHT
900,120.426529,0,-3.409,-1.474,-2.589,74.882,168.471,242.894,-17.457,-12.869,-39.279,-31.875,5.125,22.375,29.963,-1.282,7.177,0.642,-0.384,-0.474,-0.464,1,-29.412,29.100,-23.568,0.000,2,32.120026,-110.761543,246.770004,2.223,2934.383301,21,38,46,88,5,3,U_TURN_HDG,AP_PROT_ROLL_MAX,11.816,-30.000,0.000,4,16,20,14,ROLL_LEFT
901,120.505508,0,-6.100,1.692,-2.332,76.662,177.730,253.607,-2.238,-22.381,-14.883,-31.875,5.125,22.375,30.040,0.051,6.690,0.621,-0.384,-0.487,-0.480,1,-29.619,29.147,-23.651,0.000,2,32.120026,-110.761551,245.809998,2.186,2934.383301,21,38,46,96,5,3,U_TURN_HDG,AP_PROT_ROLL_MAX,11.816,-30.000,0.000,4,16,20,14,ROLL_LEFT
902,120.585976,0,-0.103,-3.165,-4.178,78.484,179.010,254.129,32.676,-19.695,30.215,-31.875,5.125,22.375,30.194,-0.461,5.690,0.615,-0.387,-0.501,-0.471,1,-29.887,29.100,-23.758,0.000,2,32.120026,-110.761551,247.750000,2.105,2934.383301,21,38,47,4,5,3,U_TURN_HDG,AP_PROT_ROLL_MAX,11.816,-30.000,0.000,4,16,20,14,ROLL_LEFT
903,120.692200,0,3.845,-1.717,-3.768,79.181,171.421,244.431,12.645,4.252,-30.103,-31.875,5.125,22.375,30.143,-0.436,5.613,0.625,-0.388,-0.507,-0.450,1,-29.160,29.124,-23.467,0.000,2,32.120022,-110.761551,248.899994,2.064,2934.383301,21,38,47,16,5,3,U_TURN_HDG,AP_PROT_ROLL_MAX,11.816,-30.000,0.000,4,16,20,14,ROLL_LEFT
904,120.811218,0,-0.346,-0.782,-2.038,78.832,-175.174,257.297,-4.364,47.672,0.224,-31.875,5.125,22.375,29.861,1.000,6.767,0.620,-0.371,-0.516,-0.461,1,-29.827,29.067,-23.734,0.000,2,32.120022,-110.761551,245.779999,1.941,2934.055176,21,38,47,28,5,3,U_TURN_HDG,AP_PROT_ROLL_MIN,11.816,30.000,0.000,4,-12,-8,14,ROLL_RIGHT
905,120.904930,0,-0.795,-3.806,-1.256,74.043,-176.736,255.937,36.481,7.945,8.281,-31.875,5.125,22.375,29.374,-0.077,8.561,0.640,-0.352,-0.488,-0.477,1,-28.938,29.101,-23.378,0.000,2,32.120022,-110.761551,247.169998,1.781,2934.055176,21,38,47,36,5,3,U_TURN_HDG,AP_PROT_ROLL_MIN,11.816,30.000,0.000,4,-12,-8,14,ROLL_RIGHT
906,120.986816,0,-1.166,-1.820,0.320,71.213,-163.006,265.823,32.229,13.541,-69.941,-31.875,5.125,22.375,29.066,2.768,9.150,0.648,-0.304,-0.504,-0.484,1,-26.655,29.090,-22.437,0.000,2,32.120022,-110.761559,242.699997,1.782,2934.055176,21,38,47,44,5,3,U_TURN_HDG,AP_PROT_ROLL_MIN,11.816,30.000,0.000,4,-12,-8,14,ROLL_RIGHT
907,121.056526,0,-2.332,5.908,1.564,66.955,-158.127,272.917,-19.136,32.005,-92.210,-31.875,5.125,22.375,28.630,4.152,9.996,0.640,-0.284,-0.488,-0.522,1,-24.210,29.084,-21.383,0.000,2,32.120022,-110.761559,239.679993,1.614,2934.055176,21,38,47,52,5,3,U_TURN_HDG,AP_PROT_ROLL_MIN,11.816,30.000,0.000,4,-12,-8,14,ROLL_RIGHT
908,121.135704,0,-1.115,-0.077,1.397,66.002,-162.907,268.278,-22.829,41.965,10.407,-31.875,5.125,22.375,28.041,3.999,11.560,0.652,-0.286,-0.473,-0.519,1,-24.953,29.162,-21.709,0.000,2,32.120022,-110.761559,243.600006,1.971,2934.055176,21,38,47,60,5,3,U_TURN_HDG,AP_PROT_ROLL_MIN,11.816,30.000,0.000,4,-12,-8,14,ROLL_RIGHT
909,121.216515,0,4.024,0.295,-2.884,67.322,-163.219,267.306,5.595,-29.767,-7.050,-31.875,5.125,22.375,28.579,3.460,10.381,0.652,-0.291,-0.481,-0.510,1,-24.912,29.100,-21.691,0.000,2,32.120018,-110.761566,244.630005,2.012,2934.055176,21,38,47,68,5,3,U_TURN_HDG,AP_PROT_ROLL_MIN,11.816,30.000,0.000,4,-12,-8,14,ROLL_RIGHT
910,121.328186,0,0.628,-0.231,-2.243,69.102,-160.247,270.658,-31.781,0.783,4.588,-31.875,5.125,22.375,28.682,3.640,9.945,0.640,-0.298,-0.493,-0.509,1,-25.049,29.133,-21.750,0.000,2,32.120014,-110.761566,246.080002,1.895,2934.055176,21,38,47,80,5,3,U_TURN_HDG,AP_PROT_ROLL_MIN,11.816,30.000,0.000,4,-12,-8,14,ROLL_RIGHT
911,121.415527,0,-0.256,2.012,-3.012,69.389,-163.010,269.685,8.617,-18.688,-4.252,-31.875,5.125,22.375,28.938,3.101,9.458,0.636,-0.311,-0.485,-0.514,1,-26.171,29.105,-22.232,0.000,2,32.120014,-110.761566,245.199997,1.841,2934.055176,21,38,47,88,5,3,U_TURN_HDG,AP_PROT_ROLL_MIN,11.816,30.000,0.000,4,-12,-8,14,ROLL_RIGHT
912,121.490349,0,1.538,4.601,-0.769,70.818,-161.249,270.609,4.476,12.198,1.455,-31.875,5.125,22.375,28.989,3.358,9.227,0.633,-0.313,-0.496,-0.505,1,-25.681,29.131,-22.023,0.000,2,32.120014,-110.761566,246.160004,1.752,2934.055176,21,38,47,96,5,3,U_TURN_HDG,AP_PROT_ROLL_MIN,11.816,30.000,0.000,4,-12,-8,14,ROLL_RIGHT
913,121.580536,0,-0.333,-3.601,4.498,70.128,-162.488,269.207,-8.729,2.014,33.684,-31.875,5.125,22.375,28.964,2.461,9.586,0.637,-0.310,-0.492,-0.506,1,-27.432,29.110,-22.761,0.000,2,32.120014,-110.761574,250.339996,1.673,2933.727051,21,38,48,4,5,3,U_TURN_HDG,AP_PROT_ROLL_MIN,11.816,30.000,0.000,4,-12,-8,14,ROLL_RIGHT
914,121.672173,0,0.218,-1.704,2.371,71.606,-164.576,264.149,46.217,-12.981,-1.679,-31.875,5.125,22.375,29.194,2.614,8.843,0.649,-0.308,-0.503,-0.480,1,-28.466,29.096,-23.186,0.000,2,32.120014,-110.761574,253.830002,1.777,2933.727051,21,38,48,12,5,3,U_TURN_HDG,AP_PROT_ROLL_MIN,11.816,30.000,0.000,4,-12,-8,14,ROLL_RIGHT
915,121.743523,0,-2.499,-2.256,1.166,72.641,-166.820,261.874,16.003,-11.526,21.038,-31.875,5.125,22.375,29.323,2.102,8.587,0.649,-0.316,-0.505,-0.473,1,-27.238,29.169,-22.680,0.000,2,32.120014,-110.761574,255.470001,1.683,2933.727051,21,38,48,20,5,3,U_TURN_HDG,AP_PROT_ROLL_MIN,11.816,30.000,0.000,4,-12,-8,14,ROLL_RIGHT
916,121.849228,0,-0.051,-3.294,-1.320,72.429,-167.490,259.779,20.031,5.148,5.707,-31.875,5.125,22.375,29.220,2.179,8.945,0.657,-0.309,-0.507,-0.465,1,-27.275,29.107,-22.696,0.000,2,32.120010,-110.761581,255.720001,1.698,2933.727051,21,38,48,32,5,3,U_TURN_HDG,AP_PROT_ROLL_MIN,11.816,30.000,0.000,4,-12,-8,14,ROLL_RIGHT
917,121.950294,0,2.294,0.077,0.192,70.598,-164.379,263.208,7.386,9.288,-18.576,-31.875,5.125,22.375,28.784,3.383,9.817,0.657,-0.297,-0.502,-0.478,1,-28.458,29.109,-23.183,0.000,2,32.120010,-110.761581,256.040009,1.662,2933.727051,21,38,48,40,5,3,U_TURN_HDG,AP_PROT_ROLL_MIN,11.816,30.000,0.000,4,-12,-8,14,ROLL_RIGHT
918,122.041168,0,-1.512,-1.653,-0.833,69.957,-161.642,265.298,1.567,-6.379,22.717,-31.875,5.125,22.375,28.887,3.255,9.663,0.657,-0.287,-0.505,-0.481,1,-28.471,29.087,-23.188,0.000,2,32.120010,-110.761581,254.470001,1.625,2933.398926,21,38,48,48,5,3,U_TURN_HDG,AP_PROT_ROLL_MIN,11.816,30.000,0.000,4,-12,-8,14,ROLL_RIGHT
919,122.151566,0,-1.012,-3.127,-0.192,71.017,-166.207,260.364,6.938,-4.029,3.581,-31.875,5.125,22.375,29.092,2.230,9.304,0.662,-0.297,-0.504,-0.468,1,-28.068,29.104,-23.024,0.000,2,32.120010,-110.761581,258.279999,1.514,2933.727051,21,38,48,60,5,3,U_TURN_HDG,AP_PROT_ROLL_MIN,11.816,30.000,0.000,4,-12,-8,14,ROLL_RIGHT
920,122.234779,0,-0.384,-1.089,-0.397,70.769,-164.878,262.966,-23.724,4.924,-18.017,-31.875,5.125,22.375,28.989,2.666,9.509,0.656,-0.300,-0.501,-0.478,1,-25.470,29.094,-21.932,0.000,2,32.120010,-110.761581,257.149994,1.514,2933.727051,21,38,48,68,5,3,U_TURN_HDG,AP_PROT_ROLL_MIN,11.816,30.000,0.000,4,-12,-8,14,ROLL_RIGHT
921,122.329231,0,-0.026,-0.192,0.730,70.554,-163.240,264.357,11.302,2.014,10.183,-31.875,5.125,22.375,28.989,2.691,9.535,0.655,-0.295,-0.503,-0.480,1,-27.685,29.084,-22.866,0.000,2,32.120010,-110.761589,253.380005,1.327,2933.398926,21,38,48,80,5,3,U_TURN_HDG,AP_PROT_ROLL_MIN,11.816,30.000,0.000,4,-12,-8,14,ROLL_RIGHT
922,122.412697,0,0.372,0.641,0.269,70.581,-164.242,262.502,-10.407,8.169,-10.519,-31.875,5.125,22.375,28.861,2.819,9.817,0.660,-0.293,-0.504,-0.474,1,-31.011,29.065,-24.201,0.000,2,32.120010,-110.761589,252.089996,1.229,2933.398926,21,38,48,84,5,3,U_TURN_HDG,AP_PROT_ROLL_MIN,11.816,30.000,0.000,4,-12,-8,14,ROLL_RIGHT
923,122.483879,0,-0.423,1.538,0.423,69.466,-161.555,266.450,-4.812,1.902,-9.512,-31.875,5.125,22.375,28.784,3.178,9.971,0.654,-0.289,-0.500,-0.489,1,-24.053,29.088,-21.313,0.000,2,32.120010,-110.761589,247.110001,1.148,2933.398926,21,38,48,92,5,3,U_TURN_HDG,AP_PROT_ROLL_MIN,11.816,30.000,0.000,4,-12,-8,14,ROLL_RIGHT
924,122.553650,0,0.577,0.782,0.615,69.425,-161.644,266.608,-3.021,0.000,4.924,-31.875,5.125,22.375,28.759,3.127,10.022,0.653,-0.290,-0.499,-0.490,1,-26.169,29.114,-22.231,0.000,2,32.120007,-110.761589,241.350006,1.166,2933.398926,21,38,49,0,5,3,U_TURN_HDG,AP_PROT_ROLL_MIN,11.816,30.000,0.000,4,-12,-8,14,ROLL_RIGHT
925,122.648186,0,0.154,-0.372,1.807,69.594,-163.002,265.503,-4.141,-1.231,9.176,-31.875,5.125,22.375,28.784,2.845,9.996,0.654,-0.294,-0.497,-0.489,1,-27.671,29.107,-22.860,0.000,2,32.120007,-110.761589,239.559998,1.075,2933.398926,21,38,49,12,4,3,U_TURN_HDG,AP_PROT_ROLL_MIN,11.816,30.000,0.000,4,-12,-8,14,ROLL_RIGHT
926,122.727127,0,1.051,0.692,-0.807,70.219,-164.258,264.001,-3.357,-5.260,-5.036,-31.875,5.125,22.375,28.912,2.666,9.714,0.655,-0.298,-0.498,-0.484,1,-26.322,29.119,-22.296,0.000,2,32.120007,-110.761589,237.960007,0.927,2933.398926,21,38,49,20,4,3,U_TURN_HDG,AP_PROT_ROLL_MIN,11.816,30.000,0.000,4,-12,-8,14,ROLL_RIGHT
927,122.812263,0,-2.140,0.115,0.769,70.198,-163.629,265.200,-17.233,8.057,-0.112,-31.875,5.125,22.375,28.861,2.691,9.945,0.652,-0.299,-0.498,-0.488,1,-26.984,29.065,-22.575,0.000,2,32.120007,-110.761589,232.839996,0.866,2933.071045,21,38,49,28,4,3,U_TURN_HDG,AP_PROT_ROLL_MIN,11.816,30.000,0.000,4,-12,-8,14,ROLL_RIGHT
928,122.869987,0,0.449,0.192,-0.384,69.902,-165.390,264.418,5.595,-9.624,2.910,-31.875,5.125,22.375,28.887,2.461,9.919,0.651,-0.305,-0.491,-0.492,1,-23.727,29.100,-21.169,0.000,2,32.120007,-110.761589,232.259995,0.884,2933.071045,21,38,49,32,4,3,U_TURN_HDG,AP_PROT_ROLL_MIN,11.816,30.000,0.000,4,-12,-8,14,ROLL_RIGHT
929,122.924187,0,0.833,1.243,-1.282,70.430,-164.902,264.646,-8.505,7.833,-4.812,-31.875,5.125,22.375,28.887,2.512,9.791,0.650,-0.306,-0.495,-0.489,1,-32.421,29.084,-24.745,0.000,2,32.120007,-110.761589,230.910004,0.832,2933.071045,21,38,49,40,4,3,U_TURN_HDG,AP_PROT_ROLL_MIN,11.816,30.000,0.000,4,-12,-8,14,ROLL_RIGHT
930,123.003143,0,-0.948,-1.166,1.217,69.871,-165.273,265.010,-17.569,8.505,-6.043,-31.875,5.125,22.375,28.784,2.538,10.176,0.649,-0.306,-0.490,-0.495,1,-28.549,29.092,-23.220,0.000,2,32.120007,-110.761589,232.649994,0.825,2933.071045,21,38,49,48,4,3,U_TURN_HDG,AP_PROT_ROLL_MIN,11.816,30.000,0.000,4,-12,-8,14,ROLL_RIGHT
931,123.171120,0,-2.332,-0.141,3.588,69.701,-165.649,265.226,4.141,-6.491,1.007,-31.875,5.125,22.375,28.784,2.512,10.099,0.648,-0.308,-0.487,-0.499,1,-29.070,29.145,-23.431,0.000,2,32.120007,-110.761597,224.559998,0.761,2932.742920,21,38,49,64,4,3,U_TURN_HDG,AP_PROT_ROLL_MIN,11.816,30.000,0.000,4,-12,-8,14,ROLL_RIGHT
932,123.247063,0,-1.038,-0.987,1.781,70.135,-164.486,266.266,-14.883,6.602,9.400,-31.875,5.125,22.375,28.964,2.538,9.535,0.645,-0.309,-0.491,-0.498,1,-26.260,29.087,-22.270,0.000,2,32.120007,-110.761597,231.270004,0.822,2932.742920,21,38,49,72,4,3,U_TURN_HDG,AP_PROT_ROLL_MIN,11.816,30.000,0.000,4,-12,-8,14,ROLL_RIGHT
933,123.371193,0,-1.512,-0.910,1.730,71.085,-166.561,268.095,-17.345,4.812,4.924,-31.875,5.125,22.375,28.912,2.179,9.714,0.628,-0.333,-0.481,-0.513,1,-27.181,29.130,-22.657,0.000,2,32.120007,-110.761597,224.309998,0.886,2932.414795,21,38,49,84,4,3,U_TURN_HDG,AP_PROT_ROLL_MIN,11.816,30.000,0.000,4,-12,-8,14,ROLL_RIGHT
934,123.443214,0,-0.103,1.128,2.576,69.697,-166.046,269.449,10.407,14.324,-12.869,-31.875,5.125,22.375,28.912,2.204,9.689,0.628,-0.328,-0.473,-0.524,1,-23.394,29.128,-21.020,0.000,2,32.120003,-110.761597,222.740005,0.994,2932.414795,21,38,49,92,4,3,U_TURN_HDG,AP_PROT_ROLL_MIN,11.816,30.000,0.000,4,-12,-8,14,ROLL_RIGHT
935,123.499123,0,2.371,-1.192,2.409,67.698,-159.705,274.936,18.800,20.479,-48.567,-31.875,5.125,22.375,28.630,2.512,10.406,0.625,-0.305,-0.478,-0.536,1,-24.986,29.110,-21.723,0.000,2,32.120003,-110.761597,223.910004,0.974,2932.414795,21,38,49,96,4,3,U_TURN_HDG,AP_PROT_ROLL_MIN,11.816,30.000,0.000,4,-12,-8,14,ROLL_RIGHT
936,123.606155,0,1.153,-1.269,2.153,66.235,-154.940,279.070,9.960,14.324,-35.698,-31.875,5.125,22.375,27.810,5.408,11.380,0.621,-0.288,-0.484,-0.545,1,-22.315,29.088,-20.529,0.000,2,32.120003,-110.761597,228.949997,0.628,2932.414795,21,38,50,8,4,3,U_TURN_HDG,AP_PROT_ROLL_MIN,11.816,30.000,0.000,4,-12,-8,14,ROLL_RIGHT
937,123.711311,0,-2.717,5.613,5.613,65.147,-153.576,280.929,2.014,35.250,-38.272,-31.875,5.125,22.375,26.759,5.741,13.585,0.617,-0.282,-0.482,-0.554,1,-22.534,29.115,-20.629,0.000,2,32.120003,-110.761597,223.089996,0.835,2932.086670,21,38,50,16,4,3,U_TURN_HDG,AP_PROT_ROLL_MIN,11.816,30.000,0.000,4,-12,-8,14,ROLL_RIGHT
938,123.774124,0,-3.960,5.652,6.267,58.414,-152.261,283.423,20.367,14.100,2.798,-31.875,5.125,22.375,25.888,7.408,14.405,0.617,-0.242,-0.458,-0.593,1,-19.608,29.122,-19.243,0.000,2,32.120003,-110.761597,219.690002,0.849,2932.086670,21,38,50,24,4,3,U_TURN_HDG,AP_PROT_ROLL_MIN,11.816,30.000,0.000,4,-12,-8,14,ROLL_RIGHT
939,123.848793,0,-2.243,2.294,4.934,58.851,-153.788,280.864,15.443,-8.393,41.069,-31.875,5.125,22.375,26.144,6.690,14.354,0.626,-0.243,-0.457,-0.583,1,-20.646,29.105,-19.746,0.000,2,32.120003,-110.761597,220.550003,0.839,2932.086670,21,38,50,32,4,3,U_TURN_HDG,AP_PROT_ROLL_MIN,11.816,30.000,0.000,4,-12,-8,14,ROLL_RIGHT
940,123.898277,0,-2.397,1.704,2.781,60.985,-155.147,277.981,-21.486,-7.386,1.790,-31.875,5.125,22.375,26.580,6.203,13.764,0.635,-0.252,-0.465,-0.563,1,-22.450,29.127,-20.591,0.000,2,32.120003,-110.761597,222.610001,0.901,2932.086670,21,38,50,36,4,3,U_TURN_HDG,AP_PROT_ROLL_MIN,11.816,30.000,0.000,4,-12,-8,14,ROLL_RIGHT
941,123.978226,0,-3.319,-6.177,0.641,61.204,-156.369,278.488,-56.177,-2.014,-8.393,-31.875,5.125,22.375,26.452,5.716,14.251,0.629,-0.262,-0.459,-0.570,1,-24.735,29.131,-21.613,0.000,2,32.120003,-110.761597,227.820007,1.048,2932.086670,21,38,50,44,4,3,U_TURN_HDG,AP_PROT_ROLL_MIN,11.816,30.000,0.000,4,-12,-8,14,ROLL_RIGHT
942,124.163185,0,-0.026,-2.819,1.538,60.370,-155.724,283.234,-8.617,-15.219,-42.860,-31.875,5.125,22.375,26.324,6.254,14.226,0.608,-0.272,-0.448,-0.597,1,-26.169,29.108,-22.231,0.000,2,32.120003,-110.761604,232.470001,1.065,2931.758545,21,38,50,64,4,3,U_TURN_HDG,AP_PROT_ROLL_MIN,11.816,30.000,0.000,4,-12,-8,14,ROLL_RIGHT
943,124.247063,0,-2.281,-2.268,-2.666,61.764,-148.924,293.721,-0.224,-24.172,-29.767,-31.875,5.125,22.375,26.913,7.715,12.252,0.567,-0.288,-0.463,-0.617,1,-28.396,29.082,-23.158,0.000,2,32.120003,-110.761604,234.919998,1.210,2931.758545,21,38,50,72,4,3,U_TURN_HDG,AP_PROT_ROLL_MIN,11.816,30.000,0.000,4,-12,-8,14,ROLL_RIGHT
944,124.412148,0,-4.639,-3.460,1.371,63.506,-143.697,301.610,-32.565,-7.498,-17.122,-31.875,5.125,22.375,27.118,7.971,11.611,0.537,-0.307,-0.475,-0.625,1,-22.027,29.041,-20.396,0.000,2,32.119999,-110.761604,238.169998,1.384,2931.758545,21,38,50,88,4,3,U_TURN_HDG,AP_PROT_ROLL_MIN,11.816,30.000,0.000,4,-12,-8,14,ROLL_RIGHT
945,124.492111,0,4.691,-3.037,-3.768,63.333,-143.626,304.602,-36.593,-21.934,-38.496,-31.875,5.125,22.375,26.785,9.407,11.047,0.521,-0.318,-0.467,-0.640,1,-28.715,29.077,-23.287,0.000,2,32.119999,-110.761604,237.929993,1.425,2931.758545,21,38,50,96,4,3,U_TURN_HDG,AP_PROT_ROLL_MIN,11.816,30.000,0.000,4,-12,-8,14,ROLL_RIGHT
946,124.566132,0,4.819,-4.626,3.845,62.033,-136.323,318.432,-10.072,0.112,-11.750,-31.875,5.125,22.375,26.606,9.663,11.175,0.461,-0.334,-0.468,-0.676,1,-15.044,29.098,-16.856,0.000,2,32.119999,-110.761604,237.289993,1.465,2932.086670,21,38,51,4,4,3,U_TURN_HDG,AP_PROT_ROLL_MIN,11.816,30.000,0.000,4,-12,-8,14,ROLL_RIGHT
947,124.644157,0,4.742,-4.268,4.998,59.721,-137.263,320.558,-67.815,22.493,-56.289,-31.875,5.125,22.375,26.042,10.099,12.124,0.443,-0.330,-0.454,-0.699,1,-20.600,29.051,-19.724,0.000,2,32.119999,-110.761620,237.479996,1.539,2932.086670,21,38,51,12,4,3,U_TURN_HDG,AP_PROT_ROLL_MIN,11.816,30.000,0.000,4,-12,-8,14,ROLL_RIGHT
948,124.732170,0,1.371,6.895,7.267,54.541,-141.062,323.856,-75.201,26.298,-58.751,-31.875,5.125,22.375,25.427,10.381,13.175,0.405,-0.319,-0.416,-0.749,1,-26.497,29.093,-22.370,0.000,2,32.119999,-110.761620,236.529999,1.603,2932.086670,21,38,51,20,4,3,U_TURN_HDG,AP_PROT_ROLL_MIN,11.816,30.000,0.000,4,-12,-8,14,ROLL_RIGHT
949,124.843262,0,-9.048,0.718,4.063,51.889,-143.690,328.842,-118.061,6.043,-56.401,-31.875,5.125,22.375,23.684,10.227,16.379,0.361,-0.325,-0.382,-0.786,1,-34.410,29.063,-25.492,0.000,2,32.119999,-110.761620,235.360001,1.644,2932.086670,21,38,51,32,4,3,U_TURN_HDG,AP_PROT_ROLL_MIN,11.816,30.000,0.000,4,-12,-8,14,ROLL_RIGHT
950,124.932152,0,-13.790,4.806,-1.986,48.296,-149.047,335.330,-113.808,22.157,-155.885,-31.875,5.125,22.375,21.223,10.381,19.454,0.294,-0.333,-0.322,-0.836,1,-43.235,29.082,-28.575,0.000,2,32.119999,-110.761620,235.869995,1.585,2932.086670,21,38,51,40,4,3,U_TURN_HDG,AP_PROT_ROLL_MIN,11.816,30.000,0.000,4,-12,-8,14,ROLL_RIGHT
951,125.003075,0,-11.368,-2.550,-3.345,37.253,-150.455,353.625,-130.258,-28.872,-181.176,-31.875,5.125,22.375,17.327,11.457,22.402,0.132,-0.295,-0.258,-0.910,1,-53.874,29.121,-31.897,0.000,2,32.119999,-110.761620,237.880005,1.533,2932.086670,21,38,51,48,4,3,U_TURN_HDG,AP_PROT_ROLL_MIN,11.816,30.000,0.000,4,-12,-8,14,ROLL_RIGHT
952,125.090080,0,-2.845,-3.319,-4.793,32.983,-149.989,9.632,0.000,-42.524,-130.930,-31.875,5.125,22.375,16.379,13.354,21.966,0.005,0.294,0.224,0.929,1,-61.371,29.125,-34.045,0.000,2,32.119999,-110.761620,238.309998,1.533,2932.086670,21,38,51,56,4,3,U_TURN_HDG,AP_PROT_ROLL_MIN,11.816,30.000,0.000,4,-12,-8,14,ROLL_RIGHT
953,125.171112,0,4.601,0.205,-1.935,30.555,-143.688,20.999,-23.612,3.469,-111.458,-31.875,5.125,22.375,14.789,15.840,21.274,0.086,0.301,0.250,0.916,1,-64.392,29.091,-34.872,0.000,2,32.119995,-110.761620,237.979996,1.509,2932.086670,21,38,51,64,4,3,U_TURN_HDG,AP_PROT_ROLL_MIN,11.816,30.000,0.000,4,-12,-8,14,ROLL_RIGHT
954,125.250252,0,2.858,-3.627,6.331,24.555,-143.726,28.479,-96.910,54.051,-85.832,-31.875,5.125,22.375,10.483,14.764,24.247,0.164,0.271,0.245,0.916,1,-62.506,29.071,-34.358,0.000,2,32.119995,-110.761620,237.639999,1.521,2932.086670,21,38,51,72,4,3,U_TURN_HDG,AP_PROT_ROLL_MIN,11.816,30.000,0.000,4,-12,-8,14,ROLL_RIGHT
955,125.372124,0,2.768,-3.717,7.882,15.854,-149.157,34.606,-31.781,24.731,-77.663,-31.875,5.125,22.375,8.612,14.200,25.273,0.249,0.205,0.212,0.922,1,-60.446,29.085,-33.787,0.000,2,32.119995,-110.761620,237.190002,1.541,2932.086670,21,38,51,84,4,3,U_TURN_HDG,AP_PROT_ROLL_MIN,11.816,30.000,0.000,4,-12,-8,14,ROLL_RIGHT
956,125.450218,0,-7.766,7.087,5.793,14.658,-142.152,39.348,-28.984,-69.382,-27.753,-31.875,5.125,22.375,8.407,14.456,25.196,0.277,0.222,0.262,0.897,1,-52.406,29.065,-31.460,0.000,2,32.119995,-110.761627,240.539993,1.500,2932.086670,21,38,51,92,4,3,U_TURN_HDG,AP_PROT_ROLL_MIN,11.816,30.000,0.000,4,-12,-8,14,ROLL_RIGHT
957,125.526131,0,-8.100,3.345,-1.410,16.698,-142.160,41.730,-0.448,-37.153,4.029,-31.875,5.125,22.375,9.791,17.327,23.017,0.289,0.243,0.251,0.891,1,-50.041,29.058,-30.742,0.000,2,32.119995,-110.761627,239.220001,1.479,2932.414795,21,38,52,0,4,3,U_TURN_HDG,AP_PROT_ROLL_MIN,11.816,30.000,0.000,4,-12,-8,14,ROLL_RIGHT
958,125.605301,0,-2.204,-1.756,-9.330,19.678,-142.424,45.053,-19.919,-44.315,-13.876,-31.875,5.125,22.375,10.176,17.122,23.068,0.307,0.271,0.231,0.883,1,-53.514,29.057,-31.791,0.000,2,32.119995,-110.761627,235.169998,1.482,2932.414795,21,38,52,8,4,3,U_TURN_HDG,AP_PROT_ROLL_MIN,11.816,30.000,0.000,4,-12,-8,14,ROLL_RIGHT
959,125.689171,0,-0.948,-6.318,-14.072,21.418,-142.089,46.407,-10.295,-8.729,33.460,-31.875,5.125,22.375,11.560,16.891,22.607,0.311,0.287,0.224,0.878,1,-56.656,29.086,-32.711,0.000,2,32.119995,-110.761627,232.070007,1.485,2932.414795,21,38,52,16,4,3,U_TURN_HDG,AP_PROT_ROLL_MIN,11.816,30.000,0.000,4,-12,-8,14,ROLL_RIGHT
960,125.769188,0,0.833,-6.472,-0.513,23.523,-144.423,44.509,-18.912,0.895,30.215,-31.875,5.125,22.375,12.021,15.815,23.017,0.295,0.293,0.203,0.886,1,-61.401,29.072,-34.053,0.000,2,32.119995,-110.761627,228.399994,1.499,2932.414795,21,38,52,24,4,3,U_TURN_HDG,AP_PROT_ROLL_MIN,11.816,30.000,0.000,4,-12,-8,14,ROLL_RIGHT
961,125.893265,0,1.358,-5.895,0.320,23.791,-145.072,47.113,-20.255,-27.753,-23.388,-31.875,5.125,22.375,12.124,15.584,23.043,0.316,0.298,0.191,0.880,1,-61.716,29.075,-34.140,0.000,2,32.119995,-110.761627,224.089996,1.538,2932.414795,21,38,52,36,4,3,U_TURN_HDG,AP_PROT_ROLL_MIN,11.816,30.000,0.000,4,-12,-8,14,ROLL_RIGHT
962,125.964355,0,0.103,0.359,1.858,28.225,-145.794,49.674,-49.350,11.638,13.093,-31.875,5.125,22.375,12.175,15.584,23.017,0.324,0.331,0.161,0.871,1,-58.655,29.043,-33.283,0.000,2,32.119995,-110.761627,223.399994,1.517,2932.414795,21,38,52,44,4,3,U_TURN_HDG,AP_PROT_ROLL_MIN,11.816,30.000,0.000,4,-12,-8,14,ROLL_RIGHT
963,126.048119,0,-2.243,0.500,10.060,28.112,-149.393,48.638,-47.784,30.215,-13.205,-31.875,5.125,22.375,13.867,12.688,23.837,0.327,0.319,0.137,0.879,1,-57.457,29.065,-32.941,0.000,2,32.119995,-110.761627,224.970001,1.477,2932.414795,21,38,52,52,4,3,U_TURN_HDG,AP_PROT_ROLL_MIN,11.816,30.000,0.000,4,-12,-8,14,ROLL_RIGHT
964,126.125153,0,-0.756,0.846,-0.782,25.286,-152.049,50.371,-18.241,-44.874,-35.138,-31.875,5.125,22.375,13.252,12.662,24.299,0.355,0.292,0.123,0.879,1,-58.702,29.101,-33.296,0.000,2,32.119995,-110.761627,229.110001,1.458,2932.414795,21,38,52,60,5,3,U_TURN_HDG,AP_PROT_ROLL_MIN,11.816,30.000,0.000,4,-12,-8,14,ROLL_RIGHT
965,126.186150,0,-4.127,0.154,-1.730,26.687,-149.474,54.802,43.867,-4.364,5.931,-31.875,5.125,22.375,13.662,13.841,23.453,0.378,0.316,0.125,0.861,1,-61.068,29.104,-33.960,0.000,2,32.119995,-110.761627,229.600006,1.455,2932.414795,21,38,52,64,5,3,U_TURN_HDG,AP_PROT_ROLL_MIN,11.816,30.000,0.000,4,-12,-8,14,ROLL_RIGHT
966,126.235512,0,-4.050,-0.282,-1.999,27.541,-147.631,54.312,22.157,-10.519,20.703,-31.875,5.125,22.375,13.969,14.174,23.068,0.367,0.327,0.137,0.860,1,-57.852,29.067,-33.054,0.000,2,32.119995,-110.761627,229.860001,1.433,2932.414795,21,38,52,68,5,3,U_TURN_HDG,AP_PROT_ROLL_MIN,11.816,30.000,0.000,4,-12,-8,14,ROLL_RIGHT
967,126.445946,0,-3.973,-3.101,-7.779,28.379,-147.517,51.485,29.655,-1.007,37.041,-31.875,5.125,22.375,14.251,14.200,22.863,0.343,0.330,0.142,0.868,1,-57.060,29.071,-32.827,0.000,2,32.119995,-110.761627,231.250000,1.303,2931.758545,21,38,52,92,5,3,U_TURN_HDG,AP_PROT_ROLL_MIN,11.816,30.000,0.000,4,-12,-8,14,ROLL_RIGHT
968,126.495323,0,1.833,3.768,3.704,28.271,-150.110,46.891,4.700,43.867,12.422,-31.875,5.125,22.375,13.431,11.047,24.786,0.315,0.316,0.136,0.885,1,-56.576,29.087,-32.688,0.000,2,32.119995,-110.761635,232.690002,1.289,2931.758545,21,38,52,96,5,3,U_TURN_HDG,AP_PROT_ROLL_MIN,11.816,30.000,0.000,4,-12,-8,14,ROLL_RIGHT
969,126.607269,0,2.960,-5.511,3.537,25.151,-156.664,39.822,-40.062,30.215,19.919,-31.875,5.125,22.375,12.534,10.381,25.555,0.284,0.268,0.113,0.914,1,-59.827,29.063,-33.614,0.000,2,32.119995,-110.761635,239.070007,1.278,2931.758545,21,38,53,8,5,3,U_TURN_HDG,AP_PROT_ROLL_MIN,11.816,30.000,0.000,4,-12,-8,14,ROLL_RIGHT
970,126.689293,0,-3.960,11.393,1.051,24.603,-156.525,36.751,81.132,105.191,-47.224,-31.875,5.125,22.375,9.740,13.764,25.196,0.260,0.261,0.123,0.922,1,-58.967,29.046,-33.371,0.000,2,32.119995,-110.761635,243.919998,1.295,2931.758545,21,38,53,16,5,3,U_TURN_HDG,AP_PROT_ROLL_MIN,11.816,30.000,0.000,4,-12,-8,14,ROLL_RIGHT
971,126.774994,0,-8.907,-0.256,1.769,11.508,-148.994,31.069,38.272,125.335,-7.833,-31.875,5.125,22.375,4.947,15.071,25.837,0.231,0.164,0.230,0.931,1,-60.216,29.074,-33.723,0.000,2,32.119995,-110.761635,242.250000,1.222,2931.430420,21,38,53,24,5,3,U_TURN_HDG,AP_PROT_ROLL_MIN,11.816,30.000,0.000,4,-12,-8,14,ROLL_RIGHT
972,126.850189,0,-0.064,-9.458,-4.857,10.473,-148.544,23.846,104.184,2.238,86.727,-31.875,5.125,22.375,5.562,16.071,25.119,0.174,0.142,0.246,0.943,1,-53.590,29.063,-31.813,0.000,2,32.119995,-110.761635,238.779999,1.148,2931.430420,21,38,53,32,5,3,U_TURN_HDG,AP_PROT_ROLL_MIN,11.816,30.000,0.000,4,-12,-8,14,ROLL_RIGHT
973,126.906715,0,4.434,-8.881,-7.459,13.370,-141.259,18.671,80.908,34.355,57.967,-31.875,5.125,22.375,6.434,19.301,22.376,0.114,0.162,0.307,0.931,1,-48.703,29.052,-30.328,0.000,2,32.119995,-110.761635,237.460007,1.129,2931.430420,21,38,53,36,5,3,U_TURN_HDG,AP_PROT_ROLL_MIN,11.816,30.000,0.000,4,-12,-8,14,ROLL_RIGHT
974,126.969276,0,-1.205,0.026,-0.346,11.551,-138.000,12.844,43.867,115.487,30.662,-31.875,5.125,22.375,5.665,19.813,22.094,0.068,0.133,0.344,0.927,1,-47.438,29.054,-29.932,0.000,2,32.119995,-110.761635,234.710007,1.055,2931.102539,21,38,53,44,5,3,U_TURN_HDG,AP_PROT_ROLL_MIN,11.816,30.000,0.000,4,-12,-8,14,ROLL_RIGHT
975,127.414276,0,-0.436,5.613,5.857,7.272,-137.022,8.636,48.008,82.810,-30.550,-31.875,5.125,22.375,2.538,20.787,21.684,0.047,0.086,0.360,0.928,1,-39.065,29.064,-27.162,0.000,2,32.119995,-110.761635,228.779999,1.173,2930.774414,21,38,53,88,5,3,U_TURN_HDG,AP_PROT_ROLL_MIN,11.816,30.000,0.000,4,-12,-8,14,ROLL_RIGHT
976,127.499748,0,2.345,-14.661,-9.561,2.592,-132.758,5.884,18.800,-19.695,3.805,-31.875,5.125,22.375,6.485,24.632,16.455,0.038,0.041,0.399,0.915,1,-34.253,29.057,-25.434,0.000,2,32.119991,-110.761635,226.520004,1.180,2930.774414,21,38,53,96,5,3,U_TURN_HDG,AP_PROT_ROLL_MIN,11.816,30.000,0.000,4,-12,-8,14,ROLL_RIGHT
977,127.566063,0,2.576,3.652,3.473,13.387,-122.862,0.114,12.981,-0.671,5.148,-31.875,5.125,22.375,6.254,24.863,15.994,0.055,-0.103,-0.475,-0.872,1,-35.343,29.079,-25.836,0.000,2,32.119991,-110.761635,224.490005,1.173,2930.446289,21,38,54,4,5,3,U_TURN_HDG,AP_PROT_ROLL_MIN,11.816,30.000,0.000,4,-12,-8,14,ROLL_RIGHT
978,127.647278,0,1.217,4.152,4.319,12.302,-123.843,358.718,-14.548,14.436,10.967,-31.875,5.125,22.375,5.895,24.658,16.379,0.060,-0.089,-0.469,-0.877,1,-37.237,29.083,-26.519,0.000,2,32.119991,-110.761635,221.429993,1.163,2930.446289,21,38,54,12,5,3,U_TURN_HDG,AP_PROT_ROLL_MIN,11.816,30.000,0.000,4,-12,-8,14,ROLL_RIGHT
979,127.744148,0,4.268,9.971,-10.060,14.724,-121.817,358.399,29.431,-42.972,15.331,-31.875,5.125,22.375,5.972,24.606,16.430,0.074,-0.105,-0.484,-0.866,1,-32.268,29.077,-24.686,0.000,2,32.119991,-110.761635,220.320007,1.141,2930.446289,21,38,54,20,5,3,U_TURN_HDG,AP_PROT_ROLL_MIN,11.816,30.000,0.000,4,-12,-8,14,ROLL_RIGHT
980,127.809235,0,2.153,11.714,-4.588,16.601,-113.824,0.263,69.270,11.638,-38.384,-31.875,5.125,22.375,8.202,26.606,11.714,0.077,-0.122,-0.540,-0.829,1,-28.180,29.050,-23.070,0.000,2,32.119991,-110.761635,221.240005,1.129,2930.446289,21,38,54,28,5,3,U_TURN_HDG,AP_PROT_ROLL_MIN,11.816,30.000,0.000,4,-12,-8,14,ROLL_RIGHT
981,127.893410,0,-3.268,-0.859,-0.154,14.909,-112.560,0.865,-19.584,15.219,-19.136,-31.875,5.125,22.375,6.690,27.093,11.714,0.066,-0.112,-0.550,-0.825,1,-27.903,29.114,-22.956,0.000,2,32.119991,-110.761635,222.949997,1.170,2930.118164,21,38,54,36,5,3,U_TURN_HDG,AP_PROT_ROLL_MIN,11.816,30.000,0.000,4,-12,-8,14,ROLL_RIGHT
982,127.944511,0,-3.588,-8.369,0.666,13.235,-115.309,359.327,-6.826,-12.086,32.005,-31.875,5.125,22.375,6.536,26.836,12.483,0.067,-0.094,-0.532,-0.839,1,-28.274,29.021,-23.108,0.000,2,32.119991,-110.761635,221.759995,1.332,2930.118164,21,38,54,40,5,3,U_TURN_HDG,AP_PROT_ROLL_MIN,11.816,30.000,0.000,4,-12,-8,14,ROLL_RIGHT
983,128.245193,0,-4.152,-17.160,2.499,15.822,-114.874,359.168,26.410,-37.265,92.770,-31.875,5.125,22.375,8.356,26.580,11.919,0.080,-0.112,-0.534,-0.834,1,-28.663,29.033,-23.266,0.000,2,32.119987,-110.761635,213.539993,1.767,2929.790039,21,38,54,72,5,3,U_TURN_HDG,AP_PROT_ROLL_MIN,11.816,30.000,0.000,4,-12,-8,14,ROLL_RIGHT
984,128.371262,0,-3.012,6.574,3.947,20.831,-113.655,359.334,-8.729,20.926,49.350,-31.875,5.125,22.375,10.253,23.453,15.892,0.104,-0.148,-0.539,-0.823,1,-34.878,29.066,-25.665,0.000,2,32.119987,-110.761635,212.149994,1.819,2929.462158,21,38,54,84,5,3,U_TURN_HDG,AP_PROT_ROLL_MIN,11.816,30.000,0.000,4,-12,-8,14,ROLL_RIGHT
985,128.447052,0,-5.793,6.831,-3.896,19.227,-126.126,359.089,-93.329,7.945,-105.415,-31.875,5.125,22.375,6.664,22.146,19.429,0.083,-0.145,-0.448,-0.878,1,-38.660,29.081,-27.021,0.000,2,32.119987,-110.761635,211.449997,1.948,2929.462158,21,38,54,92,5,3,U_TURN_HDG,AP_PROT_ROLL_MIN,11.816,30.000,0.000,4,-12,-8,14,ROLL_RIGHT
986,128.502502,0,1.320,-9.394,-11.457,9.466,-135.319,5.300,-81.356,-6.826,-69.494,-31.875,5.125,22.375,3.640,20.070,22.351,0.011,0.094,0.375,0.922,1,-42.066,29.062,-28.186,0.000,2,32.119987,-110.761635,211.210007,1.997,2929.462158,21,38,54,96,5,3,U_TURN_HDG,AP_PROT_ROLL_MIN,11.816,30.000,0.000,4,-12,-8,14,ROLL_RIGHT
987,128.611221,0,-1.115,-4.498,-5.729,5.825,-139.194,9.704,17.681,-3.245,-59.198,-31.875,5.125,22.375,2.768,19.788,22.735,0.062,0.077,0.343,0.934,1,-45.309,29.049,-29.252,0.000,2,32.119987,-110.761642,212.080002,2.066,2929.462158,21,38,55,8,5,3,U_TURN_HDG,AP_PROT_ROLL_MIN,11.816,30.000,0.000,4,-12,-8,14,ROLL_RIGHT
988,128.686630,0,-9.074,3.230,3.858,4.057,-138.218,12.795,-74.865,9.848,-5.819,-31.875,5.125,22.375,1.538,19.608,22.889,0.091,0.073,0.350,0.929,1,-49.323,29.067,-30.521,0.000,2,32.119987,-110.761642,213.320007,2.110,2929.462158,21,38,55,16,5,3,U_TURN_HDG,AP_PROT_ROLL_MIN,11.816,30.000,0.000,4,-12,-8,14,ROLL_RIGHT
989,128.767166,0,-7.818,-1.922,3.153,3.785,-144.291,14.067,-103.401,-64.346,15.555,-31.875,5.125,22.375,3.025,15.379,25.760,0.106,0.069,0.300,0.945,1,-60.698,29.061,-33.857,0.000,2,32.119987,-110.761642,214.240005,2.135,2929.134033,21,38,55,24,5,3,U_TURN_HDG,AP_PROT_ROLL_MIN,11.816,30.000,0.000,4,-12,-8,14,ROLL_RIGHT
990,128.851273,0,8.112,8.689,9.086,9.468,-151.009,17.096,-20.031,-59.198,-9.960,-31.875,5.125,22.375,5.357,14.815,25.734,0.123,0.116,0.235,0.957,1,-63.386,29.048,-34.599,0.000,2,32.119987,-110.761642,216.389999,2.130,2929.134033,21,38,55,32,5,3,U_TURN_HDG,AP_PROT_ROLL_MIN,11.816,30.000,0.000,4,-12,-8,14,ROLL_RIGHT
991,128.927078,0,-4.767,10.368,7.138,10.844,-147.866,22.562,-43.867,-34.019,-67.032,-31.875,5.125,22.375,5.075,15.763,25.247,0.161,0.143,0.252,0.943,1,-62.056,29.029,-34.234,0.000,2,32.119987,-110.761642,219.940002,2.105,2929.134033,21,38,55,40,5,3,U_TURN_HDG,AP_PROT_ROLL_MIN,11.816,30.000,0.000,4,-12,-8,14,ROLL_RIGHT
992,129.010193,0,5.818,12.905,-7.971,12.069,-150.146,26.132,15.667,-79.789,32.565,-31.875,5.125,22.375,7.561,14.482,25.529,0.191,0.157,0.227,0.942,1,-60.226,29.056,-33.726,0.000,2,32.119987,-110.761642,222.830002,2.125,2929.134033,21,38,55,48,5,3,U_TURN_HDG,AP_PROT_ROLL_MIN,11.816,30.000,0.000,4,-12,-8,14,ROLL_RIGHT
993,129.091339,0,-5.524,-10.701,-12.739,17.800,-149.082,25.842,-25.403,-32.453,106.982,-31.875,5.125,22.375,9.791,14.610,24.760,0.173,0.204,0.223,0.937,1,-55.989,29.007,-32.518,0.000,2,32.119984,-110.761650,224.679993,2.186,2929.134033,21,38,55,56,5,3,U_TURN_HDG,AP_PROT_ROLL_MIN,11.816,30.000,0.000,4,-12,-8,14,ROLL_RIGHT
994,129.165131,0,-4.268,-18.378,-9.138,25.867,-152.990,17.592,29.991,-35.474,79.453,-31.875,5.125,22.375,13.123,12.585,24.299,0.093,0.250,0.192,0.945,1,-55.693,29.115,-32.432,0.000,2,32.119984,-110.761650,225.990005,2.257,2929.134033,21,38,55,64,5,3,U_TURN_HDG,AP_PROT_ROLL_MIN,11.816,30.000,0.000,4,-12,-8,14,ROLL_RIGHT
995,129.223068,0,0.308,-5.665,1.525,28.774,-151.619,15.418,73.186,-2.014,-28.536,-31.875,5.125,22.375,14.226,14.174,22.658,0.066,0.271,0.203,0.939,1,-58.304,29.107,-33.183,0.000,2,32.119984,-110.761650,226.520004,2.297,2929.134033,21,38,55,68,5,3,U_TURN_HDG,AP_PROT_ROLL_MIN,11.816,30.000,0.000,4,-12,-8,14,ROLL_RIGHT
996,129.368073,0,0.243,-0.436,3.717,27.738,-147.125,17.722,-21.598,3.133,-24.843,-31.875,5.125,22.375,13.713,14.738,22.530,0.076,0.269,0.236,0.930,1,-62.976,29.077,-34.487,0.000,2,32.119984,-110.761650,223.570007,2.471,2929.134033,21,38,55,84,5,3,U_TURN_HDG,AP_PROT_ROLL_MIN,11.816,30.000,0.000,4,-12,-8,14,ROLL_RIGHT
997,129.493286,0,7.882,-0.384,9.778,28.020,-150.325,15.360,6.043,-41.965,49.350,-31.875,5.125,22.375,16.327,11.867,22.376,0.064,0.265,0.215,0.938,1,-53.220,29.020,-31.703,0.000,2,32.119980,-110.761650,223.300003,2.663,2929.134033,21,38,55,96,5,3,U_TURN_HDG,AP_PROT_ROLL_MIN,11.816,30.000,0.000,4,-12,-8,14,ROLL_RIGHT
998,129.565781,0,-2.115,2.038,4.127,33.686,-152.222,14.443,-5.819,-17.010,-49.015,-31.875,5.125,22.375,16.302,12.226,22.325,0.048,0.308,0.193,0.930,1,-59.368,29.037,-33.485,0.000,2,32.119980,-110.761658,223.800003,2.780,2929.134033,21,38,56,4,5,3,U_TURN_HDG,AP_PROT_ROLL_MIN,11.816,30.000,0.000,4,-12,-8,14,ROLL_RIGHT
999,129.684036,0,-8.202,-1.640,-8.382,33.687,-147.647,22.699,25.626,-80.125,-37.600,-31.875,5.125,22.375,16.968,13.815,20.915,0.102,0.325,0.207,0.917,1,-58.573,29.045,-33.260,0.000,2,32.119980,-110.761658,223.330002,2.839,2929.134033,21,38,56,16,5,3,U_TURN_HDG,AP_PROT_ROLL_MIN,11.816,30.000,0.000,4,-12,-8,14,ROLL_RIGHT
1000,129.764130,0,-3.217,-0.730,-11.521,39.445,-141.783,29.288,64.458,-64.905,18.688,-31.875,5.125,22.375,20.941,15.046,15.866,0.118,0.386,0.218,0.888,1,-53.029,29.077,-31.647,0.000,2,32.119976,-110.761658,224.770004,2.810,2929.462158,21,38,56,24,5,3,U_TURN_HDG,AP_PROT_ROLL_MIN,11.816,30.000,0.000,4,-12,-8,14,ROLL_RIGHT
1001,129.845093,0,-4.191,-3.704,-7.689,43.949,-135.339,33.120,-0.448,3.917,-12.533,-31.875,5.125,22.375,20.633,15.071,16.122,0.108,0.432,0.239,0.863,1,-58.164,29.070,-33.143,0.000,2,32.119976,-110.761658,223.899994,2.729,2929.462158,21,38,56,32,5,3,U_TURN_HDG,AP_PROT_ROLL_MIN,11.816,30.000,0.000,4,-12,-8,14,ROLL_RIGHT
1002,129.930023,0,5.831,5.395,-0.269,39.690,-141.217,31.030,-55.729,48.343,-26.074,-31.875,5.125,22.375,18.711,15.046,18.173,0.129,0.392,0.215,0.885,1,-60.603,29.091,-33.831,0.000,2,32.119976,-110.761658,221.529999,2.716,2929.462158,21,38,56,40,5,3,U_TURN_HDG,AP_PROT_ROLL_MIN,11.816,30.000,0.000,4,-12,-8,14,ROLL_RIGHT
1003,130.084091,0,9.343,11.957,3.499,36.244,-135.930,31.676,93.777,35.027,1.567,-31.875,5.125,22.375,17.481,17.429,17.224,0.128,0.375,0.264,0.879,1,-47.436,29.057,-29.931,0.000,2,32.119976,-110.761658,222.889999,2.625,2929.462158,21,38,56,56,5,3,U_TURN_HDG,AP_PROT_ROLL_MIN,11.816,30.000,0.000,4,-12,-8,14,ROLL_RIGHT
1004,130.170059,0,-2.422,-1.448,-5.331,33.065,-132.890,28.975,23.500,-37.265,44.762,-31.875,5.125,22.375,17.071,17.148,18.070,0.110,0.348,0.306,0.879,1,-47.810,29.095,-30.049,0.000,2,32.119976,-110.761665,224.690002,2.582,2929.462158,21,38,56,64,5,3,U_TURN_HDG,AP_PROT_ROLL_MIN,11.816,30.000,0.000,4,-12,-8,14,ROLL_RIGHT
1005,130.231506,0,-9.317,-15.225,-6.677,38.430,-136.775,25.363,11.191,-16.450,80.013,-31.875,5.125,22.375,19.019,16.045,17.122,0.074,0.375,0.272,0.883,1,-48.381,29.062,-30.228,0.000,2,32.119976,-110.761665,225.389999,2.572,2929.462158,21,38,56,68,5,3,U_TURN_HDG,AP_PROT_ROLL_MIN,11.816,30.000,0.000,4,-12,-8,14,ROLL_RIGHT
1006,130.301102,0,3.396,-8.228,-1.077,42.628,-137.656,21.837,42.077,-22.605,31.446,-31.875,5.125,22.375,20.762,15.148,15.789,0.036,0.397,0.266,0.878,1,-48.478,29.028,-30.258,0.000,2,32.119972,-110.761665,226.919998,2.552,2929.462158,21,38,56,76,5,3,U_TURN_HDG,AP_PROT_ROLL_MIN,11.816,30.000,0.000,4,-12,-8,14,ROLL_RIGHT
1007,130.374176,0,6.472,2.320,1.320,42.518,-133.981,22.690,17.905,27.305,-46.217,-31.875,5.125,22.375,20.121,16.225,15.430,0.030,0.399,0.292,0.869,1,-46.811,29.044,-29.733,0.000,2,32.119972,-110.761665,231.020004,2.625,2929.462158,21,38,56,84,5,3,U_TURN_HDG,AP_PROT_ROLL_MIN,11.816,30.000,0.000,4,-12,-8,14,ROLL_RIGHT
1008,130.445038,0,5.575,3.371,1.871,39.198,-137.251,21.199,-46.441,42.188,-10.967,-31.875,5.125,22.375,19.096,16.071,16.789,0.041,0.370,0.280,0.885,1,-53.279,29.055,-31.721,0.000,2,32.119972,-110.761665,234.139999,2.706,2929.462158,21,38,56,92,5,3,U_TURN_HDG,AP_PROT_ROLL_MIN,11.816,30.000,0.000,4,-12,-8,14,ROLL_RIGHT
1009,130.607101,0,8.394,-0.833,4.409,40.802,-138.204,21.378,11.526,-56.289,-4.476,-31.875,5.125,22.375,19.044,15.840,17.045,0.040,0.382,0.268,0.883,1,-50.218,29.026,-30.796,0.000,2,32.119972,-110.761673,238.169998,2.719,2929.790039,21,38,57,8,5,3,U_TURN_HDG,AP_PROT_ROLL_MIN,11.816,30.000,0.000,4,-12,-8,14,ROLL_RIGHT
1010,130.696167,0,-4.460,-0.666,-8.522,40.580,-136.440,23.252,-20.143,-25.850,31.893,-31.875,5.125,22.375,19.352,15.610,17.148,0.049,0.386,0.276,0.879,1,-53.757,29.049,-31.863,0.000,2,32.119972,-110.761673,237.539993,2.854,2929.790039,21,38,57,16,5,3,U_TURN_HDG,AP_PROT_ROLL_MIN,11.816,30.000,0.000,4,-12,-8,14,ROLL_RIGHT
1011,130.780518,0,-3.986,-4.691,-12.559,41.503,-137.469,28.972,39.950,-8.841,4.364,-31.875,5.125,22.375,20.480,15.635,15.789,0.094,0.405,0.246,0.876,1,-47.428,29.074,-29.929,0.000,2,32.119968,-110.761673,236.179993,2.888,2929.790039,21,38,57,24,5,3,U_TURN_HDG,AP_PROT_ROLL_MIN,11.816,30.000,0.000,4,-12,-8,14,ROLL_RIGHT
1012,130.968185,0,-5.126,-5.626,-11.611,41.407,-133.948,28.878,12.198,31.669,-4.364,-31.875,5.125,22.375,19.890,16.302,15.712,0.081,0.406,0.273,0.868,1,-47.756,29.047,-30.032,0.000,2,32.119968,-110.761681,236.300003,3.004,2930.118164,21,38,57,44,5,3,U_TURN_HDG,AP_PROT_ROLL_MIN,11.816,30.000,0.000,4,-12,-8,14,ROLL_RIGHT
1013,131.053955,0,0.269,13.815,11.163,39.970,-134.201,27.261,18.241,79.229,-36.257,-31.875,5.125,22.375,17.686,18.173,15.917,0.075,0.392,0.281,0.873,1,-45.783,29.051,-29.405,0.000,2,32.119968,-110.761681,236.300003,3.035,2930.118164,21,38,57,52,5,3,U_TURN_HDG,AP_PROT_ROLL_MIN,11.816,30.000,0.000,4,-12,-8,14,ROLL_RIGHT
1014,131.135620,0,13.277,8.869,5.408,32.958,-132.850,21.905,68.151,77.439,-11.862,-31.875,5.125,22.375,15.687,18.890,17.173,0.056,0.328,0.327,0.884,1,-46.571,29.051,-29.657,0.000,2,32.119968,-110.761681,236.820007,3.060,2930.118164,21,38,57,60,5,3,U_TURN_HDG,AP_PROT_ROLL_MIN,11.816,30.000,0.000,4,-12,-8,14,ROLL_RIGHT
1015,131.214401,0,-4.421,-2.422,-2.666,26.943,-130.899,18.064,10.631,16.003,-18.576,-31.875,5.125,22.375,12.893,20.762,17.455,0.043,0.273,0.366,0.889,1,-41.601,29.044,-28.030,0.000,2,32.119968,-110.761681,238.679993,3.031,2930.446289,21,38,57,68,5,3,U_TURN_HDG,AP_PROT_ROLL_MIN,11.816,30.000,0.000,4,-12,-8,14,ROLL_RIGHT
1016,131.296371,0,-6.177,-3.140,-12.213,25.242,-129.126,17.866,10.631,-47.000,8.281,-31.875,5.125,22.375,13.508,21.325,16.379,0.044,0.260,0.383,0.885,1,-38.989,29.057,-27.135,0.000,2,32.119965,-110.761681,240.619995,3.068,2930.446289,21,38,57,76,5,3,U_TURN_HDG,AP_PROT_ROLL_MIN,11.816,30.000,0.000,4,-12,-8,14,ROLL_RIGHT
1017,131.375244,0,-6.075,-16.366,1.512,30.894,-129.300,17.609,9.288,8.505,120.858,-31.875,5.125,22.375,16.353,19.403,16.148,0.021,0.301,0.371,0.878,1,-40.360,29.006,-27.609,0.000,2,32.119965,-110.761681,240.929993,3.104,2930.774414,21,38,57,84,5,3,U_TURN_HDG,AP_PROT_ROLL_MIN,11.816,30.000,0.000,4,-12,-8,14,ROLL_RIGHT
1018,131.452835,0,0.282,-6.472,2.807,34.946,-129.666,12.249,30.998,-22.045,-23.276,-31.875,5.125,22.375,17.301,19.249,15.200,0.035,-0.313,-0.374,-0.872,1,-40.269,29.031,-27.577,0.000,2,32.119965,-110.761688,240.279999,3.180,2930.774414,21,38,57,92,5,3,U_TURN_HDG,AP_PROT_ROLL_MIN,11.816,30.000,0.000,4,-12,-8,14,ROLL_RIGHT
1019,131.508972,0,4.537,0.590,4.562,33.227,-127.491,16.019,-43.531,-3.917,-46.329,-31.875,5.125,22.375,16.250,19.890,15.379,0.005,-0.313,-0.384,-0.869,1,-44.530,29.036,-29.000,0.000,2,32.119965,-110.761688,240.080002,3.188,2930.774414,21,38,57,96,5,3,U_TURN_HDG,AP_PROT_ROLL_MIN,11.816,30.000,0.000,4,-12,-8,14,ROLL_RIGHT
1020,131.610519,0,4.550,0.115,4.639,31.929,-130.440,17.247,-57.855,4.141,-2.462,-31.875,5.125,22.375,15.968,19.275,16.379,0.017,0.307,0.361,0.880,1,-42.061,29.072,-28.184,0.000,2,32.119965,-110.761688,240.220001,3.236,2931.102539,21,38,58,8,5,3,U_TURN_HDG,AP_PROT_ROLL_MIN,11.816,30.000,0.000,4,-12,-8,14,ROLL_RIGHT
1021,131.687164,0,10.035,12.598,6.177,32.238,-133.092,16.774,0.448,26.298,-73.075,-31.875,5.125,22.375,15.225,18.737,17.609,0.019,0.308,0.341,0.888,1,-41.670,29.060,-28.053,0.000,2,32.119961,-110.761688,240.789993,3.295,2931.102539,21,38,58,16,5,3,U_TURN_HDG,AP_PROT_ROLL_MIN,11.816,30.000,0.000,4,-12,-8,14,ROLL_RIGHT
1022,131.762070,0,-4.857,4.883,0.115,26.696,-135.103,20.497,-70.836,8.952,-60.877,-31.875,5.125,22.375,13.533,18.685,19.096,0.073,0.276,0.328,0.901,1,-47.272,29.068,-29.879,0.000,2,32.119961,-110.761688,241.410004,3.308,2931.430420,21,38,58,20,5,3,U_TURN_HDG,AP_PROT_ROLL_MIN,11.816,30.000,0.000,4,-12,-8,14,ROLL_RIGHT
1023,131.813248,0,-4.486,3.140,-2.115,27.555,-134.244,21.653,31.446,-52.372,13.093,-31.875,5.125,22.375,14.097,18.967,18.532,0.077,0.286,0.330,0.896,1,-44.530,29.031,-29.000,0.000,2,32.119961,-110.761696,243.080002,3.317,2931.430420,21,38,58,28,5,3,U_TURN_HDG,AP_PROT_ROLL_MIN,11.816,30.000,0.000,4,-12,-8,14,ROLL_RIGHT
1024,132.090271,0,-5.754,-1.794,-10.342,29.569,-132.331,23.399,8.281,-57.967,16.674,-31.875,5.125,22.375,15.738,19.275,16.891,0.078,0.308,0.335,0.887,1,-43.175,29.055,-28.555,0.000,2,32.119961,-110.761696,248.669998,3.252,2932.086670,21,38,58,56,5,3,U_TURN_HDG,AP_PROT_ROLL_MIN,11.816,30.000,0.000,4,-12,-8,14,ROLL_RIGHT
1025,132.408157,0,5.921,-0.449,-0.218,33.893,-130.517,25.948,46.329,-29.431,28.200,-31.875,5.125,22.375,18.327,17.096,16.430,0.076,0.348,0.331,0.874,1,-43.011,29.068,-28.501,0.000,2,32.119957,-110.761703,251.869995,3.489,2932.414795,21,38,58,88,5,3,U_TURN_HDG,AP_PROT_ROLL_MIN,11.816,30.000,0.000,4,-12,-8,14,ROLL_RIGHT
1026,132.492508,0,-9.599,-14.892,-9.189,38.956,-132.252,21.762,10.295,-69.829,79.341,-31.875,5.125,22.375,18.506,18.301,15.148,0.030,0.371,0.317,0.872,1,-40.903,29.027,-27.794,0.000,2,32.119957,-110.761703,251.809998,3.517,2932.742920,21,38,58,96,5,3,U_TURN_HDG,AP_PROT_ROLL_MIN,11.816,30.000,0.000,4,-12,-8,14,ROLL_RIGHT
1027,132.575424,0,2.076,-8.446,1.230,44.780,-126.343,24.460,92.322,-36.929,31.334,-31.875,5.125,22.375,21.812,17.327,11.124,0.007,0.421,0.336,0.843,1,-38.790,28.994,-27.066,0.000,2,32.119957,-110.761703,251.800003,3.546,2932.742920,21,38,59,4,5,3,U_TURN_HDG,AP_PROT_ROLL_MIN,11.816,30.000,0.000,4,-12,-8,14,ROLL_RIGHT
1028,132.658157,0,6.600,1.435,6.446,45.835,-119.714,27.509,-43.979,7.162,-54.162,-31.875,5.125,22.375,20.377,18.737,11.150,0.001,-0.437,-0.369,-0.820,1,-41.610,29.027,-28.033,0.000,2,32.119957,-110.761711,252.070007,3.588,2933.071045,21,38,59,12,5,3,U_TURN_HDG,AP_PROT_ROLL_MIN,11.816,30.000,0.000,4,-12,-8,14,ROLL_RIGHT
1029,132.767075,0,7.741,1.410,8.753,41.529,-122.839,30.002,-35.250,-18.464,-13.876,-31.875,5.125,22.375,19.839,18.814,11.944,0.049,0.417,0.352,0.837,1,-40.046,29.003,-27.501,0.000,2,32.119957,-110.761711,253.800003,3.620,2933.071045,21,38,59,24,5,3,U_TURN_HDG,AP_PROT_ROLL_MIN,11.816,30.000,0.000,4,-12,-8,14,ROLL_RIGHT
1030,132.852112,0,10.586,8.035,4.639,42.237,-123.005,31.105,-15.219,-27.305,-24.395,-31.875,5.125,22.375,21.044,17.840,11.355,0.054,0.424,0.344,0.836,1,-41.460,29.012,-27.982,0.000,2,32.119957,-110.761711,255.389999,3.615,2933.398926,21,38,59,32,5,3,U_TURN_HDG,AP_PROT_ROLL_MIN,11.816,30.000,0.000,4,-12,-8,14,ROLL_RIGHT
1031,132.927811,0,-3.242,7.766,-0.756,42.492,-121.842,36.332,-98.589,-24.395,-39.279,-31.875,5.125,22.375,19.890,18.609,12.406,0.087,0.442,0.332,0.829,1,-42.954,29.026,-28.482,0.000,2,32.119957,-110.761711,256.239990,3.634,2933.398926,21,38,59,40,5,3,U_TURN_HDG,AP_PROT_ROLL_MIN,11.816,30.000,0.000,4,-12,-8,14,ROLL_RIGHT
1032,132.979553,0,-12.918,-0.833,-2.217,41.491,-125.630,40.143,1.679,-72.627,27.976,-31.875,5.125,22.375,20.198,17.993,12.893,0.133,0.443,0.293,0.837,1,-43.357,29.012,-28.615,0.000,2,32.119957,-110.761711,256.290009,3.666,2933.727051,21,38,59,44,5,3,U_TURN_HDG,AP_PROT_ROLL_MIN,11.816,30.000,0.000,4,-12,-8,14,ROLL_RIGHT
1033,133.173294,0,-14.110,-7.587,-6.164,45.630,-123.237,44.117,24.395,-79.006,40.958,-31.875,5.125,22.375,21.864,17.378,11.022,0.134,0.481,0.278,0.821,1,-45.605,29.083,-29.348,0.000,2,32.119957,-110.761719,258.200012,3.607,2933.727051,21,38,59,64,5,3,U_TURN_HDG,AP_PROT_ROLL_MIN,11.816,30.000,0.000,4,-12,-8,14,ROLL_RIGHT
1034,133.333130,0,-14.020,-8.343,-5.665,46.219,-113.395,54.027,48.343,-72.179,30.103,-31.875,5.125,22.375,21.582,18.890,8.125,0.157,0.522,0.301,0.783,1,-39.094,29.012,-27.172,0.000,2,32.119953,-110.761719,259.619995,3.636,2934.055176,21,38,59,80,5,3,U_TURN_HDG,AP_PROT_ROLL_MIN,11.816,30.000,0.000,4,-12,-8,14,ROLL_RIGHT
1035,133.411377,0,15.469,16.622,5.319,37.586,-116.024,43.545,13.876,21.934,-84.153,-31.875,5.125,22.375,20.300,20.121,8.330,0.139,0.440,0.364,0.809,1,-40.256,29.054,-27.573,0.000,2,32.119953,-110.761719,258.579987,3.578,2934.055176,21,38,59,88,5,3,U_TURN_HDG,AP_PROT_ROLL_MIN,11.816,30.000,0.000,4,-12,-8,14,ROLL_RIGHT
1036,133.493118,0,-4.139,7.766,3.678,30.931,-117.415,37.004,83.929,133.504,-55.393,-31.875,5.125,22.375,16.507,22.505,10.560,0.130,0.375,0.402,0.825,1,-39.866,29.043,-27.439,0.000,2,32.119953,-110.761719,257.089996,3.620,2934.383301,21,38,59,96,5,3,U_TURN_HDG,AP_PROT_ROLL_MIN,11.816,30.000,0.000,4,-12,-8,14,ROLL_RIGHT
1037,133.605225,0,-5.639,-3.652,-6.574,35.472,-121.572,38.386,-59.086,6.379,7.945,-31.875,5.125,22.375,15.994,22.018,12.483,0.133,0.404,0.352,0.834,1,-40.100,29.049,-27.519,0.000,2,32.119949,-110.761726,254.610001,3.774,2934.383301,21,39,0,8,5,3,U_TURN_HDG,AP_PROT_ROLL_MIN,11.816,30.000,0.000,4,-12,-8,14,ROLL_RIGHT
1038,133.678543,0,1.038,-9.971,5.178,47.206,-116.223,34.435,14.548,-76.208,75.089,-31.875,5.125,22.375,19.275,20.198,11.047,0.028,0.468,0.362,0.806,1,-39.784,29.049,-27.411,0.000,2,32.119949,-110.761726,253.949997,3.762,2934.383301,21,39,0,12,5,3,U_TURN_HDG,AP_PROT_ROLL_MIN,11.816,30.000,0.000,4,-12,-8,14,ROLL_RIGHT
1039,133.735519,0,5.267,-5.844,1.922,50.330,-119.484,30.680,-33.124,15.891,-26.074,-31.875,5.125,22.375,23.197,16.635,9.099,0.000,0.475,0.343,0.811,1,-42.546,29.051,-28.346,0.000,2,32.119949,-110.761726,253.630005,3.764,2934.711426,21,39,0,20,5,3,U_TURN_HDG,AP_PROT_ROLL_MIN,11.816,30.000,0.000,4,-12,-8,14,ROLL_RIGHT
1040,133.845398,0,1.935,-0.846,1.640,48.510,-121.122,29.038,6.938,61.884,-2.798,-31.875,5.125,22.375,22.684,16.917,9.740,0.004,0.459,0.344,0.819,1,-41.767,29.033,-28.086,0.000,2,32.119949,-110.761726,253.630005,3.831,2934.711426,21,39,0,32,5,3,U_TURN_HDG,AP_PROT_ROLL_MIN,11.816,30.000,0.000,4,-12,-8,14,ROLL_RIGHT
1041,133.931290,0,4.691,1.051,2.320,46.864,-124.304,23.777,-12.422,67.815,-1.679,-31.875,5.125,22.375,21.505,16.609,12.406,0.015,-0.432,-0.347,-0.832,1,-48.555,29.032,-30.282,0.000,2,32.119949,-110.761726,253.630005,3.863,2935.039307,21,39,0,40,5,3,U_TURN_HDG,AP_PROT_ROLL_MIN,11.816,30.000,0.000,4,-12,-8,14,ROLL_RIGHT
1042,134.009125,0,6.331,1.602,4.524,39.577,-127.430,19.026,3.469,64.010,-60.429,-31.875,5.125,22.375,19.326,18.173,13.790,0.008,-0.368,-0.361,-0.857,1,-42.171,29.016,-28.221,0.000,2,32.119949,-110.761726,252.669998,3.820,2935.039307,21,39,0,48,5,3,U_TURN_HDG,AP_PROT_ROLL_MIN,11.816,30.000,0.000,4,-12,-8,14,ROLL_RIGHT
1043,134.085770,0,-4.793,1.384,2.486,39.727,-126.300,18.613,18.688,4.252,1.455,-31.875,5.125,22.375,19.326,18.480,13.508,0.016,-0.368,-0.370,-0.853,1,-41.536,29.025,-28.008,0.000,2,32.119946,-110.761726,251.970001,3.840,2935.039307,21,39,0,56,5,3,U_TURN_HDG,AP_PROT_ROLL_MIN,11.816,30.000,0.000,4,-12,-8,14,ROLL_RIGHT
1044,134.164871,0,-8.599,-3.422,-6.844,42.547,-124.528,21.454,28.760,-17.457,21.038,-31.875,5.125,22.375,19.864,18.506,12.765,0.012,-0.396,-0.366,-0.842,1,-40.570,29.055,-27.680,0.000,2,32.119946,-110.761726,249.869995,3.771,2935.367676,21,39,0,64,5,3,U_TURN_HDG,AP_PROT_ROLL_MIN,11.816,30.000,0.000,4,-12,-8,14,ROLL_RIGHT
1045,134.215942,0,-10.381,-8.266,-3.268,46.347,-126.799,20.461,2.462,-18.129,56.848,-31.875,5.125,22.375,22.120,16.302,12.149,0.027,-0.419,-0.343,-0.840,1,-42.079,29.034,-28.190,0.000,2,32.119946,-110.761734,248.339996,3.767,2935.367676,21,39,0,68,5,3,U_TURN_HDG,AP_PROT_ROLL_MIN,11.816,30.000,0.000,4,-12,-8,14,ROLL_RIGHT
1046,134.323196,0,-5.344,-3.563,-4.537,48.848,-126.946,19.706,24.395,-21.262,22.381,-31.875,5.125,22.375,22.735,15.738,11.662,0.043,-0.434,-0.337,-0.834,1,-42.391,29.043,-28.295,0.000,2,32.119946,-110.761734,245.460007,3.715,2935.367676,21,39,0,80,5,3,U_TURN_HDG,AP_PROT_ROLL_MIN,11.816,30.000,0.000,4,-12,-8,14,ROLL_RIGHT
1047,134.408020,0,3.140,4.229,0.500,49.914,-126.458,18.538,44.315,35.922,-37.936,-31.875,5.125,22.375,22.607,16.020,11.252,0.057,-0.438,-0.342,-0.829,1,-40.795,29.073,-27.757,0.000,2,32.119942,-110.761734,244.259995,3.708,2935.695557,21,39,0,88,5,3,U_TURN_HDG,AP_PROT_ROLL_MIN,11.816,30.000,0.000,4,-12,-8,14,ROLL_RIGHT
1048,134.491272,0,6.023,4.934,-1.474,46.504,-123.766,17.602,63.115,-13.541,26.522,-31.875,5.125,22.375,21.812,17.429,10.611,0.060,-0.410,-0.375,-0.829,1,-44.672,29.060,-29.046,0.000,2,32.119942,-110.761734,243.949997,3.757,2935.695557,21,39,0,96,5,3,U_TURN_HDG,AP_PROT_ROLL_MIN,11.816,30.000,0.000,4,-12,-8,14,ROLL_RIGHT
1049,134.570023,0,-2.640,1.269,0.551,47.478,-119.331,16.934,12.757,31.222,-28.984,-31.875,5.125,22.375,21.531,18.275,9.740,0.085,-0.412,-0.406,-0.811,1,-40.738,29.037,-27.738,0.000,2,32.119942,-110.761734,244.360001,3.776,2936.023682,21,39,1,4,5,3,U_TURN_HDG,AP_PROT_ROLL_MIN,11.816,30.000,0.000,4,-12,-8,14,ROLL_RIGHT
1050,134.636002,0,-2.743,-1.346,-3.537,47.001,-115.886,18.008,54.051,-51.924,26.410,-31.875,5.125,22.375,22.274,18.352,7.946,0.087,-0.410,-0.428,-0.801,1,-40.398,29.078,-27.622,0.000,2,32.119942,-110.761734,244.820007,3.789,2936.023682,21,39,1,8,5,3,U_TURN_HDG,AP_PROT_ROLL_MIN,11.816,30.000,0.000,4,-12,-8,14,ROLL_RIGHT
1051,134.688690,0,-9.766,-11.650,-0.602,49.506,-112.140,20.432,-28.200,-20.814,22.493,-31.875,5.125,22.375,22.889,17.916,7.100,0.096,-0.432,-0.437,-0.783,1,-40.507,29.029,-27.659,0.000,2,32.119942,-110.761734,245.160004,3.764,2936.023682,21,39,1,16,5,3,U_TURN_HDG,AP_PROT_ROLL_MIN,11.816,30.000,0.000,4,-12,-8,14,ROLL_RIGHT
1052,134.764938,0,-2.063,-11.034,0.743,51.329,-111.610,22.296,16.338,-40.510,18.129,-31.875,5.125,22.375,23.658,17.327,5.639,0.095,-0.449,-0.428,-0.779,1,-41.481,29.115,-27.989,0.000,2,32.119942,-110.761742,246.059998,3.760,2936.351807,21,39,1,24,5,3,U_TURN_HDG,AP_PROT_ROLL_MIN,11.816,30.000,0.000,4,-12,-8,14,ROLL_RIGHT
1053,134.892181,0,3.319,-3.217,5.152,51.605,-107.885,25.558,-6.826,-2.574,-36.034,-31.875,5.125,22.375,23.402,17.635,5.460,0.089,-0.460,-0.439,-0.766,1,-42.074,29.049,-28.189,0.000,2,32.119942,-110.761742,246.899994,3.764,2936.679688,21,39,1,36,5,3,U_TURN_HDG,AP_PROT_ROLL_MIN,11.816,30.000,0.000,4,-12,-8,14,ROLL_RIGHT
1054,134.968994,0,4.703,1.807,3.537,48.300,-108.068,28.665,-17.345,-5.707,-37.041,-31.875,5.125,22.375,22.248,18.814,6.023,0.050,-0.453,-0.437,-0.775,1,-39.086,29.026,-27.169,0.000,2,32.119942,-110.761742,246.869995,3.723,2936.679688,21,39,1,44,5,3,U_TURN_HDG,AP_PROT_ROLL_MIN,11.816,30.000,0.000,4,-12,-8,14,ROLL_RIGHT
1055,135.035141,0,9.919,1.845,4.780,48.951,-109.595,29.462,-35.698,-24.060,14.883,-31.875,5.125,22.375,22.786,18.019,6.510,0.042,-0.461,-0.421,-0.780,1,-44.199,29.057,-28.892,0.000,2,32.119942,-110.761742,246.520004,3.728,2936.679688,21,39,1,48,5,3,U_TURN_HDG,AP_PROT_ROLL_MIN,11.816,30.000,0.000,4,-12,-8,14,ROLL_RIGHT
1056,135.087662,0,4.216,14.328,-2.217,49.023,-108.550,33.389,-36.593,-30.774,-48.120,-31.875,5.125,22.375,22.581,18.429,6.100,0.020,-0.475,-0.412,-0.777,1,-40.496,29.044,-27.655,0.000,2,32.119938,-110.761742,245.529999,3.715,2937.008057,21,39,1,56,5,3,U_TURN_HDG,AP_PROT_ROLL_MIN,11.816,30.000,0.000,4,-12,-8,14,ROLL_RIGHT
1057,135.168991,0,-4.178,0.141,-1.448,47.100,-109.422,35.377,-62.108,26.522,-29.431,-31.875,5.125,22.375,21.710,19.147,7.254,0.007,0.472,0.405,0.783,1,-40.951,29.080,-27.810,0.000,2,32.119938,-110.761742,245.369995,3.715,2937.008057,21,39,1,64,5,3,U_TURN_HDG,AP_PROT_ROLL_MIN,11.816,30.000,0.000,4,-12,-8,14,ROLL_RIGHT
1058,135.288101,0,-9.150,-1.743,-6.190,43.852,-113.391,33.935,-24.955,-8.169,-55.505,-31.875,5.125,22.375,20.146,20.326,8.663,0.030,0.447,0.396,0.801,1,-42.645,29.016,-28.379,0.000,2,32.119938,-110.761742,245.320007,3.590,2937.335938,21,39,1,76,5,3,U_TURN_HDG,AP_PROT_ROLL_MIN,11.816,30.000,0.000,4,-12,-8,14,ROLL_RIGHT
1059,135.363129,0,-0.615,-7.856,-6.139,43.659,-112.849,37.608,-11.526,9.736,43.979,-31.875,5.125,22.375,21.761,18.839,7.997,0.055,0.459,0.386,0.798,1,-41.775,29.015,-28.088,0.000,2,32.119938,-110.761742,244.610001,3.482,2937.664307,21,39,1,84,5,3,U_TURN_HDG,AP_PROT_ROLL_MIN,11.816,30.000,0.000,4,-12,-8,14,ROLL_RIGHT
1060,135.450027,0,0.115,-5.319,-0.128,45.843,-117.964,32.552,-11.302,73.298,-27.305,-31.875,5.125,22.375,21.505,18.327,9.586,0.029,0.453,0.362,0.814,1,-43.270,29.030,-28.586,0.000,2,32.119938,-110.761742,243.240005,3.384,2937.664307,21,39,1,92,5,3,U_TURN_HDG,AP_PROT_ROLL_MIN,11.816,30.000,0.000,4,-12,-8,14,ROLL_RIGHT
1061,135.526108,0,1.000,6.792,6.844,42.707,-120.553,29.437,29.879,47.224,-59.870,-31.875,5.125,22.375,18.583,20.146,11.585,0.031,0.423,0.366,0.828,1,-43.036,29.024,-28.509,0.000,2,32.119938,-110.761742,240.779999,3.303,2937.664307,21,39,2,0,5,3,U_TURN_HDG,AP_PROT_ROLL_MIN,11.816,30.000,0.000,4,-12,-8,14,ROLL_RIGHT
1062,135.603561,0,1.461,5.985,6.472,34.720,-117.170,28.564,46.329,13.317,-47.560,-31.875,5.125,22.375,17.096,21.710,11.022,0.050,0.370,0.419,0.828,1,-42.222,29.062,-28.238,0.000,2,32.119934,-110.761742,237.440002,3.269,2937.992188,21,39,2,8,5,3,U_TURN_HDG,AP_PROT_ROLL_MIN,11.816,30.000,0.000,4,-12,-8,14,ROLL_RIGHT
1063,135.686981,0,1.820,8.561,-0.577,35.164,-114.129,30.793,49.910,0.448,-34.131,-31.875,5.125,22.375,16.686,22.376,10.304,0.054,0.382,0.432,0.815,1,-41.861,29.011,-28.117,0.000,2,32.119930,-110.761742,233.899994,3.268,2937.992188,21,39,2,16,5,3,U_TURN_HDG,AP_PROT_ROLL_MIN,11.816,30.000,0.000,4,-12,-8,14,ROLL_RIGHT
1064,135.803177,0,2.422,2.589,-2.730,38.787,-110.291,34.716,10.967,-9.176,12.757,-31.875,5.125,22.375,18.916,21.812,7.587,0.050,0.421,0.433,0.795,1,-40.665,29.030,-27.713,0.000,2,32.119930,-110.761742,234.539993,3.573,2938.320312,21,39,2,28,5,3,U_TURN_HDG,AP_PROT_ROLL_MIN,11.816,30.000,0.000,4,-12,-8,14,ROLL_RIGHT
1065,135.888016,0,-2.807,-10.868,-0.525,39.209,-111.358,34.211,-16.674,-9.736,28.088,-31.875,5.125,22.375,19.121,21.018,9.509,0.048,0.421,0.426,0.799,1,-42.225,29.058,-28.239,0.000,2,32.119930,-110.761749,238.160004,3.652,2938.320312,21,39,2,36,5,3,U_TURN_HDG,AP_PROT_ROLL_MIN,11.816,30.000,0.000,4,-12,-8,14,ROLL_RIGHT
1066,135.968994,0,1.576,-5.434,0.000,41.291,-115.200,32.752,-6.938,1.902,15.219,-31.875,5.125,22.375,19.967,20.121,9.509,0.042,0.427,0.397,0.811,1,-41.202,29.051,-27.895,0.000,2,32.119930,-110.761749,241.429993,3.725,2938.648438,21,39,2,44,5,3,U_TURN_HDG,AP_PROT_ROLL_MIN,11.816,30.000,0.000,4,-12,-8,14,ROLL_RIGHT
1067,136.048019,0,2.332,-1.807,3.127,41.873,-116.645,32.016,-43.084,-5.595,-6.379,-31.875,5.125,22.375,19.839,19.762,10.406,0.039,0.428,0.388,0.816,1,-41.850,29.026,-28.114,0.000,2,32.119930,-110.761749,244.350006,3.826,2938.648438,21,39,2,52,5,3,U_TURN_HDG,AP_PROT_ROLL_MIN,11.816,30.000,0.000,4,-12,-8,14,ROLL_RIGHT
1068,136.129089,0,2.973,6.254,3.601,42.311,-119.032,33.436,-22.045,-24.507,14.772,-31.875,5.125,22.375,20.454,18.993,10.560,0.056,0.434,0.364,0.822,1,-40.073,29.092,-27.510,0.000,2,32.119930,-110.761757,246.729996,3.965,2938.976318,21,39,2,60,5,3,U_TURN_HDG,AP_PROT_ROLL_MIN,11.816,30.000,0.000,4,-12,-8,14,ROLL_RIGHT
1069,136.209076,0,-0.205,5.306,0.256,44.566,-120.206,34.898,-4.141,-11.302,-14.436,-31.875,5.125,22.375,20.992,18.429,10.637,0.060,0.452,0.341,0.822,1,-39.990,29.100,-27.482,0.000,2,32.119930,-110.761757,246.839996,4.020,2938.976318,21,39,2,68,5,3,U_TURN_HDG,AP_PROT_ROLL_MIN,11.816,30.000,0.000,4,-12,-8,14,ROLL_RIGHT
1070,136.285172,0,-1.435,5.972,1.551,43.925,-119.906,36.540,-5.707,12.869,-64.458,-31.875,5.125,22.375,19.967,19.403,10.970,0.074,0.453,0.339,0.821,1,-42.464,29.058,-28.319,0.000,2,32.119930,-110.761757,246.750000,3.966,2938.976318,21,39,2,76,5,3,U_TURN_HDG,AP_PROT_ROLL_MIN,11.816,30.000,0.000,4,-12,-8,14,ROLL_RIGHT
1071,136.366241,0,-7.895,-4.703,-6.126,39.640,-119.290,38.844,-29.879,-23.948,-9.736,-31.875,5.125,22.375,18.942,20.223,11.483,0.108,0.434,0.351,0.823,1,-42.934,29.061,-28.475,0.000,2,32.119926,-110.761757,246.330002,3.978,2939.304688,21,39,2,84,5,3,U_TURN_HDG,AP_PROT_ROLL_MIN,11.816,30.000,0.000,4,-12,-8,14,ROLL_RIGHT
1072,136.448029,0,-6.946,-5.408,-6.997,41.275,-118.154,42.177,4.364,-27.193,13.988,-31.875,5.125,22.375,19.711,19.916,10.637,0.120,0.455,0.340,0.814,1,-42.554,29.038,-28.349,0.000,2,32.119926,-110.761757,243.910004,3.865,2939.304688,21,39,2,92,5,3,U_TURN_HDG,AP_PROT_ROLL_MIN,11.816,30.000,0.000,4,-12,-8,14,ROLL_RIGHT
1073,136.572586,0,0.577,-0.282,0.551,42.295,-115.520,43.512,29.319,-15.443,5.595,-31.875,5.125,22.375,20.070,20.070,9.458,0.114,0.468,0.349,0.804,1,-43.231,29.097,-28.574,0.000,2,32.119926,-110.761757,240.559998,3.894,2939.304688,21,39,3,4,5,3,U_TURN_HDG,AP_PROT_ROLL_MIN,11.816,30.000,0.000,4,-12,-8,14,ROLL_RIGHT
1074,136.692169,0,2.089,9.112,5.806,41.559,-116.185,42.710,51.365,3.917,-27.529,-31.875,5.125,22.375,19.326,20.659,9.484,0.114,0.460,0.351,0.807,1,-42.472,29.041,-28.322,0.000,2,32.119923,-110.761757,239.839996,3.922,2939.304688,21,39,3,16,5,3,U_TURN_HDG,AP_PROT_ROLL_MIN,11.816,30.000,0.000,4,-12,-8,14,ROLL_RIGHT
1075,136.805954,0,-2.589,2.230,0.590,39.354,-112.724,42.518,-34.243,25.738,5.595,-31.875,5.125,22.375,18.711,21.659,8.510,0.110,0.450,0.384,0.798,1,-41.716,28.984,-28.068,0.000,2,32.119923,-110.761757,241.009995,3.902,2939.632568,21,39,3,28,5,3,U_TURN_HDG,AP_PROT_ROLL_MIN,11.816,30.000,0.000,4,-12,-8,14,ROLL_RIGHT
1076,136.887009,0,-1.640,0.256,-1.845,39.021,-115.179,39.264,4.700,-1.343,-6.491,-31.875,5.125,22.375,18.890,20.915,10.201,0.099,0.435,0.381,0.810,1,-43.038,29.020,-28.510,0.000,2,32.119923,-110.761765,243.600006,3.955,2939.632568,21,39,3,36,5,3,U_TURN_HDG,AP_PROT_ROLL_MIN,11.816,30.000,0.000,4,-12,-8,14,ROLL_RIGHT
1077,136.966949,0,-8.061,-10.227,-2.550,39.091,-117.209,38.840,-40.622,4.029,21.038,-31.875,5.125,22.375,18.890,20.531,10.945,0.103,0.433,0.368,0.817,1,-42.979,28.985,-28.490,0.000,2,32.119923,-110.761765,245.550003,3.934,2939.960693,21,39,3,44,5,3,U_TURN_HDG,AP_PROT_ROLL_MIN,11.816,30.000,0.000,4,-12,-8,14,ROLL_RIGHT
1078,137.046890,0,-4.870,-15.968,-0.449,42.115,-120.108,37.670,12.981,-26.074,37.712,-31.875,5.125,22.375,20.275,19.121,10.893,0.091,0.445,0.340,0.823,1,-43.646,29.057,-28.711,0.000,2,32.119923,-110.761765,247.029999,3.847,2939.960693,21,39,3,52,5,3,U_TURN_HDG,AP_PROT_ROLL_MIN,11.816,30.000,0.000,4,-12,-8,14,ROLL_RIGHT
1079,137.128937,0,8.484,6.011,-0.179,43.405,-115.296,40.906,59.982,-27.976,-73.186,-31.875,5.125,22.375,19.967,20.403,8.689,0.089,0.466,0.357,0.805,1,-42.109,28.987,-28.201,0.000,2,32.119923,-110.761765,247.940002,3.826,2940.288818,21,39,3,60,5,3,U_TURN_HDG,AP_PROT_ROLL_MIN,11.816,30.000,0.000,4,-12,-8,14,ROLL_RIGHT
1080,137.209869,0,8.676,7.177,0.359,37.978,-109.736,44.864,-34.691,30.774,-17.905,-31.875,5.125,22.375,17.993,22.146,8.458,0.122,0.454,0.401,0.786,1,-41.853,29.019,-28.115,0.000,2,32.119923,-110.761765,249.429993,3.831,2940.288818,21,39,3,68,5,3,U_TURN_HDG,AP_PROT_ROLL_MIN,11.816,30.000,0.000,4,-12,-8,14,ROLL_RIGHT
1081,137.330032,0,11.739,4.639,6.510,38.321,-116.810,39.715,-24.507,40.958,39.950,-31.875,5.125,22.375,18.532,20.557,11.022,0.112,0.431,0.370,0.815,1,-43.755,29.007,-28.746,0.000,2,32.119923,-110.761765,249.860001,3.831,2940.288818,21,39,3,80,5,3,U_TURN_HDG,AP_PROT_ROLL_MIN,11.816,30.000,0.000,4,-12,-8,14,ROLL_RIGHT
1082,137.424362,0,-5.716,-4.114,-0.807,36.110,-117.222,38.089,-46.777,6.714,22.941,-31.875,5.125,22.375,16.891,21.684,11.688,0.112,0.412,0.382,0.820,1,-41.686,29.036,-28.058,0.000,2,32.119923,-110.761765,249.039993,3.808,2940.616943,21,39,3,88,5,3,U_TURN_HDG,AP_PROT_ROLL_MIN,11.816,30.000,0.000,4,-12,-8,14,ROLL_RIGHT
1083,137.495422,0,-6.626,-5.870,-6.190,36.606,-120.667,39.690,-18.353,-51.141,-1.231,-31.875,5.125,22.375,17.865,20.685,12.303,0.134,0.416,0.349,0.829,1,-40.118,29.016,-27.526,0.000,2,32.119923,-110.761780,247.479996,3.904,2940.616943,21,39,3,96,5,3,U_TURN_HDG,AP_PROT_ROLL_MIN,11.816,30.000,0.000,4,-12,-8,14,ROLL_RIGHT
1084,137.690002,0,-10.317,-9.983,-6.664,37.986,-119.802,41.755,15.891,-41.629,27.417,-31.875,5.125,22.375,19.326,20.223,10.842,0.139,0.432,0.343,0.823,1,-45.012,29.015,-29.156,0.000,2,32.119919,-110.761780,243.960007,4.125,2940.616943,21,39,4,16,5,3,U_TURN_HDG,AP_PROT_ROLL_MIN,11.816,30.000,0.000,4,-12,-8,14,ROLL_RIGHT
1085,137.766983,0,-10.855,-10.176,-5.985,37.717,-114.252,48.093,6.379,-23.165,1.567,-31.875,5.125,22.375,18.147,21.531,9.663,0.164,0.457,0.358,0.797,1,-41.153,29.006,-27.878,0.000,2,32.119919,-110.761780,244.119995,4.267,2940.945068,21,39,4,24,5,3,U_TURN_HDG,AP_PROT_ROLL_MIN,11.816,30.000,0.000,4,-12,-8,14,ROLL_RIGHT
1086,137.844162,0,8.984,11.585,-1.833,30.580,-111.502,45.232,46.329,45.993,-50.693,-31.875,5.125,22.375,16.866,22.556,9.509,0.170,0.410,0.417,0.793,1,-40.419,29.043,-27.629,0.000,2,32.119919,-110.761787,245.179993,4.230,2940.945068,21,39,4,32,5,3,U_TURN_HDG,AP_PROT_ROLL_MIN,11.816,30.000,0.000,4,-12,-8,14,ROLL_RIGHT
1087,137.930161,0,-1.128,8.612,-4.793,29.083,-110.859,42.751,28.872,88.182,39.727,-31.875,5.125,22.375,14.456,24.222,9.484,0.158,0.393,0.436,0.794,1,-40.189,29.033,-27.550,0.000,2,32.119919,-110.761787,246.679993,4.135,2940.945068,21,39,4,40,5,3,U_TURN_HDG,AP_PROT_ROLL_MIN,11.816,30.000,0.000,4,-12,-8,14,ROLL_RIGHT
1088,138.006073,0,-1.333,7.305,-4.127,30.098,-112.081,32.673,40.174,51.477,37.153,-31.875,5.125,22.375,14.994,23.991,9.509,0.086,0.358,0.457,0.809,1,-40.903,29.027,-27.794,0.000,2,32.119919,-110.761787,245.949997,4.036,2940.945068,21,39,4,48,5,3,U_TURN_HDG,AP_PROT_ROLL_MIN,11.816,30.000,0.000,4,-12,-8,14,ROLL_RIGHT
1089,138.086441,0,-7.523,-5.677,-7.254,33.095,-114.440,25.696,42.860,45.546,36.257,-31.875,5.125,22.375,15.379,23.812,9.407,0.029,0.349,0.453,0.820,1,-40.369,28.993,-27.611,0.000,2,32.119915,-110.761787,244.289993,4.076,2940.945068,21,39,4,56,5,3,U_TURN_HDG,AP_PROT_ROLL_MIN,11.816,30.000,0.000,4,-12,-8,14,ROLL_RIGHT
1090,138.166107,0,-4.396,-11.855,5.818,36.764,-119.883,15.530,-16.450,82.363,109.668,-31.875,5.125,22.375,17.455,21.582,11.201,0.046,-0.335,-0.434,-0.835,1,-42.645,29.014,-28.379,0.000,2,32.119915,-110.761787,242.720001,4.130,2941.272949,21,39,4,64,5,3,U_TURN_HDG,AP_PROT_ROLL_MIN,11.816,30.000,0.000,4,-12,-8,14,ROLL_RIGHT
1091,138.246002,0,-1.922,-2.051,4.947,36.190,-119.347,12.540,50.134,37.936,22.045,-31.875,5.125,22.375,17.916,21.095,11.329,0.066,-0.319,-0.448,-0.833,1,-42.260,29.001,-28.251,0.000,2,32.119915,-110.761787,241.720001,4.140,2941.272949,21,39,4,72,5,3,U_TURN_HDG,AP_PROT_ROLL_MIN,11.816,30.000,0.000,4,-12,-8,14,ROLL_RIGHT
1092,138.412109,0,-0.269,-0.769,6.228,37.430,-121.694,11.010,-11.302,-20.926,32.005,-31.875,5.125,22.375,18.609,19.993,12.072,0.076,-0.323,-0.432,-0.838,1,-40.523,29.000,-27.664,0.000,2,32.119915,-110.761787,240.779999,4.078,2941.272949,21,39,4,88,5,3,U_TURN_HDG,AP_PROT_ROLL_MIN,11.816,30.000,0.000,4,-12,-8,14,ROLL_RIGHT
1093,138.493362,0,1.051,-3.422,9.381,36.056,-122.806,11.801,5.371,-17.905,24.507,-31.875,5.125,22.375,17.711,20.300,12.918,0.062,-0.317,-0.425,-0.846,1,-41.473,28.989,-27.987,0.000,2,32.119911,-110.761787,241.000000,4.110,2941.601074,21,39,4,96,5,3,U_TURN_HDG,AP_PROT_ROLL_MIN,11.816,30.000,0.000,4,-12,-8,14,ROLL_RIGHT
1094,138.610992,0,-3.537,1.192,-5.613,34.156,-123.344,12.482,-17.793,18.353,-8.057,-31.875,5.125,22.375,15.917,20.864,14.405,0.047,-0.306,-0.423,-0.852,1,-44.315,28.994,-28.930,0.000,2,32.119911,-110.761795,240.949997,4.167,2941.601074,21,39,5,8,5,3,U_TURN_HDG,AP_PROT_ROLL_MIN,11.816,30.000,0.000,4,-12,-8,14,ROLL_RIGHT
1095,138.685074,0,-7.061,-7.459,-7.959,29.573,-126.610,12.031,-7.945,25.962,4.364,-31.875,5.125,22.375,14.533,21.146,15.584,0.023,-0.272,-0.408,-0.871,1,-41.487,28.968,-27.991,0.000,2,32.119911,-110.761795,240.619995,4.230,2941.601074,21,39,5,16,5,3,U_TURN_HDG,AP_PROT_ROLL_MIN,11.816,30.000,0.000,4,-12,-8,14,ROLL_RIGHT
1096,138.762970,0,-4.575,-7.395,-1.102,28.100,-127.971,10.630,-17.569,39.950,-22.045,-31.875,5.125,22.375,13.559,20.710,16.891,0.025,-0.257,-0.403,-0.878,1,-42.609,29.077,-28.367,0.000,2,32.119911,-110.761795,240.279999,4.253,2941.929199,21,39,5,24,5,3,U_TURN_HDG,AP_PROT_ROLL_MIN,11.816,30.000,0.000,4,-12,-8,14,ROLL_RIGHT
1097,138.850082,0,-4.088,1.564,3.358,24.141,-129.977,8.952,-7.386,60.877,-56.624,-31.875,5.125,22.375,9.919,21.428,18.301,0.019,-0.221,-0.397,-0.890,1,-45.155,29.045,-29.202,0.000,2,32.119911,-110.761795,240.039993,4.289,2941.929199,21,39,5,32,5,3,U_TURN_HDG,AP_PROT_ROLL_MIN,11.816,30.000,0.000,4,-12,-8,14,ROLL_RIGHT
1098,138.924011,0,-1.781,2.358,9.227,15.531,-129.978,6.822,12.645,55.281,-31.446,-31.875,5.125,22.375,7.997,22.018,18.506,0.004,-0.147,-0.411,-0.900,1,-42.621,29.056,-28.371,0.000,2,32.119907,-110.761795,240.160004,4.370,2941.929199,21,39,5,40,5,3,U_TURN_HDG,AP_PROT_ROLL_MIN,11.816,30.000,0.000,4,-12,-8,14,ROLL_RIGHT
1099,139.045151,0,-3.114,8.446,5.600,15.277,-129.047,7.172,83.482,24.955,-36.369,-31.875,5.125,22.375,6.254,23.991,16.609,0.001,-0.146,-0.418,-0.897,1,-42.793,29.032,-28.429,0.000,2,32.119907,-110.761803,242.220001,4.410,2941.929199,21,39,5,52,5,3,U_TURN_HDG,AP_PROT_ROLL_MIN,11.816,30.000,0.000,4,-12,-8,14,ROLL_RIGHT
1100,139.125046,0,-2.550,8.176,4.716,10.766,-126.606,9.001,-33.684,-11.414,-30.998,-31.875,5.125,22.375,5.434,23.581,17.609,0.028,0.119,0.439,0.890,1,-41.767,29.029,-28.086,0.000,2,32.119911,-110.761803,244.229996,4.203,2942.257324,21,39,5,60,5,3,U_TURN_HDG,AP_PROT_ROLL_MIN,11.816,30.000,0.000,4,-12,-8,14,ROLL_RIGHT
1101,139.206985,0,-2.332,-5.947,-3.832,13.008,-130.712,7.875,-33.907,8.169,1.455,-31.875,5.125,22.375,5.562,22.992,18.352,0.015,0.131,0.406,0.904,1,-41.947,28.994,-28.146,0.000,2,32.119907,-110.761803,244.679993,4.169,2942.257324,21,39,5,68,5,3,U_TURN_HDG,AP_PROT_ROLL_MIN,11.816,30.000,0.000,4,-12,-8,14,ROLL_RIGHT
1102,139.327133,0,-0.525,-10.124,-4.473,15.713,-133.676,7.531,-33.572,-22.381,48.343,-31.875,5.125,22.375,7.433,21.531,19.506,0.006,0.151,0.381,0.912,1,-44.768,29.031,-29.077,0.000,2,32.119907,-110.761803,244.250000,4.221,2942.585449,21,39,5,80,5,3,U_TURN_HDG,AP_PROT_ROLL_MIN,11.816,30.000,0.000,4,-12,-8,14,ROLL_RIGHT
1103,139.406143,0,-1.615,-5.575,3.768,13.730,-140.700,10.216,-55.058,-11.414,-14.548,-31.875,5.125,22.375,7.664,20.121,20.864,0.043,0.142,0.323,0.935,1,-59.470,28.994,-33.513,0.000,2,32.119907,-110.761810,244.229996,4.407,2942.585449,21,39,5,88,5,3,U_TURN_HDG,AP_PROT_ROLL_MIN,11.816,30.000,0.000,4,-12,-8,14,ROLL_RIGHT
1104,139.493423,0,0.064,1.307,3.422,12.176,-140.434,13.374,-18.688,-1.007,-38.831,-31.875,5.125,22.375,6.434,18.301,22.735,0.073,0.138,0.323,0.933,1,-56.149,29.006,-32.564,0.000,2,32.119904,-110.761810,244.399994,4.765,2942.585449,21,39,5,96,5,3,U_TURN_HDG,AP_PROT_ROLL_MIN,11.816,30.000,0.000,4,-12,-8,14,ROLL_RIGHT
1105,139.565063,0,-6.498,2.166,7.959,11.106,-140.952,13.797,0.895,24.731,-42.412,-31.875,5.125,22.375,4.819,18.403,23.017,0.081,0.130,0.319,0.935,1,-60.300,29.065,-33.746,0.000,2,32.119904,-110.761818,245.350006,4.915,2942.585449,21,39,6,4,5,3,U_TURN_HDG,AP_PROT_ROLL_MIN,11.816,30.000,0.000,4,-12,-8,14,ROLL_RIGHT
1106,139.647018,0,-2.704,7.997,1.474,7.364,-141.380,16.644,-3.133,3.581,-88.294,-31.875,5.125,22.375,2.896,18.378,23.350,0.115,0.108,0.318,0.935,1,-58.738,29.032,-33.306,0.000,2,32.119904,-110.761818,245.080002,4.996,2942.585449,21,39,6,12,5,3,U_TURN_HDG,AP_PROT_ROLL_MIN,11.816,30.000,0.000,4,-12,-8,14,ROLL_RIGHT
1107,139.724274,0,-2.794,0.474,-1.064,3.132,-139.594,21.296,7.050,16.226,-51.924,-31.875,5.125,22.375,0.769,19.198,22.889,0.164,0.089,0.335,0.924,1,-55.918,28.998,-32.497,0.000,2,32.119904,-110.761818,244.839996,5.062,2942.913574,21,39,6,20,5,3,U_TURN_HDG,AP_PROT_ROLL_MIN,11.816,30.000,0.000,4,-12,-8,14,ROLL_RIGHT
1108,139.805817,0,-1.333,-5.870,-5.498,0.224,-140.719,23.032,-30.550,-43.643,-7.162,-31.875,5.125,22.375,0.026,18.455,23.555,0.187,0.069,0.329,0.923,1,-56.950,28.986,-32.796,0.000,2,32.119904,-110.761818,245.479996,5.055,2942.913574,21,39,6,28,5,3,U_TURN_HDG,AP_PROT_ROLL_MIN,11.816,30.000,0.000,4,-12,-8,14,ROLL_RIGHT
1109,139.888153,0,-2.051,-3.652,2.896,3.690,-141.799,25.729,-2.910,-42.748,2.574,-31.875,5.125,22.375,2.230,17.968,23.837,0.200,0.102,0.312,0.923,1,-57.264,28.989,-32.886,0.000,2,32.119904,-110.761826,246.309998,5.097,2942.913574,21,39,6,36,5,3,U_TURN_HDG,AP_PROT_ROLL_MIN,11.816,30.000,0.000,4,-12,-8,14,ROLL_RIGHT
1110,139.963760,0,2.525,-5.460,3.383,7.208,-144.146,27.817,-21.262,-77.663,9.400,-31.875,5.125,22.375,3.614,16.968,24.376,0.209,0.132,0.284,0.926,1,-56.545,29.005,-32.679,0.000,2,32.119904,-110.761826,247.619995,5.084,2942.913574,21,39,6,44,5,3,U_TURN_HDG,AP_PROT_ROLL_MIN,11.816,30.000,0.000,4,-12,-8,14,ROLL_RIGHT
1111,140.054092,0,2.794,2.448,1.576,12.283,-142.660,30.630,70.948,-44.203,-11.079,-31.875,5.125,22.375,6.203,18.045,23.043,0.216,0.182,0.280,0.918,1,-48.034,28.978,-30.119,0.000,2,32.119904,-110.761826,249.160004,5.040,2942.913574,21,39,6,52,5,3,U_TURN_HDG,AP_PROT_ROLL_MIN,11.816,30.000,0.000,4,-12,-8,14,ROLL_RIGHT
1112,140.249039,0,-1.807,8.753,5.818,13.208,-138.173,33.528,27.417,26.410,-41.629,-31.875,5.125,22.375,5.818,19.583,21.889,0.228,0.205,0.309,0.900,1,-47.001,28.991,-29.794,0.000,2,32.119904,-110.761826,255.690002,4.753,2943.241455,21,39,6,72,5,3,U_TURN_HDG,AP_PROT_ROLL_MIN,11.816,30.000,0.000,4,-12,-8,14,ROLL_RIGHT
1113,140.372177,0,1.230,-13.149,-7.420,10.881,-137.071,36.016,52.708,15.443,41.965,-31.875,5.125,22.375,4.460,23.786,17.865,0.253,0.197,0.319,0.892,1,-44.149,29.009,-28.875,0.000,2,32.119904,-110.761826,255.490005,4.645,2943.241455,21,39,6,84,5,3,U_TURN_HDG,AP_PROT_ROLL_MIN,11.816,30.000,0.000,4,-12,-8,14,ROLL_RIGHT
1114,140.450119,0,1.179,-6.856,3.524,13.627,-121.760,27.703,52.372,0.671,16.674,-31.875,5.125,22.375,7.228,25.324,14.431,0.152,0.216,0.444,0.856,1,-44.950,28.986,-29.136,0.000,2,32.119904,-110.761826,255.309998,4.490,2943.241455,21,39,6,92,5,3,U_TURN_HDG,AP_PROT_ROLL_MIN,11.816,30.000,0.000,4,-12,-8,14,ROLL_RIGHT
1115,140.511078,0,2.627,-4.345,3.999,16.008,-118.488,27.768,10.519,-11.526,1.790,-31.875,5.125,22.375,7.997,25.298,13.892,0.135,0.238,0.463,0.843,1,-44.847,29.029,-29.103,0.000,2,32.119904,-110.761826,255.309998,4.402,2943.241455,21,39,6,96,5,3,U_TURN_HDG,AP_PROT_ROLL_MIN,11.816,30.000,0.000,4,-12,-8,14,ROLL_RIGHT
1116,140.608124,0,-1.974,1.769,9.061,18.125,-119.092,27.793,-11.862,-44.874,71.508,-31.875,5.125,22.375,9.074,24.863,14.020,0.127,0.252,0.453,0.846,1,-44.170,28.974,-28.882,0.000,2,32.119904,-110.761826,254.800003,4.376,2943.569580,21,39,7,8,5,3,U_TURN_HDG,AP_PROT_ROLL_MIN,11.816,30.000,0.000,4,-12,-8,14,ROLL_RIGHT
1117,140.690948,0,-2.666,16.366,5.011,21.533,-118.602,28.540,24.395,-21.150,-75.536,-31.875,5.125,22.375,11.329,25.016,12.021,0.116,0.279,0.446,0.842,1,-40.657,29.039,-27.710,0.000,2,32.119904,-110.761826,255.100006,4.314,2943.569580,21,39,7,16,5,3,U_TURN_HDG,AP_PROT_ROLL_MIN,11.816,30.000,0.000,4,-12,-8,14,ROLL_RIGHT
1118,140.772263,0,-4.229,-0.897,-2.448,19.915,-115.446,34.653,-46.665,-85.832,35.250,-31.875,5.125,22.375,10.945,24.888,12.841,0.160,0.296,0.459,0.822,1,-39.250,29.017,-27.226,0.000,2,32.119900,-110.761833,252.830002,4.360,2943.897705,21,39,7,24,5,3,U_TURN_HDG,AP_PROT_ROLL_MIN,11.816,30.000,0.000,4,-12,-8,14,ROLL_RIGHT
1119,140.848038,0,-3.832,-5.395,-11.560,24.339,-115.566,39.819,-3.245,-38.048,-8.393,-31.875,5.125,22.375,12.688,24.606,11.893,0.176,0.345,0.429,0.816,1,-40.086,29.070,-27.515,0.000,2,32.119904,-110.761833,254.440002,4.299,2943.897705,21,39,7,32,5,3,U_TURN_HDG,AP_PROT_ROLL_MIN,11.816,30.000,0.000,4,-12,-8,14,ROLL_RIGHT
1120,140.932526,0,-3.191,-10.509,-7.702,26.258,-116.737,41.842,-29.431,9.288,48.455,-31.875,5.125,22.375,13.303,23.940,12.559,0.185,0.363,0.408,0.817,1,-42.176,29.009,-28.223,0.000,2,32.119904,-110.761833,256.299988,4.226,2944.225830,21,39,7,40,5,3,U_TURN_HDG,AP_PROT_ROLL_MIN,11.816,30.000,0.000,4,-12,-8,14,ROLL_RIGHT
1121,141.011200,0,-1.064,-9.279,-0.423,27.896,-118.687,39.939,-12.645,21.598,6.491,-31.875,5.125,22.375,13.944,22.966,13.457,0.170,0.364,0.394,0.827,1,-44.709,28.997,-29.058,0.000,2,32.119904,-110.761833,257.320007,4.206,2944.225830,21,39,7,48,5,3,U_TURN_HDG,AP_PROT_ROLL_MIN,11.816,30.000,0.000,4,-12,-8,14,ROLL_RIGHT
1122,141.086105,0,-0.218,-0.782,7.651,26.758,-120.814,37.521,0.224,-22.045,-11.302,-31.875,5.125,22.375,13.277,23.222,13.559,0.164,0.345,0.390,0.838,1,-42.513,28.968,-28.335,0.000,2,32.119904,-110.761833,258.350006,4.076,2944.553955,21,39,7,56,5,3,U_TURN_HDG,AP_PROT_ROLL_MIN,11.816,30.000,0.000,4,-12,-8,14,ROLL_RIGHT
1123,141.287064,0,6.805,10.970,-4.204,27.333,-116.223,40.645,64.570,-11.079,-17.010,-31.875,5.125,22.375,13.559,23.889,11.970,0.169,0.366,0.412,0.817,1,-40.453,28.983,-27.640,0.000,2,32.119900,-110.761833,257.790009,4.100,2944.881836,21,39,7,76,5,3,U_TURN_HDG,AP_PROT_ROLL_MIN,11.816,30.000,0.000,4,-12,-8,14,ROLL_RIGHT
1124,141.405182,0,4.844,10.535,-4.716,19.254,-115.561,37.137,17.681,22.829,-20.703,-31.875,5.125,22.375,9.714,25.657,12.226,0.181,0.302,0.453,0.819,1,-41.257,28.957,-27.914,0.000,2,32.119900,-110.761841,257.019989,4.090,2945.210205,21,39,7,88,5,3,U_TURN_HDG,AP_PROT_ROLL_MIN,11.816,30.000,0.000,4,-12,-8,14,ROLL_RIGHT
1125,141.496979,0,-3.537,-19.211,-1.794,28.120,-113.160,33.253,55.953,15.219,26.074,-31.875,5.125,22.375,10.330,25.837,11.457,0.103,0.347,0.454,0.814,1,-42.247,29.023,-28.246,0.000,2,32.119900,-110.761841,257.309998,4.135,2945.210205,21,39,7,96,5,3,U_TURN_HDG,AP_PROT_ROLL_MIN,11.816,30.000,0.000,4,-12,-8,14,ROLL_RIGHT
1126,141.566101,0,1.397,-4.434,2.217,29.141,-112.041,33.564,10.519,24.507,-22.157,-31.875,5.125,22.375,13.995,24.786,9.561,0.097,0.356,0.458,0.809,1,-41.144,29.016,-27.876,0.000,2,32.119900,-110.761841,257.540009,4.149,2945.538086,21,39,8,4,5,3,U_TURN_HDG,AP_PROT_ROLL_MIN,11.816,30.000,0.000,4,-12,-8,14,ROLL_RIGHT
1127,141.650070,0,4.601,3.524,5.178,26.887,-111.972,32.176,6.714,40.734,-19.807,-31.875,5.125,22.375,13.303,24.991,9.868,0.098,0.336,0.469,0.811,1,-43.767,28.986,-28.750,0.000,2,32.119900,-110.761841,256.420013,4.248,2945.538086,21,39,8,12,5,3,U_TURN_HDG,AP_PROT_ROLL_MIN,11.816,30.000,0.000,4,-12,-8,14,ROLL_RIGHT
1128,141.725021,0,6.754,2.614,6.087,25.282,-112.360,30.482,-13.876,19.024,-19.360,-31.875,5.125,22.375,11.893,25.324,10.688,0.096,0.318,0.476,0.814,1,-40.697,28.974,-27.724,0.000,2,32.119896,-110.761841,254.279999,4.356,2945.538086,21,39,8,20,5,3,U_TURN_HDG,AP_PROT_ROLL_MIN,11.816,30.000,0.000,4,-12,-8,14,ROLL_RIGHT
1129,141.805161,0,7.523,3.447,3.101,20.464,-113.331,28.877,6.714,27.305,-47.000,-31.875,5.125,22.375,10.483,25.837,10.919,0.110,0.279,0.487,0.821,1,-42.279,28.967,-28.257,0.000,2,32.119896,-110.761848,254.050003,4.414,2945.866211,21,39,8,28,5,3,U_TURN_HDG,AP_PROT_ROLL_MIN,11.816,30.000,0.000,4,-12,-8,14,ROLL_RIGHT
1130,141.891083,0,-0.692,10.150,-4.665,19.750,-114.521,29.074,-23.612,-8.393,1.007,-31.875,5.125,22.375,10.099,25.837,11.534,0.118,0.273,0.480,0.825,1,-39.260,29.001,-27.230,0.000,2,32.119896,-110.761848,255.000000,4.378,2945.866211,21,39,8,36,5,3,U_TURN_HDG,AP_PROT_ROLL_MIN,11.816,30.000,0.000,4,-12,-8,14,ROLL_RIGHT
1131,141.965729,0,-5.934,-5.703,-7.126,20.628,-114.168,28.968,-11.079,1.902,38.384,-31.875,5.125,22.375,11.765,25.298,11.483,0.112,0.279,0.480,0.824,1,-40.792,28.944,-27.756,0.000,2,32.119896,-110.761848,255.300003,4.333,2945.866211,21,39,8,44,5,3,U_TURN_HDG,AP_PROT_ROLL_MIN,11.816,30.000,0.000,4,-12,-8,14,ROLL_RIGHT
1132,142.048080,0,-5.793,-7.613,-5.934,24.345,-114.795,27.485,20.479,-9.064,29.431,-31.875,5.125,22.375,13.175,24.965,10.765,0.085,0.298,0.469,0.827,1,-39.282,28.964,-27.237,0.000,2,32.119896,-110.761848,256.179993,4.231,2946.194336,21,39,8,52,5,3,U_TURN_HDG,AP_PROT_ROLL_MIN,11.816,30.000,0.000,4,-12,-8,14,ROLL_RIGHT
1133,142.124161,0,-7.587,-7.754,-5.524,28.782,-112.654,27.319,29.767,-23.948,62.555,-31.875,5.125,22.375,14.584,24.529,9.894,0.056,0.328,0.473,0.816,1,-37.047,29.005,-26.451,0.000,2,32.119896,-110.761848,256.179993,4.135,2946.194336,21,39,8,60,5,3,U_TURN_HDG,AP_PROT_ROLL_MIN,11.816,30.000,0.000,4,-12,-8,14,ROLL_RIGHT
1134,142.212128,0,2.845,-3.640,5.267,33.200,-109.169,27.993,33.460,-32.453,59.198,-31.875,5.125,22.375,15.738,24.171,8.894,0.028,0.360,0.483,0.798,1,-39.345,28.987,-27.259,0.000,2,32.119896,-110.761848,255.220001,4.068,2946.194336,21,39,8,68,5,3,U_TURN_HDG,AP_PROT_ROLL_MIN,11.816,30.000,0.000,4,-12,-8,14,ROLL_RIGHT
1135,142.325073,0,5.267,-2.807,3.435,33.809,-108.995,26.448,8.841,4.924,0.560,-31.875,5.125,22.375,16.737,23.735,7.792,0.014,0.358,0.487,0.797,1,-41.228,29.010,-27.904,0.000,2,32.119896,-110.761848,255.889999,3.855,2946.522217,21,39,8,80,5,3,U_TURN_HDG,AP_PROT_ROLL_MIN,11.816,30.000,0.000,4,-12,-8,14,ROLL_RIGHT
1136,142.410065,0,4.139,17.391,-1.230,32.321,-107.370,25.823,25.626,12.310,-70.277,-31.875,5.125,22.375,14.559,25.375,6.741,0.012,0.346,0.504,0.791,1,-38.813,28.953,-27.074,0.000,2,32.119896,-110.761848,255.759995,3.882,2946.522217,21,39,8,88,5,3,U_TURN_HDG,AP_PROT_ROLL_MIN,11.816,30.000,0.000,4,-12,-8,14,ROLL_RIGHT
1137,142.495941,0,1.820,2.051,-4.191,26.872,-107.542,25.478,-30.774,-30.886,73.970,-31.875,5.125,22.375,15.200,24.709,7.920,0.039,0.310,0.519,0.796,1,-38.166,28.984,-26.848,0.000,2,32.119896,-110.761848,254.270004,3.933,2946.522217,21,39,8,96,5,3,U_TURN_HDG,AP_PROT_ROLL_MIN,11.816,30.000,0.000,4,-12,-8,14,ROLL_RIGHT
1138,142.684021,0,-2.038,-2.602,-7.254,31.180,-106.475,26.194,29.319,-30.215,5.819,-31.875,5.125,22.375,15.661,24.786,6.869,0.018,0.340,0.513,0.788,1,-36.293,28.947,-26.180,0.000,2,32.119892,-110.761856,253.940002,4.098,2946.850586,21,39,9,16,5,3,U_TURN_HDG,AP_PROT_ROLL_MIN,11.816,30.000,0.000,4,-12,-8,14,ROLL_RIGHT
1139,142.769089,0,1.781,-2.153,2.243,32.315,-104.373,26.495,-23.836,-0.895,-21.934,-31.875,5.125,22.375,15.763,24.658,6.741,0.008,0.349,0.523,0.778,1,-40.618,28.975,-27.697,0.000,2,32.119892,-110.761856,254.679993,4.186,2946.850586,21,39,9,24,5,3,U_TURN_HDG,AP_PROT_ROLL_MIN,11.816,30.000,0.000,4,-12,-8,14,ROLL_RIGHT
1140,142.856033,0,2.909,5.895,4.306,30.475,-108.633,24.730,-25.515,13.764,-6.379,-31.875,5.125,22.375,14.969,24.376,8.817,0.018,0.329,0.504,0.798,1,-39.749,28.970,-27.399,0.000,2,32.119892,-110.761856,255.059998,4.262,2947.178467,21,39,9,32,5,3,U_TURN_HDG,AP_PROT_ROLL_MIN,11.816,30.000,0.000,4,-12,-8,14,ROLL_RIGHT
1141,142.927979,0,-1.000,0.359,7.202,28.749,-112.985,23.445,-70.948,18.241,0.112,-31.875,5.125,22.375,14.507,24.017,10.483,0.030,0.311,0.482,0.819,1,-41.659,28.945,-28.049,0.000,2,32.119892,-110.761864,255.190002,4.358,2947.178467,21,39,9,40,5,3,U_TURN_HDG,AP_PROT_ROLL_MIN,11.816,30.000,0.000,4,-12,-8,14,ROLL_RIGHT
1142,143.011154,0,-3.294,3.678,3.537,28.021,-116.129,23.181,-57.631,-12.981,-50.358,-31.875,5.125,22.375,13.687,23.709,12.149,0.040,0.304,0.461,0.832,1,-43.550,28.953,-28.679,0.000,2,32.119892,-110.761864,255.559998,4.463,2947.178467,21,39,9,48,5,3,U_TURN_HDG,AP_PROT_ROLL_MIN,11.816,30.000,0.000,4,-12,-8,14,ROLL_RIGHT
1143,143.095047,0,-2.473,8.804,-7.356,24.929,-119.252,26.442,-41.629,-34.579,-87.175,-31.875,5.125,22.375,11.304,24.017,13.995,0.086,0.294,0.438,0.845,1,-43.149,28.966,-28.547,0.000,2,32.119892,-110.761864,254.770004,4.510,2947.506836,21,39,9,56,5,3,U_TURN_HDG,AP_PROT_ROLL_MIN,11.816,30.000,0.000,4,-12,-8,14,ROLL_RIGHT
1144,143.168015,0,-3.089,-1.371,-11.662,22.641,-121.302,34.052,-31.222,-41.069,51.700,-31.875,5.125,22.375,11.944,23.479,14.507,0.158,0.304,0.409,0.845,1,-39.723,29.021,-27.390,0.000,2,32.119888,-110.761871,253.020004,4.566,2947.506836,21,39,9,64,5,3,U_TURN_HDG,AP_PROT_ROLL_MIN,11.816,30.000,0.000,4,-12,-8,14,ROLL_RIGHT
1145,143.251099,0,-0.679,-9.227,-3.242,25.802,-122.563,33.366,18.241,17.122,10.295,-31.875,5.125,22.375,13.431,22.658,14.507,0.143,0.322,0.392,0.850,1,-44.241,28.987,-28.905,0.000,2,32.119888,-110.761871,251.539993,4.549,2947.506836,21,39,9,72,5,3,U_TURN_HDG,AP_PROT_ROLL_MIN,11.816,30.000,0.000,4,-12,-8,14,ROLL_RIGHT
1146,143.363571,0,-1.551,-0.602,-1.910,25.692,-122.269,32.209,-13.429,5.595,-9.288,-31.875,5.125,22.375,12.790,22.812,14.738,0.134,0.318,0.398,0.850,1,-43.959,28.929,-28.813,0.000,2,32.119888,-110.761871,249.369995,4.630,2947.834717,21,39,9,84,5,3,U_TURN_HDG,AP_PROT_ROLL_MIN,11.816,30.000,0.000,4,-12,-8,14,ROLL_RIGHT
1147,143.448059,0,-0.538,0.295,-1.704,25.917,-126.025,27.659,5.595,25.738,32.453,-31.875,5.125,22.375,13.149,21.812,15.840,0.109,0.300,0.382,0.868,1,-43.550,28.948,-28.679,0.000,2,32.119884,-110.761871,248.720001,4.744,2947.834717,21,39,9,92,5,3,U_TURN_HDG,AP_PROT_ROLL_MIN,11.816,30.000,0.000,4,-12,-8,14,ROLL_RIGHT
1148,143.652039,0,2.614,-0.590,9.753,22.746,-124.556,27.972,26.969,7.498,-33.012,-31.875,5.125,22.375,11.637,22.761,15.687,0.121,0.280,0.400,0.864,1,-43.612,28.986,-28.699,0.000,2,32.119884,-110.761879,248.589996,4.994,2948.162842,21,39,10,12,5,3,U_TURN_HDG,AP_PROT_ROLL_MIN,11.816,30.000,0.000,4,-12,-8,14,ROLL_RIGHT
1149,143.729996,0,6.767,16.314,4.255,21.768,-129.510,18.524,-80.796,55.393,-32.117,-31.875,5.125,22.375,11.175,21.684,17.711,0.063,0.236,0.386,0.890,1,-40.657,28.907,-27.710,0.000,2,32.119884,-110.761879,249.100006,4.962,2948.162842,21,39,10,20,5,3,U_TURN_HDG,AP_PROT_ROLL_MIN,11.816,30.000,0.000,4,-12,-8,14,ROLL_RIGHT
1150,143.808228,0,-4.268,-11.509,2.038,20.227,-130.361,13.356,3.245,71.172,21.934,-31.875,5.125,22.375,10.227,21.556,18.403,0.031,0.206,0.392,0.896,1,-39.982,28.982,-27.479,0.000,2,32.119884,-110.761887,249.610001,4.900,2948.162842,21,39,10,28,5,3,U_TURN_HDG,AP_PROT_ROLL_MIN,11.816,30.000,0.000,4,-12,-8,14,ROLL_RIGHT
1151,143.884048,0,-4.729,-4.883,9.061,18.436,-131.106,11.451,41.517,97.582,-2.798,-31.875,5.125,22.375,7.638,22.146,18.814,0.024,0.186,0.392,0.901,1,-41.413,28.960,-27.966,0.000,2,32.119881,-110.761887,249.570007,4.831,2948.162842,21,39,10,36,5,3,U_TURN_HDG,AP_PROT_ROLL_MIN,11.816,30.000,0.000,4,-12,-8,14,ROLL_RIGHT
1152,143.964096,0,-2.051,2.063,-1.845,11.395,-132.402,5.093,-22.717,19.360,-31.557,-31.875,5.125,22.375,5.306,21.505,20.223,0.000,0.109,0.397,0.911,1,-39.197,28.971,-27.208,0.000,2,32.119881,-110.761887,249.779999,4.819,2948.490967,21,39,10,44,5,3,U_TURN_HDG,AP_PROT_ROLL_MIN,11.816,30.000,0.000,4,-12,-8,14,ROLL_RIGHT
1153,144.047989,0,-2.781,3.165,5.062,7.348,-134.091,4.006,0.336,58.639,-7.610,-31.875,5.125,22.375,3.614,21.351,20.685,0.007,0.073,0.387,0.919,1,-39.181,29.001,-27.202,0.000,2,32.119881,-110.761887,250.110001,4.846,2948.490967,21,39,10,52,5,3,U_TURN_HDG,AP_PROT_ROLL_MIN,11.816,30.000,0.000,4,-12,-8,14,ROLL_RIGHT
1154,144.125946,0,-4.191,3.025,6.677,2.429,-133.763,2.954,8.169,46.889,-28.760,-31.875,5.125,22.375,1.230,21.556,20.736,0.015,0.030,0.392,0.919,1,-48.110,28.984,-30.143,0.000,2,32.119881,-110.761887,250.289993,4.922,2948.490967,21,39,10,60,5,3,U_TURN_HDG,AP_PROT_ROLL_MIN,11.816,30.000,0.000,4,-12,-8,14,ROLL_RIGHT
1155,144.211151,0,-5.793,4.037,1.051,-3.314,-135.241,5.305,-33.796,28.536,-80.348,-31.875,5.125,22.375,-2.230,20.941,21.300,0.054,-0.009,0.381,0.923,1,-44.008,28.979,-28.829,0.000,2,32.119881,-110.761887,251.639999,4.964,2948.490967,21,39,10,68,5,3,U_TURN_HDG,AP_PROT_ROLL_MIN,11.816,30.000,0.000,4,-12,-8,14,ROLL_RIGHT
1156,144.323425,0,-4.793,9.625,0.282,-6.801,-133.992,8.436,27.305,1.119,-56.624,-31.875,5.125,22.375,-3.717,21.325,20.762,0.091,-0.026,0.393,0.915,1,-38.712,28.992,-27.039,0.000,2,32.119881,-110.761894,253.240005,5.048,2948.818848,21,39,10,80,5,3,U_TURN_HDG,AP_PROT_ROLL_MIN,11.816,30.000,0.000,4,-12,-8,14,ROLL_RIGHT
1157,144.405029,0,2.115,-10.099,-6.639,1.393,-131.950,8.868,12.533,-57.520,65.689,-31.875,5.125,22.375,0.461,22.248,20.172,0.066,0.043,0.405,0.911,1,-46.934,28.972,-29.772,0.000,2,32.119877,-110.761894,253.160004,5.155,2948.818848,21,39,10,88,5,3,U_TURN_HDG,AP_PROT_ROLL_MIN,11.816,30.000,0.000,4,-12,-8,14,ROLL_RIGHT
1158,144.492081,0,3.960,-1.153,-8.894,2.666,-133.564,10.632,-31.669,-30.662,-5.483,-31.875,5.125,22.375,0.871,21.633,20.787,0.076,0.058,0.390,0.916,1,-43.525,28.997,-28.671,0.000,2,32.119877,-110.761902,253.009995,5.234,2948.818848,21,39,10,96,5,3,U_TURN_HDG,AP_PROT_ROLL_MIN,11.816,30.000,0.000,4,-12,-8,14,ROLL_RIGHT
1159,144.611053,0,-1.884,2.307,5.549,1.280,-133.198,9.534,-1.231,39.503,9.064,-31.875,5.125,22.375,0.154,21.761,20.582,0.072,0.043,0.395,0.915,1,-49.540,28.968,-30.587,0.000,2,32.119877,-110.761902,255.619995,5.259,2948.818848,21,39,11,8,5,3,U_TURN_HDG,AP_PROT_ROLL_MIN,11.816,30.000,0.000,4,-12,-8,14,ROLL_RIGHT
1160,144.688751,0,-3.563,7.689,10.265,1.057,-131.988,7.834,12.757,-0.895,19.136,-31.875,5.125,22.375,1.153,22.684,19.531,0.059,0.036,0.405,0.912,1,-44.807,28.960,-29.090,0.000,2,32.119877,-110.761902,255.500000,5.249,2949.147217,21,39,11,16,5,3,U_TURN_HDG,AP_PROT_ROLL_MIN,11.816,30.000,0.000,4,-12,-8,14,ROLL_RIGHT
1161,144.770187,0,-0.577,13.713,1.999,1.059,-131.204,6.920,-55.841,-34.803,-45.434,-31.875,5.125,22.375,0.128,22.120,20.300,0.051,0.033,0.412,0.909,1,-42.196,28.975,-28.229,0.000,2,32.119877,-110.761902,254.729996,5.237,2949.147217,21,39,11,24,5,3,U_TURN_HDG,AP_PROT_ROLL_MIN,11.816,30.000,0.000,4,-12,-8,14,ROLL_RIGHT
1162,144.851120,0,0.192,-4.242,-10.304,3.659,-135.809,10.345,-51.589,-48.679,70.277,-31.875,5.125,22.375,2.922,20.172,22.146,0.072,0.063,0.372,0.923,1,-44.565,28.972,-29.011,0.000,2,32.119877,-110.761902,253.059998,5.220,2949.147217,21,39,11,32,5,3,U_TURN_HDG,AP_PROT_ROLL_MIN,11.816,30.000,0.000,4,-12,-8,14,ROLL_RIGHT
1163,144.932053,0,-0.243,-12.265,-6.267,7.992,-140.788,8.158,-86.839,-26.857,-25.738,-31.875,5.125,22.375,4.075,17.532,24.196,0.044,0.089,0.329,0.939,1,-50.485,28.968,-30.878,0.000,2,32.119873,-110.761902,252.399994,5.155,2949.147217,21,39,11,40,5,3,U_TURN_HDG,AP_PROT_ROLL_MIN,11.816,30.000,0.000,4,-12,-8,14,ROLL_RIGHT
1164,145.006210,0,3.037,-7.895,-11.701,9.036,-147.713,10.835,-56.736,-9.848,-7.945,-31.875,5.125,22.375,4.767,14.892,25.760,0.069,0.102,0.269,0.955,1,-65.335,28.950,-35.127,0.000,2,32.119873,-110.761909,251.830002,5.151,2949.475098,21,39,11,48,5,3,U_TURN_HDG,AP_PROT_ROLL_MIN,11.816,30.000,0.000,4,-12,-8,14,ROLL_RIGHT
1165,145.083084,0,5.254,-8.945,-5.075,8.775,-153.487,11.782,-63.563,10.295,-9.624,-31.875,5.125,22.375,3.793,13.149,26.708,0.082,0.098,0.220,0.967,1,-65.934,29.011,-35.288,0.000,2,32.119873,-110.761909,251.289993,5.153,2949.475098,21,39,11,56,5,3,U_TURN_HDG,AP_PROT_ROLL_MIN,11.816,30.000,0.000,4,-12,-8,14,ROLL_RIGHT
1166,145.167191,0,7.074,-3.986,-0.231,3.713,-152.255,11.231,21.486,74.865,-41.293,-31.875,5.125,22.375,1.794,13.815,26.529,0.087,0.055,0.235,0.966,1,-67.068,28.955,-35.590,0.000,2,32.119873,-110.761909,250.850006,5.183,2949.475098,21,39,11,64,5,3,U_TURN_HDG,AP_PROT_ROLL_MIN,11.816,30.000,0.000,4,-12,-8,14,ROLL_RIGHT
1167,145.247070,0,-4.716,3.178,8.753,1.213,-156.150,10.851,-11.191,69.382,-35.586,-31.875,5.125,22.375,0.333,13.405,26.785,0.090,0.030,0.205,0.974,1,-63.504,28.977,-34.631,0.000,2,32.119873,-110.761909,250.580002,5.212,2949.475098,21,39,11,72,5,3,U_TURN_HDG,AP_PROT_ROLL_MIN,11.816,30.000,0.000,4,-12,-8,14,ROLL_RIGHT
1168,145.370071,0,-3.140,4.614,-1.423,3.859,-157.069,11.825,11.974,-29.879,-9.848,-31.875,5.125,22.375,2.332,11.688,27.554,0.094,0.053,0.194,0.975,1,-65.153,28.991,-35.078,0.000,2,32.119869,-110.761917,250.100006,5.246,2949.803223,21,39,11,84,5,3,U_TURN_HDG,AP_PROT_ROLL_MIN,11.816,30.000,0.000,4,-12,-8,14,ROLL_RIGHT
1169,145.451996,0,-6.690,-4.011,-3.268,4.712,-156.429,12.487,-6.826,4.252,-23.053,-31.875,5.125,22.375,1.358,11.970,27.605,0.098,0.062,0.198,0.973,1,-62.403,28.970,-34.330,0.000,2,32.119869,-110.761917,250.059998,5.264,2949.803223,21,39,11,92,5,3,U_TURN_HDG,AP_PROT_ROLL_MIN,11.816,30.000,0.000,4,-12,-8,14,ROLL_RIGHT
1170,145.732025,0,-2.499,-7.997,-8.100,5.765,-157.610,14.550,1.007,-86.727,10.519,-31.875,5.125,22.375,3.306,11.252,27.785,0.114,0.073,0.186,0.973,1,-63.814,28.987,-34.716,0.000,2,32.119869,-110.761917,249.940002,5.283,2949.803223,21,39,12,20,5,3,U_TURN_HDG,AP_PROT_ROLL_MIN,11.816,30.000,0.000,4,-12,-8,14,ROLL_RIGHT
1171,145.806076,0,7.202,8.843,6.818,9.615,-156.562,15.526,53.939,68.263,21.934,-31.875,5.125,22.375,0.769,16.661,24.940,0.115,0.109,0.189,0.969,1,-53.269,28.931,-31.718,0.000,2,32.119865,-110.761917,250.009995,5.247,2949.803223,21,39,12,28,5,3,U_TURN_HDG,AP_PROT_ROLL_MIN,11.816,30.000,0.000,4,-12,-8,14,ROLL_RIGHT
1172,145.886993,0,-3.371,3.845,10.547,0.172,-143.162,11.169,62.108,113.249,56.736,-31.875,5.125,22.375,-1.333,19.198,23.068,0.092,0.032,0.314,0.944,1,-46.198,29.017,-29.538,0.000,2,32.119865,-110.761925,250.000000,5.229,2949.803223,21,39,12,36,5,3,U_TURN_HDG,AP_PROT_ROLL_MIN,11.816,30.000,0.000,4,-12,-8,14,ROLL_RIGHT
1173,145.964142,0,-3.640,2.025,11.957,-1.251,-138.917,3.117,8.281,-9.176,38.160,-31.875,5.125,22.375,-0.795,19.685,22.786,0.029,-0.001,0.351,0.936,1,-41.006,28.983,-27.829,0.000,2,32.119865,-110.761925,249.759995,5.225,2949.803223,21,39,12,44,5,3,U_TURN_HDG,AP_PROT_ROLL_MIN,11.816,30.000,0.000,4,-12,-8,14,ROLL_RIGHT
1174,146.043091,0,1.602,4.934,3.435,1.719,-140.640,1.714,-17.233,-15.555,25.738,-31.875,5.125,22.375,0.410,19.326,23.171,0.009,0.019,0.336,0.941,1,-42.465,28.916,-28.319,0.000,2,32.119865,-110.761925,249.419998,5.225,2949.803223,21,39,12,52,5,3,U_TURN_HDG,AP_PROT_ROLL_MIN,11.816,30.000,0.000,4,-12,-8,14,ROLL_RIGHT
1175,146.125015,0,-2.332,-18.006,-1.282,4.674,-142.441,359.468,-17.010,-38.831,37.824,-31.875,5.125,22.375,0.820,19.044,23.427,0.018,-0.037,-0.322,-0.946,1,-45.751,28.969,-29.395,0.000,2,32.119865,-110.761925,249.070007,5.276,2949.803223,21,39,12,60,5,3,U_TURN_HDG,AP_PROT_ROLL_MIN,11.816,30.000,0.000,4,-12,-8,14,ROLL_RIGHT
1176,146.212082,0,-2.781,-7.561,7.151,6.304,-142.704,0.141,-33.684,-7.274,-63.339,-31.875,5.125,22.375,2.435,17.301,24.632,0.016,-0.052,-0.319,-0.946,1,-50.160,28.989,-30.778,0.000,2,32.119865,-110.761932,248.940002,5.303,2949.803223,21,39,12,68,5,3,U_TURN_HDG,AP_PROT_ROLL_MIN,11.816,30.000,0.000,4,-12,-8,14,ROLL_RIGHT
1177,146.326035,0,-0.628,-2.448,10.278,4.981,-146.082,8.161,-32.565,-51.253,-50.358,-31.875,5.125,22.375,2.896,16.481,25.093,0.055,0.062,0.288,0.954,1,-56.264,28.935,-32.597,0.000,2,32.119862,-110.761932,249.419998,5.369,2949.803223,21,39,12,80,5,3,U_TURN_HDG,AP_PROT_ROLL_MIN,11.816,30.000,0.000,4,-12,-8,14,ROLL_RIGHT
1178,146.406067,0,1.897,8.907,3.306,7.600,-147.075,15.359,-22.605,-67.367,-34.355,-31.875,5.125,22.375,3.819,15.840,25.427,0.109,0.101,0.272,0.951,1,-67.221,28.966,-35.630,0.000,2,32.119862,-110.761932,249.929993,5.441,2949.803223,21,39,12,88,5,3,U_TURN_HDG,AP_PROT_ROLL_MIN,11.816,30.000,0.000,4,-12,-8,14,ROLL_RIGHT
1179,146.494171,0,-3.678,6.190,-0.038,5.461,-148.283,17.809,-18.241,-41.517,-36.146,-31.875,5.125,22.375,3.101,14.918,26.144,0.136,0.088,0.263,0.951,1,-64.867,28.935,-35.001,0.000,2,32.119862,-110.761932,250.419998,5.460,2949.803223,21,39,12,96,5,3,U_TURN_HDG,AP_PROT_ROLL_MIN,11.816,30.000,0.000,4,-12,-8,14,ROLL_RIGHT
1180,146.687042,0,-1.243,-6.344,-13.034,6.727,-148.962,21.273,18.800,-41.293,0.336,-31.875,5.125,22.375,4.819,15.635,25.555,0.162,0.105,0.252,0.948,1,-63.900,28.979,-34.739,0.000,2,32.119862,-110.761948,250.710007,5.438,2949.803223,21,39,13,16,5,3,U_TURN_HDG,AP_PROT_ROLL_MIN,11.816,30.000,0.000,4,-12,-8,14,ROLL_RIGHT
1181,146.770065,0,1.807,9.432,5.844,10.486,-146.507,23.528,85.832,22.829,-20.255,-31.875,5.125,22.375,5.921,21.351,20.505,0.169,0.144,0.263,0.939,1,-48.279,28.962,-30.196,0.000,2,32.119862,-110.761948,250.050003,5.411,2949.803223,21,39,13,24,5,3,U_TURN_HDG,AP_PROT_ROLL_MIN,11.816,30.000,0.000,4,-12,-8,14,ROLL_RIGHT
1182,146.844238,0,1.756,4.908,3.588,12.574,-131.044,24.379,60.429,10.407,59.870,-31.875,5.125,22.375,7.100,22.223,19.121,0.147,0.184,0.382,0.894,1,-43.630,28.949,-28.705,0.000,2,32.119858,-110.761948,249.369995,5.357,2949.803223,21,39,13,32,5,3,U_TURN_HDG,AP_PROT_ROLL_MIN,11.816,30.000,0.000,4,-12,-8,14,ROLL_RIGHT
1183,146.925095,0,1.653,4.832,3.665,14.165,-128.072,21.810,88.629,22.269,-39.615,-31.875,5.125,22.375,6.459,24.247,16.763,0.116,0.191,0.406,0.886,1,-41.885,28.965,-28.125,0.000,2,32.119858,-110.761948,248.619995,5.349,2949.803223,21,39,13,40,5,3,U_TURN_HDG,AP_PROT_ROLL_MIN,11.816,30.000,0.000,4,-12,-8,14,ROLL_RIGHT
1184,147.029846,0,5.075,1.384,-11.483,7.334,-122.321,21.849,2.686,42.636,-68.263,-31.875,5.125,22.375,4.280,24.811,16.737,0.135,0.146,0.462,0.864,1,-41.189,28.939,-27.891,0.000,2,32.119858,-110.761948,248.309998,5.367,2950.131348,21,39,13,48,5,3,U_TURN_HDG,AP_PROT_ROLL_MIN,11.816,30.000,0.000,4,-12,-8,14,ROLL_RIGHT
1185,147.085693,0,1.307,-2.832,-7.472,13.136,-126.188,21.753,-48.455,79.453,-2.126,-31.875,5.125,22.375,6.921,23.684,17.609,0.116,0.185,0.422,0.880,1,-40.862,28.963,-27.780,0.000,2,32.119858,-110.761955,248.320007,5.384,2950.131348,21,39,13,56,5,3,U_TURN_HDG,AP_PROT_ROLL_MIN,11.816,30.000,0.000,4,-12,-8,14,ROLL_RIGHT
1186,147.162994,0,-0.871,-8.420,1.525,9.697,-131.024,19.536,-187.778,66.696,-68.151,-31.875,5.125,22.375,4.152,21.249,21.249,0.119,0.146,0.394,0.900,1,-48.435,28.964,-30.245,0.000,2,32.119858,-110.761955,248.910004,5.450,2950.131348,21,39,13,64,5,3,U_TURN_HDG,AP_PROT_ROLL_MIN,11.816,30.000,0.000,4,-12,-8,14,ROLL_RIGHT
1187,147.249191,0,0.936,-5.998,-5.395,6.952,-144.183,22.011,-64.793,-44.650,6.267,-31.875,5.125,22.375,4.588,16.763,24.863,0.163,0.115,0.290,0.936,1,-56.708,28.994,-32.726,0.000,2,32.119858,-110.761955,249.830002,5.475,2950.131348,21,39,13,72,5,3,U_TURN_HDG,AP_PROT_ROLL_MIN,11.816,30.000,0.000,4,-12,-8,14,ROLL_RIGHT
1188,147.369171,0,3.883,-6.087,-1.781,9.520,-145.355,22.389,-0.224,-11.414,9.848,-31.875,5.125,22.375,5.126,16.840,24.709,0.160,0.135,0.276,0.938,1,-55.061,28.975,-32.247,0.000,2,32.119854,-110.761963,250.770004,5.595,2950.131348,21,39,13,84,5,3,U_TURN_HDG,AP_PROT_ROLL_MIN,11.816,30.000,0.000,4,-12,-8,14,ROLL_RIGHT
1189,147.446503,0,-3.383,3.512,5.677,7.290,-151.291,24.953,-18.129,-0.336,8.505,-31.875,5.125,22.375,5.126,16.379,24.991,0.193,0.114,0.228,0.947,1,-65.298,29.016,-35.117,0.000,2,32.119850,-110.761963,250.899994,5.646,2950.131348,21,39,13,92,5,3,U_TURN_HDG,AP_PROT_ROLL_MIN,11.816,30.000,0.000,4,-12,-8,14,ROLL_RIGHT
1190,147.650085,0,-9.907,3.537,10.099,3.507,-151.499,26.382,0.112,22.269,-53.155,-31.875,5.125,22.375,1.461,14.302,26.682,0.214,0.085,0.233,0.945,1,-62.006,28.975,-34.220,0.000,2,32.119850,-110.761963,252.050003,5.555,2950.131348,21,39,14,12,5,3,U_TURN_HDG,AP_PROT_ROLL_MIN,11.816,30.000,0.000,4,-12,-8,14,ROLL_RIGHT
1191,147.709518,0,-3.050,-5.831,-11.060,3.422,-150.575,29.249,6.155,-48.343,-14.995,-31.875,5.125,22.375,4.434,16.071,25.427,0.237,0.092,0.238,0.937,1,-60.134,28.935,-33.700,0.000,2,32.119850,-110.761963,252.360001,5.556,2950.131348,21,39,14,16,5,3,U_TURN_HDG,AP_PROT_ROLL_MIN,11.816,30.000,0.000,4,-12,-8,14,ROLL_RIGHT
1192,147.763611,0,1.397,-5.831,-12.342,10.962,-147.184,36.105,0.895,-46.105,-0.224,-31.875,5.125,22.375,5.947,15.994,25.119,0.270,0.174,0.239,0.916,1,-63.030,28.979,-34.502,0.000,2,32.119850,-110.761971,252.850006,5.578,2950.459473,21,39,14,24,5,3,U_TURN_HDG,AP_PROT_ROLL_MIN,11.816,30.000,0.000,4,-12,-8,14,ROLL_RIGHT
1193,147.963165,0,0.897,4.255,4.024,11.376,-146.581,37.140,4.141,32.005,-42.412,-31.875,5.125,22.375,4.332,16.071,25.247,0.276,0.181,0.241,0.912,1,-58.714,28.934,-33.300,0.000,2,32.119850,-110.761971,252.619995,5.560,2950.459473,21,39,14,44,5,3,U_TURN_HDG,AP_PROT_ROLL_MIN,11.816,30.000,0.000,4,-12,-8,14,ROLL_RIGHT
1194,148.041962,0,0.500,4.537,7.689,8.192,-139.518,36.856,-30.326,7.386,-1.007,-31.875,5.125,22.375,4.255,19.890,22.299,0.272,0.173,0.306,0.896,1,-50.253,28.962,-30.807,0.000,2,32.119846,-110.761971,251.610001,5.502,2950.459473,21,39,14,52,5,3,U_TURN_HDG,AP_PROT_ROLL_MIN,11.816,30.000,0.000,4,-12,-8,14,ROLL_RIGHT
1195,148.124161,0,2.038,10.842,-6.241,8.468,-134.678,40.665,19.919,-53.043,-44.986,-31.875,5.125,22.375,4.306,21.069,21.249,0.293,0.197,0.337,0.873,1,-45.593,28.973,-29.344,0.000,2,32.119846,-110.761971,251.029999,5.381,2950.459473,21,39,14,60,5,3,U_TURN_HDG,AP_PROT_ROLL_MIN,11.816,30.000,0.000,4,-12,-8,14,ROLL_RIGHT
1196,148.206039,0,-1.794,-1.974,-4.332,6.369,-137.773,41.770,-66.472,-16.114,-0.112,-31.875,5.125,22.375,3.230,19.429,23.017,0.313,0.177,0.318,0.877,1,-46.468,28.956,-29.624,0.000,2,32.119846,-110.761971,251.100006,5.171,2950.459473,21,39,14,68,5,3,U_TURN_HDG,AP_PROT_ROLL_MIN,11.816,30.000,0.000,4,-12,-8,14,ROLL_RIGHT
1197,148.327072,0,-2.038,-12.444,-10.124,9.367,-140.642,41.791,55.841,-19.360,112.913,-31.875,5.125,22.375,6.741,19.224,22.402,0.309,0.192,0.286,0.887,1,-50.618,29.017,-30.919,0.000,2,32.119846,-110.761971,250.320007,5.087,2950.459473,21,39,14,80,5,3,U_TURN_HDG,AP_PROT_ROLL_MIN,11.816,30.000,0.000,4,-12,-8,14,ROLL_RIGHT
1198,148.404144,0,-2.807,-1.269,6.869,15.200,-137.720,36.208,-47.112,34.803,-49.350,-31.875,5.125,22.375,6.818,19.762,21.812,0.242,0.228,0.301,0.894,1,-51.501,28.988,-31.187,0.000,2,32.119846,-110.761971,250.440002,5.062,2950.787598,21,39,14,88,5,3,U_TURN_HDG,AP_PROT_ROLL_MIN,11.816,30.000,0.000,4,-12,-8,14,ROLL_RIGHT
1199,148.495132,0,0.282,1.012,8.061,10.691,-140.219,35.315,-11.638,2.238,-8.617,-31.875,5.125,22.375,5.152,18.685,23.068,0.254,0.186,0.296,0.902,1,-53.733,28.949,-31.856,0.000,2,32.119846,-110.761971,250.960007,5.060,2950.787598,21,39,14,96,5,3,U_TURN_HDG,AP_PROT_ROLL_MIN,11.816,30.000,0.000,4,-12,-8,14,ROLL_RIGHT
1200,148.564148,0,0.679,0.154,8.305,7.180,-138.892,38.351,30.662,1.567,-46.105,-31.875,5.125,22.375,3.665,19.659,22.581,0.286,0.170,0.312,0.890,1,-50.220,29.018,-30.797,0.000,2,32.119846,-110.761978,251.970001,5.087,2950.787598,21,39,15,4,5,3,U_TURN_HDG,AP_PROT_ROLL_MIN,11.816,30.000,0.000,4,-12,-8,14,ROLL_RIGHT
1201,148.645020,0,-3.640,9.983,0.628,5.332,-139.203,41.299,-3.805,12.422,-88.629,-31.875,5.125,22.375,2.589,19.685,22.761,0.315,0.164,0.310,0.882,1,-46.857,28.964,-29.748,0.000,2,32.119846,-110.761978,252.860001,5.101,2950.787598,21,39,15,12,5,3,U_TURN_HDG,AP_PROT_ROLL_MIN,11.816,30.000,0.000,4,-12,-8,14,ROLL_RIGHT
1202,148.725082,0,-1.679,-2.563,-9.048,10.256,-138.282,40.732,12.645,-40.062,27.641,-31.875,5.125,22.375,3.870,19.864,22.530,0.294,0.202,0.303,0.884,1,-46.590,29.018,-29.663,0.000,2,32.119846,-110.761978,255.110001,4.930,2950.787598,21,39,15,20,5,3,U_TURN_HDG,AP_PROT_ROLL_MIN,11.816,30.000,0.000,4,-12,-8,14,ROLL_RIGHT
1203,148.805038,0,0.730,-9.855,-15.238,15.095,-140.361,40.256,-13.205,-41.069,46.665,-31.875,5.125,22.375,6.562,19.429,22.428,0.279,0.232,0.273,0.891,1,-53.573,28.956,-31.808,0.000,2,32.119850,-110.761978,259.140015,4.790,2950.787598,21,39,15,28,5,3,U_TURN_HDG,AP_PROT_ROLL_MIN,11.816,30.000,0.000,4,-12,-8,14,ROLL_RIGHT
1204,148.890869,0,-3.845,-0.859,9.279,13.891,-142.642,38.200,-19.360,-20.143,36.369,-31.875,5.125,22.375,8.176,18.327,22.786,0.271,0.212,0.263,0.901,1,-55.759,28.993,-32.451,0.000,2,32.119846,-110.761978,260.410004,4.827,2950.787598,21,39,15,36,5,3,U_TURN_HDG,AP_PROT_ROLL_MIN,11.816,30.000,0.000,4,-12,-8,14,ROLL_RIGHT
1205,149.091080,0,1.115,4.614,0.525,12.889,-144.145,38.334,41.069,-42.524,29.991,-31.875,5.125,22.375,7.484,18.250,22.940,0.278,0.201,0.254,0.904,1,-55.349,29.024,-32.331,0.000,2,32.119846,-110.761986,258.339996,5.060,2951.115479,21,39,15,56,5,3,U_TURN_HDG,AP_PROT_ROLL_MIN,11.816,30.000,0.000,4,-12,-8,14,ROLL_RIGHT
1206,149.167862,0,0.897,11.009,-2.935,14.715,-137.134,35.766,-7.386,40.510,-69.494,-31.875,5.125,22.375,4.229,22.786,19.377,0.239,0.225,0.308,0.893,1,-45.349,28.980,-29.265,0.000,2,32.119846,-110.761986,258.739990,5.060,2951.115479,21,39,15,64,5,3,U_TURN_HDG,AP_PROT_ROLL_MIN,11.816,30.000,0.000,4,-12,-8,14,ROLL_RIGHT
1207,149.247025,0,-4.075,-1.371,0.295,1.184,-131.240,34.810,-47.448,19.472,-7.498,-31.875,5.125,22.375,0.384,22.786,19.839,0.268,0.132,0.391,0.870,1,-44.647,28.965,-29.038,0.000,2,32.119843,-110.761986,258.489990,5.107,2951.115479,21,39,15,72,5,3,U_TURN_HDG,AP_PROT_ROLL_MIN,11.816,30.000,0.000,4,-12,-8,14,ROLL_RIGHT
1208,149.364151,0,-1.499,-9.945,-6.190,1.866,-133.547,34.199,34.355,-79.229,81.356,-31.875,5.125,22.375,1.307,22.120,20.608,0.264,0.130,0.372,0.880,1,-44.238,28.989,-28.905,0.000,2,32.119843,-110.761993,257.679993,5.133,2951.115479,21,39,15,84,5,3,U_TURN_HDG,AP_PROT_ROLL_MIN,11.816,30.000,0.000,4,-12,-8,14,ROLL_RIGHT
1209,149.446045,0,1.807,-0.705,12.585,7.365,-131.308,34.253,-3.805,2.686,0.336,-31.875,5.125,22.375,4.409,23.043,19.019,0.242,0.177,0.376,0.877,1,-45.904,28.975,-29.444,0.000,2,32.119843,-110.761993,257.549988,5.144,2951.115479,21,39,15,92,5,3,U_TURN_HDG,AP_PROT_ROLL_MIN,11.816,30.000,0.000,4,-12,-8,14,ROLL_RIGHT
1210,149.517624,0,3.729,5.921,3.178,7.119,-132.700,37.425,-54.274,-43.084,-44.091,-31.875,5.125,22.375,3.512,22.274,20.070,0.270,0.182,0.361,0.874,1,-47.594,28.918,-29.981,0.000,2,32.119843,-110.761993,257.869995,5.158,2951.115479,21,39,15,96,5,3,U_TURN_HDG,AP_PROT_ROLL_MIN,11.816,30.000,0.000,4,-12,-8,14,ROLL_RIGHT
1211,149.604202,0,5.806,8.010,6.408,8.135,-133.226,38.821,37.041,-27.976,56.289,-31.875,5.125,22.375,4.306,21.889,20.326,0.278,0.193,0.352,0.873,1,-47.931,29.024,-30.087,0.000,2,32.119843,-110.762001,258.619995,5.180,2951.115479,21,39,16,8,5,3,U_TURN_HDG,AP_PROT_ROLL_MIN,11.816,30.000,0.000,4,-12,-8,14,ROLL_RIGHT
1212,149.690002,0,13.354,5.677,8.625,11.715,-131.073,37.660,77.215,-18.576,100.268,-31.875,5.125,22.375,8.125,23.017,17.916,0.252,0.221,0.360,0.871,1,-44.331,28.967,-28.935,0.000,2,32.119843,-110.762001,258.459991,5.225,2951.115479,21,39,16,16,5,3,U_TURN_HDG,AP_PROT_ROLL_MIN,11.816,30.000,0.000,4,-12,-8,14,ROLL_RIGHT
1213,149.767029,0,11.893,13.636,-0.859,24.215,-121.565,33.664,136.749,-60.317,118.844,-31.875,5.125,22.375,16.558,23.299,10.765,0.149,0.313,0.404,0.846,1,-40.969,28.914,-27.816,0.000,2,32.119843,-110.762001,258.730011,5.197,2951.115479,21,39,16,24,5,3,U_TURN_HDG,AP_PROT_ROLL_MIN,11.816,30.000,0.000,4,-12,-8,14,ROLL_RIGHT
1214,149.852020,0,4.306,6.626,-6.856,40.277,-110.516,31.763,112.242,-246.081,174.573,-31.875,5.125,22.375,19.839,21.864,8.202,0.022,0.419,0.437,0.796,1,-39.443,28.960,-27.293,0.000,2,32.119843,-110.762001,259.579987,5.210,2951.115479,21,39,16,32,5,3,U_TURN_HDG,AP_PROT_ROLL_MIN,11.816,30.000,0.000,4,-12,-8,14,ROLL_RIGHT
1215,149.925018,0,-15.264,4.139,-9.689,55.344,-93.763,46.651,80.908,-116.158,250.893,-31.875,5.125,22.375,27.580,13.892,-1.179,0.036,-0.551,-0.422,-0.719,1,-41.167,28.979,-27.883,0.000,2,32.119843,-110.762001,261.549988,5.177,2951.115479,21,39,16,40,5,3,U_TURN_HDG,AP_PROT_ROLL_MIN,11.816,30.000,0.000,4,-12,-8,14,ROLL_RIGHT
1216,150.006195,0,-10.189,5.626,-11.752,73.486,-63.839,72.940,65.801,12.533,208.928,-31.875,5.125,22.375,29.963,6.664,-4.434,0.156,-0.659,-0.359,-0.643,1,-38.324,28.982,-26.903,0.000,2,32.119843,-110.762009,262.970001,5.261,2951.443604,21,39,16,48,5,3,U_TURN_HDG,AP_PROT_ROLL_MIN,11.816,30.000,0.000,4,-12,-8,14,ROLL_RIGHT
1217,150.085770,0,4.293,4.934,-6.344,81.586,12.984,144.832,126.901,-8.281,158.794,-31.875,5.125,22.375,30.578,-4.819,-4.127,0.278,-0.695,-0.298,-0.593,1,-38.657,28.948,-27.020,0.000,2,32.119843,-110.762009,264.899994,5.433,2951.443604,21,39,16,56,5,3,U_TURN_HDG,AP_PROT_PITCH_MAX,11.816,0.000,-18.000,4,-12,20,14,PITCH_NOSE_DOWN
1218,150.166183,0,-5.408,5.319,0.795,72.373,67.043,189.299,158.794,2.798,137.308,-31.875,5.125,22.375,29.528,-9.766,-3.614,0.404,-0.697,-0.270,-0.527,1,-35.259,28.963,-25.805,0.000,2,32.119843,-110.762009,267.260010,5.597,2951.443604,21,39,16,64,5,3,U_TURN_HDG,AP_PROT_ROLL_MAX,11.816,-30.000,0.000,4,16,20,14,ROLL_LEFT
1219,150.286133,0,-21.236,9.548,-3.473,63.739,84.518,197.356,58.079,25.850,68.263,-31.875,5.125,22.375,27.759,-14.636,-1.000,0.506,-0.675,-0.256,-0.472,1,-31.226,28.976,-24.284,0.000,2,32.119843,-110.762016,268.220001,5.634,2951.443604,21,39,16,76,5,3,U_TURN_HDG,AP_PROT_ROLL_MAX,11.816,-30.000,0.000,4,16,20,14,ROLL_LEFT
1220,150.369125,0,-13.854,-3.294,-7.151,59.910,92.566,202.654,15.219,-60.541,37.824,-31.875,5.125,22.375,26.939,-15.892,0.026,0.546,-0.658,-0.236,-0.461,1,-34.133,28.997,-25.389,0.000,2,32.119843,-110.762016,268.000000,5.739,2951.443604,21,39,16,84,5,3,U_TURN_HDG,AP_PROT_ROLL_MAX,11.816,-30.000,0.000,4,16,20,14,ROLL_LEFT
1221,150.564072,0,0.038,-1.333,-11.496,56.817,88.561,195.669,14.436,11.638,8.169,-31.875,5.125,22.375,25.708,-17.481,-0.256,0.562,-0.669,-0.243,-0.421,1,-30.196,28.978,-23.881,0.000,2,32.119839,-110.762016,266.579987,5.298,2951.115479,21,39,17,4,5,3,U_TURN_HDG,AP_PROT_ROLL_MAX,11.816,-30.000,0.000,4,16,20,14,ROLL_LEFT
1222,150.652084,0,-2.525,-1.512,-10.342,56.236,112.323,221.286,7.050,158.906,-61.436,-31.875,5.125,22.375,25.580,-15.968,6.305,0.593,-0.598,-0.193,-0.504,1,-35.762,28.910,-25.988,0.000,2,32.119839,-110.762016,266.390015,5.344,2951.115479,21,39,17,12,5,3,U_TURN_HDG,AP_PROT_ROLL_MAX,11.816,-30.000,0.000,4,16,20,14,ROLL_LEFT
1223,150.735977,0,2.973,-5.498,7.907,53.821,104.801,218.884,-27.753,-43.196,12.645,-31.875,5.125,22.375,25.555,-16.379,4.767,0.574,-0.632,-0.157,-0.496,1,-31.125,29.005,-24.245,0.000,2,32.119839,-110.762016,266.339996,5.305,2951.115479,21,39,17,20,5,3,U_TURN_HDG,AP_PROT_ROLL_MAX,11.816,-30.000,0.000,4,16,20,14,ROLL_LEFT
1224,150.812042,0,2.832,-2.986,12.649,51.754,111.130,223.280,-1.790,31.110,-7.050,-31.875,5.125,22.375,23.991,-17.993,6.690,0.599,-0.606,-0.147,-0.503,1,-27.349,28.987,-22.727,0.000,2,32.119839,-110.762024,266.640015,5.313,2951.115479,21,39,17,28,5,3,U_TURN_HDG,AP_PROT_ROLL_MAX,11.816,-30.000,0.000,4,16,20,14,ROLL_LEFT
1225,150.891129,0,-3.050,4.191,-1.525,54.459,108.949,224.032,-48.455,-19.919,-51.253,-31.875,5.125,22.375,25.093,-17.019,5.126,0.571,-0.619,-0.152,-0.518,1,-29.783,29.005,-23.717,0.000,2,32.119839,-110.762024,266.679993,5.268,2951.115479,21,39,17,36,5,3,U_TURN_HDG,AP_PROT_ROLL_MAX,11.816,-30.000,0.000,4,16,20,14,ROLL_LEFT
1226,150.968903,0,-9.215,7.459,-9.291,57.320,105.878,223.030,-28.088,20.255,-23.724,-31.875,5.125,22.375,25.990,-15.892,3.973,0.545,-0.632,-0.162,-0.526,1,-30.976,28.993,-24.187,0.000,2,32.119839,-110.762024,266.589996,5.217,2951.115479,21,39,17,44,5,3,U_TURN_HDG,AP_PROT_ROLL_MAX,11.816,-30.000,0.000,4,16,20,14,ROLL_LEFT
1227,151.045105,0,-6.767,-0.577,1.487,58.458,107.185,227.686,-29.543,3.357,-38.496,-31.875,5.125,22.375,26.554,-14.841,3.896,0.525,-0.633,-0.150,-0.549,1,-30.752,28.975,-24.099,0.000,2,32.119839,-110.762024,266.320007,5.128,2951.115479,21,39,17,52,5,3,U_TURN_HDG,AP_PROT_ROLL_MAX,11.816,-30.000,0.000,4,16,20,14,ROLL_LEFT
1228,151.104523,0,-1.115,3.704,-3.396,61.759,104.610,228.090,-40.062,15.891,-16.338,-31.875,5.125,22.375,26.811,-14.302,3.255,0.492,-0.645,-0.157,-0.563,1,-34.134,28.989,-25.390,0.000,2,32.119839,-110.762024,266.100006,5.082,2951.115479,21,39,17,56,5,3,U_TURN_HDG,AP_PROT_ROLL_MAX,11.816,-30.000,0.000,4,16,20,14,ROLL_LEFT
1229,151.155945,0,-0.987,-4.691,1.602,63.231,105.780,234.185,-61.660,29.431,-52.931,-31.875,5.125,22.375,27.144,-13.559,3.306,0.461,-0.648,-0.138,-0.591,1,-35.544,29.011,-25.909,0.000,2,32.119839,-110.762024,265.739990,5.001,2951.115479,21,39,17,60,5,3,U_TURN_HDG,AP_PROT_ROLL_MAX,11.816,-30.000,0.000,4,16,20,14,ROLL_LEFT
1230,151.215958,0,13.085,3.242,-7.933,68.235,104.845,235.916,-34.691,13.541,-70.613,-31.875,5.125,22.375,27.759,-12.226,3.101,0.419,-0.654,-0.156,-0.610,1,-36.650,29.010,-26.309,0.000,2,32.119839,-110.762024,265.410004,4.905,2951.115479,21,39,17,68,5,3,U_TURN_HDG,AP_PROT_ROLL_MAX,11.816,-30.000,0.000,4,16,20,14,ROLL_LEFT
1231,151.288132,0,7.420,-0.500,-8.625,68.631,103.912,236.790,-21.374,35.250,18.912,-31.875,5.125,22.375,28.272,-11.150,2.256,0.407,-0.659,-0.148,-0.615,1,-36.764,28.952,-26.350,0.000,2,32.119839,-110.762024,265.350006,4.910,2951.115479,21,39,17,76,5,3,U_TURN_HDG,AP_PROT_ROLL_MAX,11.816,-30.000,0.000,4,16,20,14,ROLL_LEFT
1232,151.364090,0,5.972,-3.063,-6.818,68.301,105.895,238.131,19.360,6.714,9.736,-31.875,5.125,22.375,28.246,-11.278,2.640,0.413,-0.654,-0.149,-0.617,1,-35.179,28.963,-25.776,0.000,2,32.119839,-110.762032,265.480011,4.942,2951.115479,21,39,17,84,5,3,U_TURN_HDG,AP_PROT_ROLL_MAX,11.816,-30.000,0.000,4,16,20,14,ROLL_LEFT
1233,151.413925,0,-1.910,-5.780,-6.087,72.078,115.231,248.676,-14.883,47.672,-95.568,-31.875,5.125,22.375,29.015,-8.971,3.512,0.386,-0.638,-0.166,-0.645,1,-37.221,28.978,-26.513,0.000,2,32.119835,-110.762032,265.369995,4.917,2951.115479,21,39,17,88,5,3,U_TURN_HDG,AP_PROT_ROLL_MAX,11.816,-30.000,0.000,4,16,20,14,ROLL_LEFT
1234,151.487991,0,2.204,-2.730,-4.934,75.173,132.473,267.343,1.790,77.103,-121.977,-31.875,5.125,22.375,29.656,-5.588,5.126,0.355,-0.616,-0.183,-0.679,1,-35.546,29.007,-25.910,0.000,2,32.119835,-110.762032,264.570007,4.797,2951.115479,21,39,17,96,5,3,U_TURN_HDG,AP_PROT_ROLL_MAX,11.816,-30.000,0.000,4,16,20,14,ROLL_LEFT
1235,151.603027,0,-10.394,-7.408,1.256,73.555,164.381,300.282,8.281,79.789,-70.165,-31.875,5.125,22.375,29.476,-2.691,7.946,0.325,-0.569,-0.201,-0.729,1,-37.211,28.998,-26.510,0.000,2,32.119835,-110.762032,262.709991,4.577,2950.787598,21,39,18,8,5,3,U_TURN_HDG,AP_PROT_ROLL_MAX,11.816,-30.000,0.000,4,16,20,14,ROLL_LEFT
1236,151.654526,0,-1.640,-4.793,6.908,72.561,169.911,307.524,44.762,-1.231,-32.676,-31.875,5.125,22.375,29.348,-1.128,8.638,0.308,-0.560,-0.197,-0.743,1,-39.822,28.988,-27.424,0.000,2,32.119835,-110.762032,262.459991,4.522,2950.787598,21,39,18,12,5,3,U_TURN_HDG,AP_PROT_ROLL_MAX,11.816,-30.000,0.000,4,16,20,14,ROLL_LEFT
1237,151.892120,0,4.844,-3.255,4.383,72.275,-177.977,317.463,-19.024,31.334,-45.098,-31.875,5.125,22.375,29.323,-0.308,8.766,0.303,-0.544,-0.227,-0.749,1,-37.373,28.988,-26.567,0.000,2,32.119835,-110.762032,259.799988,4.393,2950.787598,21,39,18,36,5,3,U_TURN_HDG,AP_PROT_ROLL_MIN,11.816,30.000,0.000,4,-12,-8,14,ROLL_RIGHT
1238,151.963806,0,-1.282,1.897,-1.602,69.504,-172.235,325.417,-51.924,12.645,-62.891,-31.875,5.125,22.375,27.759,3.640,12.713,0.281,-0.526,-0.222,-0.771,1,-42.053,28.947,-28.182,0.000,2,32.119831,-110.762032,259.190002,4.343,2950.787598,21,39,18,44,5,3,U_TURN_HDG,AP_PROT_ROLL_MIN,11.816,30.000,0.000,4,-12,-8,14,ROLL_RIGHT
1239,152.048065,0,-4.332,-0.897,-3.858,59.610,-156.874,353.785,-34.243,36.146,-105.863,-31.875,5.125,22.375,27.067,5.152,13.790,0.146,-0.477,-0.200,-0.843,1,-43.537,28.975,-28.675,0.000,2,32.119831,-110.762032,258.209991,4.253,2950.787598,21,39,18,52,5,3,U_TURN_HDG,AP_PROT_ROLL_MIN,11.816,30.000,0.000,4,-12,-8,14,ROLL_RIGHT
1240,152.127762,0,-4.883,-0.871,-10.240,56.634,-152.540,0.111,-16.786,-1.567,-73.634,-31.875,5.125,22.375,25.427,8.997,15.046,0.112,-0.461,-0.208,-0.855,1,-45.753,28.963,-29.395,0.000,2,32.119831,-110.762032,257.339996,4.187,2950.787598,21,39,18,60,5,3,U_TURN_HDG,AP_PROT_ROLL_MIN,11.816,30.000,0.000,4,-12,-8,14,ROLL_RIGHT
1241,152.224014,0,-2.191,0.333,-1.807,53.046,-147.094,9.418,-2.014,17.457,-37.936,-31.875,5.125,22.375,24.401,10.483,15.687,0.056,-0.448,-0.217,-0.866,1,-45.566,29.013,-29.335,0.000,2,32.119831,-110.762032,256.179993,4.061,2950.787598,21,39,18,68,5,3,U_TURN_HDG,AP_PROT_ROLL_MIN,11.816,30.000,0.000,4,-12,-8,14,ROLL_RIGHT
1242,152.323029,0,-0.654,0.871,2.704,48.491,-144.986,15.064,-33.012,29.543,-46.441,-31.875,5.125,22.375,23.453,11.304,16.481,0.008,-0.424,-0.221,-0.878,1,-53.699,29.010,-31.846,0.000,2,32.119831,-110.762032,254.979996,3.978,2950.787598,21,39,18,80,5,3,U_TURN_HDG,AP_PROT_ROLL_MIN,11.816,30.000,0.000,4,-12,-8,14,ROLL_RIGHT
1243,152.403931,0,-0.513,-0.936,5.741,46.640,-145.561,15.907,1.902,18.912,-51.812,-31.875,5.125,22.375,21.812,12.406,17.840,0.005,0.412,0.217,0.885,1,-56.998,29.038,-32.809,0.000,2,32.119831,-110.762039,255.119995,3.978,2950.787598,21,39,18,88,5,3,U_TURN_HDG,AP_PROT_ROLL_MIN,11.816,30.000,0.000,4,-12,-8,14,ROLL_RIGHT
1244,152.492966,0,1.230,9.138,7.741,42.147,-143.129,21.147,2.910,38.384,-66.472,-31.875,5.125,22.375,20.070,14.097,18.609,0.051,0.389,0.227,0.891,1,-56.551,28.994,-32.680,0.000,2,32.119831,-110.762039,255.600006,3.961,2950.787598,21,39,18,96,5,3,U_TURN_HDG,AP_PROT_ROLL_MIN,11.816,30.000,0.000,4,-12,-8,14,ROLL_RIGHT
1245,152.546066,0,0.910,11.329,-5.844,36.258,-143.285,25.364,-41.293,3.245,-10.295,-31.875,5.125,22.375,18.173,14.405,20.300,0.102,0.354,0.227,0.901,1,-59.564,28.965,-33.540,0.000,2,32.119831,-110.762039,256.049988,3.939,2950.787598,21,39,19,0,5,3,U_TURN_HDG,AP_PROT_ROLL_MIN,11.816,30.000,0.000,4,-12,-8,14,ROLL_RIGHT
1246,152.615921,0,-4.575,-4.703,-2.051,34.751,-146.798,27.456,-28.760,27.641,18.129,-31.875,5.125,22.375,17.865,13.687,21.146,0.134,0.343,0.197,0.909,1,-59.633,28.987,-33.559,0.000,2,32.119831,-110.762039,256.510010,3.922,2951.115479,21,39,19,4,5,3,U_TURN_HDG,AP_PROT_ROLL_MIN,11.816,30.000,0.000,4,-12,-8,14,ROLL_RIGHT
1247,152.676575,0,-3.896,-12.675,-4.985,33.416,-152.844,25.471,-99.708,-7.050,-7.498,-31.875,5.125,22.375,17.224,11.637,22.889,0.139,0.322,0.158,0.923,1,-60.907,28.964,-33.916,0.000,2,32.119831,-110.762039,258.320007,3.909,2951.115479,21,39,19,12,5,3,U_TURN_HDG,AP_PROT_ROLL_MIN,11.816,30.000,0.000,4,-12,-8,14,ROLL_RIGHT
1248,152.753021,0,0.026,-7.190,-9.176,35.222,-155.782,26.975,-32.229,-34.355,-8.169,-31.875,5.125,22.375,18.224,10.022,22.863,0.156,0.334,0.125,0.921,1,-61.768,28.974,-34.155,0.000,2,32.119831,-110.762039,260.359985,3.958,2951.115479,21,39,19,20,5,3,U_TURN_HDG,AP_PROT_ROLL_MIN,11.816,30.000,0.000,4,-12,-8,14,ROLL_RIGHT
1249,152.827515,0,1.397,-6.395,-0.692,33.102,-157.965,28.885,-74.977,52.708,-57.408,-31.875,5.125,22.375,16.379,9.279,24.427,0.182,0.316,0.108,0.925,1,-69.898,28.978,-36.333,0.000,2,32.119831,-110.762047,261.940002,4.057,2951.115479,21,39,19,28,5,3,U_TURN_HDG,AP_PROT_ROLL_MIN,11.816,30.000,0.000,4,-12,-8,14,ROLL_RIGHT
1250,152.886887,0,2.230,-0.487,6.985,29.231,-159.945,31.615,-7.050,17.681,-37.041,-31.875,5.125,22.375,14.943,9.202,25.324,0.217,0.285,0.094,0.929,1,-65.783,28.992,-35.247,0.000,2,32.119831,-110.762047,262.579987,4.166,2951.115479,21,39,19,36,5,3,U_TURN_HDG,AP_PROT_ROLL_MIN,11.816,30.000,0.000,4,-12,-8,14,ROLL_RIGHT
1251,153.205185,0,4.703,4.614,0.884,29.616,-159.519,33.089,6.491,-28.648,10.072,-31.875,5.125,22.375,15.456,9.202,24.965,0.227,0.290,0.093,0.925,1,-68.123,29.048,-35.869,0.000,2,32.119827,-110.762054,265.140015,4.677,2950.787598,21,39,19,68,5,3,U_TURN_HDG,AP_PROT_ROLL_MIN,11.816,30.000,0.000,4,-12,-8,14,ROLL_RIGHT
1252,153.364166,0,-6.562,-3.499,-5.139,29.394,-159.525,31.393,28.872,3.805,-0.895,-31.875,5.125,22.375,12.021,13.815,24.786,0.214,0.287,0.098,0.929,1,-64.762,28.988,-34.973,0.000,2,32.119827,-110.762062,266.809998,5.099,2950.787598,21,39,19,84,5,3,U_TURN_HDG,AP_PROT_ROLL_MIN,11.816,30.000,0.000,4,-12,-8,14,ROLL_RIGHT
1253,153.451218,0,1.371,0.218,1.833,23.288,-148.862,35.467,39.503,16.003,-11.526,-31.875,5.125,22.375,12.508,18.122,21.377,0.236,0.265,0.191,0.915,1,-60.657,28.986,-33.846,0.000,2,32.119827,-110.762062,267.149994,5.085,2950.787598,21,39,19,92,5,3,U_TURN_HDG,AP_PROT_ROLL_MIN,11.816,30.000,0.000,4,-12,-8,14,ROLL_RIGHT
1254,153.501938,0,-1.794,-0.820,9.676,23.614,-138.854,34.849,29.991,-10.855,-0.895,-31.875,5.125,22.375,12.252,18.429,21.172,0.206,0.286,0.271,0.896,1,-54.842,28.943,-32.183,0.000,2,32.119827,-110.762062,266.950012,5.074,2950.459473,21,39,19,96,5,3,U_TURN_HDG,AP_PROT_ROLL_MIN,11.816,30.000,0.000,4,-12,-8,14,ROLL_RIGHT
1255,153.611145,0,3.550,12.970,-0.795,24.325,-136.079,35.863,73.634,-53.603,-15.219,-31.875,5.125,22.375,12.585,19.172,20.275,0.204,0.298,0.288,0.887,1,-48.829,28.964,-30.367,0.000,2,32.119827,-110.762070,266.149994,5.136,2950.459473,21,39,20,8,5,3,U_TURN_HDG,AP_PROT_ROLL_MIN,11.816,30.000,0.000,4,-12,-8,14,ROLL_RIGHT
1256,153.689117,0,0.051,12.777,-7.061,22.540,-130.958,38.483,-60.653,-8.729,-1.007,-31.875,5.125,22.375,10.586,20.967,19.711,0.217,0.302,0.326,0.869,1,-47.812,28.956,-30.049,0.000,2,32.119823,-110.762070,264.750000,5.080,2950.131348,21,39,20,16,5,3,U_TURN_HDG,AP_PROT_ROLL_MIN,11.816,30.000,0.000,4,-12,-8,14,ROLL_RIGHT
1257,153.765121,0,-2.653,-3.127,-4.908,20.959,-134.919,38.998,44.874,6.938,22.717,-31.875,5.125,22.375,11.124,20.454,20.070,0.237,0.284,0.299,0.879,1,-48.907,28.972,-30.391,0.000,2,32.119823,-110.762070,264.140015,5.144,2950.131348,21,39,20,24,5,3,U_TURN_HDG,AP_PROT_ROLL_MIN,11.816,30.000,0.000,4,-12,-8,14,ROLL_RIGHT
1258,153.845291,0,-3.588,-9.843,-7.087,22.771,-131.027,37.540,93.329,-44.427,77.551,-31.875,5.125,22.375,13.277,21.992,16.891,0.210,0.301,0.327,0.871,1,-45.116,28.972,-29.190,0.000,2,32.119823,-110.762077,264.000000,5.197,2950.131348,21,39,20,32,5,3,U_TURN_HDG,AP_PROT_ROLL_MIN,11.816,30.000,0.000,4,-12,-8,14,ROLL_RIGHT
1259,153.901062,0,-4.178,-11.073,-7.254,35.029,-117.995,37.136,122.201,-69.829,102.282,-31.875,5.125,22.375,17.481,22.248,11.842,0.113,0.401,0.383,0.824,1,-42.887,29.011,-28.460,0.000,2,32.119823,-110.762077,263.609985,5.146,2950.131348,21,39,20,36,5,3,U_TURN_HDG,AP_PROT_ROLL_MIN,11.816,30.000,0.000,4,-12,-8,14,ROLL_RIGHT
1260,154.011475,0,-0.833,-7.049,-1.576,38.796,-114.123,37.792,37.712,-26.634,46.553,-31.875,5.125,22.375,19.070,21.864,9.817,0.086,0.430,0.395,0.807,1,-43.786,28.956,-28.756,0.000,2,32.119823,-110.762077,262.230011,5.045,2950.131348,21,39,20,48,5,3,U_TURN_HDG,AP_PROT_ROLL_MIN,11.816,30.000,0.000,4,-12,-8,14,ROLL_RIGHT
1261,154.085297,0,2.794,4.024,2.204,39.906,-114.682,37.330,4.476,-8.617,15.555,-31.875,5.125,22.375,19.557,21.377,9.714,0.079,0.435,0.389,0.809,1,-42.929,28.937,-28.474,0.000,2,32.119823,-110.762077,262.190002,5.030,2950.131348,21,39,20,56,5,3,U_TURN_HDG,AP_PROT_ROLL_MIN,11.816,30.000,0.000,4,-12,-8,14,ROLL_RIGHT
1262,154.169739,0,3.652,8.317,4.626,40.185,-115.149,36.576,13.317,-16.786,53.715,-31.875,5.125,22.375,20.377,20.633,9.612,0.074,0.433,0.387,0.810,1,-43.084,28.937,-28.525,0.000,2,32.119823,-110.762077,263.140015,5.025,2950.131348,21,39,20,64,5,3,U_TURN_HDG,AP_PROT_ROLL_MIN,11.816,30.000,0.000,4,-12,-8,14,ROLL_RIGHT
1263,154.291107,0,-5.216,8.279,2.230,44.912,-113.910,37.698,-6.155,-46.889,49.462,-31.875,5.125,22.375,21.992,19.480,8.535,0.053,0.466,0.373,0.800,1,-43.527,28.991,-28.671,0.000,2,32.119823,-110.762077,265.600006,5.014,2950.131348,21,39,20,76,5,3,U_TURN_HDG,AP_PROT_ROLL_MIN,11.816,30.000,0.000,4,-12,-8,14,ROLL_RIGHT
1264,154.371170,0,-9.548,-6.075,-9.971,49.382,-112.505,40.472,-9.512,-51.253,39.391,-31.875,5.125,22.375,24.555,17.429,5.921,0.044,0.500,0.353,0.789,1,-42.352,28.975,-28.282,0.000,2,32.119823,-110.762077,267.329987,5.016,2950.131348,21,39,20,84,5,3,U_TURN_HDG,AP_PROT_ROLL_MIN,11.816,30.000,0.000,4,-12,-8,14,ROLL_RIGHT
1265,154.450989,0,-5.383,-11.560,-5.319,58.004,-106.319,50.195,24.060,-46.441,63.563,-31.875,5.125,22.375,26.324,15.174,4.127,0.034,0.574,0.310,0.757,1,-43.215,28.983,-28.568,0.000,2,32.119823,-110.762077,268.390015,4.913,2950.131348,21,39,20,92,5,3,U_TURN_HDG,AP_PROT_ROLL_MIN,11.816,30.000,0.000,4,-12,-8,14,ROLL_RIGHT
1266,154.524887,0,1.423,-2.704,-4.614,62.611,-99.191,55.414,28.648,9.848,-0.895,-31.875,5.125,22.375,27.118,14.020,2.102,0.004,0.608,0.306,0.733,1,-41.412,28.966,-27.966,0.000,2,32.119823,-110.762077,268.290009,4.817,2950.131348,21,39,21,0,5,3,U_TURN_HDG,AP_PROT_ROLL_MIN,11.816,30.000,0.000,4,-12,-8,14,ROLL_RIGHT
1267,154.604843,0,-4.947,-1.128,4.114,60.958,-102.998,51.059,-48.231,60.541,-35.474,-31.875,5.125,22.375,26.349,14.866,4.075,0.006,0.589,0.313,0.745,1,-44.491,28.961,-28.987,0.000,2,32.119823,-110.762085,268.010010,4.775,2949.803223,21,39,21,8,5,3,U_TURN_HDG,AP_PROT_ROLL_MIN,11.816,30.000,0.000,4,-12,-8,14,ROLL_RIGHT
1268,154.685165,0,2.294,2.525,3.204,57.885,-109.513,47.635,-18.129,-24.731,-35.362,-31.875,5.125,22.375,25.580,15.687,5.203,0.033,0.565,0.302,0.767,1,-42.847,28.940,-28.446,0.000,2,32.119823,-110.762085,267.769989,4.792,2949.803223,21,39,21,16,5,3,U_TURN_HDG,AP_PROT_ROLL_MIN,11.816,30.000,0.000,4,-12,-8,14,ROLL_RIGHT
1269,154.768219,0,8.189,8.420,-5.485,56.194,-105.523,53.793,-12.757,-34.131,-23.276,-31.875,5.125,22.375,25.145,16.532,4.383,0.064,0.576,0.306,0.755,1,-41.247,28.974,-27.910,0.000,2,32.119823,-110.762085,267.600006,4.817,2949.803223,21,39,21,24,5,3,U_TURN_HDG,AP_PROT_ROLL_MIN,11.816,30.000,0.000,4,-12,-8,14,ROLL_RIGHT
1270,154.846054,0,-0.269,-2.653,-1.320,54.430,-109.301,51.579,-29.207,39.279,-13.653,-31.875,5.125,22.375,24.581,16.891,5.998,0.077,0.560,0.301,0.768,1,-43.712,28.944,-28.732,0.000,2,32.119823,-110.762085,267.640015,4.798,2949.803223,21,39,21,32,5,3,U_TURN_HDG,AP_PROT_ROLL_MIN,11.816,30.000,0.000,4,-12,-8,14,ROLL_RIGHT
1271,154.970032,0,-5.549,-5.780,-1.551,51.589,-113.894,49.329,-49.350,35.362,-66.248,-31.875,5.125,22.375,23.043,18.045,8.356,0.099,0.536,0.294,0.785,1,-46.290,28.991,-29.567,0.000,2,32.119823,-110.762085,268.059998,4.758,2949.803223,21,39,21,44,5,3,U_TURN_HDG,AP_PROT_ROLL_MIN,11.816,30.000,0.000,4,-12,-8,14,ROLL_RIGHT
1272,155.051086,0,-3.178,-8.766,2.358,45.761,-117.897,48.156,8.393,31.222,10.407,-31.875,5.125,22.375,21.582,18.814,10.048,0.139,0.498,0.298,0.802,1,-45.489,29.012,-29.310,0.000,2,32.119823,-110.762093,267.779999,4.763,2950.131348,21,39,21,52,5,3,U_TURN_HDG,AP_PROT_ROLL_MIN,11.816,30.000,0.000,4,-12,-8,14,ROLL_RIGHT
1273,155.127121,0,1.333,-3.576,6.985,44.634,-119.813,44.919,3.133,33.348,-29.991,-31.875,5.125,22.375,20.992,19.019,10.714,0.130,0.481,0.303,0.812,1,-44.109,28.944,-28.862,0.000,2,32.119823,-110.762093,267.630005,4.798,2950.131348,21,39,21,60,5,3,U_TURN_HDG,AP_PROT_ROLL_MIN,11.816,30.000,0.000,4,-12,-8,14,ROLL_RIGHT
1274,155.403061,0,4.832,-1.397,10.112,41.709,-121.062,44.188,-17.457,-4.812,-12.198,-31.875,5.125,22.375,19.736,19.480,11.970,0.144,0.460,0.309,0.820,1,-42.048,28.956,-28.180,0.000,2,32.119823,-110.762093,268.320007,4.746,2950.131348,21,39,21,88,5,3,U_TURN_HDG,AP_PROT_ROLL_MIN,11.816,30.000,0.000,4,-12,-8,14,ROLL_RIGHT
1275,155.490555,0,-2.307,2.871,-4.511,40.848,-121.226,46.651,2.014,-37.265,6.602,-31.875,5.125,22.375,20.377,18.506,12.765,0.166,0.461,0.302,0.818,1,-48.829,28.964,-30.367,0.000,2,32.119823,-110.762093,268.399994,4.733,2950.131348,21,39,21,96,5,3,U_TURN_HDG,AP_PROT_ROLL_MIN,11.816,30.000,0.000,4,-12,-8,14,ROLL_RIGHT
1276,155.564011,0,-9.561,-5.959,-8.202,43.353,-124.199,52.418,-38.272,-38.384,32.900,-31.875,5.125,22.375,21.377,17.711,12.354,0.208,0.485,0.246,0.813,1,-57.034,28.974,-32.820,0.000,2,32.119823,-110.762100,268.140015,4.680,2950.131348,21,39,22,4,5,3,U_TURN_HDG,AP_PROT_ROLL_MIN,11.816,30.000,0.000,4,-12,-8,14,ROLL_RIGHT
1277,155.645615,0,-2.576,-8.035,-4.421,47.611,-125.328,53.797,10.295,-35.362,45.098,-31.875,5.125,22.375,22.940,16.276,11.380,0.202,0.510,0.212,0.809,1,-54.275,28.967,-32.016,0.000,2,32.119823,-110.762100,267.190002,4.545,2950.459473,21,39,22,12,5,3,U_TURN_HDG,AP_PROT_ROLL_MIN,11.816,30.000,0.000,4,-12,-8,14,ROLL_RIGHT
1278,155.726318,0,-2.935,-2.858,-0.538,49.091,-123.759,53.765,-25.515,14.995,-77.663,-31.875,5.125,22.375,22.223,17.173,11.304,0.188,0.521,0.217,0.804,1,-55.928,28.974,-32.500,0.000,2,32.119823,-110.762100,266.649994,4.571,2950.131348,21,39,22,20,5,3,U_TURN_HDG,AP_PROT_ROLL_MIN,11.816,30.000,0.000,4,-12,-8,14,ROLL_RIGHT
1279,155.805618,0,4.101,2.230,3.960,44.796,-124.230,56.472,-45.769,17.457,-19.024,-31.875,5.125,22.375,20.659,17.737,13.021,0.230,0.501,0.222,0.804,1,-56.024,28.944,-32.528,0.000,2,32.119820,-110.762100,266.290009,4.662,2950.459473,21,39,22,28,5,3,U_TURN_HDG,AP_PROT_ROLL_MIN,11.816,30.000,0.000,4,-12,-8,14,ROLL_RIGHT
1280,155.884003,0,9.778,8.010,3.127,40.961,-124.553,56.452,54.834,14.660,-27.641,-31.875,5.125,22.375,19.685,18.993,12.662,0.249,0.479,0.237,0.808,1,-49.687,28.983,-30.633,0.000,2,32.119820,-110.762100,265.799988,4.660,2950.459473,21,39,22,36,5,3,U_TURN_HDG,AP_PROT_ROLL_MIN,11.816,30.000,0.000,4,-12,-8,14,ROLL_RIGHT
1281,155.968964,0,-0.654,2.576,-0.500,37.027,-121.574,56.171,-37.377,29.096,-43.308,-31.875,5.125,22.375,17.019,20.941,13.533,0.253,0.462,0.278,0.803,1,-45.280,28.961,-29.243,0.000,2,32.119820,-110.762115,265.429993,4.670,2950.131348,21,39,22,44,5,3,U_TURN_HDG,AP_PROT_ROLL_MIN,11.816,30.000,0.000,4,-12,-8,14,ROLL_RIGHT
1282,156.048965,0,-4.037,-6.549,0.602,35.749,-122.294,56.033,35.810,-14.324,22.941,-31.875,5.125,22.375,18.019,20.710,12.611,0.261,0.453,0.279,0.805,1,-47.080,28.994,-29.818,0.000,2,32.119820,-110.762115,265.799988,4.687,2950.131348,21,39,22,52,5,3,U_TURN_HDG,AP_PROT_ROLL_MIN,11.816,30.000,0.000,4,-12,-8,14,ROLL_RIGHT
1283,156.168030,0,-6.087,-9.817,-5.049,37.328,-120.085,57.647,-11.079,-49.910,6.043,-31.875,5.125,22.375,18.583,20.736,11.791,0.256,0.471,0.281,0.796,1,-45.505,28.979,-29.315,0.000,2,32.119820,-110.762115,267.040009,4.660,2950.131348,21,39,22,64,5,3,U_TURN_HDG,AP_PROT_ROLL_MIN,11.816,30.000,0.000,4,-12,-8,14,ROLL_RIGHT
1284,156.244064,0,-1.397,-4.242,5.331,38.827,-119.067,59.732,-15.891,-29.096,-29.207,-31.875,5.125,22.375,19.096,20.762,10.637,0.259,0.487,0.272,0.789,1,-47.401,28.981,-29.920,0.000,2,32.119823,-110.762115,268.459991,4.717,2950.131348,21,39,22,72,5,3,U_TURN_HDG,AP_PROT_ROLL_MIN,11.816,30.000,0.000,4,-12,-8,14,ROLL_RIGHT
1285,156.367004,0,3.422,-0.192,6.882,38.308,-117.094,64.274,-65.017,-11.079,-30.774,-31.875,5.125,22.375,18.403,20.838,11.406,0.284,0.499,0.268,0.773,1,-51.432,28.967,-31.166,0.000,2,32.119823,-110.762123,270.609985,4.920,2950.131348,21,39,22,84,5,3,U_TURN_HDG,AP_PROT_ROLL_MIN,11.816,30.000,0.000,4,-12,-8,14,ROLL_RIGHT
1286,156.448090,0,2.896,-0.115,6.651,36.177,-122.860,72.740,-64.122,-29.655,-24.172,-31.875,5.125,22.375,18.045,20.326,12.816,0.375,0.489,0.204,0.760,1,-58.295,28.978,-33.181,0.000,2,32.119823,-110.762123,270.630005,5.013,2950.131348,21,39,22,92,5,3,U_TURN_HDG,AP_PROT_ROLL_MIN,11.816,30.000,0.000,4,-12,-8,14,ROLL_RIGHT
1287,156.499069,0,-1.064,2.807,1.089,38.543,-123.894,77.325,-14.100,-82.251,22.605,-31.875,5.125,22.375,17.840,20.275,13.200,0.399,0.505,0.165,0.747,1,-57.329,29.010,-32.904,0.000,2,32.119823,-110.762123,270.970001,5.080,2950.131348,21,39,22,96,5,3,U_TURN_HDG,AP_PROT_ROLL_MIN,11.816,30.000,0.000,4,-12,-8,14,ROLL_RIGHT
1288,156.608063,0,-2.307,6.344,0.936,40.198,-121.469,79.371,26.186,-14.436,-13.876,-31.875,5.125,22.375,19.531,19.608,11.944,0.394,0.524,0.162,0.738,1,-55.281,29.003,-32.311,0.000,2,32.119823,-110.762123,271.559998,5.067,2950.459473,21,39,23,8,5,3,U_TURN_HDG,AP_PROT_ROLL_MIN,11.816,30.000,0.000,4,-12,-8,14,ROLL_RIGHT
1289,156.683868,0,-7.561,0.064,-4.011,40.001,-122.478,80.418,-80.684,-59.422,42.300,-31.875,5.125,22.375,20.557,17.891,13.149,0.406,0.521,0.152,0.735,1,-43.915,29.000,-28.799,0.000,2,32.119823,-110.762131,272.209991,5.121,2950.459473,21,39,23,16,5,3,U_TURN_HDG,AP_PROT_ROLL_MIN,11.816,30.000,0.000,4,-12,-8,14,ROLL_RIGHT
1290,156.763992,0,-8.651,-3.652,-7.023,45.626,-127.796,82.703,5.036,-18.241,81.691,-31.875,5.125,22.375,22.658,15.456,12.765,0.419,0.529,0.074,0.734,1,-50.629,28.997,-30.922,0.000,2,32.119823,-110.762131,273.869995,5.089,2950.459473,21,39,23,24,5,3,U_TURN_HDG,AP_PROT_ROLL_MIN,11.816,30.000,0.000,4,-12,-8,14,ROLL_RIGHT
1291,156.844070,0,-2.320,-3.089,-2.819,51.498,-130.826,77.789,22.829,13.429,53.827,-31.875,5.125,22.375,24.119,13.380,12.329,0.374,0.543,0.044,0.751,1,-47.538,29.015,-29.963,0.000,2,32.119823,-110.762131,275.859985,5.045,2950.459473,21,39,23,32,5,3,U_TURN_HDG,AP_PROT_ROLL_MIN,11.816,30.000,0.000,4,-12,-8,14,ROLL_RIGHT
1292,156.927246,0,0.218,-1.435,-0.705,53.462,-133.491,73.357,-3.693,41.965,-31.557,-31.875,5.125,22.375,23.222,13.739,13.405,0.348,0.542,0.036,0.764,1,-52.437,29.005,-31.469,0.000,2,32.119823,-110.762131,277.149994,4.976,2950.459473,21,39,23,40,5,3,U_TURN_HDG,AP_PROT_ROLL_MIN,11.816,30.000,0.000,4,-12,-8,14,ROLL_RIGHT
1293,157.129089,0,3.486,17.699,-0.256,45.511,-129.536,73.712,74.305,78.894,-104.968,-31.875,5.125,22.375,21.812,15.712,13.482,0.368,0.516,0.105,0.766,1,-55.937,28.958,-32.502,0.000,2,32.119823,-110.762131,276.079987,4.805,2950.787598,21,39,23,60,5,3,U_TURN_HDG,AP_PROT_ROLL_MIN,11.816,30.000,0.000,4,-12,-8,14,ROLL_RIGHT
1294,157.212112,0,-1.743,-11.239,0.051,38.890,-128.025,72.834,63.003,-21.598,16.898,-31.875,5.125,22.375,20.223,19.019,11.483,0.386,0.486,0.155,0.769,1,-55.709,28.947,-32.436,0.000,2,32.119823,-110.762131,276.119995,4.701,2950.787598,21,39,23,68,5,3,U_TURN_HDG,AP_PROT_ROLL_MIN,11.816,30.000,0.000,4,-12,-8,14,ROLL_RIGHT
1295,157.364990,0,2.884,-6.523,6.100,43.313,-118.320,69.723,5.595,15.443,-7.498,-31.875,5.125,22.375,20.403,19.429,10.330,0.301,0.532,0.210,0.763,1,-57.182,28.993,-32.862,0.000,2,32.119823,-110.762131,275.739990,4.689,2950.787598,21,39,23,84,5,3,U_TURN_HDG,AP_PROT_ROLL_MIN,11.816,30.000,0.000,4,-12,-8,14,ROLL_RIGHT
1296,157.449997,0,9.714,2.563,4.255,41.219,-121.515,67.394,-24.284,5.371,-2.686,-31.875,5.125,22.375,19.403,18.942,12.585,0.310,0.509,0.210,0.775,1,-57.349,28.975,-32.910,0.000,2,32.119823,-110.762131,276.529999,4.734,2950.787598,21,39,23,92,5,3,U_TURN_HDG,AP_PROT_ROLL_MIN,11.816,30.000,0.000,4,-12,-8,14,ROLL_RIGHT
1297,157.525620,0,-1.320,9.509,3.153,38.623,-124.585,66.315,-30.886,39.279,-53.827,-31.875,5.125,22.375,18.070,19.377,13.764,0.328,0.485,0.207,0.784,1,-56.881,28.965,-32.776,0.000,2,32.119823,-110.762138,277.149994,4.798,2950.787598,21,39,24,0,5,3,U_TURN_HDG,AP_PROT_ROLL_MIN,11.816,30.000,0.000,4,-12,-8,14,ROLL_RIGHT
1298,157.645035,0,-0.628,9.843,2.909,34.987,-127.527,66.604,-21.822,-0.783,-23.836,-31.875,5.125,22.375,16.994,19.377,15.225,0.359,0.457,0.204,0.788,1,-57.278,28.963,-32.890,0.000,2,32.119823,-110.762138,276.660004,4.933,2951.115479,21,39,24,12,5,3,U_TURN_HDG,AP_PROT_ROLL_MIN,11.816,30.000,0.000,4,-12,-8,14,ROLL_RIGHT
1299,157.732422,0,-5.216,0.077,-3.665,33.305,-127.609,67.450,-41.069,-25.962,21.374,-31.875,5.125,22.375,16.686,19.198,16.045,0.372,0.449,0.209,0.785,1,-56.322,28.973,-32.614,0.000,2,32.119823,-110.762138,276.880005,4.792,2951.115479,21,39,24,20,5,3,U_TURN_HDG,AP_PROT_ROLL_MIN,11.816,30.000,0.000,4,-12,-8,14,ROLL_RIGHT
1300,157.811035,0,-4.255,-5.677,-9.625,36.298,-131.017,67.826,-27.641,-44.986,59.534,-31.875,5.125,22.375,18.890,17.224,15.866,0.375,0.455,0.169,0.790,1,-55.453,28.979,-32.362,0.000,2,32.119827,-110.762138,278.369995,4.468,2951.115479,21,39,24,28,5,3,U_TURN_HDG,AP_PROT_ROLL_MIN,11.816,30.000,0.000,4,-12,-8,14,ROLL_RIGHT
1301,157.883102,0,-2.896,-4.537,-5.101,41.563,-133.687,66.471,-13.876,35.586,16.562,-31.875,5.125,22.375,19.993,15.815,15.943,0.354,0.474,0.129,0.795,1,-57.582,28.980,-32.977,0.000,2,32.119827,-110.762138,277.410004,4.577,2951.115479,21,39,24,36,5,3,U_TURN_HDG,AP_PROT_ROLL_MIN,11.816,30.000,0.000,4,-12,-8,14,ROLL_RIGHT
1302,157.970016,0,-2.102,2.332,-0.807,40.614,-137.628,63.720,-47.112,3.581,-27.305,-31.875,5.125,22.375,19.172,15.174,17.404,0.355,0.454,0.117,0.809,1,-59.312,28.992,-33.469,0.000,2,32.119827,-110.762146,278.190002,4.648,2951.115479,21,39,24,44,5,3,U_TURN_HDG,AP_PROT_ROLL_MIN,11.816,30.000,0.000,4,-12,-8,14,ROLL_RIGHT
1303,158.049988,0,3.319,8.638,-1.141,40.554,-139.044,65.692,55.281,-39.950,12.198,-31.875,5.125,22.375,19.864,15.071,16.584,0.375,0.451,0.100,0.804,1,-55.460,28.965,-32.364,0.000,2,32.119827,-110.762138,280.230011,4.589,2951.115479,21,39,24,52,5,3,U_TURN_HDG,AP_PROT_ROLL_MIN,11.816,30.000,0.000,4,-12,-8,14,ROLL_RIGHT
1304,158.126328,0,-4.114,4.255,0.256,43.144,-133.215,66.939,75.201,64.793,-14.436,-31.875,5.125,22.375,19.429,17.199,14.943,0.349,0.485,0.122,0.792,1,-56.774,29.017,-32.745,0.000,2,32.119827,-110.762138,280.660004,4.290,2951.115479,21,39,24,60,5,3,U_TURN_HDG,AP_PROT_ROLL_MIN,11.816,30.000,0.000,4,-12,-8,14,ROLL_RIGHT
1305,158.212097,0,2.550,1.410,-1.948,39.685,-131.831,64.015,-7.945,2.798,-17.793,-31.875,5.125,22.375,18.993,17.301,15.379,0.338,0.466,0.161,0.802,1,-57.740,28.981,-33.022,0.000,2,32.119827,-110.762138,276.709991,3.841,2951.443604,21,39,24,68,5,3,U_TURN_HDG,AP_PROT_ROLL_MIN,11.816,30.000,0.000,4,-12,-8,14,ROLL_RIGHT
1306,158.449844,0,-7.792,-8.343,0.051,37.254,-130.582,63.792,16.450,33.684,3.021,-31.875,5.125,22.375,17.404,18.634,15.738,0.341,0.456,0.183,0.801,1,-60.247,29.016,-33.732,0.000,2,32.119827,-110.762138,275.769989,3.652,2951.443604,21,39,24,92,5,3,U_TURN_HDG,AP_PROT_ROLL_MIN,11.816,30.000,0.000,4,-12,-8,14,ROLL_RIGHT
1307,158.509109,0,3.845,-2.755,3.755,36.802,-129.688,61.358,-44.986,-3.357,1.007,-31.875,5.125,22.375,17.173,18.455,15.866,0.323,0.452,0.201,0.807,1,-59.239,28.981,-33.448,0.000,2,32.119827,-110.762138,276.190002,3.636,2951.443604,21,39,24,96,5,3,U_TURN_HDG,AP_PROT_ROLL_MIN,11.816,30.000,0.000,4,-12,-8,14,ROLL_RIGHT
1308,158.605057,0,7.061,9.907,1.461,35.606,-130.901,58.523,-3.133,-0.895,-20.591,-31.875,5.125,22.375,17.250,18.352,15.866,0.312,0.436,0.209,0.818,1,-58.858,28.955,-33.341,0.000,2,32.119827,-110.762138,279.399994,3.639,2951.115479,21,39,25,8,5,3,U_TURN_HDG,AP_PROT_ROLL_MIN,11.816,30.000,0.000,4,-12,-8,14,ROLL_RIGHT
1309,158.683228,0,-3.409,6.523,1.371,33.539,-131.633,58.715,-9.288,-54.162,-0.112,-31.875,5.125,22.375,16.507,18.378,16.661,0.325,0.422,0.213,0.819,1,-60.599,28.950,-33.830,0.000,2,32.119827,-110.762138,279.369995,3.686,2951.115479,21,39,25,16,5,3,U_TURN_HDG,AP_PROT_ROLL_MIN,11.816,30.000,0.000,4,-12,-8,14,ROLL_RIGHT
1310,158.770020,0,0.666,8.023,-5.780,35.860,-130.305,62.256,33.907,-39.838,-13.764,-31.875,5.125,22.375,17.865,18.865,14.661,0.336,0.446,0.198,0.806,1,-57.046,28.949,-32.823,0.000,2,32.119827,-110.762146,277.910004,3.799,2951.115479,21,39,25,24,5,3,U_TURN_HDG,AP_PROT_ROLL_MIN,11.816,30.000,0.000,4,-12,-8,14,ROLL_RIGHT
1311,158.845810,0,-3.563,-2.499,-7.202,36.581,-125.804,65.820,-6.602,1.790,-1.790,-31.875,5.125,22.375,17.686,19.634,13.995,0.339,0.470,0.211,0.787,1,-56.080,28.988,-32.544,0.000,2,32.119827,-110.762146,277.489990,3.823,2951.115479,21,39,25,32,5,3,U_TURN_HDG,AP_PROT_ROLL_MIN,11.816,30.000,0.000,4,-12,-8,14,ROLL_RIGHT
1312,158.929993,0,-3.793,-6.293,-7.895,37.693,-125.559,65.294,23.053,1.679,52.372,-31.875,5.125,22.375,18.429,19.224,13.636,0.330,0.475,0.210,0.788,1,-56.869,28.989,-32.772,0.000,2,32.119827,-110.762146,277.369995,3.791,2951.115479,21,39,25,40,5,3,U_TURN_HDG,AP_PROT_ROLL_MIN,11.816,30.000,0.000,4,-12,-8,14,ROLL_RIGHT
1313,159.009491,0,0.871,-0.820,1.628,39.600,-125.870,63.004,15.219,29.655,11.526,-31.875,5.125,22.375,19.172,18.557,13.508,0.306,0.481,0.207,0.795,1,-59.621,29.007,-33.556,0.000,2,32.119827,-110.762146,275.760010,3.781,2951.115479,21,39,25,48,5,3,U_TURN_HDG,AP_PROT_ROLL_MIN,11.816,30.000,0.000,4,-12,-8,14,ROLL_RIGHT
1314,159.090027,0,0.987,1.999,1.448,39.980,-127.483,58.900,26.969,-4.588,34.691,-31.875,5.125,22.375,19.429,18.198,13.585,0.283,0.471,0.211,0.808,1,-57.879,29.015,-33.062,0.000,2,32.119827,-110.762146,274.730011,3.757,2951.443604,21,39,25,56,5,3,U_TURN_HDG,AP_PROT_ROLL_MIN,11.816,30.000,0.000,4,-12,-8,14,ROLL_RIGHT
1315,159.165665,0,3.665,1.858,3.268,41.372,-124.210,55.887,75.648,24.843,22.381,-31.875,5.125,22.375,19.813,18.660,12.303,0.241,0.481,0.240,0.808,1,-52.221,28.976,-31.404,0.000,2,32.119827,-110.762146,276.040009,3.727,2951.443604,21,39,25,64,5,3,U_TURN_HDG,AP_PROT_ROLL_MIN,11.816,30.000,0.000,4,-12,-8,14,ROLL_RIGHT
1316,159.285599,0,5.075,7.856,0.666,41.273,-121.341,53.918,37.377,51.253,-21.822,-31.875,5.125,22.375,19.583,19.429,11.483,0.216,0.482,0.269,0.805,1,-48.591,28.972,-30.293,0.000,2,32.119827,-110.762146,277.329987,3.646,2951.443604,21,39,25,76,5,3,U_TURN_HDG,AP_PROT_ROLL_MIN,11.816,30.000,0.000,4,-12,-8,14,ROLL_RIGHT
1317,159.369934,0,4.473,8.458,0.666,38.547,-123.968,46.155,-5.371,66.584,-7.945,-31.875,5.125,22.375,18.711,19.531,12.867,0.184,0.442,0.294,0.827,1,-45.280,28.962,-29.243,0.000,2,32.119827,-110.762146,278.119995,3.654,2951.443604,21,39,25,84,5,3,U_TURN_HDG,AP_PROT_ROLL_MIN,11.816,30.000,0.000,4,-12,-8,14,ROLL_RIGHT
1318,159.446808,0,-1.935,-15.353,-2.858,40.625,-125.436,40.118,39.279,21.150,42.748,-31.875,5.125,22.375,19.147,19.275,12.688,0.136,0.437,0.298,0.838,1,-44.021,28.955,-28.834,0.000,2,32.119827,-110.762154,278.929993,3.609,2951.443604,21,39,25,92,5,3,U_TURN_HDG,AP_PROT_ROLL_MIN,11.816,30.000,0.000,4,-12,-8,14,ROLL_RIGHT
1319,159.529984,0,2.371,-12.457,-2.243,39.719,-126.626,36.338,29.655,65.801,-7.274,-31.875,5.125,22.375,19.044,18.609,13.636,0.117,0.420,0.307,0.846,1,-42.432,28.974,-28.308,0.000,2,32.119831,-110.762154,279.679993,3.549,2951.443604,21,39,26,0,5,3,U_TURN_HDG,AP_PROT_ROLL_MIN,11.816,30.000,0.000,4,-12,-8,14,ROLL_RIGHT
1320,159.653687,0,4.383,-3.717,4.678,36.788,-127.308,32.762,16.562,100.491,-24.843,-31.875,5.125,22.375,16.250,19.634,15.456,0.105,0.390,0.324,0.855,1,-42.252,29.013,-28.248,0.000,2,32.119831,-110.762146,280.200012,3.344,2951.443604,21,39,26,12,5,3,U_TURN_HDG,AP_PROT_ROLL_MIN,11.816,30.000,0.000,4,-12,-8,14,ROLL_RIGHT
1321,159.725616,0,-1.692,12.367,2.243,25.333,-129.370,26.232,-52.820,63.227,-45.769,-31.875,5.125,22.375,9.586,20.633,19.121,0.109,0.288,0.361,0.880,1,-41.897,28.945,-28.129,0.000,2,32.119831,-110.762154,277.420013,3.295,2951.443604,21,39,26,20,5,3,U_TURN_HDG,AP_PROT_ROLL_MIN,11.816,30.000,0.000,4,-12,-8,14,ROLL_RIGHT
1322,159.805008,0,-6.767,9.830,7.536,13.903,-134.010,23.404,19.584,85.944,-26.969,-31.875,5.125,22.375,6.510,20.941,20.095,0.139,0.188,0.357,0.904,1,-39.038,28.974,-27.153,0.000,2,32.119831,-110.762154,276.179993,3.349,2951.771729,21,39,26,28,5,3,U_TURN_HDG,AP_PROT_ROLL_MIN,11.816,30.000,0.000,4,-12,-8,14,ROLL_RIGHT
1323,159.883408,0,-7.241,2.653,0.064,8.950,-134.516,21.768,-5.371,3.693,-11.191,-31.875,5.125,22.375,4.409,21.069,20.710,0.144,0.143,0.365,0.909,1,-38.166,28.984,-26.848,0.000,2,32.119831,-110.762154,276.989990,3.409,2951.771729,21,39,26,36,5,3,U_TURN_HDG,AP_PROT_ROLL_MIN,11.816,30.000,0.000,4,-12,-8,14,ROLL_RIGHT
1324,159.971100,0,-6.997,0.282,0.743,7.588,-133.380,21.856,20.479,-10.407,-13.541,-31.875,5.125,22.375,3.947,21.556,20.351,0.148,0.135,0.376,0.905,1,-36.841,28.953,-26.377,0.000,2,32.119831,-110.762154,277.299988,3.436,2951.771729,21,39,26,44,5,3,U_TURN_HDG,AP_PROT_ROLL_MIN,11.816,30.000,0.000,4,-12,-8,14,ROLL_RIGHT
1325,160.047974,0,-0.641,-8.317,-8.856,8.887,-132.928,24.328,-3.357,-35.250,-7.833,-31.875,5.125,22.375,4.691,21.531,20.275,0.162,0.153,0.374,0.900,1,-38.885,28.964,-27.099,0.000,2,32.119831,-110.762154,277.380005,3.455,2951.771729,21,39,26,52,5,3,U_TURN_HDG,AP_PROT_ROLL_MIN,11.816,30.000,0.000,4,-12,-8,14,ROLL_RIGHT
1326,160.126144,0,-2.179,-1.243,-0.500,9.310,-132.495,25.411,11.079,38.048,-29.319,-31.875,5.125,22.375,4.280,21.812,19.993,0.169,0.161,0.375,0.897,1,-40.271,29.025,-27.578,0.000,2,32.119831,-110.762154,277.790009,3.495,2951.771729,21,39,26,60,5,3,U_TURN_HDG,AP_PROT_ROLL_MIN,11.816,30.000,0.000,4,-12,-8,14,ROLL_RIGHT
1327,160.210190,0,-3.127,7.151,6.472,5.676,-131.591,24.149,20.479,42.300,-8.281,-31.875,5.125,22.375,2.589,22.197,19.813,0.171,0.130,0.391,0.895,1,-39.247,29.021,-27.225,0.000,2,32.119831,-110.762161,278.980011,3.538,2951.771729,21,39,26,68,5,3,U_TURN_HDG,AP_PROT_ROLL_MIN,11.816,30.000,0.000,4,-12,-8,14,ROLL_RIGHT
1328,160.326981,0,-2.038,10.560,3.076,2.608,-130.422,23.105,-7.050,38.831,-58.974,-31.875,5.125,22.375,-0.923,22.479,19.634,0.172,0.104,0.407,0.891,1,-38.935,29.015,-27.117,0.000,2,32.119831,-110.762161,280.040009,3.590,2951.771729,21,39,26,80,5,3,U_TURN_HDG,AP_PROT_ROLL_MIN,11.816,30.000,0.000,4,-12,-8,14,ROLL_RIGHT
1329,160.413712,0,-1.845,16.404,2.858,-5.314,-132.160,22.644,-44.203,-19.807,-48.455,-31.875,5.125,22.375,-4.357,20.762,21.146,0.198,0.038,0.405,0.892,1,-43.064,28.973,-28.518,0.000,2,32.119831,-110.762161,277.799988,3.657,2951.771729,21,39,26,88,5,3,U_TURN_HDG,AP_PROT_ROLL_MIN,11.816,30.000,0.000,4,-12,-8,14,ROLL_RIGHT
1330,160.489090,0,0.602,-0.628,-9.138,-7.746,-138.499,26.791,-62.220,-43.419,47.672,-31.875,5.125,22.375,-3.999,19.198,22.812,0.239,0.020,0.359,0.902,1,-44.864,28.998,-29.108,0.000,2,32.119831,-110.762161,277.649994,3.688,2952.099854,21,39,26,96,5,3,U_TURN_HDG,AP_PROT_ROLL_MIN,11.816,30.000,0.000,4,-12,-8,14,ROLL_RIGHT
1331,160.568069,0,0.154,-16.276,-11.880,-2.812,-143.022,26.246,-48.343,-65.017,71.508,-31.875,5.125,22.375,0.282,17.148,24.786,0.223,0.049,0.314,0.922,1,-53.473,28.988,-31.779,0.000,2,32.119827,-110.762161,274.570007,3.693,2952.099854,21,39,27,4,5,3,U_TURN_HDG,AP_PROT_ROLL_MIN,11.816,30.000,0.000,4,-12,-8,14,ROLL_RIGHT
1332,160.692093,0,3.422,-6.741,-4.691,3.425,-147.339,25.148,-61.660,12.869,-42.300,-31.875,5.125,22.375,1.384,15.405,25.862,0.201,0.089,0.268,0.938,1,-59.779,29.005,-33.600,0.000,2,32.119827,-110.762169,271.750000,3.695,2952.099854,21,39,27,16,5,3,U_TURN_HDG,AP_PROT_ROLL_MIN,11.816,30.000,0.000,4,-12,-8,14,ROLL_RIGHT
1333,160.767960,0,0.654,6.510,5.639,-0.178,-152.193,27.387,-10.519,4.476,18.912,-31.875,5.125,22.375,-1.230,12.329,27.375,0.230,0.055,0.234,0.943,1,-65.153,28.993,-35.078,0.000,2,32.119827,-110.762169,271.799988,3.671,2952.099854,21,39,27,24,5,3,U_TURN_HDG,AP_PROT_ROLL_MIN,11.816,30.000,0.000,4,-12,-8,14,ROLL_RIGHT
1334,160.847977,0,-0.833,-8.138,2.063,-1.445,-156.276,26.947,-7.945,-5.483,38.160,-31.875,5.125,22.375,-0.743,11.765,27.682,0.231,0.036,0.203,0.951,1,-66.741,28.978,-35.503,0.000,2,32.119827,-110.762169,273.140015,3.669,2952.099854,21,39,27,32,5,3,U_TURN_HDG,AP_PROT_ROLL_MIN,11.816,30.000,0.000,4,-12,-8,14,ROLL_RIGHT
1335,160.927963,0,-3.717,1.115,4.486,-1.454,-155.454,24.787,29.655,-12.869,-12.869,-31.875,5.125,22.375,-1.179,13.098,27.067,0.212,0.034,0.210,0.954,1,-61.129,28.994,-33.977,0.000,2,32.119827,-110.762169,273.369995,3.695,2952.099854,21,39,27,40,5,3,U_TURN_HDG,AP_PROT_ROLL_MIN,11.816,30.000,0.000,4,-12,-8,14,ROLL_RIGHT
1336,161.009064,0,-5.037,3.050,1.666,-1.002,-152.743,25.796,52.596,-1.455,15.443,-31.875,5.125,22.375,-0.564,14.661,26.324,0.219,0.044,0.232,0.947,1,-61.443,28.993,-34.065,0.000,2,32.119827,-110.762169,273.130005,3.732,2952.099854,21,39,27,48,5,3,U_TURN_HDG,AP_PROT_ROLL_MIN,11.816,30.000,0.000,4,-12,-8,14,ROLL_RIGHT
1337,161.090179,0,-1.910,-2.473,-3.793,0.449,-148.843,25.491,69.158,-63.227,21.262,-31.875,5.125,22.375,1.589,16.942,24.914,0.211,0.063,0.261,0.940,1,-53.879,28.967,-31.899,0.000,2,32.119827,-110.762177,273.529999,3.782,2952.427979,21,39,27,56,5,3,U_TURN_HDG,AP_PROT_ROLL_MIN,11.816,30.000,0.000,4,-12,-8,14,ROLL_RIGHT
1338,161.167999,0,2.153,-7.087,-7.946,8.203,-143.418,27.215,24.731,-72.067,36.593,-31.875,5.125,22.375,4.306,17.763,23.991,0.201,0.140,0.288,0.926,1,-53.412,28.962,-31.760,0.000,2,32.119827,-110.762177,273.730011,3.843,2952.427979,21,39,27,64,5,3,U_TURN_HDG,AP_PROT_ROLL_MIN,11.816,30.000,0.000,4,-12,-8,14,ROLL_RIGHT
1339,161.249115,0,-0.859,1.653,2.871,9.213,-142.598,27.781,-5.483,13.653,-38.608,-31.875,5.125,22.375,4.050,18.070,23.735,0.202,0.151,0.292,0.923,1,-55.275,29.016,-32.310,0.000,2,32.119827,-110.762177,274.399994,3.890,2952.427979,21,39,27,72,5,3,U_TURN_HDG,AP_PROT_ROLL_MIN,11.816,30.000,0.000,4,-12,-8,14,ROLL_RIGHT
1340,161.370102,0,-2.127,5.639,4.088,6.637,-143.399,29.585,-24.507,27.305,-13.876,-31.875,5.125,22.375,2.563,17.224,24.529,0.224,0.133,0.289,0.921,1,-58.442,28.997,-33.222,0.000,2,32.119827,-110.762177,273.880005,3.988,2952.427979,21,39,27,84,5,3,U_TURN_HDG,AP_PROT_ROLL_MIN,11.816,30.000,0.000,4,-12,-8,14,ROLL_RIGHT
1341,161.451080,0,-3.063,3.255,7.138,3.784,-144.754,29.113,25.850,13.093,-41.517,-31.875,5.125,22.375,0.231,18.045,24.171,0.230,0.107,0.285,0.924,1,-54.912,28.958,-32.204,0.000,2,32.119827,-110.762184,272.429993,4.142,2952.427979,21,39,27,92,5,3,U_TURN_HDG,AP_PROT_ROLL_MIN,11.816,30.000,0.000,4,-12,-8,14,ROLL_RIGHT
1342,161.571442,0,-0.423,11.483,-3.499,-1.607,-142.942,35.461,10.967,-42.636,-67.255,-31.875,5.125,22.375,-1.102,18.045,24.196,0.293,0.084,0.307,0.902,1,-45.977,28.988,-29.467,0.000,2,32.119827,-110.762184,271.429993,4.265,2952.427979,21,39,28,4,5,3,U_TURN_HDG,AP_PROT_ROLL_MIN,11.816,30.000,0.000,4,-12,-8,14,ROLL_RIGHT
1343,161.646759,0,-0.461,-7.830,-11.073,-1.843,-142.246,37.960,-9.176,-76.544,108.996,-31.875,5.125,22.375,2.025,17.993,24.350,0.313,0.091,0.311,0.893,1,-51.817,28.986,-31.283,0.000,2,32.119827,-110.762184,271.570007,4.302,2952.427979,21,39,28,12,5,3,U_TURN_HDG,AP_PROT_ROLL_MIN,11.816,30.000,0.000,4,-12,-8,14,ROLL_RIGHT
1344,161.726944,0,5.267,-11.022,-5.524,9.197,-142.565,33.239,24.955,-15.891,70.501,-31.875,5.125,22.375,6.049,18.352,23.376,0.245,0.164,0.285,0.912,1,-53.855,29.014,-31.892,0.000,2,32.119827,-110.762192,270.910004,4.338,2952.427979,21,39,28,20,5,3,U_TURN_HDG,AP_PROT_ROLL_MIN,11.816,30.000,0.000,4,-12,-8,14,ROLL_RIGHT
1345,161.807693,0,4.575,-2.179,4.562,10.936,-143.047,30.223,-46.329,44.315,-37.936,-31.875,5.125,22.375,4.896,17.532,24.145,0.217,0.169,0.281,0.919,1,-59.951,28.981,-33.648,0.000,2,32.119827,-110.762192,270.209991,4.351,2952.427979,21,39,28,28,5,3,U_TURN_HDG,AP_PROT_ROLL_MIN,11.816,30.000,0.000,4,-12,-8,14,ROLL_RIGHT
1346,161.883896,0,0.333,5.947,7.087,7.293,-144.779,30.515,32.341,0.560,2.686,-31.875,5.125,22.375,3.640,17.506,24.324,0.232,0.138,0.275,0.923,1,-55.365,28.993,-32.336,0.000,2,32.119827,-110.762192,269.890015,4.321,2952.427979,21,39,28,36,5,3,U_TURN_HDG,AP_PROT_ROLL_MIN,11.816,30.000,0.000,4,-12,-8,14,ROLL_RIGHT
1347,161.971909,0,-1.756,5.434,7.587,11.069,-141.239,27.635,37.936,-15.891,65.689,-31.875,5.125,22.375,5.665,18.506,23.171,0.193,0.167,0.299,0.919,1,-52.684,28.994,-31.543,0.000,2,32.119827,-110.762192,269.320007,4.365,2952.427979,21,39,28,44,5,3,U_TURN_HDG,AP_PROT_ROLL_MIN,11.816,30.000,0.000,4,-12,-8,14,ROLL_RIGHT
1348,162.051910,0,-6.882,4.716,2.653,8.741,-139.726,27.049,-9.176,-14.772,-32.341,-31.875,5.125,22.375,4.255,19.275,22.889,0.193,0.150,0.317,0.916,1,-50.621,29.011,-30.920,0.000,2,32.119827,-110.762192,268.579987,4.360,2952.427979,21,39,28,52,5,3,U_TURN_HDG,AP_PROT_ROLL_MIN,11.816,30.000,0.000,4,-12,-8,14,ROLL_RIGHT
1349,162.125610,0,-5.806,-2.217,-2.973,8.131,-139.842,29.420,14.995,-49.127,24.284,-31.875,5.125,22.375,4.639,19.326,22.838,0.214,0.151,0.314,0.912,1,-50.121,29.054,-30.766,0.000,2,32.119827,-110.762192,267.309998,4.375,2952.427979,21,39,28,60,5,3,U_TURN_HDG,AP_PROT_ROLL_MIN,11.816,30.000,0.000,4,-12,-8,14,ROLL_RIGHT
1350,162.208008,0,-1.358,-4.191,-9.625,12.877,-138.542,31.344,-1.455,-73.858,10.631,-31.875,5.125,22.375,7.228,19.480,22.094,0.213,0.196,0.310,0.906,1,-48.407,29.020,-30.236,0.000,2,32.119827,-110.762192,266.940002,4.388,2952.427979,21,39,28,68,5,3,U_TURN_HDG,AP_PROT_ROLL_MIN,11.816,30.000,0.000,4,-12,-8,14,ROLL_RIGHT
1351,162.325867,0,0.730,-4.319,-5.395,16.126,-139.113,34.027,-20.031,-36.817,-1.902,-31.875,5.125,22.375,8.253,18.942,22.171,0.225,0.227,0.292,0.901,1,-52.832,29.009,-31.588,0.000,2,32.119823,-110.762199,267.010010,4.395,2952.427979,21,39,28,80,5,3,U_TURN_HDG,AP_PROT_ROLL_MIN,11.816,30.000,0.000,4,-12,-8,14,ROLL_RIGHT
1352,162.491104,0,-6.139,-5.037,3.037,14.226,-140.700,34.185,0.783,-26.745,2.798,-31.875,5.125,22.375,6.562,18.122,23.299,0.235,0.210,0.285,0.905,1,-54.777,29.054,-32.164,0.000,2,32.119823,-110.762199,267.029999,4.375,2952.427979,21,39,28,96,5,3,U_TURN_HDG,AP_PROT_ROLL_MIN,11.816,30.000,0.000,4,-12,-8,14,ROLL_RIGHT
1353,162.605652,0,-1.128,13.828,-4.601,15.137,-138.317,35.234,4.364,14.772,-80.908,-31.875,5.125,22.375,6.023,22.658,18.916,0.236,0.224,0.299,0.897,1,-46.110,29.027,-29.510,0.000,2,32.119823,-110.762199,267.799988,4.376,2952.427979,21,39,29,8,5,3,U_TURN_HDG,AP_PROT_ROLL_MIN,11.816,30.000,0.000,4,-12,-8,14,ROLL_RIGHT
1354,162.684860,0,0.051,-2.332,-5.408,10.786,-129.844,40.206,16.562,1.007,50.358,-31.875,5.125,22.375,6.203,22.786,18.762,0.273,0.225,0.367,0.860,1,-42.682,28.949,-28.392,0.000,2,32.119823,-110.762199,268.130005,4.343,2952.427979,21,39,29,16,5,3,U_TURN_HDG,AP_PROT_ROLL_MIN,11.816,30.000,0.000,4,-12,-8,14,ROLL_RIGHT
1355,162.767929,0,-0.666,-6.639,-4.832,14.342,-128.288,36.629,43.419,-8.281,53.379,-31.875,5.125,22.375,7.895,23.145,17.635,0.229,0.243,0.375,0.865,1,-41.144,29.016,-27.876,0.000,2,32.119823,-110.762207,268.290009,4.365,2952.427979,21,39,29,24,5,3,U_TURN_HDG,AP_PROT_ROLL_MIN,11.816,30.000,0.000,4,-12,-8,14,ROLL_RIGHT
1356,162.845673,0,5.254,-3.819,1.781,18.158,-124.700,33.645,48.008,0.560,46.329,-31.875,5.125,22.375,9.125,23.632,16.302,0.183,0.266,0.398,0.858,1,-43.045,29.007,-28.512,0.000,2,32.119823,-110.762207,268.290009,4.405,2952.427979,21,39,29,32,5,3,U_TURN_HDG,AP_PROT_ROLL_MIN,11.816,30.000,0.000,4,-12,-8,14,ROLL_RIGHT
1357,162.929993,0,2.845,1.166,10.240,16.263,-125.314,30.060,-8.729,40.286,-8.952,-31.875,5.125,22.375,7.638,23.581,16.994,0.165,0.239,0.407,0.866,1,-43.209,28.995,-28.566,0.000,2,32.119823,-110.762207,268.130005,4.402,2952.427979,21,39,29,40,5,3,U_TURN_HDG,AP_PROT_ROLL_MIN,11.816,30.000,0.000,4,-12,-8,14,ROLL_RIGHT
1358,163.011047,0,3.755,3.627,9.753,15.924,-125.500,27.505,47.560,42.188,70.277,-31.875,5.125,22.375,8.433,23.709,16.481,0.148,0.227,0.411,0.870,1,-43.527,28.990,-28.671,0.000,2,32.119823,-110.762207,268.220001,4.366,2952.756104,21,39,29,48,5,3,U_TURN_HDG,AP_PROT_ROLL_MIN,11.816,30.000,0.000,4,-12,-8,14,ROLL_RIGHT
1359,163.086990,0,0.077,8.176,10.470,19.631,-123.084,21.558,51.477,15.891,32.117,-31.875,5.125,22.375,10.176,23.889,15.302,0.082,0.235,0.433,0.866,1,-41.711,28.998,-28.067,0.000,2,32.119823,-110.762207,268.929993,4.356,2952.756104,21,39,29,56,5,3,U_TURN_HDG,AP_PROT_ROLL_MIN,11.816,30.000,0.000,4,-12,-8,14,ROLL_RIGHT
1360,163.165665,0,-4.806,4.832,5.498,21.349,-121.163,20.381,10.855,-63.003,52.148,-31.875,5.125,22.375,12.688,23.786,13.841,0.062,0.244,0.447,0.859,1,-43.215,28.987,-28.568,0.000,2,32.119823,-110.762207,269.339996,4.398,2952.756104,21,39,29,64,5,3,U_TURN_HDG,AP_PROT_ROLL_MIN,11.816,30.000,0.000,4,-12,-8,14,ROLL_RIGHT
1361,163.287842,0,-5.716,3.729,5.472,32.428,-115.785,26.098,33.348,-104.072,74.305,-31.875,5.125,22.375,15.661,23.248,11.714,0.039,0.346,0.444,0.826,1,-41.403,28.982,-27.963,0.000,2,32.119823,-110.762215,271.459991,4.488,2952.756104,21,39,29,76,5,3,U_TURN_HDG,AP_PROT_ROLL_MIN,11.816,30.000,0.000,4,-12,-8,14,ROLL_RIGHT
1362,163.489075,0,-10.112,-10.676,-9.573,45.503,-112.443,39.772,-67.367,-112.130,75.425,-31.875,5.125,22.375,16.174,23.094,11.304,0.059,0.477,0.373,0.794,1,-42.326,29.020,-28.273,0.000,2,32.119827,-110.762215,273.100006,4.658,2952.756104,21,39,29,96,5,3,U_TURN_HDG,AP_PROT_ROLL_MIN,11.816,30.000,0.000,4,-12,-8,14,ROLL_RIGHT
1363,163.568985,0,12.303,11.163,-1.935,48.676,-111.991,43.363,34.131,55.841,-11.638,-31.875,5.125,22.375,20.736,19.890,9.458,0.065,0.506,0.347,0.787,1,-41.006,28.983,-27.829,0.000,2,32.119823,-110.762215,273.209991,4.674,2952.756104,21,39,30,4,5,3,U_TURN_HDG,AP_PROT_ROLL_MIN,11.816,30.000,0.000,4,-12,-8,14,ROLL_RIGHT
1364,163.649887,0,-6.536,5.485,9.330,42.835,-115.221,42.586,70.836,133.839,-0.336,-31.875,5.125,22.375,19.121,20.736,10.970,0.103,0.468,0.353,0.803,1,-40.832,29.013,-27.770,0.000,2,32.119823,-110.762222,273.410004,4.714,2952.756104,21,39,30,12,5,3,U_TURN_HDG,AP_PROT_ROLL_MIN,11.816,30.000,0.000,4,-12,-8,14,ROLL_RIGHT
1365,163.723999,0,-6.267,-5.613,3.345,36.174,-123.088,29.348,-46.329,-52.372,26.969,-31.875,5.125,22.375,17.891,20.428,13.457,0.069,0.379,0.369,0.846,1,-42.403,29.021,-28.299,0.000,2,32.119823,-110.762222,273.339996,4.778,2952.756104,21,39,30,20,5,3,U_TURN_HDG,AP_PROT_ROLL_MIN,11.816,30.000,0.000,4,-12,-8,14,ROLL_RIGHT
1366,163.809067,0,-3.140,-7.241,-11.150,40.422,-121.903,32.545,67.479,-133.056,76.096,-31.875,5.125,22.375,22.479,18.737,7.971,0.069,0.418,0.353,0.835,1,-40.993,29.006,-27.824,0.000,2,32.119823,-110.762222,273.339996,4.788,2952.756104,21,39,30,28,5,3,U_TURN_HDG,AP_PROT_ROLL_MIN,11.816,30.000,0.000,4,-12,-8,14,ROLL_RIGHT
1367,163.883163,0,-7.805,-8.817,-3.101,55.819,-106.405,41.097,86.615,-45.993,122.873,-31.875,5.125,22.375,24.991,16.481,4.691,0.014,-0.537,-0.364,-0.761,1,-40.918,28.997,-27.799,0.000,2,32.119827,-110.762222,273.970001,4.819,2953.083984,21,39,30,36,5,3,U_TURN_HDG,AP_PROT_ROLL_MIN,11.816,30.000,0.000,4,-12,-8,14,ROLL_RIGHT
1368,163.964706,0,-7.215,-10.214,-1.217,65.369,-93.426,45.783,116.158,-46.441,121.418,-31.875,5.125,22.375,27.451,12.662,0.590,0.103,-0.587,-0.379,-0.708,1,-43.122,29.011,-28.538,0.000,2,32.119827,-110.762222,274.660004,4.802,2953.083984,21,39,30,44,5,3,U_TURN_HDG,AP_PROT_ROLL_MIN,11.816,30.000,0.000,4,-12,-8,14,ROLL_RIGHT
1369,164.045013,0,23.760,-8.779,11.560,69.565,-68.092,67.367,48.008,-93.329,57.520,-31.875,5.125,22.375,28.374,9.766,-4.075,0.138,-0.643,-0.389,-0.645,1,-39.200,28.967,-27.209,0.000,2,32.119827,-110.762222,275.399994,4.900,2953.083984,21,39,30,52,5,3,U_TURN_HDG,AP_PROT_ROLL_MIN,11.816,30.000,0.000,4,-12,-8,14,ROLL_RIGHT
1370,164.125076,0,30.745,2.166,2.781,78.118,-6.559,124.681,67.032,-56.736,213.404,-31.875,5.125,22.375,29.810,0.513,-6.280,0.253,-0.703,-0.328,-0.578,1,-39.874,29.029,-27.442,0.000,2,32.119827,-110.762230,276.019989,4.896,2953.083984,21,39,30,60,5,3,U_TURN_HDG,AP_PROT_PITCH_MAX,11.816,0.000,-18.000,4,-12,20,14,PITCH_NOSE_DOWN
1371,164.249908,0,9.573,-0.231,1.038,70.662,67.652,192.027,134.847,55.729,272.938,-31.875,5.125,22.375,29.733,-5.434,-4.973,0.401,-0.708,-0.249,-0.525,1,-36.958,29.021,-26.419,0.000,2,32.119827,-110.762230,274.380005,4.829,2953.083984,21,39,30,72,5,3,U_TURN_HDG,AP_PROT_ROLL_MAX,11.816,-30.000,0.000,4,16,20,14,ROLL_LEFT
1372,164.368073,0,-3.473,5.780,-2.973,49.705,77.747,196.995,27.081,20.143,168.083,-31.875,5.125,22.375,27.733,-13.226,-3.383,0.515,-0.738,-0.156,-0.408,1,-34.418,29.044,-25.495,0.000,2,32.119823,-110.762230,273.480011,5.003,2953.083984,21,39,30,84,5,3,U_TURN_HDG,AP_PROT_ROLL_MAX,11.816,-30.000,0.000,4,16,20,14,ROLL_LEFT
1373,164.462082,0,2.422,6.011,-11.906,43.908,80.075,197.317,42.412,-72.291,133.951,-31.875,5.125,22.375,17.506,-26.016,-3.588,0.547,-0.738,-0.131,-0.373,1,-34.275,29.024,-25.442,0.000,2,32.119823,-110.762238,273.450012,4.986,2953.083984,21,39,30,92,5,3,U_TURN_HDG,AP_PROT_ROLL_MAX,11.816,-30.000,0.000,4,16,20,14,ROLL_LEFT
1374,164.519974,0,4.498,17.045,-17.622,25.627,80.679,189.971,-13.876,-7.498,-3.917,-31.875,5.125,22.375,13.508,-28.297,-4.332,0.614,-0.753,-0.078,-0.223,1,-39.247,29.021,-27.225,0.000,2,32.119823,-110.762238,273.380005,4.972,2953.083984,21,39,30,96,5,3,U_TURN_HDG,AP_PROT_ROLL_MAX,11.816,-30.000,0.000,4,16,20,14,ROLL_LEFT
1375,164.607819,0,-9.778,8.676,3.832,25.863,81.074,193.064,-4.924,75.648,27.417,-31.875,5.125,22.375,13.610,-28.297,-3.999,0.610,-0.752,-0.060,-0.241,1,-37.963,29.063,-26.776,0.000,2,32.119823,-110.762238,272.200012,4.825,2953.083984,21,39,31,8,5,3,U_TURN_HDG,AP_PROT_ROLL_MAX,11.816,-30.000,0.000,4,16,20,14,ROLL_LEFT
1376,164.683685,0,-0.372,4.498,-16.199,24.332,81.352,194.087,-11.862,-142.232,48.231,-31.875,5.125,22.375,11.714,-28.810,-5.716,0.613,-0.753,-0.045,-0.237,1,-38.547,29.003,-26.981,0.000,2,32.119823,-110.762238,271.320007,4.793,2953.083984,21,39,31,16,5,3,U_TURN_HDG,AP_PROT_ROLL_MAX,11.816,-30.000,0.000,4,16,20,14,ROLL_LEFT
1377,164.766754,0,-2.614,6.011,1.538,18.325,76.939,185.775,-3.805,38.384,27.753,-31.875,5.125,22.375,9.586,-29.323,-6.562,0.607,-0.777,-0.060,-0.155,1,-41.564,28.973,-28.017,0.000,2,32.119823,-110.762238,270.799988,4.879,2953.083984,21,39,31,24,5,3,U_TURN_HDG,AP_PROT_ROLL_MAX,11.816,-30.000,0.000,4,16,20,14,ROLL_LEFT
1378,164.845612,0,-9.919,9.586,7.484,17.226,77.665,188.249,-26.186,39.391,21.934,-31.875,5.125,22.375,8.997,-29.425,-6.562,0.610,-0.775,-0.038,-0.161,1,-42.801,29.017,-28.431,0.000,2,32.119823,-110.762238,270.529999,4.949,2953.083984,21,39,31,32,5,3,U_TURN_HDG,AP_PROT_ROLL_MAX,11.816,-30.000,0.000,4,16,20,14,ROLL_LEFT
1379,164.931976,0,-7.446,-0.231,2.051,12.077,76.047,188.629,25.850,-87.622,137.756,-31.875,5.125,22.375,4.691,-30.091,-7.331,0.605,-0.786,-0.006,-0.129,1,-39.970,29.000,-27.475,0.000,2,32.119823,-110.762245,270.579987,5.030,2953.083984,21,39,31,40,5,3,U_TURN_HDG,AP_PROT_ROLL_MAX,11.816,-30.000,0.000,4,16,20,14,ROLL_LEFT
1380,165.004013,0,-5.626,-5.498,-5.793,0.869,79.386,184.222,75.425,-41.069,65.689,-31.875,5.125,22.375,-0.718,-30.758,-5.024,0.638,-0.769,0.023,-0.029,1,-40.840,28.997,-27.772,0.000,2,32.119823,-110.762245,270.690002,5.121,2953.083984,21,39,31,48,5,3,U_TURN_HDG,AP_PROT_ROLL_MAX,11.816,-30.000,0.000,4,16,20,14,ROLL_LEFT
1381,165.088013,0,-4.024,-5.190,0.449,-2.017,85.074,184.474,7.050,59.646,-28.760,-31.875,5.125,22.375,-0.692,-30.886,-3.255,0.676,-0.736,0.041,-0.013,1,-37.089,29.066,-26.466,0.000,2,32.119823,-110.762245,270.850006,5.177,2952.756104,21,39,31,56,5,3,U_TURN_HDG,AP_PROT_ROLL_MAX,11.816,-30.000,0.000,4,16,20,14,ROLL_LEFT
1382,165.171967,0,-0.436,-2.268,-0.602,1.978,81.100,187.209,-53.939,41.181,-87.510,-31.875,5.125,22.375,1.640,-30.502,-5.588,0.648,-0.759,0.037,-0.054,1,-35.460,29.019,-25.878,0.000,2,32.119823,-110.762245,270.720001,5.156,2952.756104,21,39,31,64,5,3,U_TURN_HDG,AP_PROT_ROLL_MAX,11.816,-30.000,0.000,4,16,20,14,ROLL_LEFT
1383,165.290985,0,0.256,-9.150,4.165,7.280,78.712,189.811,37.600,20.814,47.784,-31.875,5.125,22.375,2.153,-30.553,-5.126,0.626,-0.772,0.026,-0.103,1,-35.939,29.010,-26.053,0.000,2,32.119823,-110.762253,271.489990,5.266,2952.756104,21,39,31,76,5,3,U_TURN_HDG,AP_PROT_ROLL_MAX,11.816,-30.000,0.000,4,16,20,14,ROLL_LEFT
1384,165.445129,0,-2.409,-11.227,3.563,1.129,81.970,190.098,24.731,-18.576,49.910,-31.875,5.125,22.375,0.308,-30.732,-4.665,0.653,-0.753,0.060,-0.065,1,-34.992,29.010,-25.707,0.000,2,32.119823,-110.762253,272.049988,5.463,2953.083984,21,39,31,92,5,3,U_TURN_HDG,AP_PROT_ROLL_MAX,11.816,-30.000,0.000,4,16,20,14,ROLL_LEFT
1385,165.569946,0,-1.012,-9.496,3.499,7.185,77.067,185.976,-37.824,21.374,-76.096,-31.875,5.125,22.375,3.332,-30.245,-6.997,0.618,-0.782,0.002,-0.081,1,-38.398,28.988,-26.929,0.000,2,32.119823,-110.762260,273.220001,5.550,2953.083984,21,39,32,4,5,3,U_TURN_HDG,AP_PROT_ROLL_MAX,11.816,-30.000,0.000,4,16,20,14,ROLL_LEFT
1386,165.643127,0,-0.410,-1.717,-0.871,8.095,77.902,181.883,35.250,-90.644,28.872,-31.875,5.125,22.375,2.307,-30.476,-6.510,0.626,-0.776,-0.032,-0.065,1,-35.486,28.975,-25.888,0.000,2,32.119823,-110.762260,273.980011,5.595,2953.083984,21,39,32,12,5,3,U_TURN_HDG,AP_PROT_ROLL_MAX,11.816,-30.000,0.000,4,16,20,14,ROLL_LEFT
1387,165.721970,0,1.922,-3.063,7.356,14.169,77.081,184.534,-4.476,42.300,-80.572,-31.875,5.125,22.375,8.484,-29.323,-6.869,0.614,-0.779,-0.046,-0.121,1,-37.449,28.993,-26.594,0.000,2,32.119823,-110.762260,274.480011,5.610,2953.083984,21,39,32,20,5,3,U_TURN_HDG,AP_PROT_ROLL_MAX,11.816,-30.000,0.000,4,16,20,14,ROLL_LEFT
1388,165.804199,0,-9.279,-13.277,5.024,19.151,78.166,186.414,26.634,-32.117,-0.448,-31.875,5.125,22.375,9.637,-29.169,-6.023,0.613,-0.770,-0.062,-0.164,1,-39.734,29.000,-27.394,0.000,2,32.119827,-110.762260,275.450012,5.730,2953.083984,21,39,32,28,5,3,U_TURN_HDG,AP_PROT_ROLL_MAX,11.816,-30.000,0.000,4,16,20,14,ROLL_LEFT
1389,165.890991,0,-2.691,-10.586,-13.021,18.448,78.822,181.698,8.729,-60.989,-49.798,-31.875,5.125,22.375,9.663,-29.271,-5.998,0.625,-0.764,-0.090,-0.133,1,-40.523,29.000,-27.664,0.000,2,32.119827,-110.762276,276.510010,5.882,2953.083984,21,39,32,36,5,3,U_TURN_HDG,AP_PROT_ROLL_MAX,11.816,-30.000,0.000,4,16,20,14,ROLL_LEFT
1390,165.963120,0,3.934,3.588,-7.292,22.012,77.998,176.953,-9.064,15.331,-104.184,-31.875,5.125,22.375,13.713,-27.733,-6.075,0.621,-0.759,-0.140,-0.132,1,-37.137,28.987,-26.483,0.000,2,32.119827,-110.762276,277.040009,5.963,2953.083984,21,39,32,44,5,3,U_TURN_HDG,AP_PROT_ROLL_MAX,11.816,-30.000,0.000,4,16,20,14,ROLL_LEFT
1391,166.051971,0,-8.279,0.602,11.662,30.443,78.569,178.610,14.324,93.106,-41.741,-31.875,5.125,22.375,16.481,-26.682,-4.306,0.613,-0.745,-0.175,-0.196,1,-36.492,29.010,-26.252,0.000,2,32.119827,-110.762276,276.940002,5.943,2953.083984,21,39,32,52,5,3,U_TURN_HDG,AP_PROT_ROLL_MAX,11.816,-30.000,0.000,4,16,20,14,ROLL_LEFT
1392,166.129028,0,-8.253,1.025,12.431,35.580,78.133,178.737,-6.826,-40.734,-42.524,-31.875,5.125,22.375,17.840,-25.632,-5.383,0.603,-0.737,-0.201,-0.231,1,-35.064,29.021,-25.733,0.000,2,32.119827,-110.762276,276.850006,5.924,2953.083984,21,39,32,60,5,3,U_TURN_HDG,AP_PROT_ROLL_MAX,11.816,-30.000,0.000,4,16,20,14,ROLL_LEFT
1393,166.202957,0,-3.422,9.048,4.960,36.555,76.662,177.720,-32.900,43.643,-68.039,-31.875,5.125,22.375,19.044,-24.529,-6.254,0.594,-0.741,-0.209,-0.234,1,-35.638,28.989,-25.943,0.000,2,32.119827,-110.762283,276.630005,5.909,2953.083984,21,39,32,68,5,3,U_TURN_HDG,AP_PROT_ROLL_MAX,11.816,-30.000,0.000,4,16,20,14,ROLL_LEFT
1394,166.325989,0,-5.229,7.997,5.152,40.460,75.216,178.646,-5.371,24.843,-15.891,-31.875,5.125,22.375,21.402,-22.479,-6.023,0.576,-0.741,-0.220,-0.267,1,-41.837,29.049,-28.109,0.000,2,32.119827,-110.762283,275.649994,5.794,2953.083984,21,39,32,80,5,3,U_TURN_HDG,AP_PROT_ROLL_MAX,11.816,-30.000,0.000,4,16,20,14,ROLL_LEFT
1395,166.411179,0,2.089,-9.150,6.997,43.321,73.392,181.479,3.917,23.053,1.119,-31.875,5.125,22.375,21.377,-22.505,-5.716,0.552,-0.748,-0.211,-0.303,1,-39.641,29.024,-27.362,0.000,2,32.119827,-110.762283,274.950012,5.809,2953.083984,21,39,32,88,5,3,U_TURN_HDG,AP_PROT_ROLL_MAX,11.816,-30.000,0.000,4,16,20,14,ROLL_LEFT
1396,166.490051,0,-4.960,-2.191,-1.589,40.304,67.540,178.730,-35.922,-81.579,20.814,-31.875,5.125,22.375,20.172,-22.633,-8.305,0.525,-0.778,-0.200,-0.281,1,-39.853,29.068,-27.435,0.000,2,32.119827,-110.762283,274.420013,5.776,2953.083984,21,39,32,96,5,3,U_TURN_HDG,AP_PROT_ROLL_MAX,11.816,-30.000,0.000,4,16,20,14,ROLL_LEFT
1397,166.610031,0,-4.050,12.060,-7.920,43.776,64.424,179.580,-92.770,98.253,-92.434,-31.875,5.125,22.375,21.787,-20.403,-9.689,0.496,-0.784,-0.202,-0.314,1,-36.418,29.005,-26.225,0.000,2,32.119827,-110.762283,273.779999,5.722,2953.083984,21,39,33,8,5,3,U_TURN_HDG,AP_PROT_ROLL_MAX,11.816,-30.000,0.000,4,16,20,14,ROLL_LEFT
1398,166.685989,0,-7.664,10.996,-7.971,59.508,62.377,190.524,-117.613,136.525,-94.001,-31.875,5.125,22.375,27.451,-13.021,-7.023,0.409,-0.763,-0.188,-0.464,1,-32.952,28.988,-24.946,0.000,2,32.119827,-110.762291,273.480011,5.703,2953.083984,21,39,33,16,5,3,U_TURN_HDG,AP_PROT_ROLL_MAX,11.816,-30.000,0.000,4,16,20,14,ROLL_LEFT
1399,166.771317,0,-3.422,8.881,-6.087,67.489,60.931,194.608,-33.236,63.563,-100.156,-31.875,5.125,22.375,28.528,-10.817,-6.023,0.357,-0.747,-0.188,-0.529,1,-34.053,28.997,-25.360,0.000,2,32.119827,-110.762291,273.309998,5.679,2953.083984,21,39,33,24,5,3,U_TURN_HDG,AP_PROT_ROLL_MAX,11.816,-30.000,0.000,4,16,20,14,ROLL_LEFT
1400,166.852737,0,4.857,3.717,-3.742,72.591,59.796,194.441,-53.379,58.303,-29.431,-31.875,5.125,22.375,29.810,-7.049,-3.896,0.334,-0.730,-0.205,-0.560,1,-36.407,29.019,-26.222,0.000,2,32.119823,-110.762291,272.730011,5.604,2953.083984,21,39,33,32,5,3,U_TURN_HDG,AP_PROT_ROLL_MAX,11.816,-30.000,0.000,4,16,20,14,ROLL_LEFT
1401,166.935867,0,17.865,-0.705,5.152,78.082,73.901,212.559,-17.345,73.634,-59.422,-31.875,5.125,22.375,30.220,-5.588,-1.538,0.307,-0.702,-0.189,-0.614,1,-42.723,29.017,-28.405,0.000,2,32.119823,-110.762291,271.880005,5.563,2953.083984,21,39,33,40,5,3,U_TURN_HDG,AP_PROT_ROLL_MAX,11.816,-30.000,0.000,4,16,20,14,ROLL_LEFT
1402,167.011902,0,9.086,-8.176,7.010,85.680,143.346,287.638,-92.322,68.598,-104.072,-31.875,5.125,22.375,30.655,-1.897,0.948,0.238,-0.657,-0.195,-0.688,1,-42.163,29.033,-28.218,0.000,2,32.119823,-110.762291,271.179993,5.558,2953.083984,21,39,33,48,5,3,U_TURN_HDG,AP_PROT_ROLL_MAX,11.816,-30.000,0.000,4,16,20,14,ROLL_LEFT
1403,167.084976,0,15.161,-8.215,-3.986,83.377,-149.837,0.069,-74.305,24.619,-120.075,-31.875,5.125,22.375,30.271,4.562,3.691,0.173,-0.642,-0.194,-0.721,1,-42.863,29.049,-28.452,0.000,2,32.119823,-110.762291,270.089996,5.469,2953.083984,21,39,33,56,5,3,U_TURN_HDG,AP_PROT_ROLL_MIN,11.816,30.000,0.000,4,-12,-8,14,ROLL_RIGHT
1404,167.163361,0,2.115,-16.699,-2.768,67.204,-135.920,22.162,-91.539,165.621,-193.261,-31.875,5.125,22.375,29.015,7.715,7.151,0.055,-0.563,-0.208,-0.798,1,-51.554,29.032,-31.203,0.000,2,32.119823,-110.762291,268.309998,5.340,2953.083984,21,39,33,64,5,3,U_TURN_HDG,AP_PROT_ROLL_MIN,11.816,30.000,0.000,4,-12,-8,14,ROLL_RIGHT
1405,167.446960,0,-6.126,-8.728,1.564,48.674,-134.848,28.069,-45.210,224.819,-276.295,-31.875,5.125,22.375,20.736,16.609,15.943,0.051,0.454,0.247,0.855,1,-52.416,29.046,-31.463,0.000,2,32.119823,-110.762299,265.269989,5.313,2953.083984,21,39,33,92,5,3,U_TURN_HDG,AP_PROT_ROLL_MIN,11.816,30.000,0.000,4,-12,-8,14,ROLL_RIGHT
1406,167.530579,0,-3.909,17.135,11.855,26.532,-132.286,32.434,24.843,75.984,-99.037,-31.875,5.125,22.375,2.358,25.375,17.635,0.159,0.311,0.319,0.881,1,-47.107,28.938,-29.827,0.000,2,32.119823,-110.762299,265.529999,5.477,2953.412109,21,39,34,0,5,3,U_TURN_HDG,AP_PROT_ROLL_MIN,11.816,30.000,0.000,4,-12,-8,14,ROLL_RIGHT
1407,167.724060,0,-11.919,15.148,18.852,-1.891,-125.646,27.113,-31.557,62.443,-21.486,-31.875,5.125,22.375,-1.692,24.914,18.506,0.216,0.093,0.447,0.863,1,-46.928,28.978,-29.770,0.000,2,32.119820,-110.762306,265.399994,5.772,2953.412109,21,39,34,20,5,3,U_TURN_HDG,AP_PROT_ROLL_MIN,11.816,30.000,0.000,4,-12,-8,14,ROLL_RIGHT
1408,167.804977,0,-5.677,-5.395,-9.496,-4.121,-128.620,26.368,-43.643,-66.472,-100.491,-31.875,5.125,22.375,-2.102,22.735,21.838,0.221,0.067,0.429,0.873,1,-45.111,28.986,-29.188,0.000,2,32.119820,-110.762306,265.850006,5.912,2953.412109,21,39,34,28,5,3,U_TURN_HDG,AP_PROT_ROLL_MIN,11.816,30.000,0.000,4,-12,-8,14,ROLL_RIGHT
1409,167.889008,0,-1.833,-8.522,-15.879,-2.814,-134.090,43.858,38.496,-99.484,-4.252,-31.875,5.125,22.375,-1.256,22.684,22.146,0.353,0.125,0.370,0.850,1,-42.645,29.017,-28.379,0.000,2,32.119820,-110.762314,266.570007,5.987,2953.412109,21,39,34,36,5,3,U_TURN_HDG,AP_PROT_ROLL_MIN,11.816,30.000,0.000,4,-12,-8,14,ROLL_RIGHT
1410,167.968002,0,5.985,-5.024,-7.279,1.430,-131.493,47.049,22.717,-47.000,10.519,-31.875,5.125,22.375,1.538,23.940,20.736,0.359,0.174,0.372,0.838,1,-43.986,29.015,-28.822,0.000,2,32.119823,-110.762314,267.420013,5.977,2953.412109,21,39,34,44,5,3,U_TURN_HDG,AP_PROT_ROLL_MIN,11.816,30.000,0.000,4,-12,-8,14,ROLL_RIGHT
1411,168.050720,0,5.870,6.344,-3.140,4.882,-130.306,49.774,-38.160,23.165,0.448,-31.875,5.125,22.375,2.589,23.581,20.992,0.365,0.212,0.365,0.830,1,-43.994,29.001,-28.825,0.000,2,32.119823,-110.762314,268.100006,5.971,2953.412109,21,39,34,52,5,3,U_TURN_HDG,AP_PROT_ROLL_MIN,11.816,30.000,0.000,4,-12,-8,14,ROLL_RIGHT
1412,168.124344,0,3.127,6.703,0.795,3.962,-133.349,48.599,26.186,70.613,6.938,-31.875,5.125,22.375,0.795,23.197,21.505,0.365,0.192,0.348,0.842,1,-42.961,29.017,-28.484,0.000,2,32.119823,-110.762314,268.459991,5.950,2953.412109,21,39,34,60,5,3,U_TURN_HDG,AP_PROT_ROLL_MIN,11.816,30.000,0.000,4,-12,-8,14,ROLL_RIGHT
1413,168.210754,0,-5.306,8.484,6.613,1.410,-129.619,41.056,72.179,65.913,57.855,-31.875,5.125,22.375,0.615,24.017,20.659,0.312,0.160,0.395,0.849,1,-45.190,28.979,-29.214,0.000,2,32.119823,-110.762321,268.549988,5.923,2953.412109,21,39,34,68,5,3,U_TURN_HDG,AP_PROT_ROLL_MIN,11.816,30.000,0.000,4,-12,-8,14,ROLL_RIGHT
1414,168.325333,0,-2.909,10.599,-10.650,1.244,-126.246,38.276,17.457,-55.281,31.557,-31.875,5.125,22.375,1.461,25.837,18.403,0.288,0.157,0.424,0.844,1,-40.935,28.972,-27.804,0.000,2,32.119823,-110.762321,269.250000,6.105,2953.412109,21,39,34,80,5,3,U_TURN_HDG,AP_PROT_ROLL_MIN,11.816,30.000,0.000,4,-12,-8,14,ROLL_RIGHT
1415,168.408066,0,-11.893,-13.213,-5.306,4.408,-124.505,37.254,10.967,-12.422,144.582,-31.875,5.125,22.375,4.691,26.067,17.686,0.266,0.181,0.430,0.844,1,-42.323,29.025,-28.272,0.000,2,32.119823,-110.762321,270.420013,6.122,2953.412109,21,39,34,88,5,3,U_TURN_HDG,AP_PROT_ROLL_MIN,11.816,30.000,0.000,4,-12,-8,14,ROLL_RIGHT
1416,168.492294,0,-8.215,-15.661,0.525,15.780,-123.048,26.988,93.218,-21.710,155.661,-31.875,5.125,22.375,10.817,25.606,15.481,0.140,0.228,0.431,0.862,1,-40.694,28.979,-27.723,0.000,2,32.119823,-110.762321,271.059998,6.078,2953.412109,21,39,34,96,5,3,U_TURN_HDG,AP_PROT_ROLL_MIN,11.816,30.000,0.000,4,-12,-8,14,ROLL_RIGHT
1417,168.607925,0,-7.830,-3.845,15.238,25.786,-117.666,21.972,94.672,6.826,66.248,-31.875,5.125,22.375,15.558,25.452,10.611,0.046,0.284,0.459,0.841,1,-39.506,28.979,-27.315,0.000,2,32.119823,-110.762321,269.839996,5.950,2953.412109,21,39,35,8,5,3,U_TURN_HDG,AP_PROT_ROLL_MIN,11.816,30.000,0.000,4,-12,-8,14,ROLL_RIGHT
1418,168.694885,0,1.666,-3.576,-5.665,33.453,-110.035,19.651,53.491,-104.744,79.565,-31.875,5.125,22.375,20.172,23.658,5.434,0.029,-0.326,-0.501,-0.801,1,-39.475,29.038,-27.304,0.000,2,32.119823,-110.762321,269.429993,5.825,2953.412109,21,39,35,16,5,3,U_TURN_HDG,AP_PROT_ROLL_MIN,11.816,30.000,0.000,4,-12,-8,14,ROLL_RIGHT
1419,168.765976,0,0.948,-1.384,-0.769,43.339,-102.679,26.718,8.281,9.288,23.724,-31.875,5.125,22.375,21.351,22.607,5.254,0.057,-0.415,-0.498,-0.759,1,-40.390,28.955,-27.619,0.000,2,32.119823,-110.762321,269.549988,5.739,2953.412109,21,39,35,24,5,3,U_TURN_HDG,AP_PROT_ROLL_MIN,11.816,30.000,0.000,4,-12,-8,14,ROLL_RIGHT
1420,168.848267,0,-0.833,4.703,-0.769,43.584,-102.775,26.528,-4.700,-33.460,-19.248,-31.875,5.125,22.375,21.351,22.607,4.973,0.059,-0.415,-0.497,-0.759,1,-38.465,29.014,-26.953,0.000,2,32.119823,-110.762329,269.820007,5.723,2953.412109,21,39,35,32,5,3,U_TURN_HDG,AP_PROT_ROLL_MIN,11.816,30.000,0.000,4,-12,-8,14,ROLL_RIGHT
1421,168.931030,0,1.576,9.676,-5.639,46.249,-98.343,29.163,29.991,-20.703,36.481,-31.875,5.125,22.375,22.402,21.812,3.435,0.073,-0.439,-0.507,-0.738,1,-37.219,28.982,-26.512,0.000,2,32.119823,-110.762329,270.089996,5.681,2953.412109,21,39,35,40,5,3,U_TURN_HDG,AP_PROT_ROLL_MIN,11.816,30.000,0.000,4,-12,-8,14,ROLL_RIGHT
1422,169.010010,0,-7.356,-5.665,3.883,49.375,-100.595,25.405,55.170,3.021,70.165,-31.875,5.125,22.375,23.273,20.941,3.050,0.107,-0.441,-0.496,-0.741,1,-38.724,28.974,-27.043,0.000,2,32.119823,-110.762329,269.959991,5.642,2953.412109,21,39,35,48,5,3,U_TURN_HDG,AP_PROT_ROLL_MIN,11.816,30.000,0.000,4,-12,-8,14,ROLL_RIGHT
1423,169.088989,0,-6.305,-3.896,-4.460,49.661,-100.037,29.955,-33.124,18.464,-3.581,-31.875,5.125,22.375,23.376,20.531,4.409,0.081,-0.462,-0.480,-0.742,1,-40.060,28.986,-27.506,0.000,2,32.119823,-110.762329,269.850006,5.583,2953.412109,21,39,35,56,5,3,U_TURN_HDG,AP_PROT_ROLL_MIN,11.816,30.000,0.000,4,-12,-8,14,ROLL_RIGHT
1424,169.169952,0,6.139,-0.449,-7.151,53.926,-96.935,33.627,-20.031,-73.410,39.615,-31.875,5.125,22.375,24.273,19.634,2.896,0.095,-0.496,-0.468,-0.726,1,-40.048,29.000,-27.502,0.000,2,32.119823,-110.762329,270.209991,5.556,2953.412109,21,39,35,64,5,3,U_TURN_HDG,AP_PROT_ROLL_MIN,11.816,30.000,0.000,4,-12,-8,14,ROLL_RIGHT
1425,169.249023,0,3.563,0.769,0.090,54.841,-100.785,27.635,7.610,18.576,50.693,-31.875,5.125,22.375,25.401,17.993,2.768,0.122,-0.480,-0.465,-0.734,1,-40.611,28.981,-27.694,0.000,2,32.119823,-110.762329,270.649994,5.571,2953.412109,21,39,35,72,5,3,U_TURN_HDG,AP_PROT_ROLL_MIN,11.816,30.000,0.000,4,-12,-8,14,ROLL_RIGHT
1426,169.366043,0,5.165,9.048,11.150,52.647,-104.600,20.533,16.562,75.760,-19.472,-31.875,5.125,22.375,24.786,18.455,4.511,0.140,-0.443,-0.477,-0.746,1,-40.191,29.030,-27.551,0.000,2,32.119823,-110.762337,271.549988,5.663,2953.412109,21,39,35,84,5,3,U_TURN_HDG,AP_PROT_ROLL_MIN,11.816,30.000,0.000,4,-12,-8,14,ROLL_RIGHT
1427,169.446899,0,-4.511,0.628,-16.186,52.669,-104.353,20.124,15.667,-101.946,102.394,-31.875,5.125,22.375,26.067,17.199,2.461,0.144,-0.441,-0.480,-0.745,1,-38.947,28.994,-27.121,0.000,2,32.119823,-110.762337,271.809998,5.705,2953.740234,21,39,35,92,5,3,U_TURN_HDG,AP_PROT_ROLL_MIN,11.816,30.000,0.000,4,-12,-8,14,ROLL_RIGHT
1428,169.526810,0,-4.383,-5.062,2.384,72.094,-89.374,30.869,108.661,-11.414,234.443,-31.875,5.125,22.375,30.117,8.715,-0.359,0.252,-0.552,-0.444,-0.659,1,-35.851,29.022,-26.021,0.000,2,32.119823,-110.762337,271.640015,5.735,2953.740234,21,39,36,0,5,3,U_TURN_HDG,AP_PROT_ROLL_MIN,11.816,30.000,0.000,4,-12,-8,14,ROLL_RIGHT
1429,169.602585,0,-11.252,-6.267,-3.422,84.179,-49.530,64.082,31.669,-21.934,88.406,-31.875,5.125,22.375,31.168,1.358,-2.204,0.351,-0.596,-0.422,-0.586,1,-35.608,29.035,-25.932,0.000,2,32.119823,-110.762337,271.619995,5.771,2953.740234,21,39,36,8,5,3,U_TURN_HDG,AP_PROT_ROLL_MIN,11.816,30.000,0.000,4,-12,-8,14,ROLL_RIGHT
1430,169.688919,0,-11.637,-5.267,-1.230,85.664,-58.305,54.644,-9.960,43.979,-67.367,-31.875,5.125,22.375,31.117,2.307,-1.358,0.364,-0.588,-0.417,-0.590,1,-37.755,29.006,-26.703,0.000,2,32.119823,-110.762337,271.089996,5.673,2953.740234,21,39,36,16,5,3,U_TURN_HDG,AP_PROT_ROLL_MIN,11.816,30.000,0.000,4,-12,-8,14,ROLL_RIGHT
1431,169.769913,0,-7.433,-2.948,0.308,82.445,-94.602,18.009,0.895,28.760,-52.708,-31.875,5.125,22.375,30.835,4.306,0.179,0.355,-0.558,-0.428,-0.616,1,-36.901,28.985,-26.399,0.000,2,32.119823,-110.762344,270.829987,5.649,2953.740234,21,39,36,24,5,3,U_TURN_HDG,AP_PROT_ROLL_MIN,11.816,30.000,0.000,4,-12,-8,14,ROLL_RIGHT
1432,169.872025,0,8.228,-0.320,-0.615,84.032,-99.044,12.874,14.212,26.522,11.638,-31.875,5.125,22.375,30.809,3.922,0.513,0.368,-0.560,-0.422,-0.610,1,-37.845,28.987,-26.735,0.000,2,32.119823,-110.762344,270.359985,5.627,2953.740234,21,39,36,32,5,3,U_TURN_HDG,AP_PROT_ROLL_MIN,11.816,30.000,0.000,4,-12,-8,14,ROLL_RIGHT
1433,169.970963,0,8.907,7.459,-4.421,83.675,-115.898,357.856,-13.988,20.703,-34.803,-31.875,5.125,22.375,30.860,3.332,1.487,0.366,-0.558,-0.406,-0.625,1,-35.682,29.045,-25.959,0.000,2,32.119823,-110.762344,270.880005,5.695,2953.740234,21,39,36,44,5,3,U_TURN_HDG,AP_PROT_ROLL_MIN,11.816,30.000,0.000,4,-12,-8,14,ROLL_RIGHT
1434,170.051941,0,0.449,6.715,-1.448,81.496,-122.846,352.993,-24.284,39.950,-15.443,-31.875,5.125,22.375,30.578,3.999,3.947,0.352,-0.550,-0.397,-0.645,1,-35.614,29.026,-25.934,0.000,2,32.119823,-110.762344,271.429993,5.666,2953.740234,21,39,36,52,5,3,U_TURN_HDG,AP_PROT_ROLL_MIN,11.816,30.000,0.000,4,-12,-8,14,ROLL_RIGHT
1435,170.141983,0,-9.561,-3.178,2.691,78.302,-132.751,347.902,-33.907,5.819,20.703,-31.875,5.125,22.375,30.502,4.511,4.127,0.326,-0.542,-0.370,-0.680,1,-35.320,28.991,-25.827,0.000,2,32.119827,-110.762344,272.420013,5.577,2954.068359,21,39,36,60,5,3,U_TURN_HDG,AP_PROT_ROLL_MIN,11.816,30.000,0.000,4,-12,-8,14,ROLL_RIGHT
1436,170.204651,0,-11.124,-5.831,-9.279,84.797,-139.777,346.158,-41.293,-50.470,71.060,-31.875,5.125,22.375,30.886,2.332,2.281,0.314,-0.598,-0.328,-0.660,1,-36.810,29.006,-26.366,0.000,2,32.119827,-110.762344,274.790009,5.396,2954.068359,21,39,36,68,5,3,U_TURN_HDG,AP_PROT_ROLL_MIN,11.816,30.000,0.000,4,-12,-8,14,ROLL_RIGHT
1437,170.326035,0,7.484,-0.948,6.472,85.937,-155.251,332.042,-37.153,34.019,-8.393,-31.875,5.125,22.375,30.912,1.025,1.948,0.314,-0.608,-0.313,-0.658,1,-36.806,29.010,-26.365,0.000,2,32.119827,-110.762344,277.429993,5.496,2954.068359,21,39,36,80,5,3,U_TURN_HDG,AP_PROT_ROLL_MIN,11.816,30.000,0.000,4,-12,-8,14,ROLL_RIGHT
1438,170.406967,0,12.970,6.075,2.422,80.652,-145.867,342.985,31.893,6.602,-43.084,-31.875,5.125,22.375,30.373,3.665,3.947,0.296,-0.579,-0.313,-0.693,1,-37.521,29.002,-26.620,0.000,2,32.119827,-110.762352,275.679993,5.713,2954.068359,21,39,36,88,5,3,U_TURN_HDG,AP_PROT_ROLL_MIN,11.816,30.000,0.000,4,-12,-8,14,ROLL_RIGHT
1439,170.497635,0,9.766,-0.654,8.305,79.412,-138.722,347.211,41.741,6.714,80.684,-31.875,5.125,22.375,30.450,2.768,4.024,0.304,-0.564,-0.336,-0.690,1,-37.542,28.973,-26.627,0.000,2,32.119827,-110.762352,275.089996,5.755,2954.068359,21,39,36,96,5,3,U_TURN_HDG,AP_PROT_ROLL_MIN,11.816,30.000,0.000,4,-12,-8,14,ROLL_RIGHT
1440,170.566956,0,-2.832,-9.022,-4.460,84.142,-172.121,310.046,48.120,4.588,52.484,-31.875,5.125,22.375,30.784,-0.795,2.409,0.354,-0.584,-0.328,-0.652,1,-35.994,29.047,-26.073,0.000,2,32.119827,-110.762352,276.820007,5.723,2954.396484,21,39,37,4,5,3,U_TURN_HDG,AP_PROT_ROLL_MIN,11.816,30.000,0.000,4,-12,-8,14,ROLL_RIGHT
1441,170.642960,0,-0.590,-1.000,-3.793,83.304,168.133,286.539,13.541,-4.252,-46.441,-31.875,5.125,22.375,30.784,0.718,2.999,0.389,-0.576,-0.333,-0.637,1,-33.968,29.007,-25.328,0.000,2,32.119827,-110.762352,278.279999,5.639,2954.396484,21,39,37,12,5,3,U_TURN_HDG,AP_PROT_ROLL_MAX,11.816,-30.000,0.000,4,16,20,14,ROLL_LEFT
1442,170.729950,0,-4.486,-0.795,-6.664,82.353,-148.754,329.496,-0.336,19.136,-40.286,-31.875,5.125,22.375,30.732,2.051,3.306,0.362,-0.558,-0.362,-0.653,1,-32.313,29.003,-24.703,0.000,2,32.119827,-110.762352,278.799988,5.595,2954.396484,21,39,37,20,5,3,U_TURN_HDG,AP_PROT_ROLL_MIN,11.816,30.000,0.000,4,-12,-8,14,ROLL_RIGHT
1443,170.931992,0,-8.048,-0.807,-2.845,81.555,179.237,294.780,34.803,27.641,84.601,-31.875,5.125,22.375,30.681,0.282,4.229,0.404,-0.553,-0.348,-0.640,1,-31.424,29.036,-24.361,0.000,2,32.119827,-110.762360,277.299988,5.430,2954.396484,21,39,37,40,5,3,U_TURN_HDG,AP_PROT_ROLL_MAX,11.816,-30.000,0.000,4,16,20,14,ROLL_LEFT
1444,171.006927,0,4.473,-1.922,4.678,81.554,-163.564,314.856,55.729,18.017,90.756,-31.875,5.125,22.375,30.553,-1.435,4.691,0.374,-0.555,-0.348,-0.656,1,-34.676,29.007,-25.591,0.000,2,32.119827,-110.762360,276.109985,5.404,2954.396484,21,39,37,48,5,3,U_TURN_HDG,AP_PROT_ROLL_MIN,11.816,30.000,0.000,4,-12,-8,14,ROLL_RIGHT
1445,171.087006,0,6.023,-2.627,-0.654,83.229,162.096,276.218,32.565,-8.393,3.357,-31.875,5.125,22.375,30.578,0.692,3.896,0.416,-0.566,-0.351,-0.619,1,-31.438,29.012,-24.366,0.000,2,32.119827,-110.762360,276.519989,5.398,2954.396484,21,39,37,56,5,3,U_TURN_HDG,AP_PROT_ROLL_MAX,11.816,-30.000,0.000,4,16,20,14,ROLL_LEFT
1446,171.164948,0,5.203,0.577,-5.575,80.826,124.257,236.609,29.096,-2.238,138.987,-31.875,5.125,22.375,30.399,-3.845,3.332,0.449,-0.585,-0.336,-0.586,1,-33.739,28.994,-25.243,0.000,2,32.119831,-110.762360,277.519989,5.394,2954.724365,21,39,37,64,5,3,U_TURN_HDG,AP_PROT_ROLL_MAX,11.816,-30.000,0.000,4,16,20,14,ROLL_LEFT
1447,171.246002,0,9.394,5.921,-2.858,84.621,124.977,240.506,-12.981,-22.269,-46.553,-31.875,5.125,22.375,30.578,-3.486,2.409,0.410,-0.596,-0.344,-0.599,1,-34.207,29.003,-25.417,0.000,2,32.119831,-110.762367,278.079987,5.536,2954.724365,21,39,37,72,5,3,U_TURN_HDG,AP_PROT_ROLL_MAX,11.816,-30.000,0.000,4,16,20,14,ROLL_LEFT
1448,171.367981,0,-8.843,2.768,-2.217,86.693,113.556,230.450,-27.753,24.395,8.505,-31.875,5.125,22.375,30.886,-1.897,0.923,0.390,-0.605,-0.350,-0.599,1,-34.536,28.978,-25.539,0.000,2,32.119831,-110.762367,278.579987,5.580,2954.724365,21,39,37,84,5,3,U_TURN_HDG,AP_PROT_ROLL_MAX,11.816,-30.000,0.000,4,16,20,14,ROLL_LEFT
1449,171.444977,0,-6.639,0.397,-5.139,84.576,119.133,238.045,8.281,-16.450,50.805,-31.875,5.125,22.375,30.450,-5.562,0.948,0.392,-0.609,-0.326,-0.607,1,-34.035,29.030,-25.353,0.000,2,32.119831,-110.762367,278.799988,5.573,2954.724365,21,39,37,92,5,3,U_TURN_HDG,AP_PROT_ROLL_MAX,11.816,-30.000,0.000,4,16,20,14,ROLL_LEFT
1450,171.525070,0,-1.282,-4.460,1.922,78.769,100.299,219.186,14.548,31.893,9.400,-31.875,5.125,22.375,30.168,-6.408,1.897,0.423,-0.630,-0.293,-0.582,1,-35.810,28.962,-26.006,0.000,2,32.119831,-110.762367,278.510010,5.484,2954.724365,21,39,38,0,5,3,U_TURN_HDG,AP_PROT_ROLL_MAX,11.816,-30.000,0.000,4,16,20,14,ROLL_LEFT
1451,171.603821,0,6.305,-8.856,0.910,77.296,112.326,229.403,38.384,-18.353,-8.952,-31.875,5.125,22.375,30.040,-6.536,2.614,0.444,-0.612,-0.290,-0.587,1,-34.762,28.997,-25.623,0.000,2,32.119831,-110.762367,278.910004,5.517,2954.724365,21,39,38,8,5,3,U_TURN_HDG,AP_PROT_ROLL_MAX,11.816,-30.000,0.000,4,16,20,14,ROLL_LEFT
1452,171.686249,0,11.086,-5.677,2.025,78.026,112.852,227.709,39.167,-4.364,-28.760,-31.875,5.125,22.375,30.245,-5.562,2.563,0.451,-0.605,-0.306,-0.580,1,-32.556,28.994,-24.796,0.000,2,32.119831,-110.762367,278.250000,5.414,2954.724365,21,39,38,16,5,3,U_TURN_HDG,AP_PROT_ROLL_MAX,11.816,-30.000,0.000,4,16,20,14,ROLL_LEFT
1453,171.889709,0,12.918,-5.767,1.538,81.516,124.698,235.904,23.165,-2.126,-45.098,-31.875,5.125,22.375,30.553,-4.024,2.563,0.451,-0.582,-0.346,-0.582,1,-33.749,28.977,-25.246,0.000,2,32.119831,-110.762375,277.230011,5.418,2955.052734,21,39,38,36,5,3,U_TURN_HDG,AP_PROT_ROLL_MAX,11.816,-30.000,0.000,4,16,20,14,ROLL_LEFT
1454,171.975403,0,-8.253,-2.550,6.177,79.044,121.569,230.758,8.281,-18.800,14.660,-31.875,5.125,22.375,30.527,-4.691,2.102,0.475,-0.578,-0.340,-0.569,1,-30.837,28.962,-24.132,0.000,2,32.119831,-110.762375,276.160004,5.327,2955.052734,21,39,38,44,5,3,U_TURN_HDG,AP_PROT_ROLL_MAX,11.816,-30.000,0.000,4,16,20,14,ROLL_LEFT
1455,172.054504,0,-0.756,-2.089,2.845,79.922,125.396,233.590,36.034,-20.367,-8.729,-31.875,5.125,22.375,30.450,-4.742,2.871,0.475,-0.571,-0.351,-0.570,1,-31.918,29.003,-24.552,0.000,2,32.119831,-110.762375,276.109985,5.268,2955.052734,21,39,38,52,5,3,U_TURN_HDG,AP_PROT_ROLL_MAX,11.816,-30.000,0.000,4,16,20,14,ROLL_LEFT
1456,172.129044,0,4.268,-0.692,6.305,81.168,127.549,233.864,2.014,22.269,-20.255,-31.875,5.125,22.375,30.476,-3.845,3.332,0.477,-0.564,-0.368,-0.565,1,-34.027,29.038,-25.350,0.000,2,32.119831,-110.762375,275.049988,5.124,2955.052734,21,39,38,60,5,3,U_TURN_HDG,AP_PROT_ROLL_MAX,11.816,-30.000,0.000,4,16,20,14,ROLL_LEFT
1457,172.209976,0,6.600,1.910,3.460,81.470,144.434,251.742,-25.515,16.898,-9.624,-31.875,5.125,22.375,30.553,-2.896,3.665,0.468,-0.552,-0.368,-0.584,1,-30.487,29.021,-23.995,0.000,2,32.119831,-110.762375,274.200012,5.057,2955.052734,21,39,38,68,5,3,U_TURN_HDG,AP_PROT_ROLL_MAX,11.816,-30.000,0.000,4,16,20,14,ROLL_LEFT
1458,172.329010,0,5.190,1.499,-0.936,79.501,152.679,261.659,-4.364,50.917,8.617,-31.875,5.125,22.375,30.348,-3.101,4.819,0.467,-0.544,-0.351,-0.603,1,-31.262,29.040,-24.298,0.000,2,32.119831,-110.762383,274.140015,5.035,2955.052734,21,39,38,80,5,3,U_TURN_HDG,AP_PROT_ROLL_MAX,11.816,-30.000,0.000,4,16,20,14,ROLL_LEFT
1459,172.408997,0,2.807,2.127,-8.651,79.822,140.048,250.648,-21.038,7.722,-8.281,-31.875,5.125,22.375,30.373,-3.025,4.947,0.461,-0.562,-0.340,-0.596,1,-31.061,28.986,-24.220,0.000,2,32.119831,-110.762383,274.200012,5.090,2955.052734,21,39,38,88,5,3,U_TURN_HDG,AP_PROT_ROLL_MAX,11.816,-30.000,0.000,4,16,20,14,ROLL_LEFT
1460,172.501984,0,-7.728,2.179,-5.383,81.371,131.590,244.038,-33.796,23.724,-5.819,-31.875,5.125,22.375,30.655,-3.947,3.178,0.445,-0.579,-0.339,-0.593,1,-30.250,29.020,-23.902,0.000,2,32.119831,-110.762383,275.440002,5.165,2955.052734,21,39,38,96,5,3,U_TURN_HDG,AP_PROT_ROLL_MAX,11.816,-30.000,0.000,4,16,20,14,ROLL_LEFT
1461,172.563873,0,-9.509,-1.576,-2.358,80.679,127.896,243.749,-24.843,-1.567,24.843,-31.875,5.125,22.375,30.630,-4.409,3.050,0.431,-0.591,-0.317,-0.603,1,-31.521,29.007,-24.399,0.000,2,32.119831,-110.762383,274.700012,5.031,2955.380615,21,39,39,4,5,3,U_TURN_HDG,AP_PROT_ROLL_MAX,11.816,-30.000,0.000,4,16,20,14,ROLL_LEFT
1462,172.648788,0,-1.935,-4.088,1.730,78.651,122.393,237.707,3.357,-2.014,36.369,-31.875,5.125,22.375,30.425,-5.383,3.204,0.446,-0.594,-0.307,-0.595,1,-31.050,28.999,-24.216,0.000,2,32.119827,-110.762383,271.209991,4.896,2955.380615,21,39,39,12,5,3,U_TURN_HDG,AP_PROT_ROLL_MAX,11.816,-30.000,0.000,4,16,20,14,ROLL_LEFT
1463,172.729919,0,3.819,-3.383,5.600,77.069,117.854,231.590,16.786,-7.274,10.072,-31.875,5.125,22.375,30.168,-6.485,3.153,0.463,-0.596,-0.305,-0.581,1,-36.880,29.020,-26.391,0.000,2,32.119827,-110.762383,270.940002,4.891,2955.380615,21,39,39,20,5,3,U_TURN_HDG,AP_PROT_ROLL_MAX,11.816,-30.000,0.000,4,16,20,14,ROLL_LEFT
1464,172.849945,0,10.983,-0.449,7.190,77.797,116.783,230.207,0.895,-2.238,-18.912,-31.875,5.125,22.375,30.245,-6.126,2.871,0.461,-0.596,-0.311,-0.579,1,-36.586,28.985,-26.286,0.000,2,32.119827,-110.762383,271.850006,4.878,2955.708740,21,39,39,32,5,3,U_TURN_HDG,AP_PROT_ROLL_MAX,11.816,-30.000,0.000,4,16,20,14,ROLL_LEFT
1465,173.012299,0,1.884,1.115,-12.021,78.913,114.980,227.753,-28.424,-43.867,5.483,-31.875,5.125,22.375,30.450,-5.921,1.487,0.457,-0.596,-0.322,-0.576,1,-34.526,28.997,-25.535,0.000,2,32.119827,-110.762390,270.529999,4.829,2956.036865,21,39,39,48,5,3,U_TURN_HDG,AP_PROT_ROLL_MAX,11.816,-30.000,0.000,4,16,20,14,ROLL_LEFT
1466,173.083893,0,-14.379,-5.357,-2.871,77.965,100.003,214.002,-1.231,13.988,-31.110,-31.875,5.125,22.375,30.220,-7.408,1.845,0.451,-0.619,-0.315,-0.561,1,-32.878,28.979,-24.918,0.000,2,32.119827,-110.762390,270.519989,4.724,2956.036865,21,39,39,56,5,3,U_TURN_HDG,AP_PROT_ROLL_MAX,11.816,-30.000,0.000,4,16,20,14,ROLL_LEFT
1467,173.172287,0,-2.063,-1.064,3.845,77.671,114.311,227.279,8.841,13.541,-41.181,-31.875,5.125,22.375,30.476,-5.690,2.896,0.463,-0.598,-0.313,-0.574,1,-32.569,28.971,-24.801,0.000,2,32.119827,-110.762390,269.859985,4.419,2956.036865,21,39,39,64,5,3,U_TURN_HDG,AP_PROT_ROLL_MAX,11.816,-30.000,0.000,4,16,20,14,ROLL_LEFT
1468,173.246719,0,4.639,2.768,-4.883,80.460,119.896,232.903,15.331,-19.584,-13.653,-31.875,5.125,22.375,30.732,-4.409,1.948,0.448,-0.591,-0.330,-0.584,1,-33.257,29.006,-25.062,0.000,2,32.119827,-110.762390,268.339996,4.306,2956.036865,21,39,39,72,5,3,U_TURN_HDG,AP_PROT_ROLL_MAX,11.816,-30.000,0.000,4,16,20,14,ROLL_LEFT
1469,173.368134,0,-0.179,-1.410,-0.948,81.387,118.862,230.916,5.036,25.962,12.981,-31.875,5.125,22.375,30.655,-4.588,2.486,0.447,-0.589,-0.341,-0.580,1,-32.707,29.004,-24.854,0.000,2,32.119827,-110.762390,267.320007,4.139,2956.036865,21,39,39,84,5,3,U_TURN_HDG,AP_PROT_ROLL_MAX,11.816,-30.000,0.000,4,16,20,14,ROLL_LEFT
1470,173.451019,0,0.871,-1.384,5.934,79.180,130.427,240.869,10.967,16.450,-29.319,-31.875,5.125,22.375,30.476,-4.460,4.409,0.468,-0.572,-0.335,-0.585,1,-30.892,29.002,-24.154,0.000,2,32.119827,-110.762383,266.859985,3.921,2956.036865,21,39,39,92,5,3,U_TURN_HDG,AP_PROT_ROLL_MAX,11.816,-30.000,0.000,4,16,20,14,ROLL_LEFT
1471,173.523895,0,6.049,4.537,-1.640,79.098,149.971,259.271,-17.122,-33.124,-49.127,-31.875,5.125,22.375,30.681,-2.512,4.665,0.468,-0.546,-0.346,-0.602,1,-30.815,28.996,-24.124,0.000,2,32.119827,-110.762390,267.160004,3.982,2956.036865,21,39,40,0,5,3,U_TURN_HDG,AP_PROT_ROLL_MAX,11.816,-30.000,0.000,4,16,20,14,ROLL_LEFT
1472,173.610382,0,1.910,5.344,8.676,81.686,164.204,275.023,-4.700,58.415,-10.967,-31.875,5.125,22.375,30.604,-1.282,5.767,0.440,-0.548,-0.361,-0.613,1,-29.697,29.024,-23.682,0.000,2,32.119827,-110.762390,266.859985,4.009,2956.364746,21,39,40,8,5,3,U_TURN_HDG,AP_PROT_ROLL_MAX,11.816,-30.000,0.000,4,16,20,14,ROLL_LEFT
1473,173.684937,0,4.268,4.268,4.229,77.480,169.018,280.244,-22.941,-40.846,12.533,-31.875,5.125,22.375,30.476,-1.512,6.536,0.452,-0.526,-0.342,-0.634,1,-30.030,28.990,-23.815,0.000,2,32.119827,-110.762390,267.299988,4.015,2956.364746,21,39,40,16,5,3,U_TURN_HDG,AP_PROT_ROLL_MAX,11.816,-30.000,0.000,4,16,20,14,ROLL_LEFT
1474,173.848984,0,-4.857,-3.101,-0.487,79.773,161.106,273.466,-27.753,-4.924,21.598,-31.875,5.125,22.375,30.758,-2.794,4.844,0.442,-0.547,-0.342,-0.623,1,-28.663,29.032,-23.266,0.000,2,32.119827,-110.762390,270.390015,4.081,2956.364746,21,39,40,32,5,3,U_TURN_HDG,AP_PROT_ROLL_MAX,11.816,-30.000,0.000,4,16,20,14,ROLL_LEFT
1475,173.925583,0,0.666,-1.602,0.103,78.744,150.202,263.875,29.431,27.753,19.360,-31.875,5.125,22.375,30.476,-3.819,5.639,0.447,-0.558,-0.323,-0.621,1,-32.120,29.060,-24.629,0.000,2,32.119827,-110.762390,270.190002,3.882,2956.364746,21,39,40,40,5,3,U_TURN_HDG,AP_PROT_ROLL_MAX,11.816,-30.000,0.000,4,16,20,14,ROLL_LEFT
1476,174.045975,0,2.755,-0.013,4.139,76.280,149.144,259.504,18.800,4.924,5.371,-31.875,5.125,22.375,30.348,-3.896,6.280,0.478,-0.542,-0.324,-0.611,1,-34.172,29.060,-25.404,0.000,2,32.119831,-110.762390,270.040009,3.624,2956.693115,21,39,40,52,5,3,U_TURN_HDG,AP_PROT_ROLL_MAX,11.816,-30.000,0.000,4,16,20,14,ROLL_LEFT
1477,174.132004,0,11.239,4.678,4.165,76.557,149.228,259.328,3.133,-32.229,31.781,-31.875,5.125,22.375,30.297,-4.434,6.228,0.478,-0.542,-0.327,-0.610,1,-31.601,29.002,-24.430,0.000,2,32.119831,-110.762390,271.929993,3.609,2956.693115,21,39,40,60,5,3,U_TURN_HDG,AP_PROT_ROLL_MAX,11.816,-30.000,0.000,4,16,20,14,ROLL_LEFT
1478,174.212280,0,-5.934,-2.204,-10.535,77.186,134.209,242.829,-21.598,28.984,0.560,-31.875,5.125,22.375,30.502,-5.229,4.588,0.488,-0.559,-0.332,-0.582,1,-31.832,29.015,-24.519,0.000,2,32.119831,-110.762390,272.339996,3.706,2956.693115,21,39,40,68,5,3,U_TURN_HDG,AP_PROT_ROLL_MAX,11.816,-30.000,0.000,4,16,20,14,ROLL_LEFT
1479,174.326157,0,-1.538,-4.204,-2.063,75.221,137.831,247.602,26.857,-10.519,11.974,-31.875,5.125,22.375,30.168,-5.536,6.228,0.492,-0.554,-0.315,-0.594,1,-28.911,29.012,-23.367,0.000,2,32.119831,-110.762398,271.970001,3.578,2957.020996,21,39,40,80,5,3,U_TURN_HDG,AP_PROT_ROLL_MAX,11.816,-30.000,0.000,4,16,20,14,ROLL_LEFT
1480,174.412857,0,-4.780,-4.088,3.050,76.869,137.200,244.953,-4.252,5.483,-38.496,-31.875,5.125,22.375,30.604,-3.819,5.306,0.493,-0.552,-0.335,-0.583,1,-31.459,28.977,-24.375,0.000,2,32.119831,-110.762398,270.940002,3.441,2957.020996,21,39,40,88,5,3,U_TURN_HDG,AP_PROT_ROLL_MAX,11.816,-30.000,0.000,4,16,20,14,ROLL_LEFT
1481,174.491806,0,1.166,-4.575,-1.717,78.694,149.662,257.718,14.436,-22.605,13.317,-31.875,5.125,22.375,30.681,-3.383,4.742,0.477,-0.542,-0.350,-0.597,1,-30.274,28.979,-23.911,0.000,2,32.119831,-110.762398,270.609985,3.338,2957.020996,21,39,40,96,5,3,U_TURN_HDG,AP_PROT_ROLL_MAX,11.816,-30.000,0.000,4,16,20,14,ROLL_LEFT
1482,174.566742,0,7.305,-0.038,-1.166,79.632,144.645,251.533,7.945,14.324,-22.829,-31.875,5.125,22.375,30.707,-3.127,4.665,0.480,-0.546,-0.359,-0.586,1,-30.202,28.969,-23.883,0.000,2,32.119831,-110.762398,269.929993,3.266,2957.020996,21,39,41,4,5,3,U_TURN_HDG,AP_PROT_ROLL_MAX,11.816,-30.000,0.000,4,16,20,14,ROLL_LEFT
1483,174.649887,0,11.752,1.538,-2.473,79.263,157.852,264.791,4.700,24.843,-10.295,-31.875,5.125,22.375,30.681,-2.358,5.331,0.476,-0.531,-0.363,-0.600,1,-32.638,28.989,-24.827,0.000,2,32.119831,-110.762398,267.850006,3.219,2957.020996,21,39,41,12,5,3,U_TURN_HDG,AP_PROT_ROLL_MAX,11.816,-30.000,0.000,4,16,20,14,ROLL_LEFT
1484,174.728119,0,11.983,1.845,-2.602,75.589,161.313,267.970,7.722,54.162,7.498,-31.875,5.125,22.375,30.271,-2.896,7.459,0.492,-0.512,-0.346,-0.613,1,-31.821,29.036,-24.514,0.000,2,32.119831,-110.762398,267.709991,3.222,2957.020996,21,39,41,20,5,3,U_TURN_HDG,AP_PROT_ROLL_MAX,11.816,-30.000,0.000,4,16,20,14,ROLL_LEFT
1485,174.811035,0,-0.487,4.998,-4.947,76.102,158.265,265.373,-9.064,-30.550,-5.931,-31.875,5.125,22.375,30.450,-2.999,6.921,0.490,-0.520,-0.344,-0.610,1,-29.614,29.026,-23.649,0.000,2,32.119831,-110.762398,268.420013,3.171,2957.020996,21,39,41,28,5,3,U_TURN_HDG,AP_PROT_ROLL_MAX,11.816,-30.000,0.000,4,16,20,14,ROLL_LEFT
1486,174.965530,0,-2.743,6.664,-2.794,77.023,156.563,265.050,-18.129,28.872,14.548,-31.875,5.125,22.375,30.527,-3.383,6.818,0.479,-0.529,-0.342,-0.611,1,-29.462,29.016,-23.588,0.000,2,32.119831,-110.762398,267.119995,2.900,2957.349365,21,39,41,44,5,3,U_TURN_HDG,AP_PROT_ROLL_MAX,11.816,-30.000,0.000,4,16,20,14,ROLL_LEFT
1487,175.036514,0,2.935,0.333,-4.960,74.065,149.231,258.951,7.050,-12.869,-14.436,-31.875,5.125,22.375,30.348,-5.408,6.331,0.493,-0.533,-0.314,-0.613,1,-30.326,29.024,-23.932,0.000,2,32.119831,-110.762398,267.390015,2.863,2957.349365,21,39,41,48,5,3,U_TURN_HDG,AP_PROT_ROLL_MAX,11.816,-30.000,0.000,4,16,20,14,ROLL_LEFT
1488,175.089386,0,-1.615,1.935,-1.525,75.176,146.599,255.559,-7.945,22.157,-30.774,-31.875,5.125,22.375,30.450,-4.332,6.639,0.492,-0.538,-0.322,-0.604,1,-29.953,28.986,-23.784,0.000,2,32.119831,-110.762398,268.140015,2.849,2957.349365,21,39,41,56,5,3,U_TURN_HDG,AP_PROT_ROLL_MAX,11.816,-30.000,0.000,4,16,20,14,ROLL_LEFT
1489,175.146652,0,-5.165,3.909,-1.410,75.083,151.403,260.705,10.631,-1.567,6.491,-31.875,5.125,22.375,30.476,-3.922,6.895,0.488,-0.532,-0.323,-0.612,1,-29.610,29.031,-23.647,0.000,2,32.119831,-110.762398,267.760010,2.817,2957.349365,21,39,41,60,5,3,U_TURN_HDG,AP_PROT_ROLL_MAX,11.816,-30.000,0.000,4,16,20,14,ROLL_LEFT
1490,175.289963,0,-4.306,1.833,-5.037,75.235,144.290,251.910,28.088,-29.655,41.853,-31.875,5.125,22.375,30.476,-4.896,6.152,0.500,-0.538,-0.328,-0.594,1,-29.398,28.993,-23.563,0.000,2,32.119827,-110.762398,266.920013,2.704,2957.349365,21,39,41,76,5,3,U_TURN_HDG,AP_PROT_ROLL_MAX,11.816,-30.000,0.000,4,16,20,14,ROLL_LEFT
1491,175.363739,0,-2.140,-0.897,-4.434,75.213,136.590,241.627,30.215,3.133,36.593,-31.875,5.125,22.375,30.450,-5.485,5.536,0.517,-0.542,-0.337,-0.571,1,-31.180,29.044,-24.266,0.000,2,32.119827,-110.762398,266.720001,2.677,2957.677246,21,39,41,84,5,3,U_TURN_HDG,AP_PROT_ROLL_MAX,11.816,-30.000,0.000,4,16,20,14,ROLL_LEFT
1492,175.490479,0,3.819,0.974,-0.897,75.434,134.183,238.954,-1.119,-19.024,-8.729,-31.875,5.125,22.375,30.502,-5.434,5.203,0.517,-0.545,-0.339,-0.566,1,-30.027,28.997,-23.814,0.000,2,32.119827,-110.762398,266.809998,2.751,2957.677246,21,39,41,96,5,3,U_TURN_HDG,AP_PROT_ROLL_MAX,11.816,-30.000,0.000,4,16,20,14,ROLL_LEFT
1493,175.566681,0,-2.614,0.551,3.332,75.691,131.446,235.825,-2.798,12.533,1.119,-31.875,5.125,22.375,30.450,-5.588,5.178,0.518,-0.549,-0.342,-0.560,1,-31.928,28.983,-24.556,0.000,2,32.119827,-110.762398,266.600006,2.749,2957.677246,21,39,42,4,5,3,U_TURN_HDG,AP_PROT_ROLL_MAX,11.816,-30.000,0.000,4,16,20,14,ROLL_LEFT
1494,175.645035,0,-4.204,-0.577,2.935,75.129,133.269,237.600,-4.700,-9.848,7.274,-31.875,5.125,22.375,30.399,-5.972,4.844,0.521,-0.545,-0.339,-0.562,1,-33.900,28.990,-25.303,0.000,2,32.119827,-110.762398,265.420013,2.690,2957.677246,21,39,42,12,5,3,U_TURN_HDG,AP_PROT_ROLL_MAX,11.816,-30.000,0.000,4,16,20,14,ROLL_LEFT
1495,175.729904,0,-8.420,-3.217,6.228,75.399,129.719,234.836,-6.267,10.295,-4.700,-31.875,5.125,22.375,30.399,-5.998,4.716,0.516,-0.553,-0.337,-0.560,1,-31.932,28.982,-24.557,0.000,2,32.119827,-110.762405,265.670013,2.653,2958.005371,21,39,42,20,5,3,U_TURN_HDG,AP_PROT_ROLL_MAX,11.816,-30.000,0.000,4,16,20,14,ROLL_LEFT
1496,175.808975,0,-8.702,-3.242,1.192,75.587,131.584,236.742,-8.393,-67.255,-6.491,-31.875,5.125,22.375,30.502,-5.562,3.922,0.515,-0.551,-0.338,-0.564,1,-31.447,28.997,-24.370,0.000,2,32.119827,-110.762405,266.170013,2.689,2958.005371,21,39,42,28,5,3,U_TURN_HDG,AP_PROT_ROLL_MAX,11.816,-30.000,0.000,4,16,20,14,ROLL_LEFT
1497,175.888947,0,-15.097,-1.307,-8.100,79.240,114.998,220.986,-79.117,4.141,-53.491,-31.875,5.125,22.375,30.784,-4.357,1.743,0.489,-0.576,-0.359,-0.548,1,-30.252,29.016,-23.902,0.000,2,32.119827,-110.762405,263.609985,2.694,2958.005371,21,39,42,36,5,3,U_TURN_HDG,AP_PROT_ROLL_MAX,11.816,-30.000,0.000,4,16,20,14,ROLL_LEFT
1498,175.967911,0,-17.904,-8.599,-5.549,88.858,-85.434,27.421,-42.636,-48.679,-109.892,-31.875,5.125,22.375,30.989,-0.461,0.205,0.385,-0.586,-0.397,-0.593,1,-33.206,28.960,-25.042,0.000,2,32.119827,-110.762405,263.130005,2.704,2957.677246,21,39,42,44,5,3,U_TURN_HDG,AP_PROT_ROLL_MIN,11.816,30.000,0.000,4,-12,-8,14,ROLL_RIGHT
1499,176.048965,0,0.141,-1.986,-10.919,72.674,-88.240,29.072,-50.693,34.579,-202.550,-31.875,5.125,22.375,28.733,11.150,0.077,0.271,-0.544,-0.456,-0.650,1,-33.575,29.002,-25.181,0.000,2,32.119827,-110.762405,256.239990,2.770,2957.349365,21,39,42,52,5,3,U_TURN_HDG,AP_PROT_ROLL_MIN,11.816,30.000,0.000,4,-12,-8,14,ROLL_RIGHT
1500,176.103989,0,0.231,-2.371,-4.639,53.341,-98.565,22.085,-45.993,49.462,-211.726,-31.875,5.125,22.375,25.452,17.096,2.127,0.158,-0.446,-0.507,-0.721,1,-38.704,29.002,-27.036,0.000,2,32.119823,-110.762405,252.250000,2.760,2957.349365,21,39,42,56,5,3,U_TURN_HDG,AP_PROT_ROLL_MIN,11.816,30.000,0.000,4,-12,-8,14,ROLL_RIGHT
1501,176.167023,0,9.983,5.242,0.846,45.724,-99.217,21.621,45.769,77.103,-137.756,-31.875,5.125,22.375,21.556,21.582,3.281,0.116,-0.403,-0.531,-0.737,1,-40.150,28.960,-27.537,0.000,2,32.119823,-110.762405,248.559998,2.636,2957.349365,21,39,42,64,5,3,U_TURN_HDG,AP_PROT_ROLL_MIN,11.816,30.000,0.000,4,-12,-8,14,ROLL_RIGHT
1502,176.327698,0,-4.780,10.701,-2.191,37.561,-99.821,15.213,48.343,78.222,-71.172,-31.875,5.125,22.375,19.147,23.607,3.793,0.110,-0.325,-0.572,-0.745,1,-38.097,28.964,-26.823,0.000,2,32.119823,-110.762405,246.089996,2.660,2957.349365,21,39,42,80,5,3,U_TURN_HDG,AP_PROT_ROLL_MIN,11.816,30.000,0.000,4,-12,-8,14,ROLL_RIGHT
1503,176.388123,0,-0.987,-1.423,9.894,25.963,-98.871,16.085,-27.529,11.191,-69.494,-31.875,5.125,22.375,12.534,27.554,4.562,0.041,-0.258,-0.604,-0.753,1,-37.853,28.974,-26.737,0.000,2,32.119823,-110.762405,245.610001,2.684,2957.349365,21,39,42,84,5,3,U_TURN_HDG,AP_PROT_ROLL_MIN,11.816,30.000,0.000,4,-12,-8,14,ROLL_RIGHT
1504,176.487991,0,0.884,3.371,4.075,21.848,-101.042,17.374,-42.636,-29.319,-20.926,-31.875,5.125,22.375,11.688,27.785,5.460,0.005,-0.239,-0.595,-0.767,1,-38.700,29.014,-27.035,0.000,2,32.119823,-110.762405,242.800003,2.687,2957.677246,21,39,42,96,5,3,U_TURN_HDG,AP_PROT_ROLL_MIN,11.816,30.000,0.000,4,-12,-8,14,ROLL_RIGHT
1505,176.603836,0,2.063,4.498,1.282,19.708,-102.219,20.488,-19.472,-33.348,-35.250,-31.875,5.125,22.375,10.611,28.118,6.357,0.031,0.241,0.585,0.774,1,-35.555,28.995,-25.913,0.000,2,32.119823,-110.762413,240.020004,2.677,2957.677246,21,39,43,8,5,3,U_TURN_HDG,AP_PROT_ROLL_MIN,11.816,30.000,0.000,4,-12,-8,14,ROLL_RIGHT
1506,176.683792,0,-2.589,0.846,2.153,20.799,-101.795,21.890,-6.714,-35.810,18.800,-31.875,5.125,22.375,10.765,28.297,5.767,0.033,0.255,0.582,0.771,1,-32.696,29.021,-24.849,0.000,2,32.119823,-110.762413,238.729996,2.640,2957.677246,21,39,43,16,5,3,U_TURN_HDG,AP_PROT_ROLL_MIN,11.816,30.000,0.000,4,-12,-8,14,ROLL_RIGHT
1507,176.768982,0,-5.626,-2.973,1.730,18.748,-102.010,18.888,15.891,26.410,19.472,-31.875,5.125,22.375,10.201,28.477,6.152,0.025,0.227,0.592,0.773,1,-29.318,28.994,-23.531,0.000,2,32.119823,-110.762413,237.570007,2.613,2957.677246,21,39,43,24,5,3,U_TURN_HDG,AP_PROT_ROLL_MIN,11.816,30.000,0.000,4,-12,-8,14,ROLL_RIGHT
1508,176.848969,0,-0.590,-7.215,2.858,20.365,-101.549,17.346,50.246,-17.905,51.924,-31.875,5.125,22.375,12.329,27.938,4.767,0.004,0.229,0.595,0.771,1,-37.927,28.984,-26.764,0.000,2,32.119820,-110.762413,236.699997,2.653,2958.005371,21,39,43,32,5,3,U_TURN_HDG,AP_PROT_ROLL_MIN,11.816,30.000,0.000,4,-12,-8,14,ROLL_RIGHT
1509,176.928970,0,1.243,2.884,7.267,24.045,-97.234,17.076,39.727,-9.624,-4.364,-31.875,5.125,22.375,12.765,28.015,2.743,0.027,-0.251,-0.616,-0.746,1,-36.500,28.997,-26.255,0.000,2,32.119820,-110.762413,236.020004,2.726,2958.005371,21,39,43,40,5,3,U_TURN_HDG,AP_PROT_ROLL_MIN,11.816,30.000,0.000,4,-12,-8,14,ROLL_RIGHT
1510,177.003464,0,-0.974,5.331,12.688,24.243,-93.885,17.827,50.470,5.707,34.131,-31.875,5.125,22.375,13.328,27.862,1.333,0.031,-0.255,-0.636,-0.728,1,-37.073,28.961,-26.461,0.000,2,32.119820,-110.762413,235.880005,2.824,2958.005371,21,39,43,48,5,3,U_TURN_HDG,AP_PROT_ROLL_MIN,11.816,30.000,0.000,4,-12,-8,14,ROLL_RIGHT
1511,177.083466,0,-0.154,3.755,9.561,28.027,-89.710,19.004,14.548,-30.438,28.872,-31.875,5.125,22.375,14.815,27.169,-0.282,0.056,-0.282,-0.650,-0.703,1,-36.978,28.988,-26.427,0.000,2,32.119820,-110.762413,235.360001,2.896,2958.005371,21,39,43,56,5,3,U_TURN_HDG,AP_PROT_ROLL_MIN,11.816,30.000,0.000,4,-12,-8,14,ROLL_RIGHT
1512,177.164673,0,-1.435,2.730,8.279,28.520,-88.538,19.480,-17.793,17.345,-2.238,-31.875,5.125,22.375,14.636,27.298,0.923,0.059,-0.287,-0.655,-0.697,1,-33.909,28.970,-25.306,0.000,2,32.119820,-110.762413,234.630005,2.977,2958.333496,21,39,43,64,5,3,U_TURN_HDG,AP_PROT_ROLL_MIN,11.816,30.000,0.000,4,-12,-8,14,ROLL_RIGHT
1513,177.249939,0,-6.036,-5.818,5.447,24.146,-95.085,20.833,-81.803,-33.124,-84.601,-31.875,5.125,22.375,13.200,27.887,2.845,0.008,-0.271,-0.621,-0.735,1,-38.006,28.983,-26.791,0.000,2,32.119820,-110.762413,234.059998,3.033,2958.333496,21,39,43,72,5,3,U_TURN_HDG,AP_PROT_ROLL_MIN,11.816,30.000,0.000,4,-12,-8,14,ROLL_RIGHT
1514,177.409653,0,-1.448,-3.717,0.641,17.281,-97.610,24.070,-49.798,-36.034,-56.065,-31.875,5.125,22.375,12.688,28.118,3.101,0.058,0.246,0.613,0.748,1,-40.290,28.994,-27.584,0.000,2,32.119816,-110.762413,233.809998,3.138,2958.661377,21,39,43,88,5,3,U_TURN_HDG,AP_PROT_ROLL_MIN,11.816,30.000,0.000,4,-12,-8,14,ROLL_RIGHT
1515,177.513092,0,1.115,6.946,-1.884,17.057,-98.838,26.278,-14.100,-56.401,3.917,-31.875,5.125,22.375,10.330,28.682,4.947,0.077,0.256,0.601,0.753,1,-43.976,29.036,-28.819,0.000,2,32.119816,-110.762421,233.179993,3.219,2958.661377,21,39,43,96,5,3,U_TURN_HDG,AP_PROT_ROLL_MIN,11.816,30.000,0.000,4,-12,-8,14,ROLL_RIGHT
1516,177.567520,0,-1.499,5.716,-5.037,19.103,-100.048,33.874,-43.419,-2.574,6.938,-31.875,5.125,22.375,10.099,28.451,6.126,0.118,0.306,0.569,0.754,1,-38.959,28.974,-27.125,0.000,2,32.119816,-110.762421,232.330002,3.301,2958.661377,21,39,44,4,5,3,U_TURN_HDG,AP_PROT_ROLL_MIN,11.816,30.000,0.000,4,-12,-8,14,ROLL_RIGHT
1517,177.766800,0,0.602,6.203,0.884,19.881,-102.021,33.509,-14.100,9.960,21.822,-31.875,5.125,22.375,10.611,28.041,7.049,0.117,0.307,0.555,0.764,1,-39.734,29.000,-27.394,0.000,2,32.119816,-110.762421,234.750000,3.445,2958.989746,21,39,44,24,5,3,U_TURN_HDG,AP_PROT_ROLL_MIN,11.816,30.000,0.000,4,-12,-8,14,ROLL_RIGHT
1518,177.848129,0,-2.755,1.730,-0.807,18.861,-102.003,35.615,-8.057,-0.560,-41.069,-31.875,5.125,22.375,10.022,28.502,6.844,0.136,0.311,0.552,0.761,1,-38.848,29.030,-27.086,0.000,2,32.119812,-110.762421,235.130005,3.470,2958.989746,21,39,44,32,5,3,U_TURN_HDG,AP_PROT_ROLL_MIN,11.816,30.000,0.000,4,-12,-8,14,ROLL_RIGHT
1519,177.927872,0,-4.780,-6.331,-9.356,21.962,-103.136,38.431,-2.014,-32.229,104.408,-31.875,5.125,22.375,12.918,27.323,7.126,0.141,0.342,0.527,0.765,1,-35.174,28.969,-25.774,0.000,2,32.119812,-110.762421,235.789993,3.430,2958.989746,21,39,44,40,5,3,U_TURN_HDG,AP_PROT_ROLL_MIN,11.816,30.000,0.000,4,-12,-8,14,ROLL_RIGHT
1520,178.012192,0,-5.677,-17.007,-1.807,32.331,-105.729,35.985,-15.331,14.548,113.025,-31.875,5.125,22.375,16.661,24.991,7.920,0.077,0.390,0.483,0.780,1,-37.828,29.020,-26.728,0.000,2,32.119812,-110.762421,236.100006,3.406,2959.317627,21,39,44,48,5,3,U_TURN_HDG,AP_PROT_ROLL_MIN,11.816,30.000,0.000,4,-12,-8,14,ROLL_RIGHT
1521,178.087662,0,0.243,-9.227,-2.486,34.967,-107.667,33.683,5.148,-15.667,6.714,-31.875,5.125,22.375,17.609,24.171,8.048,0.053,0.395,0.468,0.788,1,-35.465,29.010,-25.880,0.000,2,32.119812,-110.762421,236.289993,3.401,2959.317627,21,39,44,56,5,3,U_TURN_HDG,AP_PROT_ROLL_MIN,11.816,30.000,0.000,4,-12,-8,14,ROLL_RIGHT
1522,178.167374,0,9.535,2.422,4.473,35.069,-106.975,33.578,24.843,72.739,-18.464,-31.875,5.125,22.375,16.994,24.478,8.048,0.050,0.396,0.473,0.785,1,-38.475,28.990,-26.956,0.000,2,32.119812,-110.762428,236.089996,3.401,2959.317627,21,39,44,64,5,3,U_TURN_HDG,AP_PROT_ROLL_MIN,11.816,30.000,0.000,4,-12,-8,14,ROLL_RIGHT
1523,178.252197,0,7.343,16.994,-1.487,32.143,-107.191,27.906,81.020,38.048,3.693,-31.875,5.125,22.375,15.840,25.478,6.972,0.027,0.354,0.500,0.790,1,-41.765,29.036,-28.085,0.000,2,32.119812,-110.762428,235.509995,3.362,2959.317627,21,39,44,72,5,3,U_TURN_HDG,AP_PROT_ROLL_MIN,11.816,30.000,0.000,4,-12,-8,14,ROLL_RIGHT
1524,178.332138,0,-2.960,16.379,2.819,30.319,-104.908,23.025,19.248,17.122,41.405,-31.875,5.125,22.375,15.712,25.580,7.074,0.003,-0.321,-0.535,-0.782,1,-37.299,28.982,-26.541,0.000,2,32.119808,-110.762428,235.320007,3.411,2959.317627,21,39,44,80,5,3,U_TURN_HDG,AP_PROT_ROLL_MIN,11.816,30.000,0.000,4,-12,-8,14,ROLL_RIGHT
1525,178.392517,0,-11.457,-3.704,-0.141,33.300,-104.030,20.839,17.233,-10.743,83.706,-31.875,5.125,22.375,17.455,24.734,6.203,0.037,-0.329,-0.539,-0.775,1,-37.197,29.020,-26.505,0.000,2,32.119808,-110.762428,235.470001,3.425,2959.317627,21,39,44,84,5,3,U_TURN_HDG,AP_PROT_ROLL_MIN,11.816,30.000,0.000,4,-12,-8,14,ROLL_RIGHT
1526,178.451630,0,-13.572,-18.544,2.960,41.383,-104.403,19.416,29.879,-11.526,152.640,-31.875,5.125,22.375,20.787,22.171,5.793,0.089,-0.372,-0.518,-0.765,1,-35.368,29.042,-25.845,0.000,2,32.119808,-110.762428,236.110001,3.413,2959.645752,21,39,44,92,5,3,U_TURN_HDG,AP_PROT_ROLL_MIN,11.816,30.000,0.000,4,-12,-8,14,ROLL_RIGHT
1527,178.527695,0,3.345,-13.059,12.854,48.337,-102.890,18.035,76.096,-45.993,101.163,-31.875,5.125,22.375,23.607,19.583,3.819,0.140,-0.405,-0.511,-0.745,1,-39.890,29.005,-27.447,0.000,2,32.119808,-110.762428,237.130005,3.435,2959.645752,21,39,45,0,5,3,U_TURN_HDG,AP_PROT_ROLL_MIN,11.816,30.000,0.000,4,-12,-8,14,ROLL_RIGHT
1528,178.729782,0,11.188,-2.653,8.407,53.790,-94.504,22.686,63.227,-41.517,98.365,-31.875,5.125,22.375,25.811,16.840,-0.026,0.172,-0.445,-0.528,-0.703,1,-40.903,29.027,-27.794,0.000,2,32.119808,-110.762428,241.309998,3.580,2960.302002,21,39,45,20,5,3,U_TURN_HDG,AP_PROT_ROLL_MIN,11.816,30.000,0.000,4,-12,-8,14,ROLL_RIGHT
1529,178.806641,0,-12.585,4.050,-5.319,61.161,-83.793,29.358,-36.034,92.098,-17.905,-31.875,5.125,22.375,28.733,11.150,1.256,0.221,-0.491,-0.534,-0.652,1,-36.904,28.981,-26.400,0.000,2,32.119808,-110.762428,244.449997,3.595,2960.302002,21,39,45,28,5,3,U_TURN_HDG,AP_PROT_ROLL_MIN,11.816,30.000,0.000,4,-12,-8,14,ROLL_RIGHT
1530,178.885681,0,-13.739,8.446,-3.230,67.610,-102.785,10.930,-6.826,-32.453,-56.065,-31.875,5.125,22.375,27.810,13.021,2.486,0.284,-0.482,-0.475,-0.679,1,-32.782,29.007,-24.882,0.000,2,32.119808,-110.762444,245.449997,3.659,2960.302002,21,39,45,36,5,3,U_TURN_HDG,AP_PROT_ROLL_MIN,11.816,30.000,0.000,4,-12,-8,14,ROLL_RIGHT
1531,178.970047,0,-12.547,8.830,-3.281,53.431,-104.170,18.919,-86.503,-27.865,-139.994,-31.875,5.125,22.375,25.939,16.353,2.563,0.157,-0.440,-0.483,-0.741,1,-30.435,28.974,-23.975,0.000,2,32.119808,-110.762444,244.589996,3.703,2960.302002,21,39,45,44,5,3,U_TURN_HDG,AP_PROT_ROLL_MIN,11.816,30.000,0.000,4,-12,-8,14,ROLL_RIGHT
1532,179.046585,0,-7.369,-14.661,7.792,44.936,-120.178,10.701,-145.701,111.906,-69.046,-31.875,5.125,22.375,24.453,18.045,4.742,0.115,-0.373,-0.428,-0.815,1,-40.360,29.011,-27.609,0.000,2,32.119808,-110.762444,243.289993,3.683,2959.973877,21,39,45,52,5,3,U_TURN_HDG,AP_PROT_ROLL_MIN,11.816,30.000,0.000,4,-12,-8,14,ROLL_RIGHT
1533,179.126587,0,-1.269,-8.433,-2.384,40.700,-125.972,10.250,-95.791,20.814,-125.223,-31.875,5.125,22.375,17.788,19.480,15.533,0.083,-0.347,-0.396,-0.846,1,-42.831,28.967,-28.441,0.000,2,32.119804,-110.762444,241.630005,3.663,2959.973877,21,39,45,60,5,3,U_TURN_HDG,AP_PROT_ROLL_MIN,11.816,30.000,0.000,4,-12,-8,14,ROLL_RIGHT
1534,179.206726,0,0.871,5.306,4.127,31.411,-131.158,14.885,-161.480,70.389,-81.579,-31.875,5.125,22.375,12.944,18.352,20.633,0.003,0.296,0.363,0.884,1,-43.682,28.992,-28.722,0.000,2,32.119804,-110.762444,241.020004,3.659,2959.973877,21,39,45,68,5,3,U_TURN_HDG,AP_PROT_ROLL_MIN,11.816,30.000,0.000,4,-12,-8,14,ROLL_RIGHT
1535,179.329926,0,1.025,-5.780,10.419,21.944,-144.560,11.248,-50.470,100.380,26.634,-31.875,5.125,22.375,10.714,16.327,23.350,0.034,0.210,0.280,0.936,1,-52.024,29.043,-31.345,0.000,2,32.119804,-110.762444,241.580002,3.825,2960.302002,21,39,45,80,5,3,U_TURN_HDG,AP_PROT_ROLL_MIN,11.816,30.000,0.000,4,-12,-8,14,ROLL_RIGHT
1536,179.407349,0,-2.332,1.051,10.496,20.103,-144.209,8.981,99.596,88.294,33.236,-31.875,5.125,22.375,9.304,19.301,21.633,0.020,0.189,0.289,0.938,1,-46.910,29.009,-29.765,0.000,2,32.119804,-110.762451,242.009995,3.961,2960.302002,21,39,45,88,5,3,U_TURN_HDG,AP_PROT_ROLL_MIN,11.816,30.000,0.000,4,-12,-8,14,ROLL_RIGHT
1537,179.496841,0,1.564,8.933,-9.868,17.790,-134.324,4.008,128.244,-112.130,44.427,-31.875,5.125,22.375,10.560,22.223,17.993,0.028,-0.156,-0.378,-0.912,1,-41.458,29.024,-27.981,0.000,2,32.119804,-110.762451,242.059998,3.987,2960.302002,21,39,45,96,5,3,U_TURN_HDG,AP_PROT_ROLL_MIN,11.816,30.000,0.000,4,-12,-8,14,ROLL_RIGHT
1538,179.609985,0,-7.343,-2.512,4.024,25.172,-123.317,5.319,59.198,-3.021,114.368,-31.875,5.125,22.375,14.815,23.017,13.508,0.063,-0.213,-0.454,-0.863,1,-37.197,29.016,-26.505,0.000,2,32.119801,-110.762451,242.139999,4.061,2960.302002,21,39,46,8,5,3,U_TURN_HDG,AP_PROT_ROLL_MIN,11.816,30.000,0.000,4,-12,-8,14,ROLL_RIGHT
1539,179.690735,0,-1.628,-2.678,1.820,37.442,-120.248,0.361,-26.298,-1.007,155.213,-31.875,5.125,22.375,21.172,18.019,12.739,0.157,-0.280,-0.471,-0.822,1,-32.090,28.979,-24.618,0.000,2,32.119801,-110.762451,242.380005,4.139,2960.630127,21,39,46,16,5,3,U_TURN_HDG,AP_PROT_ROLL_MIN,11.816,30.000,0.000,4,-12,-8,14,ROLL_RIGHT
1540,179.765518,0,7.420,-1.346,-6.446,50.481,-130.461,347.900,-36.146,23.948,75.201,-31.875,5.125,22.375,23.427,14.661,13.072,0.264,-0.345,-0.418,-0.798,1,-32.844,29.039,-24.905,0.000,2,32.119801,-110.762451,242.389999,4.213,2960.630127,21,39,46,24,5,3,U_TURN_HDG,AP_PROT_ROLL_MIN,11.816,30.000,0.000,4,-12,-8,14,ROLL_RIGHT
1541,179.846619,0,3.922,-7.548,6.895,51.475,-136.298,342.552,-38.719,69.941,41.965,-31.875,5.125,22.375,23.299,12.483,15.430,0.287,-0.348,-0.393,-0.802,1,-34.749,29.024,-25.618,0.000,2,32.119801,-110.762451,242.220001,4.294,2960.630127,21,39,46,32,5,3,U_TURN_HDG,AP_PROT_ROLL_MIN,11.816,30.000,0.000,4,-12,-8,14,ROLL_RIGHT
1542,179.928467,0,-0.679,3.832,-1.756,53.513,-148.326,330.727,59.198,-30.326,79.229,-31.875,5.125,22.375,24.811,9.484,15.379,0.336,-0.357,-0.345,-0.800,1,-32.448,29.043,-24.755,0.000,2,32.119801,-110.762459,242.669998,4.302,2960.630127,21,39,46,40,5,3,U_TURN_HDG,AP_PROT_ROLL_MIN,11.816,30.000,0.000,4,-12,-8,14,ROLL_RIGHT
1543,180.009644,0,-3.230,-1.153,-7.497,57.777,-145.053,331.471,-35.586,-38.719,-15.667,-31.875,5.125,22.375,25.862,9.766,13.533,0.346,-0.382,-0.368,-0.774,1,-35.058,29.032,-25.731,0.000,2,32.119797,-110.762459,241.889999,4.397,2960.958008,21,39,46,48,5,3,U_TURN_HDG,AP_PROT_ROLL_MIN,11.816,30.000,0.000,4,-12,-8,14,ROLL_RIGHT
1544,180.088989,0,0.333,-1.615,-6.280,56.032,-144.585,337.395,-70.948,54.051,-66.360,-31.875,5.125,22.375,24.734,10.432,15.046,0.305,-0.386,-0.351,-0.797,1,-38.769,29.031,-27.059,0.000,2,32.119797,-110.762459,241.220001,4.463,2960.958008,21,39,46,56,5,3,U_TURN_HDG,AP_PROT_ROLL_MIN,11.816,30.000,0.000,4,-12,-8,14,ROLL_RIGHT
1545,180.170807,0,-2.807,-7.164,-11.611,47.565,-152.310,341.846,-154.542,60.541,-80.796,-31.875,5.125,22.375,22.428,9.843,18.685,0.235,-0.352,-0.278,-0.862,1,-45.736,28.998,-29.390,0.000,2,32.119797,-110.762459,241.949997,4.463,2960.958008,21,39,46,64,5,3,U_TURN_HDG,AP_PROT_ROLL_MIN,11.816,30.000,0.000,4,-12,-8,14,ROLL_RIGHT
1546,180.245117,0,-10.317,-2.127,5.613,37.857,-163.207,341.518,-45.993,102.506,21.710,-31.875,5.125,22.375,18.147,6.921,23.940,0.197,-0.295,-0.188,-0.916,1,-53.934,29.013,-31.915,0.000,2,32.119797,-110.762459,243.190002,4.490,2960.958008,21,39,46,72,5,3,U_TURN_HDG,AP_PROT_ROLL_MIN,11.816,30.000,0.000,4,-12,-8,14,ROLL_RIGHT
1547,180.407013,0,-1.602,10.291,-8.176,34.695,-168.185,335.939,-9.400,16.786,46.105,-31.875,5.125,22.375,17.122,4.998,25.068,0.228,-0.270,-0.158,-0.922,1,-49.674,29.010,-30.629,0.000,2,32.119797,-110.762466,246.550003,4.491,2961.286133,21,39,46,88,5,3,U_TURN_HDG,AP_PROT_ROLL_MIN,11.816,30.000,0.000,4,-12,-8,14,ROLL_RIGHT
1548,180.496201,0,4.319,-1.012,6.062,35.520,-174.392,334.552,68.934,-7.610,12.757,-31.875,5.125,22.375,18.890,2.204,24.042,0.224,-0.287,-0.113,-0.925,1,-56.478,28.979,-32.659,0.000,2,32.119797,-110.762466,246.899994,4.571,2961.286133,21,39,46,96,5,3,U_TURN_HDG,AP_PROT_ROLL_MIN,11.816,30.000,0.000,4,-12,-8,14,ROLL_RIGHT
1549,180.579926,0,-5.485,9.983,-11.739,41.262,-174.922,328.696,105.415,-141.785,108.213,-31.875,5.125,22.375,23.197,2.051,19.813,0.267,-0.328,-0.135,-0.896,1,-40.606,28.994,-27.693,0.000,2,32.119797,-110.762466,246.679993,4.625,2961.286133,21,39,47,4,5,3,U_TURN_HDG,AP_PROT_ROLL_MIN,11.816,30.000,0.000,4,-12,-8,14,ROLL_RIGHT
1550,180.643982,0,-16.661,0.871,-8.779,54.740,177.910,307.098,53.043,-50.805,172.894,-31.875,5.125,22.375,24.760,0.282,17.916,0.388,-0.419,-0.190,-0.799,1,-37.751,29.016,-26.701,0.000,2,32.119793,-110.762466,246.699997,4.709,2961.286133,21,39,47,12,5,3,U_TURN_HDG,AP_PROT_ROLL_MAX,11.816,-30.000,0.000,4,16,20,14,ROLL_LEFT
1551,180.709900,0,-15.725,-6.408,-7.164,56.525,169.429,293.897,105.415,-37.824,162.599,-31.875,5.125,22.375,25.503,-4.075,16.071,0.442,-0.439,-0.189,-0.759,1,-11.074,29.013,-14.462,0.000,2,32.119793,-110.762466,247.070007,4.716,2961.614258,21,39,47,16,5,3,U_TURN_HDG,AP_PROT_ROLL_MAX,11.816,-30.000,0.000,4,16,20,14,ROLL_LEFT
1552,180.763870,0,-7.843,-8.753,6.587,55.542,159.428,272.265,34.131,-27.193,94.225,-31.875,5.125,22.375,25.068,-6.049,15.917,0.543,-0.440,-0.204,-0.685,1,-20.148,29.015,-19.507,0.000,2,32.119793,-110.762466,248.020004,4.623,2961.614258,21,39,47,24,5,3,U_TURN_HDG,AP_PROT_ROLL_MAX,11.816,-30.000,0.000,4,16,20,14,ROLL_LEFT
1553,180.843979,0,-8.676,-9.676,8.292,56.726,153.181,265.034,-30.662,-38.272,16.450,-31.875,5.125,22.375,25.324,-7.228,14.713,0.556,-0.463,-0.203,-0.660,1,-37.526,28.997,-26.621,0.000,2,32.119793,-110.762466,248.149994,4.566,2961.614258,21,39,47,32,5,3,U_TURN_HDG,AP_PROT_ROLL_MAX,11.816,-30.000,0.000,4,16,20,14,ROLL_LEFT
1554,180.932068,0,23.876,14.815,-4.844,61.560,148.432,260.033,-34.915,-107.206,-12.645,-31.875,5.125,22.375,26.401,-7.305,12.559,0.544,-0.496,-0.227,-0.638,1,-32.080,28.996,-24.614,0.000,2,32.119793,-110.762474,248.240005,4.560,2961.614258,21,39,47,40,5,3,U_TURN_HDG,AP_PROT_ROLL_MAX,11.816,-30.000,0.000,4,16,20,14,ROLL_LEFT
1555,181.012192,0,-1.679,-1.089,8.458,57.434,146.012,258.567,-33.348,-24.619,85.496,-31.875,5.125,22.375,25.042,-10.432,13.226,0.560,-0.489,-0.193,-0.640,1,-30.969,29.007,-24.184,0.000,2,32.119793,-110.762474,248.029999,4.603,2961.614258,21,39,47,48,5,3,U_TURN_HDG,AP_PROT_ROLL_MAX,11.816,-30.000,0.000,4,16,20,14,ROLL_LEFT
1556,181.131744,0,-19.134,-5.088,-3.306,55.412,133.302,246.561,-64.346,-49.127,18.688,-31.875,5.125,22.375,25.221,-13.405,10.048,0.578,-0.528,-0.164,-0.600,1,-28.509,29.026,-23.204,0.000,2,32.119793,-110.762474,247.149994,4.645,2961.942383,21,39,47,60,5,3,U_TURN_HDG,AP_PROT_ROLL_MAX,11.816,-30.000,0.000,4,16,20,14,ROLL_LEFT
1557,181.206619,0,-16.584,-3.358,-6.856,58.363,124.210,240.799,-20.143,-56.512,-22.829,-31.875,5.125,22.375,27.503,-11.534,4.793,0.550,-0.570,-0.165,-0.587,1,-30.334,29.009,-23.935,0.000,2,32.119793,-110.762474,246.789993,4.625,2961.942383,21,39,47,68,5,3,U_TURN_HDG,AP_PROT_ROLL_MAX,11.816,-30.000,0.000,4,16,20,14,ROLL_LEFT
1558,181.329651,0,-15.135,-3.435,-3.704,67.710,108.631,226.797,15.443,-41.853,-20.143,-31.875,5.125,22.375,27.836,-10.893,3.460,0.490,-0.624,-0.223,-0.566,1,-32.781,29.009,-24.881,0.000,2,32.119789,-110.762474,245.880005,4.604,2961.942383,21,39,47,80,5,3,U_TURN_HDG,AP_PROT_ROLL_MAX,11.816,-30.000,0.000,4,16,20,14,ROLL_LEFT
1559,181.408508,0,19.852,-1.089,-17.660,70.889,86.983,200.123,17.233,-43.308,-17.233,-31.875,5.125,22.375,28.067,-10.432,2.973,0.479,-0.652,-0.290,-0.512,1,-40.747,29.018,-27.740,0.000,2,32.119789,-110.762474,244.660004,4.576,2961.942383,21,39,47,88,5,3,U_TURN_HDG,AP_PROT_ROLL_MAX,11.816,-30.000,0.000,4,16,20,14,ROLL_LEFT
1560,181.488586,0,-2.999,-7.228,1.602,66.006,83.783,194.114,57.408,91.539,68.151,-31.875,5.125,22.375,26.913,-13.815,-0.154,0.506,-0.664,-0.284,-0.471,1,-33.637,29.031,-25.204,0.000,2,32.119789,-110.762474,246.350006,4.464,2961.942383,21,39,47,96,5,3,U_TURN_HDG,AP_PROT_ROLL_MAX,11.816,-30.000,0.000,4,16,20,14,ROLL_LEFT
1561,181.571838,0,-4.050,-2.653,-0.269,61.973,96.665,205.664,-55.170,-24.955,-31.334,-31.875,5.125,22.375,26.734,-14.328,1.358,0.548,-0.641,-0.248,-0.476,1,-33.642,29.024,-25.206,0.000,2,32.119793,-110.762482,249.279999,4.452,2962.270508,21,39,48,4,5,3,U_TURN_HDG,AP_PROT_ROLL_MAX,11.816,-30.000,0.000,4,16,20,14,ROLL_LEFT
1562,181.643982,0,-13.277,5.024,-3.345,64.279,89.934,201.337,-56.848,37.600,-66.248,-31.875,5.125,22.375,28.041,-11.867,-0.615,0.518,-0.658,-0.259,-0.481,1,-36.095,29.013,-26.109,0.000,2,32.119789,-110.762482,249.970001,4.500,2962.270508,21,39,48,12,5,3,U_TURN_HDG,AP_PROT_ROLL_MAX,11.816,-30.000,0.000,4,16,20,14,ROLL_LEFT
1563,181.726639,0,-13.149,3.563,-0.308,70.741,93.769,210.152,-19.695,39.167,-45.546,-31.875,5.125,22.375,28.656,-10.355,0.410,0.472,-0.648,-0.263,-0.537,1,-28.419,29.044,-23.167,0.000,2,32.119789,-110.762482,247.360001,4.522,2962.270508,21,39,48,20,5,3,U_TURN_HDG,AP_PROT_ROLL_MAX,11.816,-30.000,0.000,4,16,20,14,ROLL_LEFT
1564,181.803757,0,5.934,-1.102,0.103,71.856,94.176,207.292,29.543,10.407,-10.967,-31.875,5.125,22.375,28.682,-10.176,0.718,0.482,-0.637,-0.288,-0.528,1,-37.433,29.018,-26.589,0.000,2,32.119789,-110.762482,245.179993,4.545,2962.270508,21,39,48,28,5,3,U_TURN_HDG,AP_PROT_ROLL_MAX,11.816,-30.000,0.000,4,16,20,14,ROLL_LEFT
1565,181.888016,0,9.279,-7.805,4.383,73.197,90.096,200.721,27.865,-63.339,-24.507,-31.875,5.125,22.375,28.912,-9.432,-0.436,0.483,-0.634,-0.313,-0.517,1,-33.312,29.045,-25.082,0.000,2,32.119789,-110.762482,245.029999,4.584,2962.270508,21,39,48,36,5,3,U_TURN_HDG,AP_PROT_ROLL_MAX,11.816,-30.000,0.000,4,16,20,14,ROLL_LEFT
1566,182.089966,0,8.587,-1.410,2.858,74.560,89.907,201.937,-14.324,18.017,-59.534,-31.875,5.125,22.375,29.297,-8.279,-0.128,0.470,-0.634,-0.313,-0.528,1,-33.968,29.002,-25.328,0.000,2,32.119785,-110.762489,249.679993,4.854,2962.926514,21,39,48,56,5,3,U_TURN_HDG,AP_PROT_ROLL_MAX,11.816,-30.000,0.000,4,16,20,14,ROLL_LEFT
1567,182.168274,0,-13.264,1.743,-1.435,77.384,92.076,205.302,-32.117,-4.700,-16.562,-31.875,5.125,22.375,29.912,-6.280,-3.383,0.453,-0.627,-0.320,-0.546,1,-36.812,29.004,-26.367,0.000,2,32.119789,-110.762489,251.679993,4.952,2962.926514,21,39,48,64,5,3,U_TURN_HDG,AP_PROT_ROLL_MAX,11.816,-30.000,0.000,4,16,20,14,ROLL_LEFT
1568,182.243973,0,-14.328,-1.538,15.443,79.474,73.809,187.873,-43.755,45.769,-29.319,-31.875,5.125,22.375,30.220,-5.639,-1.410,0.426,-0.640,-0.341,-0.542,1,-37.503,29.040,-26.613,0.000,2,32.119785,-110.762497,254.199997,5.117,2963.254639,21,39,48,72,5,3,U_TURN_HDG,AP_PROT_ROLL_MAX,11.816,-30.000,0.000,4,16,20,14,ROLL_LEFT
1569,182.366989,0,-1.743,1.730,-1.794,80.962,68.073,184.461,-11.302,-45.769,-21.150,-31.875,5.125,22.375,30.322,-4.255,-3.153,0.404,-0.644,-0.339,-0.554,1,-40.528,28.991,-27.666,0.000,2,32.119785,-110.762497,256.769989,5.232,2963.254639,21,39,48,84,5,3,U_TURN_HDG,AP_PROT_ROLL_MAX,11.816,-30.000,0.000,4,16,20,14,ROLL_LEFT
1570,182.451859,0,9.804,-4.908,4.293,80.696,51.059,167.855,13.429,31.110,59.534,-31.875,5.125,22.375,30.168,-5.844,-1.794,0.388,-0.654,-0.350,-0.546,1,-36.171,29.019,-26.137,0.000,2,32.119785,-110.762497,256.799988,5.234,2963.254639,21,39,48,92,5,3,U_TURN_HDG,AP_PROT_ROLL_MAX,11.816,-30.000,0.000,4,16,20,14,ROLL_LEFT
1571,182.507721,0,9.227,-6.485,3.768,78.130,83.459,199.998,2.350,25.179,21.710,-31.875,5.125,22.375,30.143,-6.587,-0.692,0.427,-0.643,-0.312,-0.553,1,-36.653,29.008,-26.310,0.000,2,32.119785,-110.762497,256.619995,5.259,2963.582764,21,39,48,96,5,3,U_TURN_HDG,AP_PROT_ROLL_MAX,11.816,-30.000,0.000,4,16,20,14,ROLL_LEFT
1572,182.606125,0,0.679,-1.807,-0.974,79.019,102.648,219.011,22.605,112.577,-22.717,-31.875,5.125,22.375,30.297,-5.998,1.307,0.435,-0.620,-0.307,-0.576,1,-36.946,29.042,-26.415,0.000,2,32.119785,-110.762505,256.160004,5.413,2963.582764,21,39,49,8,5,3,U_TURN_HDG,AP_PROT_ROLL_MAX,11.816,-30.000,0.000,4,16,20,14,ROLL_LEFT
1573,182.692245,0,-13.316,-0.705,-2.179,80.249,122.543,239.378,-36.481,-9.736,-111.906,-31.875,5.125,22.375,30.912,-1.256,2.204,0.429,-0.599,-0.309,-0.601,1,-32.483,28.981,-24.768,0.000,2,32.119785,-110.762505,255.660004,5.328,2963.582764,21,39,49,16,5,3,U_TURN_HDG,AP_PROT_ROLL_MAX,11.816,-30.000,0.000,4,16,20,14,ROLL_LEFT
1574,182.766556,0,-11.778,0.628,0.000,84.544,-151.636,327.686,-2.462,-29.431,-35.698,-31.875,5.125,22.375,30.937,1.871,1.845,0.358,-0.576,-0.356,-0.643,1,-34.277,29.016,-25.443,0.000,2,32.119785,-110.762505,255.839996,5.202,2963.582764,21,39,49,24,5,3,U_TURN_HDG,AP_PROT_ROLL_MIN,11.816,30.000,0.000,4,-12,-8,14,ROLL_RIGHT
1575,182.851044,0,-3.858,-6.972,4.088,84.248,-121.854,356.880,44.986,40.286,6.043,-31.875,5.125,22.375,30.860,2.409,1.769,0.343,-0.576,-0.376,-0.639,1,-37.345,29.031,-26.557,0.000,2,32.119785,-110.762505,256.489990,5.055,2963.582764,21,39,49,32,5,3,U_TURN_HDG,AP_PROT_ROLL_MIN,11.816,30.000,0.000,4,-12,-8,14,ROLL_RIGHT
1576,182.930984,0,7.856,2.409,-3.242,81.650,-125.923,350.661,-7.722,-32.900,-64.010,-31.875,5.125,22.375,30.630,3.922,2.127,0.351,-0.552,-0.390,-0.648,1,-34.593,29.017,-25.560,0.000,2,32.119785,-110.762505,256.630005,4.957,2963.582764,21,39,49,40,5,3,U_TURN_HDG,AP_PROT_ROLL_MIN,11.816,30.000,0.000,4,-12,-8,14,ROLL_RIGHT
1577,183.045013,0,7.856,5.024,5.383,76.952,-114.431,1.376,16.003,65.017,-59.646,-31.875,5.125,22.375,29.912,6.972,3.691,0.329,-0.528,-0.418,-0.662,1,-35.789,28.997,-25.998,0.000,2,32.119785,-110.762505,256.130005,4.915,2963.582764,21,39,49,52,5,3,U_TURN_HDG,AP_PROT_ROLL_MIN,11.816,30.000,0.000,4,-12,-8,14,ROLL_RIGHT
1578,183.123962,0,4.139,4.844,6.856,71.217,-122.226,352.197,19.807,13.205,22.605,-31.875,5.125,22.375,29.399,7.792,5.818,0.329,-0.482,-0.427,-0.691,1,-37.211,28.997,-26.510,0.000,2,32.119785,-110.762505,255.820007,4.930,2963.582764,21,39,49,60,5,3,U_TURN_HDG,AP_PROT_ROLL_MIN,11.816,30.000,0.000,4,-12,-8,14,ROLL_RIGHT
1579,183.205292,0,-6.677,5.242,-5.242,72.387,-123.235,349.267,22.717,-79.789,-23.500,-31.875,5.125,22.375,29.835,7.946,3.768,0.346,-0.481,-0.431,-0.681,1,-32.857,29.017,-24.910,0.000,2,32.119785,-110.762505,256.149994,5.048,2963.582764,21,39,49,68,5,3,U_TURN_HDG,AP_PROT_ROLL_MIN,11.816,30.000,0.000,4,-12,-8,14,ROLL_RIGHT
1580,183.329849,0,-15.225,-0.308,2.461,73.045,-107.244,4.910,-77.886,-52.372,-30.103,-31.875,5.125,22.375,29.886,8.510,2.384,0.325,-0.499,-0.456,-0.662,1,-31.833,29.013,-24.519,0.000,2,32.119781,-110.762512,256.480011,5.058,2963.910889,21,39,49,80,5,3,U_TURN_HDG,AP_PROT_ROLL_MIN,11.816,30.000,0.000,4,-12,-8,14,ROLL_RIGHT
1581,183.408981,0,0.461,4.332,1.589,71.692,-96.734,21.813,-10.295,56.512,40.398,-31.875,5.125,22.375,29.861,8.715,1.999,0.267,-0.532,-0.446,-0.669,1,-36.963,29.017,-26.421,0.000,2,32.119785,-110.762512,257.709991,5.080,2963.910889,21,39,49,88,5,3,U_TURN_HDG,AP_PROT_ROLL_MIN,11.816,30.000,0.000,4,-12,-8,14,ROLL_RIGHT
1582,183.491928,0,-4.447,-6.639,6.049,75.911,-118.462,3.426,-11.526,55.393,79.117,-31.875,5.125,22.375,30.220,6.613,3.563,0.294,-0.540,-0.387,-0.687,1,-37.932,28.979,-26.765,0.000,2,32.119785,-110.762512,259.160004,5.038,2963.910889,21,39,49,96,5,3,U_TURN_HDG,AP_PROT_ROLL_MIN,11.816,30.000,0.000,4,-12,-8,14,ROLL_RIGHT
1583,183.569916,0,-2.153,-10.573,0.846,76.432,-129.196,352.146,-11.862,16.338,-72.515,-31.875,5.125,22.375,29.989,6.664,5.024,0.313,-0.534,-0.375,-0.690,1,-36.157,29.043,-26.131,0.000,2,32.119785,-110.762512,260.540009,5.063,2963.910889,21,39,50,4,5,3,U_TURN_HDG,AP_PROT_ROLL_MIN,11.816,30.000,0.000,4,-12,-8,14,ROLL_RIGHT
1584,183.646118,0,0.730,11.957,-6.639,71.047,-120.704,1.766,-56.289,81.467,-189.904,-31.875,5.125,22.375,26.939,13.508,7.741,0.276,-0.511,-0.395,-0.712,1,-36.468,29.051,-26.244,0.000,2,32.119781,-110.762512,259.570007,5.048,2963.910889,21,39,50,12,5,3,U_TURN_HDG,AP_PROT_ROLL_MIN,11.816,30.000,0.000,4,-12,-8,14,ROLL_RIGHT
1585,183.731918,0,3.050,9.471,-18.801,53.406,-119.187,11.720,-53.939,3.917,-103.401,-31.875,5.125,22.375,25.016,16.174,8.997,0.148,-0.432,-0.410,-0.790,1,-37.526,28.998,-26.621,0.000,2,32.119781,-110.762512,258.510010,4.994,2963.910889,21,39,50,20,5,3,U_TURN_HDG,AP_PROT_ROLL_MIN,11.816,30.000,0.000,4,-12,-8,14,ROLL_RIGHT
1586,183.809814,0,-7.228,-6.164,-0.038,50.258,-122.969,8.755,-16.114,98.701,-3.469,-31.875,5.125,22.375,22.992,16.712,12.688,0.141,-0.405,-0.402,-0.809,1,-35.851,29.026,-26.021,0.000,2,32.119781,-110.762512,257.299988,4.940,2963.910889,21,39,50,28,5,3,U_TURN_HDG,AP_PROT_ROLL_MIN,11.816,30.000,0.000,4,-12,-8,14,ROLL_RIGHT
1587,183.929871,0,-13.508,-11.791,1.294,46.803,-129.318,0.423,47.896,-1.231,51.253,-31.875,5.125,22.375,23.479,16.045,12.483,0.167,-0.360,-0.391,-0.830,1,-33.119,28.975,-25.010,0.000,2,32.119781,-110.762512,255.860001,4.807,2963.910889,21,39,50,40,5,3,U_TURN_HDG,AP_PROT_ROLL_MIN,11.816,30.000,0.000,4,-12,-8,14,ROLL_RIGHT
1588,184.009842,0,3.512,-3.153,4.550,48.582,-125.654,359.059,30.438,-7.722,-6.379,-31.875,5.125,22.375,22.940,16.968,11.867,0.195,-0.363,-0.419,-0.809,1,-33.272,28.982,-25.067,0.000,2,32.119781,-110.762520,255.889999,4.819,2963.910889,21,39,50,48,5,3,U_TURN_HDG,AP_PROT_ROLL_MIN,11.816,30.000,0.000,4,-12,-8,14,ROLL_RIGHT
1589,184.065521,0,7.920,6.715,4.460,44.400,-123.951,0.843,35.138,-2.910,-58.303,-31.875,5.125,22.375,20.659,19.659,11.714,0.172,-0.337,-0.433,-0.819,1,-35.703,29.006,-25.967,0.000,2,32.119781,-110.762520,256.019989,4.800,2964.239014,21,39,50,52,5,3,U_TURN_HDG,AP_PROT_ROLL_MIN,11.816,30.000,0.000,4,-12,-8,14,ROLL_RIGHT
1590,184.164871,0,7.228,7.920,-0.923,41.155,-119.531,3.789,-0.895,21.710,-7.162,-31.875,5.125,22.375,20.300,20.249,11.278,0.150,-0.319,-0.461,-0.814,1,-34.360,29.011,-25.474,0.000,2,32.119781,-110.762520,255.889999,4.802,2964.239014,21,39,50,64,5,3,U_TURN_HDG,AP_PROT_ROLL_MIN,11.816,30.000,0.000,4,-12,-8,14,ROLL_RIGHT
1591,184.243530,0,6.767,7.920,10.957,40.619,-124.244,358.497,26.298,2.798,58.191,-31.875,5.125,22.375,20.608,18.737,13.303,0.173,-0.301,-0.443,-0.827,1,-34.110,29.031,-25.381,0.000,2,32.119781,-110.762520,255.690002,4.881,2964.239014,21,39,50,72,5,3,U_TURN_HDG,AP_PROT_ROLL_MIN,11.816,30.000,0.000,4,-12,-8,14,ROLL_RIGHT
1592,184.369659,0,-10.547,-3.306,-4.242,43.640,-125.618,354.865,-32.900,-29.543,-14.883,-31.875,5.125,22.375,21.633,18.173,12.867,0.207,-0.311,-0.439,-0.817,1,-30.564,29.024,-24.025,0.000,2,32.119778,-110.762527,254.419998,5.185,2964.566895,21,39,50,84,5,3,U_TURN_HDG,AP_PROT_ROLL_MIN,11.816,30.000,0.000,4,-12,-8,14,ROLL_RIGHT
1593,184.449600,0,-12.226,-4.832,-9.612,44.133,-126.251,358.945,-70.836,18.688,-41.629,-31.875,5.125,22.375,20.762,17.968,14.559,0.177,-0.331,-0.422,-0.825,1,-34.053,28.996,-25.360,0.000,2,32.119778,-110.762527,253.490005,5.128,2964.566895,21,39,50,92,5,3,U_TURN_HDG,AP_PROT_ROLL_MIN,11.816,30.000,0.000,4,-12,-8,14,ROLL_RIGHT
1594,184.547989,0,-4.883,-1.243,4.332,39.984,-132.529,359.876,-18.241,31.222,-5.260,-31.875,5.125,22.375,19.659,17.558,16.327,0.139,-0.313,-0.379,-0.860,1,-36.494,29.007,-26.253,0.000,2,32.119778,-110.762527,253.259995,5.030,2964.895264,21,39,50,96,5,3,U_TURN_HDG,AP_PROT_ROLL_MIN,11.816,30.000,0.000,4,-12,-8,14,ROLL_RIGHT
1595,184.635010,0,8.561,6.062,3.025,35.712,-133.662,357.546,19.695,10.183,-11.974,-31.875,5.125,22.375,17.737,18.429,17.224,0.139,-0.274,-0.380,-0.872,1,-34.437,29.017,-25.502,0.000,2,32.119778,-110.762527,252.979996,5.052,2964.895264,21,39,51,8,5,3,U_TURN_HDG,AP_PROT_ROLL_MIN,11.816,30.000,0.000,4,-12,-8,14,ROLL_RIGHT
1596,184.698242,0,4.921,5.741,3.063,38.457,-131.924,355.597,65.577,-6.714,119.963,-31.875,5.125,22.375,19.429,17.891,15.892,0.167,-0.286,-0.396,-0.857,1,-30.126,28.965,-23.853,0.000,2,32.119778,-110.762527,252.250000,5.180,2965.223145,21,39,51,16,5,3,U_TURN_HDG,AP_PROT_ROLL_MIN,11.816,30.000,0.000,4,-12,-8,14,ROLL_RIGHT
1597,184.768723,0,7.523,6.357,2.666,40.420,-131.176,348.292,79.006,67.591,35.586,-31.875,5.125,22.375,20.044,17.711,15.302,0.229,-0.273,-0.418,-0.836,1,-29.850,29.027,-23.743,0.000,2,32.119778,-110.762527,251.630005,5.252,2965.223145,21,39,51,24,5,3,U_TURN_HDG,AP_PROT_ROLL_MIN,11.816,30.000,0.000,4,-12,-8,14,ROLL_RIGHT
1598,184.848907,0,-8.407,-4.985,0.090,39.150,-132.833,350.534,-64.570,-62.667,-7.162,-31.875,5.125,22.375,19.839,17.840,15.430,0.205,-0.275,-0.401,-0.849,1,-29.449,29.038,-23.583,0.000,2,32.119778,-110.762535,251.500000,5.160,2965.223145,21,39,51,32,5,3,U_TURN_HDG,AP_PROT_ROLL_MIN,11.816,30.000,0.000,4,-12,-8,14,ROLL_RIGHT
1599,184.928574,0,-10.650,-7.446,-9.420,39.987,-130.799,355.556,-12.645,-4.252,-55.729,-31.875,5.125,22.375,19.352,17.737,16.276,0.175,-0.295,-0.403,-0.848,1,-31.525,29.001,-24.400,0.000,2,32.119778,-110.762535,251.600006,5.084,2965.551270,21,39,51,40,5,3,U_TURN_HDG,AP_PROT_ROLL_MIN,11.816,30.000,0.000,4,-12,-8,14,ROLL_RIGHT
1600,185.126099,0,-10.368,-12.790,-2.627,38.971,-134.446,354.294,-39.391,33.460,41.293,-31.875,5.125,22.375,19.249,16.789,17.250,0.172,-0.289,-0.380,-0.862,1,-34.566,29.065,-25.550,0.000,2,32.119774,-110.762535,250.380005,4.918,2965.551270,21,39,51,60,5,3,U_TURN_HDG,AP_PROT_ROLL_MIN,11.816,30.000,0.000,4,-12,-8,14,ROLL_RIGHT
1601,185.208725,0,-0.205,8.407,4.255,30.992,-141.838,1.251,-43.867,32.229,-10.743,-31.875,5.125,22.375,15.533,16.250,20.710,0.077,-0.256,-0.312,-0.912,1,-41.380,29.024,-27.955,0.000,2,32.119774,-110.762535,249.750000,5.009,2965.551270,21,39,51,68,5,3,U_TURN_HDG,AP_PROT_ROLL_MIN,11.816,30.000,0.000,4,-12,-8,14,ROLL_RIGHT
1602,185.332138,0,-3.576,-0.654,9.612,27.529,-141.861,2.791,-72.291,5.371,-32.900,-31.875,5.125,22.375,13.482,16.097,22.120,0.055,-0.233,-0.312,-0.920,1,-49.102,29.040,-30.452,0.000,2,32.119774,-110.762535,249.770004,4.920,2965.879395,21,39,51,80,5,3,U_TURN_HDG,AP_PROT_ROLL_MIN,11.816,30.000,0.000,4,-12,-8,14,ROLL_RIGHT
1603,185.403976,0,-6.305,-2.038,-3.576,26.657,-144.183,7.084,-57.743,-6.379,-98.813,-31.875,5.125,22.375,11.637,16.225,23.145,0.014,-0.237,-0.285,-0.929,1,-46.528,28.988,-29.643,0.000,2,32.119774,-110.762535,249.740005,4.915,2965.879395,21,39,51,88,5,3,U_TURN_HDG,AP_PROT_ROLL_MIN,11.816,30.000,0.000,4,-12,-8,14,ROLL_RIGHT
1604,185.498642,0,0.846,-3.178,-12.700,22.608,-143.955,18.206,10.519,-15.779,-37.041,-31.875,5.125,22.375,11.483,16.686,22.889,0.088,0.232,0.270,0.930,1,-49.108,29.031,-30.454,0.000,2,32.119774,-110.762535,249.830002,4.755,2965.879395,21,39,51,96,5,3,U_TURN_HDG,AP_PROT_ROLL_MIN,11.816,30.000,0.000,4,-12,-8,14,ROLL_RIGHT
1605,185.568726,0,-1.935,-9.317,-4.357,20.321,-144.079,20.284,-57.743,35.922,-42.748,-31.875,5.125,22.375,9.150,15.968,24.299,0.111,0.219,0.269,0.931,1,-54.349,28.975,-32.038,0.000,2,32.119774,-110.762535,250.279999,4.753,2965.879395,21,39,52,4,5,3,U_TURN_HDG,AP_PROT_ROLL_MIN,11.816,30.000,0.000,4,-12,-8,14,ROLL_RIGHT
1606,185.647659,0,-0.910,4.063,4.678,15.822,-147.417,22.073,-36.593,15.779,-57.967,-31.875,5.125,22.375,7.561,15.405,25.093,0.144,0.183,0.247,0.941,1,-49.901,29.025,-30.699,0.000,2,32.119774,-110.762543,251.339996,4.812,2965.879395,21,39,52,12,5,3,U_TURN_HDG,AP_PROT_ROLL_MIN,11.816,30.000,0.000,4,-12,-8,14,ROLL_RIGHT
1607,185.723709,0,0.282,5.562,1.461,13.511,-147.478,24.196,135.742,-48.791,99.932,-31.875,5.125,22.375,8.074,17.045,23.760,0.168,0.169,0.248,0.939,1,-46.057,28.983,-29.493,0.000,2,32.119774,-110.762543,252.350006,4.864,2965.879395,21,39,52,20,5,3,U_TURN_HDG,AP_PROT_ROLL_MIN,11.816,30.000,0.000,4,-12,-8,14,ROLL_RIGHT
1608,185.809814,0,2.281,3.665,-1.679,19.359,-139.241,20.074,92.658,55.505,62.108,-31.875,5.125,22.375,10.073,19.096,21.274,0.103,0.215,0.311,0.920,1,-39.834,28.963,-27.428,0.000,2,32.119774,-110.762543,252.929993,4.915,2966.207275,21,39,52,28,5,3,U_TURN_HDG,AP_PROT_ROLL_MIN,11.816,30.000,0.000,4,-12,-8,14,ROLL_RIGHT
1609,185.888809,0,-2.704,8.407,9.420,15.157,-135.576,14.751,-37.712,49.350,-106.422,-31.875,5.125,22.375,4.767,20.608,21.710,0.068,0.169,0.356,0.917,1,-36.909,28.973,-26.402,0.000,2,32.119774,-110.762543,252.649994,4.900,2966.207275,21,39,52,36,5,3,U_TURN_HDG,AP_PROT_ROLL_MIN,11.816,30.000,0.000,4,-12,-8,14,ROLL_RIGHT
1610,186.006882,0,-4.011,-9.689,-5.741,9.833,-137.167,17.667,40.734,11.191,45.769,-31.875,5.125,22.375,5.485,20.659,21.556,0.112,0.135,0.347,0.921,1,-36.505,28.987,-26.257,0.000,2,32.119766,-110.762543,247.779999,5.047,2966.535645,21,39,52,48,5,3,U_TURN_HDG,AP_PROT_ROLL_MIN,11.816,30.000,0.000,4,-12,-8,14,ROLL_RIGHT
1611,186.088547,0,-0.346,-13.431,1.077,9.355,-138.207,10.926,-42.188,8.729,-29.655,-31.875,5.125,22.375,4.101,19.480,22.889,0.060,0.110,0.347,0.930,1,-39.253,29.014,-27.227,0.000,2,32.119766,-110.762550,244.539993,5.236,2966.863525,21,39,52,56,5,3,U_TURN_HDG,AP_PROT_ROLL_MIN,11.816,30.000,0.000,4,-12,-8,14,ROLL_RIGHT
1612,186.172806,0,-2.089,2.281,3.255,7.285,-141.772,12.797,-27.529,18.688,-42.860,-31.875,5.125,22.375,2.281,17.916,24.222,0.084,0.096,0.318,0.939,1,-42.186,28.990,-28.226,0.000,2,32.119762,-110.762550,241.979996,5.450,2967.191895,21,39,52,64,5,3,U_TURN_HDG,AP_PROT_ROLL_MIN,11.816,30.000,0.000,4,-12,-8,14,ROLL_RIGHT
1613,186.244995,0,-0.564,1.487,8.253,2.261,-144.369,12.002,-12.198,48.008,19.584,-31.875,5.125,22.375,0.718,17.481,24.555,0.094,0.051,0.302,0.947,1,-43.036,29.026,-28.509,0.000,2,32.119762,-110.762558,240.990005,5.583,2967.191895,21,39,52,72,5,3,U_TURN_HDG,AP_PROT_ROLL_MIN,11.816,30.000,0.000,4,-12,-8,14,ROLL_RIGHT
1614,186.369949,0,0.346,1.730,9.971,3.437,-143.267,10.219,35.362,-25.962,37.041,-31.875,5.125,22.375,1.461,17.968,24.171,0.075,0.056,0.311,0.946,1,-44.938,29.007,-29.132,0.000,2,32.119762,-110.762558,241.960007,5.598,2967.519775,21,39,52,84,5,3,U_TURN_HDG,AP_PROT_ROLL_MIN,11.816,30.000,0.000,4,-12,-8,14,ROLL_RIGHT
1615,186.448456,0,-3.255,3.986,6.434,4.563,-138.660,9.306,4.700,28.088,-24.619,-31.875,5.125,22.375,2.845,18.403,23.760,0.062,0.066,0.349,0.933,1,-36.177,29.007,-26.139,0.000,2,32.119762,-110.762558,243.160004,5.521,2967.519775,21,39,52,92,5,3,U_TURN_HDG,AP_PROT_ROLL_MIN,11.816,30.000,0.000,4,-12,-8,14,ROLL_RIGHT
1616,186.608948,0,-3.076,-2.781,-7.228,4.933,-136.263,8.569,51.589,-20.255,40.398,-31.875,5.125,22.375,2.076,19.890,22.710,0.053,0.068,0.368,0.926,1,-36.357,28.970,-26.204,0.000,2,32.119759,-110.762558,242.940002,5.695,2967.519775,21,39,53,8,5,3,U_TURN_HDG,AP_PROT_ROLL_MIN,11.816,30.000,0.000,4,-12,-8,14,ROLL_RIGHT
1617,186.686874,0,-0.179,-7.087,0.461,6.345,-133.761,7.677,-41.741,32.788,-20.143,-31.875,5.125,22.375,2.743,20.403,22.248,0.040,0.077,0.388,0.918,1,-37.441,29.007,-26.591,0.000,2,32.119759,-110.762566,244.949997,5.631,2967.519775,21,39,53,16,5,3,U_TURN_HDG,AP_PROT_ROLL_MIN,11.816,30.000,0.000,4,-12,-8,14,ROLL_RIGHT
1618,186.767899,0,-0.730,5.011,5.024,5.176,-138.641,5.846,-25.179,32.565,-48.791,-31.875,5.125,22.375,1.410,19.608,22.966,0.032,0.060,0.350,0.934,1,-41.207,29.046,-27.897,0.000,2,32.119759,-110.762566,247.100006,5.585,2967.191895,21,39,53,24,5,3,U_TURN_HDG,AP_PROT_ROLL_MIN,11.816,30.000,0.000,4,-12,-8,14,ROLL_RIGHT
1619,186.846878,0,-2.627,4.832,7.395,2.925,-140.901,7.085,-15.219,-11.414,38.943,-31.875,5.125,22.375,1.922,18.660,23.735,0.050,0.045,0.332,0.941,1,-41.160,28.991,-27.881,0.000,2,32.119759,-110.762566,246.850006,5.539,2967.191895,21,39,53,32,5,3,U_TURN_HDG,AP_PROT_ROLL_MIN,11.816,30.000,0.000,4,-12,-8,14,ROLL_RIGHT
1620,186.973831,0,-1.346,12.354,3.076,5.946,-141.446,6.028,34.243,16.338,-36.705,-31.875,5.125,22.375,2.538,19.429,23.145,0.032,0.066,0.327,0.942,1,-42.675,28.964,-28.389,0.000,2,32.119759,-110.762566,246.389999,5.502,2967.191895,21,39,53,44,5,3,U_TURN_HDG,AP_PROT_ROLL_MIN,11.816,30.000,0.000,4,-12,-8,14,ROLL_RIGHT
1621,187.046875,0,-0.026,-0.154,-9.689,3.187,-140.789,8.136,24.843,61.436,67.367,-31.875,5.125,22.375,1.461,18.122,24.427,0.057,0.050,0.333,0.940,1,-37.237,28.950,-26.519,0.000,2,32.119759,-110.762566,246.660004,5.452,2967.519775,21,39,53,52,5,3,U_TURN_HDG,AP_PROT_ROLL_MIN,11.816,30.000,0.000,4,-12,-8,14,ROLL_RIGHT
1622,187.129654,0,0.846,-14.187,-6.869,1.806,-143.351,0.598,4.252,73.746,50.805,-31.875,5.125,22.375,0.590,18.198,24.427,0.000,-0.017,-0.314,-0.949,1,-35.711,28.994,-25.970,0.000,2,32.119759,-110.762566,246.830002,5.450,2967.519775,21,39,53,60,5,3,U_TURN_HDG,AP_PROT_ROLL_MIN,11.816,30.000,0.000,4,-12,-8,14,ROLL_RIGHT
1623,187.212158,0,-1.423,-6.357,0.320,0.975,-145.343,358.612,-52.036,-12.422,-32.900,-31.875,5.125,22.375,-0.154,16.558,25.503,0.014,-0.005,-0.298,-0.954,1,-41.390,29.003,-27.959,0.000,2,32.119759,-110.762573,247.149994,5.499,2967.519775,21,39,53,68,5,3,U_TURN_HDG,AP_PROT_ROLL_MIN,11.816,30.000,0.000,4,-12,-8,14,ROLL_RIGHT
1624,187.323166,0,-0.936,3.281,6.690,0.067,-148.993,1.354,-10.407,14.995,-18.576,-31.875,5.125,22.375,-0.359,15.661,26.042,0.011,0.004,0.267,0.964,1,-44.236,28.998,-28.904,0.000,2,32.119759,-110.762573,247.110001,5.536,2967.519775,21,39,53,80,5,3,U_TURN_HDG,AP_PROT_ROLL_MIN,11.816,30.000,0.000,4,-12,-8,14,ROLL_RIGHT
1625,187.406281,0,-3.345,1.230,10.099,-1.148,-149.929,1.901,-94.449,-8.393,-6.826,-31.875,5.125,22.375,-1.077,13.277,27.298,0.019,-0.005,0.260,0.966,1,-45.957,29.020,-29.461,0.000,2,32.119755,-110.762573,246.759995,5.538,2967.519775,21,39,53,88,5,3,U_TURN_HDG,AP_PROT_ROLL_MIN,11.816,30.000,0.000,4,-12,-8,14,ROLL_RIGHT
1626,187.491882,0,-8.792,3.588,8.074,-0.282,-155.099,3.226,10.519,-24.507,2.798,-31.875,5.125,22.375,0.282,12.047,27.990,0.028,0.004,0.216,0.976,1,-48.087,29.021,-30.136,0.000,2,32.119755,-110.762573,246.839996,5.516,2967.519775,21,39,53,96,5,3,U_TURN_HDG,AP_PROT_ROLL_MIN,11.816,30.000,0.000,4,-12,-8,14,ROLL_RIGHT
1627,187.570480,0,-1.858,1.128,-3.652,5.346,-157.767,9.672,17.905,-66.472,-10.967,-31.875,5.125,22.375,1.794,11.355,28.246,0.074,0.062,0.188,0.977,1,-51.493,29.003,-31.185,0.000,2,32.119755,-110.762573,246.929993,5.501,2967.519775,21,39,54,4,5,3,U_TURN_HDG,AP_PROT_ROLL_MIN,11.816,30.000,0.000,4,-12,-8,14,ROLL_RIGHT
1628,187.645447,0,-2.602,1.371,-9.766,7.274,-157.101,11.182,-1.119,-39.615,-15.779,-31.875,5.125,22.375,3.512,11.714,27.990,0.083,0.081,0.191,0.975,1,-57.888,28.997,-33.064,0.000,2,32.119755,-110.762573,247.220001,5.521,2967.847900,21,39,54,12,5,3,U_TURN_HDG,AP_PROT_ROLL_MIN,11.816,30.000,0.000,4,-12,-8,14,ROLL_RIGHT
1629,187.725006,0,0.974,-4.896,-11.124,12.518,-155.915,14.360,13.429,-98.365,-11.191,-31.875,5.125,22.375,6.818,12.149,27.221,0.099,0.132,0.192,0.967,1,-54.352,28.971,-32.039,0.000,2,32.119755,-110.762581,247.720001,5.511,2967.847900,21,39,54,20,5,3,U_TURN_HDG,AP_PROT_ROLL_MIN,11.816,30.000,0.000,4,-12,-8,14,ROLL_RIGHT
1630,187.811707,0,-3.063,-1.038,-1.435,18.203,-154.486,16.824,-21.038,-41.293,30.326,-31.875,5.125,22.375,10.406,11.457,26.272,0.106,0.185,0.193,0.958,1,-54.341,28.991,-32.036,0.000,2,32.119755,-110.762581,247.889999,5.501,2967.847900,21,39,54,28,5,3,U_TURN_HDG,AP_PROT_ROLL_MIN,11.816,30.000,0.000,4,-12,-8,14,ROLL_RIGHT
1631,187.891724,0,1.256,-7.805,8.817,22.006,-159.115,11.814,-1.902,-33.124,102.394,-31.875,5.125,22.375,11.867,9.304,26.452,0.065,0.205,0.158,0.964,1,-58.927,28.975,-33.360,0.000,2,32.119755,-110.762581,247.820007,5.474,2967.847900,21,39,54,36,5,3,U_TURN_HDG,AP_PROT_ROLL_MIN,11.816,30.000,0.000,4,-12,-8,14,ROLL_RIGHT
1632,188.009903,0,6.818,-0.923,5.280,27.346,-160.868,6.089,22.157,-31.222,0.783,-31.875,5.125,22.375,14.379,8.997,25.298,0.012,0.241,0.149,0.959,1,-55.836,29.001,-32.473,0.000,2,32.119755,-110.762581,247.660004,5.463,2967.847900,21,39,54,48,5,3,U_TURN_HDG,AP_PROT_ROLL_MIN,11.816,30.000,0.000,4,-12,-8,14,ROLL_RIGHT
1633,188.084991,0,0.461,3.447,-2.217,28.449,-159.412,7.939,13.653,-16.226,-31.557,-31.875,5.125,22.375,13.764,9.330,25.555,0.022,0.253,0.156,0.954,1,-53.807,28.960,-31.878,0.000,2,32.119755,-110.762589,247.910004,5.506,2967.847900,21,39,54,56,5,3,U_TURN_HDG,AP_PROT_ROLL_MIN,11.816,30.000,0.000,4,-12,-8,14,ROLL_RIGHT
1634,188.165085,0,-2.332,-1.564,-6.459,27.051,-156.812,13.586,25.738,36.369,-8.617,-31.875,5.125,22.375,13.072,11.098,25.196,0.066,0.251,0.167,0.951,1,-55.825,29.015,-32.470,0.000,2,32.119751,-110.762589,248.220001,5.484,2967.847900,21,39,54,64,5,3,U_TURN_HDG,AP_PROT_ROLL_MIN,11.816,30.000,0.000,4,-12,-8,14,ROLL_RIGHT
1635,188.250137,0,-1.589,-7.536,-1.999,25.292,-157.106,10.977,23.388,41.181,61.548,-31.875,5.125,22.375,12.329,10.663,25.708,0.048,0.232,0.172,0.956,1,-60.257,28.997,-33.734,0.000,2,32.119751,-110.762589,248.910004,5.462,2967.847900,21,39,54,72,5,3,U_TURN_HDG,AP_PROT_ROLL_MIN,11.816,30.000,0.000,4,-12,-8,14,ROLL_RIGHT
1636,188.371140,0,0.167,-7.895,-0.384,24.465,-158.050,5.092,-14.660,13.317,21.934,-31.875,5.125,22.375,12.329,10.253,25.785,0.002,0.216,0.177,0.960,1,-52.827,29.016,-31.586,0.000,2,32.119751,-110.762589,249.770004,5.460,2968.176025,21,39,54,84,5,3,U_TURN_HDG,AP_PROT_ROLL_MIN,11.816,30.000,0.000,4,-12,-8,14,ROLL_RIGHT
1637,188.449890,0,5.613,2.563,3.230,24.460,-159.010,3.733,-19.584,5.260,6.491,-31.875,5.125,22.375,12.380,8.638,26.247,0.007,-0.214,-0.171,-0.962,1,-50.779,29.010,-30.968,0.000,2,32.119751,-110.762589,248.889999,5.291,2967.847900,21,39,54,92,5,3,U_TURN_HDG,AP_PROT_ROLL_MIN,11.816,30.000,0.000,4,-12,-8,14,ROLL_RIGHT
1638,188.604706,0,5.434,0.936,6.357,23.036,-162.568,1.052,-2.574,37.600,25.962,-31.875,5.125,22.375,11.688,8.176,26.734,0.021,-0.199,-0.147,-0.969,1,-56.312,28.993,-32.611,0.000,2,32.119751,-110.762589,247.100006,5.146,2968.176025,21,39,55,8,5,3,U_TURN_HDG,AP_PROT_ROLL_MIN,11.816,30.000,0.000,4,-12,-8,14,ROLL_RIGHT
1639,188.686142,0,5.331,3.371,8.292,20.087,-158.819,359.632,37.041,49.910,0.783,-31.875,5.125,22.375,10.330,10.099,26.734,0.035,-0.171,-0.182,-0.968,1,-52.590,29.017,-31.515,0.000,2,32.119751,-110.762589,243.899994,4.944,2968.176025,21,39,55,16,5,3,U_TURN_HDG,AP_PROT_ROLL_MIN,11.816,30.000,0.000,4,-12,-8,14,ROLL_RIGHT
1640,188.769638,0,-4.114,0.064,-9.855,19.583,-152.038,359.270,70.389,-16.003,20.143,-31.875,5.125,22.375,10.560,11.483,26.119,0.047,-0.164,-0.239,-0.956,1,-49.036,29.020,-30.432,0.000,2,32.119751,-110.762589,240.690002,4.751,2968.176025,21,39,55,24,5,3,U_TURN_HDG,AP_PROT_ROLL_MIN,11.816,30.000,0.000,4,-12,-8,14,ROLL_RIGHT
1641,188.849823,0,0.897,-2.871,2.397,19.971,-153.971,359.029,-26.522,-7.050,59.646,-31.875,5.125,22.375,10.893,11.483,25.939,0.047,-0.167,-0.223,-0.959,1,-50.592,29.062,-30.911,0.000,2,32.119747,-110.762589,237.500000,4.576,2968.176025,21,39,55,32,5,3,U_TURN_HDG,AP_PROT_ROLL_MIN,11.816,30.000,0.000,4,-12,-8,14,ROLL_RIGHT
1642,188.923813,0,0.513,-2.640,1.371,23.121,-156.744,355.350,9.624,-30.662,38.496,-31.875,5.125,22.375,11.816,10.868,25.760,0.079,-0.188,-0.205,-0.957,1,-49.750,29.017,-30.652,0.000,2,32.119747,-110.762589,235.520004,4.560,2968.176025,21,39,55,40,5,3,U_TURN_HDG,AP_PROT_ROLL_MIN,11.816,30.000,0.000,4,-12,-8,14,ROLL_RIGHT
1643,189.048752,0,-0.192,-0.449,-1.423,24.202,-154.237,351.788,55.505,9.400,43.196,-31.875,5.125,22.375,12.303,11.893,25.016,0.115,-0.188,-0.232,-0.947,1,-49.219,28.978,-30.488,0.000,2,32.119747,-110.762589,237.020004,4.554,2968.503906,21,39,55,52,5,3,U_TURN_HDG,AP_PROT_ROLL_MIN,11.816,30.000,0.000,4,-12,-8,14,ROLL_RIGHT
1644,189.126099,0,3.845,3.306,4.857,25.309,-150.300,341.559,73.634,24.619,94.672,-31.875,5.125,22.375,13.098,13.252,23.914,0.207,-0.169,-0.281,-0.922,1,-41.721,28.973,-28.070,0.000,2,32.119747,-110.762589,237.119995,4.459,2968.503906,21,39,55,60,5,3,U_TURN_HDG,AP_PROT_ROLL_MIN,11.816,30.000,0.000,4,-12,-8,14,ROLL_RIGHT
1645,189.206924,0,-0.987,5.254,-9.304,27.112,-146.270,343.859,43.867,22.829,-26.634,-31.875,5.125,22.375,12.713,14.405,23.504,0.198,-0.182,-0.311,-0.912,1,-38.144,29.016,-26.840,0.000,2,32.119747,-110.762604,244.369995,4.299,2968.503906,21,39,55,68,5,3,U_TURN_HDG,AP_PROT_ROLL_MIN,11.816,30.000,0.000,4,-12,-8,14,ROLL_RIGHT
1646,189.329926,0,-2.384,-10.176,-7.536,28.481,-146.317,345.818,32.229,-32.788,14.548,-31.875,5.125,22.375,14.200,15.174,22.171,0.185,-0.199,-0.308,-0.912,1,-37.271,29.026,-26.531,0.000,2,32.119747,-110.762604,247.020004,4.253,2968.503906,21,39,55,80,5,3,U_TURN_HDG,AP_PROT_ROLL_MIN,11.816,30.000,0.000,4,-12,-8,14,ROLL_RIGHT
1647,189.409790,0,8.574,-6.562,0.897,28.502,-145.494,352.002,-47.000,-55.058,-57.967,-31.875,5.125,22.375,14.559,14.841,22.120,0.137,-0.214,-0.303,-0.918,1,-37.993,29.007,-26.787,0.000,2,32.119747,-110.762604,246.910004,4.294,2968.503906,21,39,55,88,5,3,U_TURN_HDG,AP_PROT_ROLL_MIN,11.816,30.000,0.000,4,-12,-8,14,ROLL_RIGHT
1648,189.498795,0,10.509,-1.384,13.072,27.141,-144.666,347.078,-26.298,39.727,1.902,-31.875,5.125,22.375,13.303,15.430,22.299,0.175,-0.189,-0.318,-0.912,1,-40.060,28.983,-27.506,0.000,2,32.119747,-110.762604,248.679993,4.355,2968.503906,21,39,55,96,5,3,U_TURN_HDG,AP_PROT_ROLL_MIN,11.816,30.000,0.000,4,-12,-8,14,ROLL_RIGHT
1649,189.573502,0,-1.051,6.139,14.597,24.767,-146.956,344.150,14.212,10.631,43.755,-31.875,5.125,22.375,12.765,14.713,23.094,0.190,-0.165,-0.303,-0.919,1,-39.898,28.991,-27.450,0.000,2,32.119747,-110.762604,246.360001,4.714,2968.832275,21,39,56,4,5,3,U_TURN_HDG,AP_PROT_ROLL_MIN,11.816,30.000,0.000,4,-12,-8,14,ROLL_RIGHT
1650,189.653793,0,-6.305,0.833,10.509,27.191,-145.825,339.850,8.505,4.588,49.462,-31.875,5.125,22.375,14.200,14.764,22.299,0.231,-0.171,-0.320,-0.903,1,-41.719,28.986,-28.069,0.000,2,32.119747,-110.762611,243.610001,5.117,2968.832275,21,39,56,12,5,3,U_TURN_HDG,AP_PROT_ROLL_MIN,11.816,30.000,0.000,4,-12,-8,14,ROLL_RIGHT
1651,189.723373,0,-4.204,3.230,7.702,29.498,-146.645,338.999,-11.638,-61.324,-39.838,-31.875,5.125,22.375,15.302,14.405,21.941,0.241,-0.189,-0.317,-0.898,1,-38.322,28.988,-26.902,0.000,2,32.119743,-110.762611,242.639999,5.416,2968.832275,21,39,56,20,5,3,U_TURN_HDG,AP_PROT_ROLL_MIN,11.816,30.000,0.000,4,-12,-8,14,ROLL_RIGHT
1652,189.809692,0,-17.314,-4.755,-17.570,30.715,-147.177,347.858,-105.527,-70.948,-89.189,-31.875,5.125,22.375,15.610,13.662,22.299,0.172,-0.224,-0.298,-0.912,1,-37.600,29.003,-26.648,0.000,2,32.119743,-110.762611,244.979996,5.418,2968.832275,21,39,56,28,5,3,U_TURN_HDG,AP_PROT_ROLL_MIN,11.816,30.000,0.000,4,-12,-8,14,ROLL_RIGHT
1653,189.883728,0,-13.264,-5.203,-16.571,29.173,-148.444,359.083,-124.551,-22.045,-171.999,-31.875,5.125,22.375,14.328,13.482,23.197,0.076,-0.240,-0.265,-0.931,1,-42.876,29.026,-28.456,0.000,2,32.119743,-110.762611,249.550003,5.445,2968.832275,21,39,56,36,5,3,U_TURN_HDG,AP_PROT_ROLL_MIN,11.816,30.000,0.000,4,-12,-8,14,ROLL_RIGHT
1654,189.968491,0,7.651,3.947,-1.141,24.971,-150.545,9.413,-28.200,3.917,-106.982,-31.875,5.125,22.375,11.457,13.662,24.427,0.023,0.229,0.230,0.946,1,-55.738,29.032,-32.445,0.000,2,32.119743,-110.762619,252.490005,5.516,2968.832275,21,39,56,44,5,3,U_TURN_HDG,AP_PROT_ROLL_MIN,11.816,30.000,0.000,4,-12,-8,14,ROLL_RIGHT
1655,190.092163,0,3.614,6.382,13.264,20.067,-147.256,17.734,55.953,58.974,-18.576,-31.875,5.125,22.375,9.843,15.610,23.812,0.097,0.208,0.248,0.941,1,-52.281,29.007,-31.423,0.000,2,32.119743,-110.762619,258.809998,5.291,2968.832275,21,39,56,56,5,3,U_TURN_HDG,AP_PROT_ROLL_MIN,11.816,30.000,0.000,4,-12,-8,14,ROLL_RIGHT
1656,190.163269,0,0.743,15.776,2.602,11.265,-138.804,15.541,69.158,99.149,-58.862,-31.875,5.125,22.375,4.306,20.198,21.812,0.092,0.138,0.334,0.928,1,-42.099,29.006,-28.197,0.000,2,32.119743,-110.762619,264.869995,4.979,2968.832275,21,39,56,64,5,3,U_TURN_HDG,AP_PROT_ROLL_MIN,11.816,30.000,0.000,4,-12,-8,14,ROLL_RIGHT
1657,190.242950,0,6.946,9.227,2.819,1.896,-136.854,11.053,-28.200,85.832,9.624,-31.875,5.125,22.375,0.410,20.249,22.299,0.083,0.051,0.364,0.926,1,-40.673,29.013,-27.716,0.000,2,32.119747,-110.762619,268.390015,4.888,2968.832275,21,39,56,72,5,3,U_TURN_HDG,AP_PROT_ROLL_MIN,11.816,30.000,0.000,4,-12,-8,14,ROLL_RIGHT
1658,190.366669,0,-3.165,2.217,2.832,-0.156,-135.720,7.198,5.819,80.348,26.410,-31.875,5.125,22.375,-0.359,21.172,21.556,0.059,0.022,0.376,0.924,1,-39.829,28.970,-27.426,0.000,2,32.119743,-110.762619,265.839996,4.775,2968.832275,21,39,56,84,5,3,U_TURN_HDG,AP_PROT_ROLL_MIN,11.816,30.000,0.000,4,-12,-8,14,ROLL_RIGHT
1659,190.452789,0,-0.038,-4.678,-7.061,-2.028,-137.314,2.805,1.455,-33.796,53.155,-31.875,5.125,22.375,0.231,20.044,22.812,0.029,-0.008,0.364,0.931,1,-38.215,29.030,-26.865,0.000,2,32.119743,-110.762619,262.179993,4.647,2968.832275,21,39,56,92,5,3,U_TURN_HDG,AP_PROT_ROLL_MIN,11.816,30.000,0.000,4,-12,-8,14,ROLL_RIGHT
1660,190.516525,0,4.293,-4.767,0.038,4.687,-136.777,358.883,21.486,-23.053,101.722,-31.875,5.125,22.375,3.819,20.864,21.736,0.024,-0.034,-0.368,-0.929,1,-37.812,29.047,-26.723,0.000,2,32.119743,-110.762619,259.589996,4.591,2968.832275,21,39,56,96,5,3,U_TURN_HDG,AP_PROT_ROLL_MIN,11.816,30.000,0.000,4,-12,-8,14,ROLL_RIGHT
1661,190.606644,0,2.704,-1.935,2.832,11.198,-136.442,354.135,-22.381,16.114,71.955,-31.875,5.125,22.375,6.152,20.403,21.633,0.083,-0.072,-0.373,-0.921,1,-38.956,28.979,-27.124,0.000,2,32.119743,-110.762619,254.190002,4.295,2968.832275,21,39,57,8,5,3,U_TURN_HDG,AP_PROT_ROLL_MIN,11.816,30.000,0.000,4,-12,-8,14,ROLL_RIGHT
1662,190.683365,0,-0.256,3.486,-0.487,12.573,-138.909,351.780,-40.958,-16.562,11.862,-31.875,5.125,22.375,7.151,18.352,23.120,0.105,-0.077,-0.355,-0.926,1,-38.557,28.987,-26.985,0.000,2,32.119743,-110.762627,253.750000,4.220,2968.832275,21,39,57,16,5,3,U_TURN_HDG,AP_PROT_ROLL_MIN,11.816,30.000,0.000,4,-12,-8,14,ROLL_RIGHT
1663,190.772842,0,3.050,5.882,4.524,14.787,-141.653,349.965,53.155,-13.093,52.931,-31.875,5.125,22.375,8.484,18.583,22.530,0.124,-0.093,-0.335,-0.929,1,-38.136,29.032,-26.837,0.000,2,32.119743,-110.762627,253.220001,4.179,2968.832275,21,39,57,24,5,3,U_TURN_HDG,AP_PROT_ROLL_MIN,11.816,30.000,0.000,4,-12,-8,14,ROLL_RIGHT
1664,190.852829,0,-0.730,1.448,-3.499,17.627,-138.842,348.107,12.422,13.317,26.634,-31.875,5.125,22.375,9.612,19.172,21.659,0.149,-0.107,-0.360,-0.915,1,-37.425,29.032,-26.586,0.000,2,32.119743,-110.762627,251.699997,4.349,2969.160156,21,39,57,32,5,3,U_TURN_HDG,AP_PROT_ROLL_MIN,11.816,30.000,0.000,4,-12,-8,14,ROLL_RIGHT
1665,190.931717,0,-1.769,0.923,-4.857,17.986,-137.116,343.624,37.377,33.348,31.110,-31.875,5.125,22.375,9.535,19.762,21.197,0.188,-0.093,-0.378,-0.902,1,-35.805,28.973,-26.004,0.000,2,32.119743,-110.762627,249.910004,4.554,2969.160156,21,39,57,40,5,3,U_TURN_HDG,AP_PROT_ROLL_MIN,11.816,30.000,0.000,4,-12,-8,14,ROLL_RIGHT
1666,191.003738,0,-2.691,1.461,-5.152,17.207,-137.520,339.653,9.512,44.091,23.500,-31.875,5.125,22.375,9.099,19.711,21.428,0.216,-0.074,-0.377,-0.898,1,-33.501,28.993,-25.154,0.000,2,32.119743,-110.762627,249.320007,4.647,2969.160156,21,39,57,48,5,3,U_TURN_HDG,AP_PROT_ROLL_MIN,11.816,30.000,0.000,4,-12,-8,14,ROLL_RIGHT
1667,191.126633,0,-0.628,-5.882,-4.447,18.098,-140.074,336.183,-19.584,24.955,49.239,-31.875,5.125,22.375,9.458,19.096,21.838,0.244,-0.075,-0.360,-0.897,1,-34.134,28.991,-25.390,0.000,2,32.119743,-110.762627,250.740005,4.748,2969.160156,21,39,57,60,5,3,U_TURN_HDG,AP_PROT_ROLL_MIN,11.816,30.000,0.000,4,-12,-8,14,ROLL_RIGHT
1668,191.209244,0,-0.525,4.908,6.395,15.836,-140.882,335.546,-30.103,13.541,-45.098,-31.875,5.125,22.375,5.203,18.583,23.479,0.243,-0.057,-0.352,-0.902,1,-36.222,29.069,-26.155,0.000,2,32.119743,-110.762634,250.600006,4.893,2969.160156,21,39,57,68,5,3,U_TURN_HDG,AP_PROT_ROLL_MIN,11.816,30.000,0.000,4,-12,-8,14,ROLL_RIGHT
1669,191.326691,0,1.781,4.357,-7.279,8.597,-141.918,337.613,9.512,7.945,-19.024,-31.875,5.125,22.375,4.562,18.634,23.581,0.207,-0.006,-0.333,-0.920,1,-33.410,29.013,-25.119,0.000,2,32.119743,-110.762634,251.369995,4.692,2969.160156,21,39,57,80,5,3,U_TURN_HDG,AP_PROT_ROLL_MIN,11.816,30.000,0.000,4,-12,-8,14,ROLL_RIGHT
1670,191.412827,0,3.934,1.756,-8.894,5.249,-141.576,336.462,30.103,16.674,-23.612,-31.875,5.125,22.375,-0.333,18.993,23.760,0.207,0.025,-0.331,-0.920,1,-35.552,28.996,-25.912,0.000,2,32.119743,-110.762634,251.820007,4.449,2969.160156,21,39,57,88,5,3,U_TURN_HDG,AP_PROT_ROLL_MIN,11.816,30.000,0.000,4,-12,-8,14,ROLL_RIGHT
1671,191.491714,0,1.141,-6.049,1.679,-3.053,-139.942,336.030,-13.429,63.003,30.103,-31.875,5.125,22.375,-2.973,19.736,22.915,0.186,0.096,-0.330,-0.921,1,-35.541,29.012,-25.908,0.000,2,32.119743,-110.762634,250.740005,4.149,2969.488281,21,39,57,96,5,3,U_TURN_HDG,AP_PROT_ROLL_MIN,11.816,30.000,0.000,4,-12,-8,14,ROLL_RIGHT
1672,191.566666,0,1.935,-10.599,-2.909,-4.502,-139.300,330.735,20.591,16.114,80.684,-31.875,5.125,22.375,-1.230,20.582,22.274,0.223,0.123,-0.327,-0.910,1,-32.860,29.013,-24.912,0.000,2,32.119743,-110.762634,248.289993,3.863,2969.488281,21,39,58,4,5,3,U_TURN_HDG,AP_PROT_ROLL_MIN,11.816,30.000,0.000,4,-12,-8,14,ROLL_RIGHT
1673,191.649918,0,-1.384,-5.126,3.691,-3.503,-135.576,324.118,37.377,94.113,-16.114,-31.875,5.125,22.375,-2.204,21.454,21.274,0.274,0.143,-0.351,-0.884,1,-32.915,29.047,-24.932,0.000,2,32.119743,-110.762634,247.919998,3.796,2969.488281,21,39,58,12,5,3,U_TURN_HDG,AP_PROT_ROLL_MIN,11.816,30.000,0.000,4,-12,-8,14,ROLL_RIGHT
1674,191.721985,0,-2.538,5.882,5.408,-7.388,-134.232,322.007,-20.031,20.367,-11.750,-31.875,5.125,22.375,-4.819,21.249,20.941,0.276,0.182,-0.348,-0.877,1,-33.949,29.040,-25.321,0.000,2,32.119743,-110.762634,249.520004,3.784,2969.488281,21,39,58,20,5,3,U_TURN_HDG,AP_PROT_ROLL_MIN,11.816,30.000,0.000,4,-12,-8,14,ROLL_RIGHT
1675,191.812790,0,-4.908,3.934,5.178,-10.102,-135.621,321.397,-18.912,33.796,-6.491,-31.875,5.125,22.375,-5.716,20.685,21.300,0.273,0.201,-0.328,-0.882,1,-33.000,29.043,-24.965,0.000,2,32.119743,-110.762634,249.960007,3.885,2969.488281,21,39,58,28,5,3,U_TURN_HDG,AP_PROT_ROLL_MIN,11.816,30.000,0.000,4,-12,-8,14,ROLL_RIGHT
1676,191.891006,0,-6.959,2.345,2.051,-11.547,-137.260,320.178,6.155,28.424,-41.853,-31.875,5.125,22.375,-6.767,20.018,21.659,0.281,0.212,-0.309,-0.884,1,-35.214,29.031,-25.789,0.000,2,32.119740,-110.762634,248.139999,3.857,2969.488281,21,39,58,36,5,3,U_TURN_HDG,AP_PROT_ROLL_MIN,11.816,30.000,0.000,4,-12,-8,14,ROLL_RIGHT
1677,192.005524,0,-8.292,3.447,2.051,-17.637,-138.851,321.547,-7.722,12.310,-56.289,-31.875,5.125,22.375,-9.663,18.762,21.736,0.254,0.250,-0.281,-0.891,1,-34.821,29.029,-25.644,0.000,2,32.119740,-110.762642,247.899994,4.014,2969.488281,21,39,58,48,5,3,U_TURN_HDG,AP_PROT_ROLL_MIN,11.816,30.000,0.000,4,-12,-8,14,ROLL_RIGHT
1678,192.086456,0,7.984,-11.304,-4.447,-20.462,-139.683,324.494,-24.843,-14.212,-42.860,-31.875,5.125,22.375,-10.509,17.916,22.171,0.223,0.262,-0.272,-0.898,1,-32.532,29.034,-24.787,0.000,2,32.119740,-110.762642,249.259995,4.275,2969.488281,21,39,58,56,5,3,U_TURN_HDG,AP_PROT_ROLL_MIN,11.816,30.000,0.000,4,-12,-8,14,ROLL_RIGHT
1679,192.169968,0,-3.012,-1.051,-9.163,-21.693,-145.141,333.839,-4.029,-23.724,-90.756,-31.875,5.125,22.375,-11.509,15.866,23.197,0.157,0.241,-0.246,-0.925,1,-41.066,29.015,-27.849,0.000,2,32.119740,-110.762642,251.210007,4.485,2969.488281,21,39,58,64,5,3,U_TURN_HDG,AP_PROT_ROLL_MIN,11.816,30.000,0.000,4,-12,-8,14,ROLL_RIGHT
1680,192.256668,0,-4.434,-3.499,-4.511,-23.074,-147.567,338.396,-13.653,-68.710,-14.100,-31.875,5.125,22.375,-9.766,14.174,24.940,0.121,0.240,-0.233,-0.935,1,-44.306,29.006,-28.927,0.000,2,32.119740,-110.762642,253.220001,4.458,2969.488281,21,39,58,72,5,3,U_TURN_HDG,AP_PROT_ROLL_MIN,11.816,30.000,0.000,4,-12,-8,14,ROLL_RIGHT
1681,192.363693,0,-0.436,-5.024,-6.844,-14.201,-149.614,343.171,31.893,-88.182,47.560,-31.875,5.125,22.375,-7.638,14.738,25.324,0.108,0.156,-0.240,-0.952,1,-45.627,29.049,-29.355,0.000,2,32.119740,-110.762642,254.210007,4.314,2969.488281,21,39,58,84,5,3,U_TURN_HDG,AP_PROT_ROLL_MIN,11.816,30.000,0.000,4,-12,-8,14,ROLL_RIGHT
1682,192.451248,0,-6.703,-7.087,-5.485,-9.569,-146.722,344.211,27.081,-25.067,24.172,-31.875,5.125,22.375,-5.306,16.174,24.914,0.107,0.118,-0.272,-0.949,1,-50.070,29.008,-30.751,0.000,2,32.119740,-110.762642,255.440002,4.365,2969.488281,21,39,58,92,5,3,U_TURN_HDG,AP_PROT_ROLL_MIN,11.816,30.000,0.000,4,-12,-8,14,ROLL_RIGHT
1683,192.515503,0,2.730,14.636,-7.331,-10.069,-135.944,343.000,55.281,2.126,30.662,-31.875,5.125,22.375,-5.101,17.609,23.914,0.104,0.136,-0.357,-0.918,1,-38.588,29.068,-26.996,0.000,2,32.119740,-110.762650,255.679993,4.395,2969.488281,21,39,58,96,5,3,U_TURN_HDG,AP_PROT_ROLL_MIN,11.816,30.000,0.000,4,-12,-8,14,ROLL_RIGHT
1684,192.607620,0,-7.613,13.533,6.446,-15.631,-129.816,342.667,48.231,95.791,-76.767,-31.875,5.125,22.375,-8.407,22.043,18.532,0.078,0.185,-0.397,-0.896,1,-40.380,28.974,-27.615,0.000,2,32.119740,-110.762650,259.470001,4.221,2969.488281,21,39,59,8,5,3,U_TURN_HDG,AP_PROT_ROLL_MIN,11.816,30.000,0.000,4,-12,-8,14,ROLL_RIGHT
1685,192.685440,0,2.243,2.268,-0.243,-19.515,-128.835,342.166,37.041,-79.453,45.881,-31.875,5.125,22.375,-8.048,22.633,18.045,0.065,0.217,-0.397,-0.890,1,-37.044,29.011,-26.450,0.000,2,32.119740,-110.762642,262.709991,3.474,2969.160156,21,39,59,16,5,3,U_TURN_HDG,AP_PROT_ROLL_MIN,11.816,30.000,0.000,4,-12,-8,14,ROLL_RIGHT
1686,192.770462,0,2.948,-3.422,-0.359,-13.471,-125.725,345.309,51.924,-17.681,0.000,-31.875,5.125,22.375,-7.305,23.530,17.199,0.060,0.161,-0.436,-0.883,1,-38.366,29.040,-26.918,0.000,2,32.119743,-110.762642,272.410004,2.982,2969.160156,21,39,59,24,5,3,U_TURN_HDG,AP_PROT_ROLL_MIN,11.816,30.000,0.000,4,-12,-8,14,ROLL_RIGHT
1687,192.851730,0,-0.974,3.832,11.996,-17.171,-124.157,349.487,33.236,-9.176,-29.991,-31.875,5.125,22.375,-7.895,23.760,16.558,0.010,0.174,-0.449,-0.876,1,-46.267,29.032,-29.560,0.000,2,32.119743,-110.762650,282.519989,2.905,2969.488281,21,39,59,32,5,3,U_TURN_HDG,AP_PROT_ROLL_MIN,11.816,30.000,0.000,4,-12,-8,14,ROLL_RIGHT
1688,193.044632,0,-4.665,15.546,12.021,-19.134,-123.525,352.743,4.476,-17.793,-49.686,-31.875,5.125,22.375,-10.586,23.248,15.763,0.023,-0.176,0.456,0.872,1,-45.090,29.018,-29.181,0.000,2,32.119743,-110.762650,275.649994,2.322,2969.488281,21,39,59,52,5,3,U_TURN_HDG,AP_PROT_ROLL_MIN,11.816,30.000,0.000,4,-12,-8,14,ROLL_RIGHT
1689,193.129623,0,-5.331,4.562,0.705,-21.425,-126.250,355.581,-39.615,-27.305,25.067,-31.875,5.125,22.375,-10.945,21.941,18.019,0.050,-0.183,0.437,0.879,1,-42.260,29.001,-28.251,0.000,2,32.119743,-110.762642,273.049988,1.961,2969.816406,21,39,59,60,5,3,U_TURN_HDG,AP_PROT_ROLL_MIN,11.816,30.000,0.000,4,-12,-8,14,ROLL_RIGHT
1690,193.205444,0,1.487,-8.330,-10.919,-16.526,-132.645,357.712,-79.453,-106.982,55.505,-31.875,5.125,22.375,-7.023,20.864,21.479,0.040,-0.140,0.395,0.907,1,-41.546,29.005,-28.011,0.000,2,32.119743,-110.762650,267.359985,2.049,2969.816406,21,39,59,68,5,3,U_TURN_HDG,AP_PROT_ROLL_MIN,11.816,30.000,0.000,4,-12,-8,14,ROLL_RIGHT
1691,193.323700,0,1.179,-10.291,-20.941,-6.502,-139.135,1.717,-34.019,-103.961,40.398,-31.875,5.125,22.375,-2.999,19.762,23.504,0.034,-0.048,0.349,0.935,1,-42.734,29.001,-28.409,0.000,2,32.119740,-110.762650,265.649994,3.038,2970.144531,21,39,59,80,5,3,U_TURN_HDG,AP_PROT_ROLL_MIN,11.816,30.000,0.000,4,-12,-8,14,ROLL_RIGHT
1692,193.404572,0,-1.730,-0.923,-13.431,-1.459,-141.542,3.544,-71.396,36.034,-40.174,-31.875,5.125,22.375,-2.717,16.609,25.811,0.033,-0.002,0.330,0.944,1,-46.907,29.015,-29.764,0.000,2,32.119740,-110.762657,271.290009,3.971,2970.472656,21,39,59,88,5,3,U_TURN_HDG,AP_PROT_ROLL_MIN,11.816,30.000,0.000,4,-12,-8,14,ROLL_RIGHT
1693,193.488602,0,-4.204,7.920,-5.613,-7.830,-148.254,4.821,-7.386,48.343,-20.926,-31.875,5.125,22.375,-4.280,15.994,25.888,0.059,-0.054,0.275,0.958,1,-54.572,29.001,-32.104,0.000,2,32.119740,-110.762657,275.769989,4.503,2970.472656,21,39,59,96,5,3,U_TURN_HDG,AP_PROT_ROLL_MIN,11.816,30.000,0.000,4,-12,-8,14,ROLL_RIGHT
1694,193.569641,0,-2.602,5.870,-3.845,-9.910,-145.992,2.711,81.467,61.212,88.182,-31.875,5.125,22.375,-5.536,18.045,24.145,0.048,-0.076,0.293,0.952,1,-46.105,29.035,-29.508,0.000,2,32.119740,-110.762657,276.100006,4.749,2970.800537,21,40,0,4,5,3,U_TURN_HDG,AP_PROT_ROLL_MIN,11.816,30.000,0.000,4,-12,-8,14,ROLL_RIGHT
1695,193.648209,0,0.141,4.562,13.123,-12.034,-136.830,353.388,54.498,122.089,7.722,-31.875,5.125,22.375,-8.253,21.812,19.762,0.015,0.118,-0.360,-0.925,1,-41.845,29.037,-28.112,0.000,2,32.119740,-110.762665,273.690002,4.998,2970.800537,21,40,0,12,5,3,U_TURN_HDG,AP_PROT_ROLL_MIN,11.816,30.000,0.000,4,-12,-8,14,ROLL_RIGHT
1696,193.729950,0,0.423,9.420,-1.320,-16.981,-131.774,348.032,-55.729,80.572,-33.012,-31.875,5.125,22.375,-10.201,21.325,19.454,0.034,0.176,-0.388,-0.904,1,-44.930,29.018,-29.130,0.000,2,32.119740,-110.762665,272.769989,5.335,2970.800537,21,40,0,20,5,3,U_TURN_HDG,AP_PROT_ROLL_MIN,11.816,30.000,0.000,4,-12,-8,14,ROLL_RIGHT
1697,193.808228,0,-2.063,7.190,1.487,-23.701,-139.957,341.491,-123.880,88.182,5.707,-31.875,5.125,22.375,-12.303,18.403,21.223,0.078,0.244,-0.300,-0.919,1,-45.007,29.027,-29.155,0.000,2,32.119740,-110.762665,270.679993,5.447,2970.800537,21,40,0,28,5,3,U_TURN_HDG,AP_PROT_ROLL_MIN,11.816,30.000,0.000,4,-12,-8,14,ROLL_RIGHT
1698,193.923630,0,2.051,-7.484,7.267,-21.440,-141.606,335.116,-40.734,13.541,78.670,-31.875,5.125,22.375,-11.098,18.096,22.171,0.140,0.241,-0.278,-0.919,1,-43.495,29.049,-28.661,0.000,2,32.119736,-110.762672,263.459991,5.560,2970.800537,21,40,0,40,5,3,U_TURN_HDG,AP_PROT_ROLL_MIN,11.816,30.000,0.000,4,-12,-8,14,ROLL_RIGHT
1699,194.009598,0,-3.627,-0.179,-1.410,-24.536,-145.501,325.178,-26.074,61.101,72.179,-31.875,5.125,22.375,-11.201,18.147,22.120,0.219,0.280,-0.216,-0.909,1,-34.840,28.996,-25.651,0.000,2,32.119736,-110.762672,258.309998,5.379,2970.800537,21,40,0,48,5,3,U_TURN_HDG,AP_PROT_ROLL_MIN,11.816,30.000,0.000,4,-12,-8,14,ROLL_RIGHT
1700,194.089874,0,-14.482,-0.077,7.433,-26.979,-147.412,322.486,-66.024,91.091,-11.302,-31.875,5.125,22.375,-15.251,13.892,22.812,0.238,0.300,-0.186,-0.905,1,-37.815,29.045,-26.724,0.000,2,32.119736,-110.762672,254.229996,5.477,2970.800537,21,40,0,56,5,3,U_TURN_HDG,AP_PROT_ROLL_MIN,11.816,30.000,0.000,4,-12,-8,14,ROLL_RIGHT
1701,194.168121,0,-4.434,3.563,-3.576,-31.797,-151.738,320.673,-59.422,-43.196,-42.412,-31.875,5.125,22.375,-15.866,11.124,24.017,0.251,0.329,-0.132,-0.901,1,-40.360,29.006,-27.609,0.000,2,32.119736,-110.762672,250.270004,5.612,2970.472656,21,40,0,64,5,3,U_TURN_HDG,AP_PROT_ROLL_MIN,11.816,30.000,0.000,4,-12,-8,14,ROLL_RIGHT
1702,194.248825,0,-8.356,0.346,-4.332,-31.030,-158.075,325.379,30.215,18.353,0.224,-31.875,5.125,22.375,-16.097,10.201,24.401,0.233,0.305,-0.097,-0.918,1,-40.837,29.003,-27.771,0.000,2,32.119736,-110.762680,248.539993,5.890,2970.472656,21,40,0,72,5,3,U_TURN_HDG,AP_PROT_ROLL_MIN,11.816,30.000,0.000,4,-12,-8,14,ROLL_RIGHT
1703,194.364624,0,5.600,-3.537,-5.113,-31.560,-154.912,324.977,39.950,-72.515,19.584,-31.875,5.125,22.375,-15.097,12.201,24.171,0.226,0.316,-0.119,-0.914,1,-39.952,29.036,-27.469,0.000,2,32.119732,-110.762680,248.000000,6.176,2970.800537,21,40,0,84,5,3,U_TURN_HDG,AP_PROT_ROLL_MIN,11.816,30.000,0.000,4,-12,-8,14,ROLL_RIGHT
1704,194.447754,0,5.613,0.256,-2.397,-26.375,-152.292,326.359,51.477,-31.781,73.746,-31.875,5.125,22.375,-11.765,15.071,24.401,0.221,0.279,-0.159,-0.921,1,-39.810,29.004,-27.420,0.000,2,32.119732,-110.762680,249.220001,5.649,2970.800537,21,40,0,92,5,3,U_TURN_HDG,AP_PROT_ROLL_MIN,11.816,30.000,0.000,4,-12,-8,14,ROLL_RIGHT
1705,194.608444,0,5.037,1.384,-1.448,-17.252,-142.763,319.354,43.531,-6.155,83.929,-31.875,5.125,22.375,-9.330,17.891,23.504,0.281,0.243,-0.247,-0.895,1,-37.971,29.044,-26.779,0.000,2,32.119732,-110.762680,247.330002,5.136,2971.128662,21,40,1,8,5,3,U_TURN_HDG,AP_PROT_ROLL_MIN,11.816,30.000,0.000,4,-12,-8,14,ROLL_RIGHT
1706,194.688873,0,-4.191,3.960,0.077,-7.429,-136.893,305.098,50.581,1.790,115.487,-31.875,5.125,22.375,-4.204,21.018,22.376,0.407,0.222,-0.298,-0.835,1,-41.549,29.004,-28.012,0.000,2,32.119732,-110.762688,248.000000,5.144,2971.128662,21,40,1,16,5,3,U_TURN_HDG,AP_PROT_ROLL_MIN,11.816,30.000,0.000,4,-12,-8,14,ROLL_RIGHT
1707,194.768616,0,2.602,0.308,6.818,-7.350,-140.012,302.865,-48.120,34.131,68.934,-31.875,5.125,22.375,-4.101,20.403,23.017,0.429,0.216,-0.271,-0.834,1,-39.467,29.051,-27.301,0.000,2,32.119732,-110.762688,247.929993,4.704,2970.800537,21,40,1,24,5,3,U_TURN_HDG,AP_PROT_ROLL_MIN,11.816,30.000,0.000,4,-12,-8,14,ROLL_RIGHT
1708,194.890121,0,2.409,-0.346,-12.547,-1.599,-140.358,307.846,-11.974,-86.167,-22.381,-31.875,5.125,22.375,-2.794,19.659,23.889,0.409,0.161,-0.299,-0.847,1,-35.164,28.988,-25.770,0.000,2,32.119732,-110.762688,245.970001,4.331,2970.800537,21,40,1,36,5,3,U_TURN_HDG,AP_PROT_ROLL_MIN,11.816,30.000,0.000,4,-12,-8,14,ROLL_RIGHT
1709,194.992599,0,2.871,-9.714,0.026,0.212,-140.918,304.861,-17.122,-16.450,114.368,-31.875,5.125,22.375,2.435,18.788,24.581,0.437,0.153,-0.297,-0.835,1,-21.325,29.029,-20.068,0.000,2,32.119732,-110.762688,248.710007,4.355,2970.800537,21,40,1,44,5,3,U_TURN_HDG,AP_PROT_ROLL_MIN,11.816,30.000,0.000,4,-12,-8,14,ROLL_RIGHT
1710,195.047806,0,1.692,-9.048,0.807,7.660,-145.303,296.374,-27.529,16.674,-19.136,-31.875,5.125,22.375,3.896,17.455,25.298,0.519,0.103,-0.286,-0.799,1,-24.898,28.989,-21.685,0.000,2,32.119732,-110.762688,250.679993,4.257,2970.800537,21,40,1,52,5,3,U_TURN_HDG,AP_PROT_ROLL_MIN,11.816,30.000,0.000,4,-12,-8,14,ROLL_RIGHT
1711,195.122375,0,2.550,-2.807,5.344,5.690,-146.286,296.894,-12.086,59.982,-60.765,-31.875,5.125,22.375,1.435,16.942,25.785,0.512,0.111,-0.272,-0.807,1,-36.004,29.033,-26.076,0.000,2,32.119732,-110.762688,250.169998,4.160,2971.128662,21,40,1,60,5,3,U_TURN_HDG,AP_PROT_ROLL_MIN,11.816,30.000,0.000,4,-12,-8,14,ROLL_RIGHT
1712,195.209717,0,-2.166,0.487,8.087,-2.553,-146.094,298.996,-15.219,75.201,-88.741,-31.875,5.125,22.375,-2.179,16.968,25.683,0.480,0.166,-0.240,-0.827,1,-42.866,29.041,-28.453,0.000,2,32.119732,-110.762688,246.710007,3.968,2971.128662,21,40,1,68,5,3,U_TURN_HDG,AP_PROT_ROLL_MIN,11.816,30.000,0.000,4,-12,-8,14,ROLL_RIGHT
1713,195.326797,0,-2.743,2.614,-3.178,-7.301,-147.202,301.004,-17.122,17.457,-100.268,-31.875,5.125,22.375,-5.818,15.610,25.939,0.456,0.192,-0.215,-0.842,1,-22.178,29.055,-20.466,0.000,2,32.119732,-110.762688,246.490005,4.081,2971.456787,21,40,1,80,5,3,U_TURN_HDG,AP_PROT_ROLL_MIN,11.816,30.000,0.000,4,-12,-8,14,ROLL_RIGHT
1714,195.406967,0,-0.192,-0.410,-1.230,-15.654,-149.064,310.015,47.224,15.555,-96.463,-31.875,5.125,22.375,-9.099,15.097,25.324,0.370,0.231,-0.184,-0.881,1,-37.886,29.058,-26.749,0.000,2,32.119732,-110.762688,248.710007,4.064,2971.456787,21,40,1,88,5,3,U_TURN_HDG,AP_PROT_ROLL_MIN,11.816,30.000,0.000,4,-12,-8,14,ROLL_RIGHT
1715,195.497620,0,3.050,1.679,-9.227,-19.672,-149.336,317.220,-6.826,-55.505,-93.889,-31.875,5.125,22.375,-10.509,13.918,25.401,0.305,0.248,-0.182,-0.901,1,-37.227,29.104,-26.515,0.000,2,32.119732,-110.762688,249.059998,3.928,2971.456787,21,40,1,96,5,3,U_TURN_HDG,AP_PROT_ROLL_MIN,11.816,30.000,0.000,4,-12,-8,14,ROLL_RIGHT
1716,195.574722,0,-0.384,-5.498,0.730,-18.172,-152.041,324.059,-1.679,-26.522,10.967,-31.875,5.125,22.375,-8.740,13.405,26.247,0.259,0.219,-0.180,-0.923,1,-38.133,29.035,-26.836,0.000,2,32.119732,-110.762688,250.020004,3.777,2971.456787,21,40,2,4,5,3,U_TURN_HDG,AP_PROT_ROLL_MIN,11.816,30.000,0.000,4,-12,-8,14,ROLL_RIGHT
1717,195.648926,0,7.754,-2.768,1.051,-15.240,-153.466,325.131,-20.591,-30.103,-28.872,-31.875,5.125,22.375,-8.125,12.970,26.606,0.260,0.191,-0.178,-0.930,1,-41.770,29.027,-28.087,0.000,2,32.119728,-110.762688,250.160004,3.771,2971.128662,21,40,2,12,5,3,U_TURN_HDG,AP_PROT_ROLL_MIN,11.816,30.000,0.000,4,-12,-8,14,ROLL_RIGHT
1718,195.729996,0,-12.393,0.897,6.100,-15.625,-155.288,327.771,-30.438,10.407,-37.600,-31.875,5.125,22.375,-8.228,11.380,27.195,0.241,0.186,-0.167,-0.938,1,-40.969,29.049,-27.816,0.000,2,32.119728,-110.762695,249.429993,4.118,2971.128662,21,40,2,20,5,3,U_TURN_HDG,AP_PROT_ROLL_MIN,11.816,30.000,0.000,4,-12,-8,14,ROLL_RIGHT
1719,195.806808,0,-1.807,5.049,6.485,-11.746,-152.953,329.535,91.651,-50.470,15.219,-31.875,5.125,22.375,-6.613,12.918,26.939,0.231,0.157,-0.198,-0.939,1,-38.047,29.048,-26.806,0.000,2,32.119728,-110.762695,248.779999,4.795,2971.128662,21,40,2,28,5,3,U_TURN_HDG,AP_PROT_ROLL_MIN,11.816,30.000,0.000,4,-12,-8,14,ROLL_RIGHT
1720,196.006256,0,-2.794,5.806,-11.547,-9.010,-149.901,332.086,66.024,-76.767,-69.158,-31.875,5.125,22.375,-4.434,16.045,25.708,0.212,0.136,-0.233,-0.939,1,-35.103,29.087,-25.748,0.000,2,32.119728,-110.762703,248.110001,4.454,2970.800537,21,40,2,48,5,3,U_TURN_HDG,AP_PROT_ROLL_MIN,11.816,30.000,0.000,4,-12,-8,14,ROLL_RIGHT
1721,196.086258,0,2.691,-10.304,1.038,-10.004,-147.191,338.715,10.183,-24.619,2.126,-31.875,5.125,22.375,-3.947,17.686,24.581,0.152,0.134,-0.261,-0.944,1,-39.054,29.083,-27.158,0.000,2,32.119724,-110.762703,248.479996,4.589,2970.472656,21,40,2,56,5,3,U_TURN_HDG,AP_PROT_ROLL_MIN,11.816,30.000,0.000,4,-12,-8,14,ROLL_RIGHT
1722,196.170013,0,-0.461,0.782,5.998,-8.216,-143.900,343.311,23.388,-16.114,-129.475,-31.875,5.125,22.375,-5.716,17.609,24.145,0.116,0.112,-0.296,-0.942,1,-40.523,29.003,-27.664,0.000,2,32.119724,-110.762703,247.899994,4.793,2970.144531,21,40,2,64,5,3,U_TURN_HDG,AP_PROT_ROLL_MIN,11.816,30.000,0.000,4,-12,-8,14,ROLL_RIGHT
1723,196.246826,0,-1.858,5.780,4.152,-13.149,-143.725,353.965,15.107,-3.133,-69.717,-31.875,5.125,22.375,-7.202,17.353,23.863,0.014,0.125,-0.303,-0.945,1,-45.086,29.022,-29.180,0.000,2,32.119724,-110.762703,248.279999,4.928,2970.144531,21,40,2,72,5,3,U_TURN_HDG,AP_PROT_ROLL_MIN,11.816,30.000,0.000,4,-12,-8,14,ROLL_RIGHT
1724,196.369797,0,-2.717,9.266,15.584,-15.245,-143.857,356.660,4.812,28.984,-47.896,-31.875,5.125,22.375,-8.920,16.994,23.581,0.014,-0.135,0.304,0.943,1,-49.175,29.051,-30.475,0.000,2,32.119724,-110.762703,248.570007,5.074,2970.144531,21,40,2,84,5,3,U_TURN_HDG,AP_PROT_ROLL_MIN,11.816,30.000,0.000,4,-12,-8,14,ROLL_RIGHT
1725,196.446869,0,-0.051,6.498,-4.050,-19.349,-143.792,359.749,66.808,-56.177,-51.365,-31.875,5.125,22.375,-10.227,17.814,22.581,0.050,-0.160,0.306,0.937,1,-48.543,29.050,-30.278,0.000,2,32.119724,-110.762711,247.740005,5.187,2969.816406,21,40,2,92,5,3,U_TURN_HDG,AP_PROT_ROLL_MIN,11.816,30.000,0.000,4,-12,-8,14,ROLL_RIGHT
1726,196.527725,0,-2.332,5.216,-6.228,-19.328,-140.147,10.424,8.617,9.624,-51.253,-31.875,5.125,22.375,-10.688,18.275,22.146,0.141,-0.127,0.349,0.918,1,-48.399,29.029,-30.233,0.000,2,32.119724,-110.762711,242.740005,4.991,2969.816406,21,40,3,0,5,3,U_TURN_HDG,AP_PROT_ROLL_MIN,11.816,30.000,0.000,4,-12,-8,14,ROLL_RIGHT
1727,196.604218,0,1.384,2.768,-5.985,-23.174,-141.345,13.532,-65.913,-31.893,-44.986,-31.875,5.125,22.375,-12.380,15.917,23.197,0.175,-0.150,0.344,0.910,1,-50.808,29.100,-30.977,0.000,2,32.119724,-110.762711,241.350006,4.677,2969.816406,21,40,3,8,5,3,U_TURN_HDG,AP_PROT_ROLL_MIN,11.816,30.000,0.000,4,-12,-8,14,ROLL_RIGHT
1728,196.685684,0,0.743,2.166,-7.651,-19.226,-148.234,14.855,-44.203,-48.791,64.458,-31.875,5.125,22.375,-10.124,15.302,24.709,0.168,-0.124,0.288,0.934,1,-51.683,29.088,-31.242,0.000,2,32.119724,-110.762711,245.940002,4.611,2970.144531,21,40,3,16,5,3,U_TURN_HDG,AP_PROT_ROLL_MIN,11.816,30.000,0.000,4,-12,-8,14,ROLL_RIGHT
1729,196.764587,0,-9.586,-2.909,5.741,-18.994,-147.952,7.200,-5.931,10.183,95.679,-31.875,5.125,22.375,-9.637,15.866,24.555,0.105,-0.141,0.282,0.943,1,-60.629,29.038,-33.838,0.000,2,32.119724,-110.762711,247.580002,4.760,2970.472656,21,40,3,24,5,3,U_TURN_HDG,AP_PROT_ROLL_MIN,11.816,30.000,0.000,4,-12,-8,14,ROLL_RIGHT
1730,196.851715,0,-7.895,-9.356,6.498,-16.317,-150.794,4.713,41.853,20.591,-8.729,-31.875,5.125,22.375,-8.920,14.815,25.478,0.075,-0.127,0.255,0.956,1,-59.214,29.027,-33.441,0.000,2,32.119720,-110.762711,247.119995,4.736,2970.472656,21,40,3,32,5,3,U_TURN_HDG,AP_PROT_ROLL_MIN,11.816,30.000,0.000,4,-12,-8,14,ROLL_RIGHT
1731,197.045837,0,-0.320,-2.140,-2.268,-24.983,-148.419,4.770,22.605,95.008,-59.982,-31.875,5.125,22.375,-12.457,14.866,23.889,0.098,-0.197,0.274,0.936,1,-57.935,29.058,-33.078,0.000,2,32.119720,-110.762711,244.330002,4.057,2969.816406,21,40,3,52,5,3,U_TURN_HDG,AP_PROT_ROLL_MIN,11.816,30.000,0.000,4,-12,-8,14,ROLL_RIGHT
1732,197.125671,0,3.512,-4.319,-7.343,-23.931,-148.721,2.238,-19.584,-66.920,89.860,-31.875,5.125,22.375,-13.072,14.661,23.709,0.074,-0.194,0.268,0.941,1,-55.415,29.050,-32.350,0.000,2,32.119720,-110.762711,247.309998,3.656,2968.832275,21,40,3,60,5,3,U_TURN_HDG,AP_PROT_ROLL_MIN,11.816,30.000,0.000,4,-12,-8,14,ROLL_RIGHT
1733,197.205627,0,3.960,-11.111,-8.715,-19.456,-149.311,0.423,-35.698,-55.281,80.684,-31.875,5.125,22.375,-8.433,14.994,25.760,0.048,-0.162,0.261,0.950,1,-53.263,29.088,-31.716,0.000,2,32.119720,-110.762718,245.449997,3.949,2969.160156,21,40,3,68,5,3,U_TURN_HDG,AP_PROT_ROLL_MIN,11.816,30.000,0.000,4,-12,-8,14,ROLL_RIGHT
1734,197.330688,0,-5.780,-11.560,10.291,-14.214,-150.841,357.290,-8.841,1.902,-26.745,-31.875,5.125,22.375,-7.869,14.559,26.119,0.008,-0.126,0.247,0.961,1,-57.561,29.019,-32.971,0.000,2,32.119720,-110.762718,241.779999,4.490,2969.488281,21,40,3,80,5,3,U_TURN_HDG,AP_PROT_ROLL_MIN,11.816,30.000,0.000,4,-12,-8,14,ROLL_RIGHT
1735,197.404526,0,4.703,5.344,1.756,-13.301,-152.426,0.289,-24.395,-46.441,-14.995,-31.875,5.125,22.375,-3.768,12.995,27.862,0.030,-0.112,0.237,0.965,1,-50.054,29.035,-30.746,0.000,2,32.119720,-110.762718,241.320007,4.564,2969.160156,21,40,3,88,5,3,U_TURN_HDG,AP_PROT_ROLL_MIN,11.816,30.000,0.000,4,-12,-8,14,ROLL_RIGHT
1736,197.494781,0,-1.307,0.320,4.293,-6.890,-155.699,6.591,-25.067,68.598,-11.302,-31.875,5.125,22.375,-5.049,12.483,27.964,0.069,-0.047,0.213,0.974,1,-56.002,28.984,-32.522,0.000,2,32.119720,-110.762718,240.550003,4.532,2969.160156,21,40,3,96,5,3,U_TURN_HDG,AP_PROT_ROLL_MIN,11.816,30.000,0.000,4,-12,-8,14,ROLL_RIGHT
1737,197.567627,0,-2.832,0.961,-9.099,-10.620,-158.416,6.385,-9.176,-25.291,21.374,-31.875,5.125,22.375,-5.101,10.611,28.810,0.072,-0.080,0.191,0.976,1,-55.413,29.048,-32.350,0.000,2,32.119720,-110.762718,239.419998,4.495,2969.160156,21,40,4,4,5,3,U_TURN_HDG,AP_PROT_ROLL_MIN,11.816,30.000,0.000,4,-12,-8,14,ROLL_RIGHT
1738,197.651886,0,-0.871,-4.114,-4.204,-9.850,-158.142,5.175,33.572,25.850,6.043,-31.875,5.125,22.375,-5.536,11.842,28.246,0.060,-0.076,0.193,0.977,1,-57.933,29.060,-33.077,0.000,2,32.119717,-110.762718,240.279999,4.523,2969.160156,21,40,4,12,5,3,U_TURN_HDG,AP_PROT_ROLL_MIN,11.816,30.000,0.000,4,-12,-8,14,ROLL_RIGHT
1739,197.728104,0,-0.948,-3.512,-9.791,-9.751,-157.126,6.294,-26.186,-42.077,-24.172,-31.875,5.125,22.375,-4.665,11.406,28.554,0.070,-0.072,0.202,0.974,1,-57.159,29.036,-32.856,0.000,2,32.119717,-110.762718,240.190002,4.414,2969.488281,21,40,4,20,5,3,U_TURN_HDG,AP_PROT_ROLL_MIN,11.816,30.000,0.000,4,-12,-8,14,ROLL_RIGHT
1740,197.806519,0,-0.308,-1.487,-10.240,-7.565,-161.394,8.957,-50.246,-14.772,-9.288,-31.875,5.125,22.375,-4.127,9.894,29.143,0.088,-0.052,0.166,0.981,1,-58.878,29.068,-33.346,0.000,2,32.119717,-110.762718,238.039993,4.182,2969.160156,21,40,4,28,5,3,U_TURN_HDG,AP_PROT_ROLL_MIN,11.816,30.000,0.000,4,-12,-8,14,ROLL_RIGHT
1741,197.967575,0,-14.354,5.062,5.152,-5.566,-163.256,8.796,-49.015,-7.386,-0.895,-31.875,5.125,22.375,-3.870,8.971,29.425,0.083,-0.037,0.149,0.985,1,-57.377,29.064,-32.918,0.000,2,32.119717,-110.762718,241.250000,4.218,2968.832275,21,40,4,44,5,3,U_TURN_HDG,AP_PROT_ROLL_MIN,11.816,30.000,0.000,4,-12,-8,14,ROLL_RIGHT
1742,198.038696,0,6.574,-1.833,-3.601,-1.308,-160.540,7.908,147.828,-14.324,3.693,-31.875,5.125,22.375,6.228,14.379,26.657,0.070,0.000,0.169,0.983,1,-50.674,29.054,-30.936,0.000,2,32.119717,-110.762726,243.630005,4.257,2968.832275,21,40,4,48,5,3,U_TURN_HDG,AP_PROT_ROLL_MIN,11.816,30.000,0.000,4,-12,-8,14,ROLL_RIGHT
1743,198.088516,0,12.213,-7.087,-1.474,8.851,-144.736,9.371,11.750,34.915,-51.365,-31.875,5.125,22.375,4.537,17.686,24.965,0.054,0.098,0.295,0.949,1,-51.860,29.049,-31.296,0.000,2,32.119717,-110.762726,245.270004,4.260,2968.832275,21,40,4,52,5,3,U_TURN_HDG,AP_PROT_ROLL_MIN,11.816,30.000,0.000,4,-12,-8,14,ROLL_RIGHT
1744,198.171677,0,1.179,-3.486,2.691,6.356,-144.134,9.610,15.891,116.382,-7.274,-31.875,5.125,22.375,1.692,18.429,24.734,0.063,0.078,0.302,0.948,1,-49.609,29.122,-30.609,0.000,2,32.119717,-110.762726,247.369995,4.415,2968.832275,21,40,4,60,5,3,U_TURN_HDG,AP_PROT_ROLL_MIN,11.816,30.000,0.000,4,-12,-8,14,ROLL_RIGHT
1745,198.286530,0,1.769,0.333,1.999,-1.110,-144.804,5.418,-72.963,69.270,-30.326,-31.875,5.125,22.375,-0.743,17.788,25.221,0.048,0.005,0.302,0.952,1,-57.782,29.048,-33.034,0.000,2,32.119717,-110.762726,250.419998,4.792,2968.503906,21,40,4,76,5,3,U_TURN_HDG,AP_PROT_ROLL_MIN,11.816,30.000,0.000,4,-12,-8,14,ROLL_RIGHT
1746,198.491318,0,-3.524,-2.384,-0.410,-4.270,-150.845,5.980,-76.767,25.515,16.786,-31.875,5.125,22.375,-2.999,12.226,28.169,0.060,-0.023,0.253,0.965,1,-59.828,29.057,-33.614,0.000,2,32.119717,-110.762733,248.130005,4.707,2968.503906,21,40,4,96,5,3,U_TURN_HDG,AP_PROT_ROLL_MIN,11.816,30.000,0.000,4,-12,-8,14,ROLL_RIGHT
1747,198.569000,0,-1.628,9.099,5.139,-6.485,-158.621,4.716,-33.572,-4.364,-7.610,-31.875,5.125,22.375,-2.973,6.997,29.912,0.051,-0.048,0.187,0.980,1,-60.391,29.041,-33.772,0.000,2,32.119717,-110.762733,246.389999,4.707,2968.503906,21,40,5,4,5,3,U_TURN_HDG,AP_PROT_ROLL_MIN,11.816,30.000,0.000,4,-12,-8,14,ROLL_RIGHT
1748,198.648575,0,-1.743,8.074,5.741,-9.947,-169.363,11.406,-35.362,67.591,18.129,-31.875,5.125,22.375,-5.357,5.562,29.938,0.107,-0.077,0.100,0.986,1,-60.377,29.063,-33.768,0.000,2,32.119717,-110.762733,245.449997,4.662,2968.503906,21,40,5,12,5,3,U_TURN_HDG,AP_PROT_ROLL_MIN,11.816,30.000,0.000,4,-12,-8,14,ROLL_RIGHT
1749,198.723724,0,1.448,-5.421,-3.909,-12.904,-171.843,11.165,-54.498,63.674,5.819,-31.875,5.125,22.375,-6.562,4.588,29.912,0.104,-0.105,0.081,0.986,1,-61.947,29.080,-34.204,0.000,2,32.119717,-110.762733,246.990005,4.508,2968.503906,21,40,5,20,5,3,U_TURN_HDG,AP_PROT_ROLL_MIN,11.816,30.000,0.000,4,-12,-8,14,ROLL_RIGHT
1750,198.812180,0,0.807,0.692,-13.136,-12.100,-172.928,12.101,22.493,-8.169,0.895,-31.875,5.125,22.375,-6.305,3.922,30.091,0.111,-0.098,0.072,0.986,1,-61.322,29.075,-34.031,0.000,2,32.119713,-110.762733,246.100006,4.549,2968.503906,21,40,5,28,5,3,U_TURN_HDG,AP_PROT_ROLL_MIN,11.816,30.000,0.000,4,-12,-8,14,ROLL_RIGHT
1751,198.883713,0,0.026,-4.960,-7.100,-13.575,-171.317,12.921,-20.814,-23.276,-40.958,-31.875,5.125,22.375,-7.382,3.947,29.810,0.120,-0.109,0.088,0.983,1,-63.321,29.026,-34.581,0.000,2,32.119713,-110.762733,244.710007,4.466,2968.503906,21,40,5,36,5,3,U_TURN_HDG,AP_PROT_ROLL_MIN,11.816,30.000,0.000,4,-12,-8,14,ROLL_RIGHT
1752,198.971863,0,2.038,3.934,0.231,-12.694,-172.459,16.846,22.829,-50.470,-57.408,-31.875,5.125,22.375,-6.280,3.973,29.963,0.152,-0.100,0.081,0.980,1,-58.560,29.071,-33.256,0.000,2,32.119713,-110.762733,245.350006,4.101,2968.503906,21,40,5,44,5,3,U_TURN_HDG,AP_PROT_ROLL_MIN,11.816,30.000,0.000,4,-12,-8,14,ROLL_RIGHT
1753,199.026505,0,-10.547,8.651,2.781,-10.663,-169.502,21.307,61.772,67.367,2.350,-31.875,5.125,22.375,-7.049,6.946,29.194,0.192,-0.074,0.107,0.973,1,-59.915,29.048,-33.638,0.000,2,32.119713,-110.762733,246.630005,3.929,2968.503906,21,40,5,48,5,3,U_TURN_HDG,AP_PROT_ROLL_MIN,11.816,30.000,0.000,4,-12,-8,14,ROLL_RIGHT
1754,199.077515,0,-11.496,5.985,4.447,-12.432,-165.511,19.228,1.007,-45.769,58.527,-31.875,5.125,22.375,-6.715,7.433,29.143,0.178,-0.085,0.142,0.970,1,-61.414,29.048,-34.057,0.000,2,32.119713,-110.762733,246.759995,3.880,2968.176025,21,40,5,52,5,3,U_TURN_HDG,AP_PROT_ROLL_MIN,11.816,30.000,0.000,4,-12,-8,14,ROLL_RIGHT
1755,199.160233,0,0.474,3.191,16.020,-12.001,-162.441,15.028,69.605,73.858,71.620,-31.875,5.125,22.375,-6.510,9.048,28.733,0.144,-0.083,0.164,0.972,1,-59.435,29.058,-33.504,0.000,2,32.119713,-110.762733,245.160004,3.820,2968.176025,21,40,5,60,5,3,U_TURN_HDG,AP_PROT_ROLL_MIN,11.816,30.000,0.000,4,-12,-8,14,ROLL_RIGHT
1756,199.222504,0,0.782,10.253,-0.961,-18.298,-160.976,10.851,-13.541,-57.743,78.222,-31.875,5.125,22.375,-9.766,9.612,27.682,0.118,-0.141,0.177,0.967,1,-61.024,29.037,-33.948,0.000,2,32.119713,-110.762733,242.139999,4.240,2968.503906,21,40,5,68,5,3,U_TURN_HDG,AP_PROT_ROLL_MIN,11.816,30.000,0.000,4,-12,-8,14,ROLL_RIGHT
1757,199.324921,0,-4.011,-9.022,-11.111,-12.553,-158.409,4.627,18.800,-4.924,201.319,-31.875,5.125,22.375,-5.870,11.842,27.964,0.060,-0.100,0.190,0.975,1,-51.132,29.079,-31.075,0.000,2,32.119713,-110.762733,236.970001,4.505,2968.503906,21,40,5,80,5,3,U_TURN_HDG,AP_PROT_ROLL_MIN,11.816,30.000,0.000,4,-12,-8,14,ROLL_RIGHT
1758,199.407700,0,4.537,-20.441,-4.409,-7.582,-158.546,350.294,-3.693,-28.424,92.882,-31.875,5.125,22.375,-2.204,11.611,28.579,0.071,0.080,-0.180,-0.978,1,-44.352,29.066,-28.942,0.000,2,32.119713,-110.762733,236.089996,4.270,2968.503906,21,40,5,88,5,3,U_TURN_HDG,AP_PROT_ROLL_MIN,11.816,30.000,0.000,4,-12,-8,14,ROLL_RIGHT
1759,199.492065,0,6.190,-14.969,-4.716,-3.003,-153.333,348.595,149.394,-77.775,-75.313,-31.875,5.125,22.375,-1.358,14.584,27.169,0.091,0.048,-0.227,-0.969,1,-44.672,29.057,-29.046,0.000,2,32.119713,-110.762733,232.869995,4.331,2968.503906,21,40,5,96,5,3,U_TURN_HDG,AP_PROT_ROLL_MIN,11.816,30.000,0.000,4,-12,-8,14,ROLL_RIGHT
1760,199.576508,0,-12.444,5.677,-10.932,-1.102,-145.215,354.082,102.953,76.655,-139.323,-31.875,5.125,22.375,-1.640,21.351,21.992,0.046,0.025,-0.298,-0.953,1,-47.330,29.105,-29.898,0.000,2,32.119709,-110.762733,230.059998,4.339,2968.176025,21,40,6,4,5,3,U_TURN_HDG,AP_PROT_ROLL_MIN,11.816,30.000,0.000,4,-12,-8,14,ROLL_RIGHT
1761,199.771072,0,-28.028,5.139,7.459,-18.544,-135.209,359.082,-66.808,215.307,-224.035,-31.875,5.125,22.375,-9.535,20.480,20.633,0.054,-0.152,0.375,0.913,1,-52.641,29.066,-31.530,0.000,2,32.119709,-110.762733,218.279999,3.580,2967.847900,21,40,6,24,5,3,U_TURN_HDG,AP_PROT_ROLL_MIN,11.816,30.000,0.000,4,-12,-8,14,ROLL_RIGHT
1762,199.846863,0,4.767,-7.074,2.960,-32.742,-139.541,0.569,-26.186,27.305,40.622,-31.875,5.125,22.375,-18.762,16.789,17.686,0.102,-0.263,0.333,0.900,1,-52.350,29.024,-31.443,0.000,2,32.119709,-110.762733,217.710007,3.443,2967.519775,21,40,6,32,5,3,U_TURN_HDG,AP_PROT_ROLL_MIN,11.816,30.000,0.000,4,-12,-8,14,ROLL_RIGHT
1763,199.931641,0,4.050,-7.164,-6.318,-35.670,-139.696,356.033,-54.051,-42.748,-7.386,-31.875,5.125,22.375,-17.814,16.071,19.352,0.075,-0.299,0.318,0.897,1,-54.968,29.000,-32.220,0.000,2,32.119709,-110.762733,217.970001,3.403,2967.519775,21,40,6,40,5,3,U_TURN_HDG,AP_PROT_ROLL_MIN,11.816,30.000,0.000,4,-12,-8,14,ROLL_RIGHT
1764,200.006058,0,2.320,-3.845,-5.895,-34.842,-143.430,357.987,-26.522,1.455,-22.045,-31.875,5.125,22.375,-18.224,13.892,20.685,0.078,-0.289,0.294,0.907,1,-56.185,29.084,-32.574,0.000,2,32.119709,-110.762741,217.020004,3.507,2967.847900,21,40,6,48,5,3,U_TURN_HDG,AP_PROT_ROLL_MIN,11.816,30.000,0.000,4,-12,-8,14,ROLL_RIGHT
1765,200.127701,0,5.331,0.115,-1.000,-38.743,-146.474,0.067,14.660,35.250,-49.910,-31.875,5.125,22.375,-19.608,13.200,19.813,0.096,-0.317,0.272,0.903,1,-57.693,29.067,-33.009,0.000,2,32.119709,-110.762741,216.419998,3.408,2967.519775,21,40,6,60,5,3,U_TURN_HDG,AP_PROT_ROLL_MIN,11.816,30.000,0.000,4,-12,-8,14,ROLL_RIGHT
1766,200.206528,0,-11.688,16.417,8.010,-41.171,-145.799,1.589,40.958,-18.353,85.384,-31.875,5.125,22.375,-20.300,16.455,16.507,0.116,-0.332,0.280,0.893,1,-58.824,29.019,-33.331,0.000,2,32.119709,-110.762741,216.880005,3.153,2967.519775,21,40,6,68,5,3,U_TURN_HDG,AP_PROT_ROLL_MIN,11.816,30.000,0.000,4,-12,-8,14,ROLL_RIGHT
1767,200.372055,0,-13.572,17.968,3.934,-37.900,-130.640,352.170,50.246,25.626,72.291,-31.875,5.125,22.375,-19.224,18.301,15.994,0.077,-0.321,0.374,0.867,1,-46.161,29.077,-29.526,0.000,2,32.119705,-110.762741,216.770004,3.246,2967.519775,21,40,6,84,5,3,U_TURN_HDG,AP_PROT_ROLL_MIN,11.816,30.000,0.000,4,-12,-8,14,ROLL_RIGHT
1768,200.451904,0,4.370,-20.544,-10.957,-22.525,-136.312,340.050,16.674,51.141,68.822,-31.875,5.125,22.375,-18.660,19.659,15.251,0.086,0.242,-0.328,-0.909,1,-49.881,29.064,-30.693,0.000,2,32.119705,-110.762741,215.839996,3.237,2967.519775,21,40,6,92,5,3,U_TURN_HDG,AP_PROT_ROLL_MIN,11.816,30.000,0.000,4,-12,-8,14,ROLL_RIGHT
1769,200.539032,0,-3.217,-11.534,-0.064,-19.012,-137.805,336.389,-57.520,35.474,42.636,-31.875,5.125,22.375,-10.022,19.788,22.069,0.130,0.223,-0.316,-0.913,1,-46.188,29.032,-29.535,0.000,2,32.119705,-110.762741,214.850006,3.273,2967.519775,21,40,6,96,5,3,U_TURN_HDG,AP_PROT_ROLL_MIN,11.816,30.000,0.000,4,-12,-8,14,ROLL_RIGHT
1770,200.618835,0,-5.613,3.832,5.216,-24.761,-140.959,332.653,-4.141,86.503,-73.858,-31.875,5.125,22.375,-13.046,18.070,21.787,0.148,0.273,-0.269,-0.911,1,-41.126,29.050,-27.869,0.000,2,32.119705,-110.762741,212.949997,3.364,2967.191895,21,40,7,4,5,3,U_TURN_HDG,AP_PROT_ROLL_MIN,11.816,30.000,0.000,4,-12,-8,14,ROLL_RIGHT
1771,200.684586,0,-8.215,1.294,12.137,-34.887,-142.401,334.507,-36.593,72.851,-89.413,-31.875,5.125,22.375,-17.814,15.738,20.070,0.105,0.345,-0.237,-0.902,1,-43.566,29.062,-28.684,0.000,2,32.119705,-110.762741,211.559998,3.587,2967.191895,21,40,7,16,5,3,U_TURN_HDG,AP_PROT_ROLL_MIN,11.816,30.000,0.000,4,-12,-8,14,ROLL_RIGHT
1772,200.769836,0,-13.892,15.200,12.752,-37.533,-145.316,336.549,-0.671,14.883,-16.226,-31.875,5.125,22.375,-19.172,14.020,20.070,0.090,0.358,-0.214,-0.904,1,-48.698,29.062,-30.327,0.000,2,32.119701,-110.762741,210.520004,3.737,2966.863525,21,40,7,24,5,3,U_TURN_HDG,AP_PROT_ROLL_MIN,11.816,30.000,0.000,4,-12,-8,14,ROLL_RIGHT
1773,200.849854,0,-0.449,7.946,-0.923,-37.250,-145.761,335.516,-35.698,-110.003,76.544,-31.875,5.125,22.375,-17.327,14.302,21.659,0.100,0.357,-0.208,-0.905,1,-43.084,29.073,-28.525,0.000,2,32.119701,-110.762741,210.589996,3.874,2966.863525,21,40,7,32,5,3,U_TURN_HDG,AP_PROT_ROLL_MIN,11.816,30.000,0.000,4,-12,-8,14,ROLL_RIGHT
1774,201.044571,0,4.588,-5.062,-2.973,-28.885,-145.442,333.478,-22.381,10.295,40.622,-31.875,5.125,22.375,-14.841,15.815,22.607,0.140,0.298,-0.225,-0.917,1,-40.652,29.050,-27.708,0.000,2,32.119701,-110.762749,217.139999,3.843,2967.191895,21,40,7,52,5,3,U_TURN_HDG,AP_PROT_ROLL_MIN,11.816,30.000,0.000,4,-12,-8,14,ROLL_RIGHT
1775,201.132034,0,2.294,-4.101,-7.574,-28.292,-147.530,331.316,-37.153,-50.246,16.898,-31.875,5.125,22.375,-11.380,13.021,26.247,0.164,0.294,-0.205,-0.919,1,-39.382,29.062,-27.272,0.000,2,32.119701,-110.762749,217.550003,3.946,2967.191895,21,40,7,60,5,3,U_TURN_HDG,AP_PROT_ROLL_MIN,11.816,30.000,0.000,4,-12,-8,14,ROLL_RIGHT
1776,201.205429,0,-1.576,3.729,-1.179,-18.221,-155.735,333.421,21.822,12.757,-6.602,-31.875,5.125,22.375,-10.304,12.841,26.657,0.190,0.198,-0.166,-0.947,1,-39.475,29.039,-27.304,0.000,2,32.119701,-110.762749,218.820007,4.309,2967.191895,21,40,7,68,5,3,U_TURN_HDG,AP_PROT_ROLL_MIN,11.816,30.000,0.000,4,-12,-8,14,ROLL_RIGHT
1777,201.369858,0,6.754,4.960,2.217,-20.585,-153.631,333.192,24.395,-19.695,25.067,-31.875,5.125,22.375,-10.893,13.277,26.170,0.182,0.221,-0.178,-0.941,1,-43.816,29.042,-28.766,0.000,2,32.119698,-110.762749,224.929993,4.142,2966.535645,21,40,7,84,5,3,U_TURN_HDG,AP_PROT_ROLL_MIN,11.816,30.000,0.000,4,-12,-8,14,ROLL_RIGHT
1778,201.446884,0,-2.538,-6.228,-7.523,-20.085,-149.205,330.774,-33.572,-55.505,66.360,-31.875,5.125,22.375,-10.919,17.635,23.555,0.195,0.229,-0.211,-0.930,1,-41.204,29.050,-27.896,0.000,2,32.119698,-110.762749,226.949997,4.017,2966.535645,21,40,7,88,5,3,U_TURN_HDG,AP_PROT_ROLL_MIN,11.816,30.000,0.000,4,-12,-8,14,ROLL_RIGHT
1779,201.508514,0,1.102,-10.932,-9.919,-18.878,-148.844,322.500,-129.027,-16.898,28.088,-31.875,5.125,22.375,-9.996,15.584,25.350,0.264,0.235,-0.200,-0.914,1,-39.946,29.041,-27.467,0.000,2,32.119698,-110.762756,230.990005,3.924,2965.879395,21,40,7,96,5,3,U_TURN_HDG,AP_PROT_ROLL_MIN,11.816,30.000,0.000,4,-12,-8,14,ROLL_RIGHT
1780,201.570724,0,1.435,-13.469,-8.958,-17.202,-153.527,321.319,-30.326,-17.345,56.065,-31.875,5.125,22.375,-8.689,13.457,26.964,0.286,0.212,-0.165,-0.919,1,-41.823,29.070,-28.105,0.000,2,32.119698,-110.762756,233.559998,3.728,2965.551270,21,40,8,4,5,3,U_TURN_HDG,AP_PROT_ROLL_MIN,11.816,30.000,0.000,4,-12,-8,14,ROLL_RIGHT
1781,201.649216,0,0.397,-8.535,5.857,-15.378,-151.974,318.224,52.148,17.457,33.124,-31.875,5.125,22.375,-8.253,14.687,26.401,0.313,0.207,-0.178,-0.910,1,-47.190,29.073,-29.853,0.000,2,32.119698,-110.762756,233.179993,3.762,2965.223145,21,40,8,12,5,3,U_TURN_HDG,AP_PROT_ROLL_MIN,11.816,30.000,0.000,4,-12,-8,14,ROLL_RIGHT
1782,201.733780,0,-4.370,2.089,20.787,-16.701,-149.061,317.080,32.117,-0.112,-4.812,-31.875,5.125,22.375,-8.945,16.199,25.170,0.313,0.227,-0.194,-0.902,1,-47.600,29.048,-29.983,0.000,2,32.119698,-110.762756,232.699997,3.787,2965.223145,21,40,8,20,5,3,U_TURN_HDG,AP_PROT_ROLL_MIN,11.816,30.000,0.000,4,-12,-8,14,ROLL_RIGHT
1783,201.811066,0,-11.624,2.589,18.865,-16.099,-148.724,318.232,-53.155,-40.958,-14.100,-31.875,5.125,22.375,-7.997,14.918,26.401,0.305,0.221,-0.201,-0.904,1,-46.159,29.084,-29.525,0.000,2,32.119698,-110.762756,233.080002,3.744,2964.895264,21,40,8,28,5,3,U_TURN_HDG,AP_PROT_ROLL_MIN,11.816,30.000,0.000,4,-12,-8,14,ROLL_RIGHT
1784,201.886932,0,-10.419,4.050,17.288,-6.692,-155.734,323.439,-56.848,-139.323,-2.462,-31.875,5.125,22.375,-3.537,12.688,28.605,0.294,0.120,-0.181,-0.931,1,-51.839,29.086,-31.289,0.000,2,32.119698,-110.762756,232.809998,3.848,2964.566895,21,40,8,36,5,3,U_TURN_HDG,AP_PROT_ROLL_MIN,11.816,30.000,0.000,4,-12,-8,14,ROLL_RIGHT
1785,202.083771,0,-10.599,-0.077,-13.777,-2.827,-157.635,324.380,11.750,-203.221,190.464,-31.875,5.125,22.375,2.358,10.611,29.681,0.295,0.082,-0.177,-0.935,1,-42.763,29.087,-28.418,0.000,2,32.119698,-110.762772,239.009995,4.211,2964.239014,21,40,8,56,5,3,U_TURN_HDG,AP_PROT_ROLL_MIN,11.816,30.000,0.000,4,-12,-8,14,ROLL_RIGHT
1786,202.168121,0,-6.139,5.870,-18.006,21.988,-161.961,316.868,40.174,-97.246,-47.784,-31.875,5.125,22.375,22.581,6.357,21.249,0.384,-0.119,-0.212,-0.891,1,-30.242,29.031,-23.899,0.000,2,32.119694,-110.762772,238.059998,4.376,2964.239014,21,40,8,64,5,3,U_TURN_HDG,AP_PROT_ROLL_MIN,11.816,30.000,0.000,4,-12,-8,14,ROLL_RIGHT
1787,202.244553,0,3.986,-2.486,1.884,48.280,-157.900,318.672,41.181,-53.939,77.327,-31.875,5.125,22.375,25.119,6.869,17.635,0.389,-0.314,-0.305,-0.810,1,-32.055,29.034,-24.605,0.000,2,32.119694,-110.762772,235.949997,4.395,2963.910889,21,40,8,72,5,3,U_TURN_HDG,AP_PROT_ROLL_MIN,11.816,30.000,0.000,4,-12,-8,14,ROLL_RIGHT
1788,202.364548,0,-7.164,9.150,12.342,56.280,-159.302,310.629,-58.862,-28.088,-3.133,-31.875,5.125,22.375,26.195,5.921,16.276,0.439,-0.355,-0.338,-0.753,1,-37.277,29.015,-26.533,0.000,2,32.119694,-110.762772,232.199997,4.532,2963.582764,21,40,8,84,5,3,U_TURN_HDG,AP_PROT_ROLL_MIN,11.816,30.000,0.000,4,-12,-8,14,ROLL_RIGHT
1789,202.447968,0,-9.189,8.766,-1.358,56.638,-160.436,312.702,-27.193,-56.177,-118.061,-31.875,5.125,22.375,26.682,7.100,14.764,0.422,-0.368,-0.325,-0.762,1,-29.449,29.041,-23.583,0.000,2,32.119690,-110.762779,229.580002,4.562,2963.254639,21,40,8,92,5,3,U_TURN_HDG,AP_PROT_ROLL_MIN,11.816,30.000,0.000,4,-12,-8,14,ROLL_RIGHT
1790,202.608047,0,6.395,2.550,-9.035,55.308,-146.102,333.389,-191.807,51.253,-214.188,-31.875,5.125,22.375,22.940,11.893,17.660,0.327,-0.373,-0.353,-0.793,1,-37.097,29.053,-26.469,0.000,2,32.119686,-110.762779,222.960007,4.466,2963.254639,21,40,9,8,5,3,U_TURN_HDG,AP_PROT_ROLL_MIN,11.816,30.000,0.000,4,-12,-8,14,ROLL_RIGHT
1791,202.686523,0,-9.919,1.897,-7.228,39.656,-148.887,350.147,-69.605,-43.867,-51.365,-31.875,5.125,22.375,16.174,12.431,23.607,0.168,-0.304,-0.279,-0.895,1,-46.497,29.046,-29.633,0.000,2,32.119686,-110.762779,221.460007,4.370,2963.254639,21,40,9,16,5,3,U_TURN_HDG,AP_PROT_ROLL_MIN,11.816,30.000,0.000,4,-12,-8,14,ROLL_RIGHT
1792,202.767059,0,-4.844,-7.638,-14.097,32.864,-154.470,358.684,-79.006,-34.131,-62.332,-31.875,5.125,22.375,16.891,11.124,23.632,0.073,-0.273,-0.215,-0.935,1,-51.782,29.050,-31.272,0.000,2,32.119686,-110.762779,219.080002,4.167,2962.926514,21,40,9,24,5,3,U_TURN_HDG,AP_PROT_ROLL_MIN,11.816,30.000,0.000,4,-12,-8,14,ROLL_RIGHT
1793,202.851028,0,9.753,-4.114,-4.703,34.762,-157.246,2.641,-35.027,4.364,-5.595,-31.875,5.125,22.375,17.532,9.791,23.555,0.037,-0.297,-0.181,-0.937,1,-54.783,29.044,-32.166,0.000,2,32.119686,-110.762779,215.389999,3.993,2962.926514,21,40,9,32,5,3,U_TURN_HDG,AP_PROT_ROLL_MIN,11.816,30.000,0.000,4,-12,-8,14,ROLL_RIGHT
1794,202.961868,0,-2.461,-2.294,9.778,30.441,-160.304,4.644,-56.848,108.101,-96.239,-31.875,5.125,22.375,14.354,9.150,25.708,0.006,-0.265,-0.154,-0.952,1,-56.111,29.069,-32.553,0.000,2,32.119686,-110.762779,206.559998,3.695,2962.926514,21,40,9,44,5,3,U_TURN_HDG,AP_PROT_ROLL_MIN,11.816,30.000,0.000,4,-12,-8,14,ROLL_RIGHT
1795,203.013504,0,2.422,5.908,1.192,22.544,-162.812,12.667,-24.060,-17.905,-81.691,-31.875,5.125,22.375,11.278,8.484,27.298,0.078,0.208,0.124,0.967,1,-53.099,29.096,-31.667,0.000,2,32.119686,-110.762779,207.250000,3.615,2962.926514,21,40,9,48,5,3,U_TURN_HDG,AP_PROT_ROLL_MIN,11.816,30.000,0.000,4,-12,-8,14,ROLL_RIGHT
1796,203.208893,0,4.473,3.230,2.345,21.965,-163.227,21.422,-50.246,-47.672,-38.608,-31.875,5.125,22.375,11.585,8.279,27.195,0.153,0.212,0.106,0.959,1,-51.543,29.052,-31.200,0.000,2,32.119686,-110.762772,208.600006,2.712,2963.254639,21,40,9,68,5,3,U_TURN_HDG,AP_PROT_ROLL_MIN,11.816,30.000,0.000,4,-12,-8,14,ROLL_RIGHT
1797,203.326523,0,12.008,-1.205,3.999,23.303,-165.115,26.319,-71.284,20.255,-36.593,-31.875,5.125,22.375,8.663,3.204,29.143,0.196,0.224,0.078,0.952,1,-52.186,29.035,-31.394,0.000,2,32.119686,-110.762772,213.580002,2.300,2963.582764,21,40,9,80,5,3,U_TURN_HDG,AP_PROT_ROLL_MIN,11.816,30.000,0.000,4,-12,-8,14,ROLL_RIGHT
1798,203.406860,0,-4.152,-6.690,0.666,16.646,-173.020,35.288,50.358,95.568,14.660,-31.875,5.125,22.375,6.049,5.639,29.399,0.291,0.156,0.014,0.944,1,-49.254,29.059,-30.499,0.000,2,32.119686,-110.762772,219.220001,2.083,2963.910889,21,40,9,88,5,3,U_TURN_HDG,AP_PROT_ROLL_MIN,11.816,30.000,0.000,4,-12,-8,14,ROLL_RIGHT
1799,203.494431,0,-5.319,-3.358,2.332,9.719,-168.459,31.627,41.853,9.848,25.515,-31.875,5.125,22.375,5.024,6.485,29.374,0.262,0.108,0.073,0.956,1,-48.634,29.037,-30.307,0.000,2,32.119686,-110.762772,0.000000,1.695,2964.239014,21,40,9,96,5,3,U_TURN_HDG,AP_PROT_ROLL_MIN,11.816,30.000,0.000,4,-12,-8,14,ROLL_RIGHT
1800,203.565842,0,-3.973,-7.677,0.051,9.886,-165.953,30.810,-10.631,39.615,-61.660,-31.875,5.125,22.375,4.767,7.459,29.143,0.253,0.115,0.095,0.956,1,-47.671,29.062,-30.005,0.000,2,32.119690,-110.762772,0.000000,1.468,2964.566895,21,40,10,4,5,3,U_TURN_HDG,AP_PROT_ROLL_MIN,11.816,30.000,0.000,4,-12,-8,14,ROLL_RIGHT
1801,203.648743,0,-8.548,1.448,6.421,4.611,-166.076,35.908,6.043,56.177,-119.963,-31.875,5.125,22.375,0.897,7.408,29.476,0.301,0.075,0.103,0.945,1,-47.121,29.057,-29.831,0.000,2,32.119690,-110.762756,0.000000,1.234,2964.895264,21,40,10,12,5,3,U_TURN_HDG,AP_PROT_ROLL_MIN,11.816,30.000,0.000,4,-12,-8,14,ROLL_RIGHT
1802,203.732132,0,2.576,-2.166,2.589,0.573,-164.874,42.665,34.467,-49.127,-5.036,-31.875,5.125,22.375,1.000,8.561,29.169,0.360,0.052,0.121,0.924,1,-46.540,29.107,-29.647,0.000,2,32.119694,-110.762756,0.000000,0.763,2965.551270,21,40,10,20,5,3,U_TURN_HDG,AP_PROT_ROLL_MIN,11.816,30.000,0.000,4,-12,-8,14,ROLL_RIGHT
1803,203.803909,0,-4.396,5.165,6.677,3.197,-159.470,43.584,27.641,42.636,-99.596,-31.875,5.125,22.375,0.051,12.047,27.964,0.361,0.092,0.155,0.915,1,-45.938,29.055,-29.455,0.000,2,32.119694,-110.762756,0.000000,0.449,2966.207275,21,40,10,28,5,3,U_TURN_HDG,AP_PROT_ROLL_MIN,11.816,30.000,0.000,4,-12,-8,14,ROLL_RIGHT
1804,203.884171,0,0.705,6.036,-2.755,-0.772,-156.946,48.349,-45.098,-49.239,-18.912,-31.875,5.125,22.375,-0.333,11.175,28.323,0.402,0.076,0.185,0.893,1,-46.010,29.069,-29.478,0.000,2,32.119694,-110.762749,0.000000,0.360,2966.863525,21,40,10,36,5,3,U_TURN_HDG,AP_PROT_ROLL_MIN,11.816,30.000,0.000,4,-12,-8,14,ROLL_RIGHT
1805,204.046234,0,1.858,5.037,-2.397,1.572,-158.055,49.002,25.179,25.179,10.743,-31.875,5.125,22.375,0.461,11.432,28.272,0.405,0.091,0.168,0.894,1,-44.186,29.080,-28.887,0.000,2,32.119694,-110.762749,0.000000,0.734,2967.847900,21,40,10,52,5,3,U_TURN_HDG,AP_PROT_ROLL_MIN,11.816,30.000,0.000,4,-12,-8,14,ROLL_RIGHT
1806,204.244492,0,5.959,-1.115,-2.051,-0.397,-157.430,48.147,34.691,0.000,-52.372,-31.875,5.125,22.375,-2.127,11.278,28.272,0.401,0.077,0.180,0.895,1,-43.891,29.041,-28.791,0.000,2,32.119698,-110.762749,0.000000,1.543,2968.503906,21,40,10,72,5,3,U_TURN_HDG,AP_PROT_ROLL_MIN,11.816,30.000,0.000,4,-12,-8,14,ROLL_RIGHT
1807,204.368439,0,3.178,5.331,7.869,-5.136,-157.244,54.114,-21.150,32.005,14.212,-31.875,5.125,22.375,-5.254,10.970,27.913,0.453,0.051,0.195,0.868,1,-43.166,29.075,-28.552,0.000,2,32.119698,-110.762741,0.000000,1.158,2969.160156,21,40,10,84,5,3,U_TURN_HDG,AP_PROT_ROLL_MIN,11.816,30.000,0.000,4,-12,-8,14,ROLL_RIGHT
1808,204.442627,0,-5.280,-0.128,1.730,-10.829,-159.155,52.452,-30.103,12.198,74.194,-31.875,5.125,22.375,-6.100,9.996,28.169,0.448,-0.004,0.203,0.871,1,-40.832,29.013,-27.770,0.000,2,32.119698,-110.762741,0.000000,1.235,2969.160156,21,40,10,92,5,3,U_TURN_HDG,AP_PROT_ROLL_MIN,11.816,30.000,0.000,4,-12,-8,14,ROLL_RIGHT
1809,204.502151,0,-5.280,-0.333,0.820,-10.633,-159.685,41.290,2.798,14.548,75.089,-31.875,5.125,22.375,-5.460,10.381,28.246,0.361,-0.023,0.196,0.911,1,-40.824,29.026,-27.767,0.000,2,32.119698,-110.762741,0.000000,1.359,2969.488281,21,40,10,96,5,3,U_TURN_HDG,AP_PROT_ROLL_MIN,11.816,30.000,0.000,4,-12,-8,14,ROLL_RIGHT
1810,204.563126,0,-3.447,-5.972,-0.384,-11.410,-159.967,41.080,-1.455,26.857,-18.912,-31.875,5.125,22.375,-5.639,10.355,28.220,0.360,-0.031,0.196,0.911,1,-41.598,29.050,-28.029,0.000,2,32.119698,-110.762741,0.000000,1.551,2969.488281,21,40,11,4,5,3,U_TURN_HDG,AP_PROT_ROLL_MIN,11.816,30.000,0.000,4,-12,-8,14,ROLL_RIGHT
1811,204.634094,0,1.871,3.909,-4.075,-13.868,-159.413,42.817,18.688,27.081,-52.820,-31.875,5.125,22.375,-6.075,10.176,28.220,0.377,-0.046,0.208,0.901,1,-41.194,29.069,-27.892,0.000,2,32.119701,-110.762741,145.529999,1.722,2969.488281,21,40,11,8,5,3,U_TURN_HDG,AP_PROT_ROLL_MIN,11.816,30.000,0.000,4,-12,-8,14,ROLL_RIGHT
1812,204.803619,0,2.525,4.383,-6.844,-13.834,-159.363,43.782,9.960,-32.229,46.105,-31.875,5.125,22.375,-7.382,10.406,27.887,0.384,-0.044,0.209,0.898,1,-41.508,29.068,-27.998,0.000,2,32.119701,-110.762733,47.860001,2.481,2969.816406,21,40,11,28,5,3,U_TURN_HDG,AP_PROT_ROLL_MIN,11.816,30.000,0.000,4,-12,-8,14,ROLL_RIGHT
1813,204.886780,0,2.140,1.025,4.793,-11.251,-157.515,40.324,46.553,77.775,27.417,-31.875,5.125,22.375,-5.254,13.944,26.708,0.354,-0.023,0.215,0.910,1,-42.853,29.063,-28.449,0.000,2,32.119701,-110.762733,49.660000,2.444,2970.144531,21,40,11,36,5,3,U_TURN_HDG,AP_PROT_ROLL_MIN,11.816,30.000,0.000,4,-12,-8,14,ROLL_RIGHT
1814,204.969681,0,1.986,14.149,7.254,-12.344,-149.930,26.331,18.129,35.474,20.367,-31.875,5.125,22.375,-6.023,15.123,25.888,0.246,-0.042,0.275,0.929,1,-41.820,29.073,-28.103,0.000,2,32.119701,-110.762741,47.830002,1.971,2970.472656,21,40,11,44,5,3,U_TURN_HDG,AP_PROT_ROLL_MIN,11.816,30.000,0.000,4,-12,-8,14,ROLL_RIGHT
1815,205.029510,0,-7.138,13.944,-4.204,-12.168,-146.299,17.945,38.496,81.356,90.196,-31.875,5.125,22.375,-7.074,16.635,24.734,0.179,-0.055,0.301,0.935,1,-40.964,29.053,-27.815,0.000,2,32.119701,-110.762741,47.110001,1.853,2970.472656,21,40,11,48,5,3,U_TURN_HDG,AP_PROT_ROLL_MIN,11.816,30.000,0.000,4,-12,-8,14,ROLL_RIGHT
1816,205.129364,0,-3.999,-1.371,10.368,-16.998,-147.778,11.744,-75.425,59.422,28.648,-31.875,5.125,22.375,-8.997,15.661,24.811,0.138,-0.113,0.288,0.941,1,-39.523,29.090,-27.321,0.000,2,32.119701,-110.762741,47.270000,1.691,2970.800537,21,40,11,60,5,3,U_TURN_HDG,AP_PROT_ROLL_MIN,11.816,30.000,0.000,4,-12,-8,14,ROLL_RIGHT
1817,205.204727,0,0.910,0.718,-4.601,-12.674,-146.658,8.269,9.064,-41.965,54.834,-31.875,5.125,22.375,-6.639,16.661,25.042,0.100,-0.085,0.292,0.947,1,-39.946,29.041,-27.467,0.000,2,32.119701,-110.762733,57.450001,2.086,2970.800537,21,40,11,68,5,3,U_TURN_HDG,AP_PROT_ROLL_MIN,11.816,30.000,0.000,4,-12,-8,14,ROLL_RIGHT
1818,205.329285,0,1.064,-9.368,-7.779,-10.459,-147.972,5.420,-38.719,-13.988,48.455,-31.875,5.125,22.375,-5.408,16.148,25.708,0.070,-0.075,0.279,0.955,1,-40.563,29.067,-27.678,0.000,2,32.119701,-110.762733,68.760002,2.805,2970.472656,21,40,11,80,5,3,U_TURN_HDG,AP_PROT_ROLL_MIN,11.816,30.000,0.000,4,-12,-8,14,ROLL_RIGHT
1819,205.400360,0,-2.422,-4.229,5.882,-8.653,-147.788,3.361,2.686,71.732,-40.846,-31.875,5.125,22.375,-5.947,16.866,25.042,0.049,-0.064,0.279,0.957,1,-40.862,29.095,-27.780,0.000,2,32.119705,-110.762733,69.250000,2.857,2970.472656,21,40,11,84,5,3,U_TURN_HDG,AP_PROT_ROLL_MIN,11.816,30.000,0.000,4,-12,-8,14,ROLL_RIGHT
1820,205.454514,0,-0.564,0.141,5.370,-15.397,-146.490,2.015,4.029,0.560,-34.467,-31.875,5.125,22.375,-8.176,16.481,24.658,0.055,-0.123,0.288,0.948,1,-42.292,29.079,-28.262,0.000,2,32.119705,-110.762733,68.209999,2.955,2970.472656,21,40,11,92,5,3,U_TURN_HDG,AP_PROT_ROLL_MIN,11.816,30.000,0.000,4,-12,-8,14,ROLL_RIGHT
1821,205.519501,0,8.279,-0.961,-0.295,-15.411,-146.411,2.893,-9.288,-14.324,25.067,-31.875,5.125,22.375,-7.920,16.455,24.709,0.063,-0.121,0.289,0.947,1,-38.890,29.090,-27.101,0.000,2,32.119705,-110.762733,67.029999,3.033,2970.472656,21,40,11,96,5,3,U_TURN_HDG,AP_PROT_ROLL_MIN,11.816,30.000,0.000,4,-12,-8,14,ROLL_RIGHT
1822,205.573914,0,3.127,2.781,-5.793,-14.685,-146.578,359.962,30.550,98.365,45.322,-31.875,5.125,22.375,-7.971,16.558,24.606,0.036,-0.122,0.285,0.950,1,-40.493,29.052,-27.654,0.000,2,32.119705,-110.762733,64.500000,3.173,2970.144531,21,40,12,4,5,3,U_TURN_HDG,AP_PROT_ROLL_MIN,11.816,30.000,0.000,4,-12,-8,14,ROLL_RIGHT
1823,205.644318,0,-4.934,6.318,14.418,-20.365,-143.265,354.744,6.938,197.402,-57.631,-31.875,5.125,22.375,-11.585,17.250,22.607,0.013,-0.182,0.302,0.936,1,-40.315,29.082,-27.593,0.000,2,32.119705,-110.762733,62.369999,3.295,2970.144531,21,40,12,12,5,3,U_TURN_HDG,AP_PROT_ROLL_MIN,11.816,30.000,0.000,4,-12,-8,14,ROLL_RIGHT
1824,205.726608,0,-2.397,8.266,-5.511,-29.874,-143.172,352.532,-24.060,-3.133,11.862,-31.875,5.125,22.375,-15.174,15.917,21.479,0.022,-0.264,0.289,0.920,1,-38.975,29.081,-27.131,0.000,2,32.119709,-110.762733,58.790001,3.382,2969.816406,21,40,12,20,5,3,U_TURN_HDG,AP_PROT_ROLL_MIN,11.816,30.000,0.000,4,-12,-8,14,ROLL_RIGHT
1825,205.799515,0,-4.242,-2.935,-4.280,-25.673,-141.367,346.766,-11.414,23.612,135.406,-31.875,5.125,22.375,-12.585,17.891,21.659,0.033,0.245,-0.296,-0.922,1,-39.237,29.043,-27.222,0.000,2,32.119709,-110.762733,57.689999,3.332,2969.816406,21,40,12,24,5,3,U_TURN_HDG,AP_PROT_ROLL_MIN,11.816,30.000,0.000,4,-12,-8,14,ROLL_RIGHT
1826,205.853500,0,-1.115,-4.268,-2.076,-20.603,-140.033,336.894,-31.334,0.783,81.579,-31.875,5.125,22.375,-11.022,18.532,22.069,0.125,0.232,-0.296,-0.918,1,-39.949,29.034,-27.467,0.000,2,32.119709,-110.762733,55.090000,3.165,2969.816406,21,40,12,32,5,3,U_TURN_HDG,AP_PROT_ROLL_MIN,11.816,30.000,0.000,4,-12,-8,14,ROLL_RIGHT
1827,205.942413,0,0.577,-0.231,-8.740,-18.936,-140.057,336.240,5.819,-23.724,14.548,-31.875,5.125,22.375,-9.637,18.865,22.428,0.136,0.221,-0.298,-0.919,1,-37.396,29.079,-26.576,0.000,2,32.119709,-110.762733,54.080002,3.046,2969.816406,21,40,12,36,5,3,U_TURN_HDG,AP_PROT_ROLL_MIN,11.816,30.000,0.000,4,-12,-8,14,ROLL_RIGHT
1828,205.994507,0,-3.140,0.756,-5.408,-17.060,-137.516,335.261,56.848,30.662,22.157,-31.875,5.125,22.375,-8.997,19.967,21.710,0.145,0.212,-0.320,-0.912,1,-41.560,29.120,-28.016,0.000,2,32.119709,-110.762733,54.000000,2.650,2969.816406,21,40,12,44,5,3,U_TURN_HDG,AP_PROT_ROLL_MIN,11.816,30.000,0.000,4,-12,-8,14,ROLL_RIGHT
1829,206.062363,0,-4.742,2.538,-3.012,-17.652,-134.189,333.382,90.868,30.662,27.417,-31.875,5.125,22.375,-9.253,22.223,19.249,0.151,0.226,-0.342,-0.900,1,-41.029,29.077,-27.837,0.000,2,32.119709,-110.762733,56.230000,2.250,2969.816406,21,40,12,52,5,3,U_TURN_HDG,AP_PROT_ROLL_MIN,11.816,30.000,0.000,4,-12,-8,14,ROLL_RIGHT
1830,206.109512,0,-3.217,1.089,-3.922,-16.598,-126.115,329.047,56.177,54.498,45.322,-31.875,5.125,22.375,-8.792,23.914,17.327,0.172,0.244,-0.398,-0.868,1,-41.257,29.097,-27.914,0.000,2,32.119709,-110.762733,56.500000,2.108,2969.816406,21,40,12,56,5,3,U_TURN_HDG,AP_PROT_ROLL_MIN,11.816,30.000,0.000,4,-12,-8,14,ROLL_RIGHT
1831,206.163498,0,-1.499,2.755,-0.987,-17.424,-124.215,325.785,-17.681,90.644,12.981,-31.875,5.125,22.375,-9.432,24.376,16.302,0.189,0.264,-0.403,-0.856,1,-44.564,29.111,-29.011,0.000,2,32.119705,-110.762733,55.680000,1.808,2969.816406,21,40,12,64,5,3,U_TURN_HDG,AP_PROT_ROLL_MIN,11.816,30.000,0.000,4,-12,-8,14,ROLL_RIGHT
1832,206.247314,0,-1.948,2.256,-1.884,-19.807,-123.084,318.996,-13.205,97.246,29.655,-31.875,5.125,22.375,-10.458,24.376,15.661,0.227,0.306,-0.387,-0.840,1,-43.926,29.117,-28.802,0.000,2,32.119709,-110.762733,54.160000,1.828,2969.816406,21,40,12,72,5,3,U_TURN_HDG,AP_PROT_ROLL_MIN,11.816,30.000,0.000,4,-12,-8,14,ROLL_RIGHT
1833,206.326599,0,2.191,0.038,1.653,-22.190,-121.692,311.871,-8.505,119.292,27.753,-31.875,5.125,22.375,-11.278,24.401,14.943,0.264,0.348,-0.368,-0.821,1,-38.361,29.051,-26.916,0.000,2,32.119709,-110.762733,55.090000,1.916,2969.816406,21,40,12,80,5,3,U_TURN_HDG,AP_PROT_ROLL_MIN,11.816,30.000,0.000,4,-12,-8,14,ROLL_RIGHT
1834,206.401657,0,3.883,2.871,0.705,-20.335,-120.193,311.484,33.348,28.312,7.050,-31.875,5.125,22.375,-10.688,25.401,13.739,0.270,0.341,-0.385,-0.814,1,-40.458,29.114,-27.642,0.000,2,32.119709,-110.762733,60.259998,2.039,2969.816406,21,40,12,88,5,3,U_TURN_HDG,AP_PROT_ROLL_MIN,11.816,30.000,0.000,4,-12,-8,14,ROLL_RIGHT
1835,206.461319,0,-0.103,3.294,1.845,-22.235,-117.921,308.510,-8.057,27.305,14.772,-31.875,5.125,22.375,-11.765,25.324,13.046,0.276,0.369,-0.384,-0.800,1,-39.977,29.126,-27.477,0.000,2,32.119709,-110.762733,64.180000,2.123,2969.816406,21,40,12,92,5,3,U_TURN_HDG,AP_PROT_ROLL_MIN,11.816,30.000,0.000,4,-12,-8,14,ROLL_RIGHT
1836,206.523453,0,-0.795,0.141,-2.384,-20.180,-117.737,305.311,-32.341,20.703,79.901,-31.875,5.125,22.375,-10.586,25.734,13.277,0.307,0.367,-0.383,-0.790,1,-40.156,29.084,-27.539,0.000,2,32.119709,-110.762733,71.440002,2.198,2970.144531,21,40,13,0,5,3,U_TURN_HDG,AP_PROT_ROLL_MIN,11.816,30.000,0.000,4,-12,-8,14,ROLL_RIGHT
1837,206.651047,0,-0.743,-3.050,3.153,-18.039,-118.443,302.380,-45.322,56.065,58.191,-31.875,5.125,22.375,-9.022,25.888,14.123,0.339,0.362,-0.378,-0.782,1,-40.544,29.100,-27.672,0.000,2,32.119709,-110.762726,82.269997,2.339,2970.472656,21,40,13,12,5,3,U_TURN_HDG,AP_PROT_ROLL_MIN,11.816,30.000,0.000,4,-12,-8,14,ROLL_RIGHT
1838,206.723541,0,-0.705,0.718,0.743,-18.908,-121.866,296.539,-38.272,49.350,13.317,-31.875,5.125,22.375,-10.073,24.760,15.430,0.386,0.374,-0.332,-0.775,1,-40.554,29.083,-27.675,0.000,2,32.119709,-110.762726,85.510002,2.295,2970.800537,21,40,13,20,5,3,U_TURN_HDG,AP_PROT_ROLL_MIN,11.816,30.000,0.000,4,-12,-8,14,ROLL_RIGHT
1839,206.811874,0,0.320,0.615,-0.384,-19.417,-123.775,297.325,-21.934,-12.981,1.902,-31.875,5.125,22.375,-10.201,24.324,16.097,0.384,0.369,-0.319,-0.784,1,-38.729,29.097,-27.045,0.000,2,32.119709,-110.762726,84.489998,2.306,2971.128662,21,40,13,28,5,3,U_TURN_HDG,AP_PROT_ROLL_MIN,11.816,30.000,0.000,4,-12,-8,14,ROLL_RIGHT
1840,206.884460,0,1.333,4.191,-7.843,-22.449,-123.050,292.444,-13.988,82.810,0.671,-31.875,5.125,22.375,-11.867,23.914,15.558,0.402,0.402,-0.294,-0.768,1,-40.323,29.070,-27.596,0.000,2,32.119709,-110.762726,85.379997,2.218,2971.784912,21,40,13,36,5,3,U_TURN_HDG,AP_PROT_ROLL_MIN,11.816,30.000,0.000,4,-12,-8,14,ROLL_RIGHT
1841,206.967728,0,3.063,-0.410,-7.356,-22.519,-124.573,295.112,-0.895,-55.953,-23.948,-31.875,5.125,22.375,-11.534,23.427,16.532,0.389,0.391,-0.292,-0.781,1,-38.819,29.077,-27.076,0.000,2,32.119709,-110.762726,87.449997,2.133,2972.113037,21,40,13,44,5,3,U_TURN_HDG,AP_PROT_ROLL_MIN,11.816,30.000,0.000,4,-12,-8,14,ROLL_RIGHT
1842,207.046326,0,0.628,1.666,-5.293,-21.537,-125.309,298.989,29.991,12.198,-20.926,-31.875,5.125,22.375,-11.509,23.504,16.404,0.369,0.372,-0.305,-0.795,1,-39.448,29.079,-27.295,0.000,2,32.119709,-110.762726,87.230003,1.993,2972.440918,21,40,13,52,5,3,U_TURN_HDG,AP_PROT_ROLL_MIN,11.816,30.000,0.000,4,-12,-8,14,ROLL_RIGHT
1843,207.126755,0,0.256,1.615,-3.755,-24.673,-123.022,299.080,27.976,21.822,-39.838,-31.875,5.125,22.375,-12.944,23.530,15.251,0.347,0.398,-0.306,-0.792,1,-39.705,29.050,-27.384,0.000,2,32.119709,-110.762726,86.669998,2.007,2972.769043,21,40,13,60,5,3,U_TURN_HDG,AP_PROT_ROLL_MIN,11.816,30.000,0.000,4,-12,-8,14,ROLL_RIGHT
1844,207.248184,0,-1.217,-0.551,1.833,-23.630,-122.357,298.562,20.703,13.429,-14.660,-31.875,5.125,22.375,-13.098,23.658,14.918,0.353,0.395,-0.314,-0.788,1,-39.237,29.039,-27.222,0.000,2,32.119709,-110.762726,85.930000,2.046,2973.097168,21,40,13,72,5,3,U_TURN_HDG,AP_PROT_ROLL_MIN,11.816,30.000,0.000,4,-12,-8,14,ROLL_RIGHT
1845,207.322830,0,-0.231,1.166,0.269,-24.257,-122.634,298.600,-3.245,-14.324,29.431,-31.875,5.125,22.375,-11.996,24.068,15.251,0.351,0.398,-0.309,-0.789,1,-40.016,29.059,-27.491,0.000,2,32.119709,-110.762726,81.180000,2.100,2973.425293,21,40,13,80,5,3,U_TURN_HDG,AP_PROT_ROLL_MIN,11.816,30.000,0.000,4,-12,-8,14,ROLL_RIGHT
1846,207.405029,0,-2.025,1.538,2.140,-25.680,-122.134,298.202,10.519,25.962,-29.543,-31.875,5.125,22.375,-13.431,23.607,14.815,0.346,0.409,-0.305,-0.787,1,-40.016,29.054,-27.491,0.000,2,32.119709,-110.762726,80.839996,2.241,2973.425293,21,40,13,88,5,3,U_TURN_HDG,AP_PROT_ROLL_MIN,11.816,30.000,0.000,4,-12,-8,14,ROLL_RIGHT
1847,207.493454,0,-4.229,-1.358,0.192,-23.422,-122.816,297.981,-9.512,-10.519,19.807,-31.875,5.125,22.375,-12.970,23.709,15.097,0.360,0.394,-0.310,-0.787,1,-39.068,29.058,-27.163,0.000,2,32.119709,-110.762726,83.080002,2.118,2973.753418,21,40,13,96,5,3,U_TURN_HDG,AP_PROT_ROLL_MIN,11.816,30.000,0.000,4,-12,-8,14,ROLL_RIGHT
1848,207.603348,0,-2.486,-0.948,-0.384,-23.845,-122.825,299.449,-5.483,-8.505,9.288,-31.875,5.125,22.375,-12.303,23.837,15.507,0.348,0.393,-0.313,-0.792,1,-39.294,29.078,-27.242,0.000,2,32.119709,-110.762726,84.459999,1.973,2973.753418,21,40,14,8,5,3,U_TURN_HDG,AP_PROT_ROLL_MIN,11.816,30.000,0.000,4,-12,-8,14,ROLL_RIGHT
1849,207.686600,0,-2.589,-2.307,1.025,-24.923,-123.075,301.456,5.819,32.453,-49.686,-31.875,5.125,22.375,-14.559,22.992,14.943,0.330,0.393,-0.313,-0.799,1,-40.001,29.083,-27.486,0.000,2,32.119709,-110.762726,88.690002,2.074,2973.425293,21,40,14,16,5,3,U_TURN_HDG,AP_PROT_ROLL_MIN,11.816,30.000,0.000,4,-12,-8,14,ROLL_RIGHT
1850,207.771469,0,4.293,0.500,-0.705,-30.482,-124.125,303.584,10.183,-8.729,-57.408,-31.875,5.125,22.375,-16.174,21.864,14.994,0.294,0.418,-0.289,-0.809,1,-39.202,29.097,-27.210,0.000,2,32.119709,-110.762726,92.150002,2.147,2973.425293,21,40,14,24,5,3,U_TURN_HDG,AP_PROT_ROLL_MIN,11.816,30.000,0.000,4,-12,-8,14,ROLL_RIGHT
1851,207.844254,0,3.306,-1.512,0.141,-32.616,-124.261,305.456,-1.902,31.110,-50.470,-31.875,5.125,22.375,-18.147,20.838,14.226,0.272,0.426,-0.285,-0.814,1,-40.538,29.108,-27.669,0.000,2,32.119709,-110.762726,93.099998,2.257,2973.425293,21,40,14,32,5,3,U_TURN_HDG,AP_PROT_ROLL_MIN,11.816,30.000,0.000,4,-12,-8,14,ROLL_RIGHT
1852,207.931488,0,0.679,2.256,1.423,-38.485,-124.440,306.154,11.079,28.760,-52.931,-31.875,5.125,22.375,-20.018,19.557,13.457,0.241,0.459,-0.260,-0.814,1,-40.862,29.100,-27.780,0.000,2,32.119709,-110.762726,93.389999,2.304,2973.097168,21,40,14,40,5,3,U_TURN_HDG,AP_PROT_ROLL_MIN,11.816,30.000,0.000,4,-12,-8,14,ROLL_RIGHT
1853,208.011932,0,-0.359,1.282,3.037,-43.300,-123.531,307.071,10.183,8.169,-28.984,-31.875,5.125,22.375,-21.684,18.455,12.329,0.209,0.487,-0.249,-0.811,1,-40.710,29.086,-27.728,0.000,2,32.119709,-110.762726,93.489998,2.268,2973.097168,21,40,14,48,5,3,U_TURN_HDG,AP_PROT_ROLL_MIN,11.816,30.000,0.000,4,-12,-8,14,ROLL_RIGHT
1854,208.076523,0,1.461,-0.910,2.038,-44.931,-124.283,307.952,-6.602,1.007,-13.764,-31.875,5.125,22.375,-22.120,17.891,12.380,0.198,0.493,-0.240,-0.812,1,-40.536,29.116,-27.669,0.000,2,32.119709,-110.762726,93.190002,2.171,2973.097168,21,40,14,52,5,3,U_TURN_HDG,AP_PROT_ROLL_MIN,11.816,30.000,0.000,4,-12,-8,14,ROLL_RIGHT
1855,208.164734,0,-1.294,0.871,1.538,-45.672,-124.206,307.502,11.974,18.241,-13.429,-31.875,5.125,22.375,-22.402,17.711,12.124,0.197,0.498,-0.235,-0.811,1,-40.138,29.119,-27.533,0.000,2,32.119709,-110.762726,90.620003,1.787,2973.425293,21,40,14,64,5,3,U_TURN_HDG,AP_PROT_ROLL_MIN,11.816,30.000,0.000,4,-12,-8,14,ROLL_RIGHT
1856,208.282791,0,-1.384,-0.577,0.167,-46.982,-123.277,306.909,4.700,9.400,-16.562,-31.875,5.125,22.375,-23.248,17.173,11.304,0.191,0.508,-0.233,-0.807,1,-39.294,29.076,-27.242,0.000,2,32.119709,-110.762726,0.000000,1.676,2973.753418,21,40,14,76,5,3,U_TURN_HDG,AP_PROT_ROLL_MIN,11.816,30.000,0.000,4,-12,-8,14,ROLL_RIGHT
1857,208.368362,0,-1.012,-0.807,-0.795,-48.711,-122.173,306.487,3.469,18.241,-30.998,-31.875,5.125,22.375,-23.991,16.686,10.509,0.181,0.521,-0.231,-0.802,1,-40.008,29.069,-27.488,0.000,2,32.119709,-110.762726,0.000000,1.597,2973.753418,21,40,14,84,5,3,U_TURN_HDG,AP_PROT_ROLL_MIN,11.816,30.000,0.000,4,-12,-8,14,ROLL_RIGHT
1858,208.429306,0,-4.242,2.973,-0.538,-53.604,-121.227,306.632,18.912,22.269,-46.553,-31.875,5.125,22.375,-25.452,15.174,9.330,0.152,0.548,-0.215,-0.794,1,-40.083,29.077,-27.514,0.000,2,32.119709,-110.762726,0.000000,1.504,2973.753418,21,40,14,88,5,3,U_TURN_HDG,AP_PROT_ROLL_MIN,11.816,30.000,0.000,4,-12,-8,14,ROLL_RIGHT
1859,208.495331,0,-3.486,1.948,0.871,-56.851,-120.142,306.791,9.064,11.862,-14.324,-31.875,5.125,22.375,-26.195,14.431,8.510,0.129,0.565,-0.208,-0.788,1,-38.808,29.101,-27.072,0.000,2,32.119709,-110.762726,0.000000,1.121,2973.425293,21,40,14,96,5,3,U_TURN_HDG,AP_PROT_ROLL_MIN,11.816,30.000,0.000,4,-12,-8,14,ROLL_RIGHT
1860,208.567947,0,-1.448,-0.743,2.089,-57.344,-119.586,307.219,13.764,-4.588,-3.693,-31.875,5.125,22.375,-26.272,14.431,8.382,0.121,0.568,-0.211,-0.786,1,-38.253,29.103,-26.878,0.000,2,32.119709,-110.762733,0.000000,0.842,2973.425293,21,40,15,4,5,3,U_TURN_HDG,AP_PROT_ROLL_MIN,11.816,30.000,0.000,4,-12,-8,14,ROLL_RIGHT
1861,208.648224,0,-2.704,-1.756,1.384,-58.029,-119.837,308.524,14.883,-4.700,-19.807,-31.875,5.125,22.375,-26.503,14.123,8.330,0.110,0.568,-0.213,-0.787,1,-38.827,29.063,-27.079,0.000,2,32.119709,-110.762733,0.000000,0.817,2973.425293,21,40,15,12,5,3,U_TURN_HDG,AP_PROT_ROLL_MIN,11.816,30.000,0.000,4,-12,-8,14,ROLL_RIGHT
1862,208.848343,0,-1.192,0.936,-0.513,-59.044,-121.524,310.370,-3.805,1.567,-0.224,-31.875,5.125,22.375,-26.606,13.892,8.382,0.100,0.569,-0.205,-0.790,1,-38.898,29.078,-27.104,0.000,2,32.119709,-110.762733,0.000000,0.263,2973.097168,21,40,15,32,5,3,U_TURN_HDG,AP_PROT_ROLL_MIN,11.816,30.000,0.000,4,-12,-8,14,ROLL_RIGHT
1863,209.048401,0,-2.268,-0.654,1.153,-58.495,-120.207,308.663,-2.238,-0.336,2.238,-31.875,5.125,22.375,-26.759,13.585,8.561,0.108,0.570,-0.208,-0.787,1,-39.461,29.057,-27.299,0.000,2,32.119705,-110.762733,0.000000,0.905,2973.753418,21,40,15,52,5,3,U_TURN_HDG,AP_PROT_ROLL_MIN,11.816,30.000,0.000,4,-12,-8,14,ROLL_RIGHT
1864,209.130981,0,-0.679,2.384,0.282,-58.067,-120.405,309.029,-0.783,-38.608,21.486,-31.875,5.125,22.375,-25.529,15.097,10.278,0.109,0.567,-0.211,-0.789,1,-39.289,29.082,-27.240,0.000,2,32.119705,-110.762741,0.000000,1.031,2974.081543,21,40,15,60,5,3,U_TURN_HDG,AP_PROT_ROLL_MIN,11.816,30.000,0.000,4,-12,-8,14,ROLL_RIGHT
1865,209.209351,0,0.743,-3.678,-2.666,-51.216,-125.510,316.606,5.707,-49.574,51.477,-31.875,5.125,22.375,-23.555,16.737,12.431,0.113,0.510,-0.242,-0.818,1,-38.494,29.096,-26.963,0.000,2,32.119705,-110.762741,0.000000,0.932,2974.081543,21,40,15,68,5,3,U_TURN_HDG,AP_PROT_ROLL_MIN,11.816,30.000,0.000,4,-12,-8,14,ROLL_RIGHT
1866,209.288345,0,-0.833,-0.500,1.871,-46.848,-126.165,317.917,-5.148,-17.793,-8.281,-31.875,5.125,22.375,-22.992,17.122,12.970,0.126,0.480,-0.260,-0.828,1,-40.327,29.068,-27.597,0.000,2,32.119705,-110.762741,0.000000,0.925,2974.081543,21,40,15,76,5,3,U_TURN_HDG,AP_PROT_ROLL_MIN,11.816,30.000,0.000,4,-12,-8,14,ROLL_RIGHT
1867,209.368408,0,-1.102,2.691,1.397,-45.990,-128.001,320.132,-5.707,-39.727,20.031,-31.875,5.125,22.375,-22.376,17.199,13.944,0.121,0.468,-0.260,-0.836,1,-39.695,29.066,-27.380,0.000,2,32.119709,-110.762741,0.000000,0.950,2973.753418,21,40,15,84,5,3,U_TURN_HDG,AP_PROT_ROLL_MIN,11.816,30.000,0.000,4,-12,-8,14,ROLL_RIGHT
1868,209.444794,0,1.051,-2.063,0.782,-42.550,-130.274,322.055,-39.167,-40.174,31.446,-31.875,5.125,22.375,-20.198,17.583,16.686,0.131,0.439,-0.263,-0.849,1,-39.831,29.098,-27.427,0.000,2,32.119709,-110.762741,0.000000,0.991,2973.425293,21,40,15,92,5,3,U_TURN_HDG,AP_PROT_ROLL_MIN,11.816,30.000,0.000,4,-12,-8,14,ROLL_RIGHT
1869,209.528412,0,2.486,-1.961,-1.884,-36.456,-136.530,323.841,-50.805,-49.462,32.565,-31.875,5.125,22.375,-18.890,17.276,18.429,0.164,0.385,-0.244,-0.875,1,-40.102,29.046,-27.520,0.000,2,32.119709,-110.762741,0.000000,0.979,2973.425293,21,40,16,0,5,3,U_TURN_HDG,AP_PROT_ROLL_MIN,11.816,30.000,0.000,4,-12,-8,14,ROLL_RIGHT
1870,209.604904,0,3.037,1.025,1.307,-35.021,-138.040,324.036,-12.533,-27.417,-4.812,-31.875,5.125,22.375,-17.763,16.737,20.018,0.172,0.373,-0.238,-0.880,1,-41.080,29.126,-27.854,0.000,2,32.119709,-110.762741,0.000000,0.869,2973.425293,21,40,16,8,5,3,U_TURN_HDG,AP_PROT_ROLL_MIN,11.816,30.000,0.000,4,-12,-8,14,ROLL_RIGHT
1871,209.684875,0,0.115,1.628,1.717,-33.364,-140.461,326.587,5.483,-16.786,-8.617,-31.875,5.125,22.375,-17.378,16.609,20.505,0.166,0.352,-0.233,-0.891,1,-39.697,29.065,-27.381,0.000,2,32.119709,-110.762741,0.000000,0.793,2973.753418,21,40,16,16,5,3,U_TURN_HDG,AP_PROT_ROLL_MIN,11.816,30.000,0.000,4,-12,-8,14,ROLL_RIGHT
1872,209.769409,0,0.782,1.051,-0.090,-32.473,-141.518,328.496,-8.617,-16.338,-2.910,-31.875,5.125,22.375,-17.071,16.404,20.915,0.157,0.340,-0.233,-0.897,1,-40.013,29.057,-27.490,0.000,2,32.119709,-110.762733,0.000000,0.952,2973.425293,21,40,16,24,5,3,U_TURN_HDG,AP_PROT_ROLL_MIN,11.816,30.000,0.000,4,-12,-8,14,ROLL_RIGHT
1873,209.847351,0,2.025,-2.012,-2.243,-31.955,-142.110,328.941,-1.790,-26.969,10.183,-31.875,5.125,22.375,-16.174,16.327,21.684,0.157,0.334,-0.231,-0.900,1,-39.747,29.108,-27.398,0.000,2,32.119713,-110.762733,0.000000,1.202,2973.425293,21,40,16,32,5,3,U_TURN_HDG,AP_PROT_ROLL_MIN,11.816,30.000,0.000,4,-12,-8,14,ROLL_RIGHT
1874,209.923737,0,-1.064,-0.436,-0.179,-30.225,-142.280,329.638,13.653,5.819,-12.198,-31.875,5.125,22.375,-16.225,16.661,21.402,0.158,0.320,-0.237,-0.904,1,-39.994,29.097,-27.483,0.000,2,32.119713,-110.762733,0.000000,1.085,2973.425293,21,40,16,40,5,3,U_TURN_HDG,AP_PROT_ROLL_MIN,11.816,30.000,0.000,4,-12,-8,14,ROLL_RIGHT
1875,210.008408,0,-0.807,1.397,0.628,-30.561,-141.247,330.590,16.562,-14.324,3.805,-31.875,5.125,22.375,-16.122,16.891,21.325,0.146,0.322,-0.246,-0.902,1,-41.010,29.112,-27.830,0.000,2,32.119713,-110.762733,0.000000,0.793,2973.425293,21,40,16,48,5,3,U_TURN_HDG,AP_PROT_ROLL_MIN,11.816,30.000,0.000,4,-12,-8,14,ROLL_RIGHT
1876,210.087921,0,-1.166,1.192,0.628,-27.428,-140.579,330.208,8.169,-29.096,31.446,-31.875,5.125,22.375,-14.610,17.686,21.761,0.158,0.300,-0.259,-0.904,1,-40.853,29.108,-27.777,0.000,2,32.119713,-110.762733,0.000000,0.630,2973.753418,21,40,16,56,5,3,U_TURN_HDG,AP_PROT_ROLL_MIN,11.816,30.000,0.000,4,-12,-8,14,ROLL_RIGHT
1877,210.163177,0,0.756,-1.384,0.013,-26.964,-141.706,330.835,-14.212,-10.072,-4.700,-31.875,5.125,22.375,-14.713,17.096,22.171,0.157,0.293,-0.253,-0.908,1,-40.393,29.087,-27.620,0.000,2,32.119709,-110.762733,0.000000,0.495,2973.753418,21,40,16,64,5,3,U_TURN_HDG,AP_PROT_ROLL_MIN,11.816,30.000,0.000,4,-12,-8,14,ROLL_RIGHT
1878,210.281357,0,-0.948,-0.269,1.410,-27.923,-142.019,332.400,8.617,-14.324,-16.114,-31.875,5.125,22.375,-14.841,17.019,22.146,0.143,0.297,-0.252,-0.910,1,-41.892,29.087,-28.128,0.000,2,32.119709,-110.762733,0.000000,0.667,2973.753418,21,40,16,76,5,3,U_TURN_HDG,AP_PROT_ROLL_MIN,11.816,30.000,0.000,4,-12,-8,14,ROLL_RIGHT
1879,210.367538,0,0.923,-0.936,-0.384,-25.615,-143.793,334.292,-10.072,-26.298,5.036,-31.875,5.125,22.375,-13.559,16.635,23.222,0.139,0.273,-0.249,-0.919,1,-40.484,29.063,-27.651,0.000,2,32.119709,-110.762733,0.000000,0.655,2973.753418,21,40,16,84,5,3,U_TURN_HDG,AP_PROT_ROLL_MIN,11.816,30.000,0.000,4,-12,-8,14,ROLL_RIGHT
1880,210.424255,0,0.743,-0.077,-0.103,-24.125,-144.682,334.837,-11.079,-31.557,5.931,-31.875,5.125,22.375,-12.226,16.379,24.171,0.141,0.259,-0.246,-0.923,1,-41.586,29.073,-28.025,0.000,2,32.119709,-110.762733,0.000000,0.646,2974.081543,21,40,16,88,5,3,U_TURN_HDG,AP_PROT_ROLL_MIN,11.816,30.000,0.000,4,-12,-8,14,ROLL_RIGHT
1881,210.494080,0,0.423,-0.859,-0.372,-20.398,-146.581,336.084,-11.302,-31.222,13.764,-31.875,5.125,22.375,-10.893,16.122,24.940,0.146,0.225,-0.242,-0.933,1,-41.900,29.073,-28.130,0.000,2,32.119709,-110.762733,0.000000,0.645,2974.081543,21,40,16,96,5,3,U_TURN_HDG,AP_PROT_ROLL_MIN,11.816,30.000,0.000,4,-12,-8,14,ROLL_RIGHT
1882,210.543503,0,0.551,-0.923,-0.679,-18.626,-147.488,336.375,-16.003,-34.019,14.772,-31.875,5.125,22.375,-10.124,15.943,25.375,0.150,0.209,-0.239,-0.937,1,-40.639,29.072,-27.704,0.000,2,32.119709,-110.762733,0.000000,0.624,2974.081543,21,40,17,0,5,3,U_TURN_HDG,AP_PROT_ROLL_MIN,11.816,30.000,0.000,4,-12,-8,14,ROLL_RIGHT
1883,210.623444,0,1.115,-0.987,-0.487,-17.067,-148.427,336.712,-12.645,-20.703,7.274,-31.875,5.125,22.375,-9.202,15.635,25.888,0.153,0.194,-0.235,-0.940,1,-41.121,29.057,-27.867,0.000,2,32.119709,-110.762733,0.000000,0.483,2974.409424,21,40,17,8,5,3,U_TURN_HDG,AP_PROT_ROLL_MIN,11.816,30.000,0.000,4,-12,-8,14,ROLL_RIGHT
1884,210.684509,0,1.986,-0.782,-0.577,-16.445,-149.055,337.076,-9.512,-12.310,-2.126,-31.875,5.125,22.375,-8.894,15.379,26.144,0.152,0.188,-0.231,-0.942,1,-40.708,29.089,-27.727,0.000,2,32.119709,-110.762733,0.000000,0.393,2974.409424,21,40,17,12,5,3,U_TURN_HDG,AP_PROT_ROLL_MIN,11.816,30.000,0.000,4,-12,-8,14,ROLL_RIGHT
1885,210.756058,0,3.768,-1.692,-1.487,-15.950,-149.732,337.549,-4.029,-4.476,0.895,-31.875,5.125,22.375,-8.638,15.174,26.324,0.151,0.182,-0.228,-0.945,1,-40.143,29.106,-27.534,0.000,2,32.119709,-110.762741,0.000000,0.317,2974.409424,21,40,17,20,5,3,U_TURN_HDG,AP_PROT_ROLL_MIN,11.816,30.000,0.000,4,-12,-8,14,ROLL_RIGHT
1886,210.818512,0,2.115,-1.115,-0.141,-16.122,-149.653,337.319,4.476,14.100,-0.783,-31.875,5.125,22.375,-8.792,15.200,26.195,0.152,0.184,-0.227,-0.944,1,-41.953,29.119,-28.148,0.000,2,32.119709,-110.762741,0.000000,0.353,2974.409424,21,40,17,28,5,3,U_TURN_HDG,AP_PROT_ROLL_MIN,11.816,30.000,0.000,4,-12,-8,14,ROLL_RIGHT
1887,210.882248,0,2.294,-2.166,-1.153,-16.538,-149.474,337.137,2.126,1.679,0.112,-31.875,5.125,22.375,-8.869,15.251,26.119,0.152,0.188,-0.228,-0.943,1,-40.372,29.121,-27.613,0.000,2,32.119709,-110.762741,0.000000,0.300,2974.081543,21,40,17,36,5,3,U_TURN_HDG,AP_PROT_ROLL_MIN,11.816,30.000,0.000,4,-12,-8,14,ROLL_RIGHT
1888,210.933426,0,2.384,-2.191,-2.025,-16.636,-149.045,336.815,10.631,23.948,4.364,-31.875,5.125,22.375,-9.022,15.430,25.914,0.154,0.190,-0.231,-0.942,1,-40.938,29.104,-27.806,0.000,2,32.119709,-110.762741,0.000000,0.223,2974.081543,21,40,17,40,5,3,U_TURN_HDG,AP_PROT_ROLL_MIN,11.816,30.000,0.000,4,-12,-8,14,ROLL_RIGHT
1889,210.993362,0,-2.089,-0.923,2.256,-18.226,-148.003,336.116,17.793,31.334,-13.541,-31.875,5.125,22.375,-9.766,15.687,25.452,0.154,0.205,-0.235,-0.938,1,-41.273,29.069,-27.919,0.000,2,32.119709,-110.762741,0.000000,0.110,2974.081543,21,40,17,44,5,3,U_TURN_HDG,AP_PROT_ROLL_MIN,11.816,30.000,0.000,4,-12,-8,14,ROLL_RIGHT
1890,211.063293,0,-1.910,2.243,-0.026,-19.248,-147.232,336.638,16.786,-7.722,-10.743,-31.875,5.125,22.375,-10.176,16.045,24.991,0.145,0.213,-0.240,-0.936,1,-40.544,29.098,-27.672,0.000,2,32.119709,-110.762741,0.000000,0.142,2974.081543,21,40,17,52,5,3,U_TURN_HDG,AP_PROT_ROLL_MIN,11.816,30.000,0.000,4,-12,-8,14,ROLL_RIGHT
1891,211.112289,0,-1.897,-0.423,-0.525,-18.206,-146.921,337.289,-7.386,-12.981,4.141,-31.875,5.125,22.375,-9.740,16.122,25.119,0.142,0.204,-0.246,-0.937,1,-40.689,29.122,-27.721,0.000,2,32.119709,-110.762741,0.000000,0.208,2974.409424,21,40,17,56,5,3,U_TURN_HDG,AP_PROT_ROLL_MIN,11.816,30.000,0.000,4,-12,-8,14,ROLL_RIGHT
1892,211.211426,0,-1.012,-0.820,0.243,-18.001,-147.555,337.753,-10.519,-8.729,-22.829,-31.875,5.125,22.375,-9.586,15.840,25.298,0.140,0.201,-0.242,-0.939,1,-41.729,29.100,-28.073,0.000,2,32.119709,-110.762749,0.000000,0.464,2974.409424,21,40,17,68,5,3,U_TURN_HDG,AP_PROT_ROLL_MIN,11.816,30.000,0.000,4,-12,-8,14,ROLL_RIGHT
1893,211.273346,0,-0.256,1.320,-1.487,-18.350,-148.251,339.204,13.653,-7.386,-21.822,-31.875,5.125,22.375,-9.945,15.481,25.375,0.128,0.200,-0.238,-0.942,1,-40.318,29.076,-27.594,0.000,2,32.119709,-110.762749,0.000000,0.495,2974.409424,21,40,17,72,5,3,U_TURN_HDG,AP_PROT_ROLL_MIN,11.816,30.000,0.000,4,-12,-8,14,ROLL_RIGHT
1894,211.343262,0,0.359,1.704,0.282,-19.134,-147.926,342.000,4.364,-1.455,-20.814,-31.875,5.125,22.375,-10.330,15.533,25.170,0.103,0.200,-0.244,-0.943,1,-40.353,29.155,-27.606,0.000,2,32.119709,-110.762749,0.000000,0.562,2974.081543,21,40,17,80,5,3,U_TURN_HDG,AP_PROT_ROLL_MIN,11.816,30.000,0.000,4,-12,-8,14,ROLL_RIGHT
1895,211.408722,0,0.859,0.115,-0.961,-19.449,-148.170,343.592,5.707,-7.945,-11.191,-31.875,5.125,22.375,-10.355,15.456,25.170,0.089,0.199,-0.244,-0.945,1,-40.078,29.088,-27.512,0.000,2,32.119709,-110.762749,0.000000,0.594,2973.753418,21,40,17,88,5,3,U_TURN_HDG,AP_PROT_ROLL_MIN,11.816,30.000,0.000,4,-12,-8,14,ROLL_RIGHT
1896,211.495789,0,0.859,-0.256,1.461,-19.608,-148.165,344.341,3.805,-0.560,-13.764,-31.875,5.125,22.375,-10.483,15.456,25.145,0.083,0.199,-0.245,-0.945,1,-40.385,29.103,-27.617,0.000,2,32.119709,-110.762749,0.000000,0.603,2973.753418,21,40,17,96,4,3,U_TURN_HDG,AP_PROT_ROLL_MIN,11.816,30.000,0.000,4,-12,-8,14,ROLL_RIGHT
1897,211.562515,0,1.038,1.320,-0.256,-19.946,-148.237,345.399,5.371,-6.714,-12.198,-31.875,5.125,22.375,-10.663,15.379,25.093,0.073,0.199,-0.246,-0.946,1,-41.121,29.058,-27.867,0.000,2,32.119709,-110.762749,0.000000,0.591,2973.753418,21,40,18,0,4,3,U_TURN_HDG,AP_PROT_ROLL_MIN,11.816,30.000,0.000,4,-12,-8,14,ROLL_RIGHT
1898,211.625504,0,-0.410,-0.487,-0.423,-20.099,-148.412,346.986,0.224,-5.483,-9.848,-31.875,5.125,22.375,-10.714,15.328,25.119,0.060,0.197,-0.247,-0.947,1,-41.101,29.094,-27.861,0.000,2,32.119709,-110.762749,0.000000,0.670,2973.425293,21,40,18,8,5,3,U_TURN_HDG,AP_PROT_ROLL_MIN,11.816,30.000,0.000,4,-12,-8,14,ROLL_RIGHT
1899,211.724426,0,-0.064,-0.128,-1.384,-19.907,-148.668,347.835,-2.014,-16.786,-6.826,-31.875,5.125,22.375,-10.483,15.174,25.273,0.054,0.194,-0.247,-0.948,1,-40.687,29.126,-27.720,0.000,2,32.119709,-110.762749,0.000000,0.802,2973.097168,21,40,18,20,5,3,U_TURN_HDG,AP_PROT_ROLL_MIN,11.816,30.000,0.000,4,-12,-8,14,ROLL_RIGHT
1900,211.803391,0,1.038,-0.051,0.103,-19.140,-149.045,348.925,0.000,-10.295,-0.671,-31.875,5.125,22.375,-10.201,15.123,25.401,0.048,0.185,-0.246,-0.950,1,-40.729,29.054,-27.734,0.000,2,32.119709,-110.762749,0.000000,0.856,2973.425293,21,40,18,28,5,3,U_TURN_HDG,AP_PROT_ROLL_MIN,11.816,30.000,0.000,4,-12,-8,14,ROLL_RIGHT
1901,211.862503,0,0.256,1.051,-0.551,-19.723,-149.113,349.946,3.917,1.231,-13.876,-31.875,5.125,22.375,-10.535,15.020,25.298,0.038,0.187,-0.247,-0.950,1,-40.869,29.085,-27.782,0.000,2,32.119709,-110.762749,0.000000,0.846,2973.425293,21,40,18,32,5,3,U_TURN_HDG,AP_PROT_ROLL_MIN,11.816,30.000,0.000,4,-12,-8,14,ROLL_RIGHT
1902,211.926331,0,-0.897,0.423,-0.410,-20.160,-149.136,350.619,-0.671,-0.560,-5.819,-31.875,5.125,22.375,-10.740,15.020,25.247,0.031,0.190,-0.247,-0.950,1,-40.862,29.101,-27.780,0.000,2,32.119709,-110.762756,0.000000,0.938,2973.753418,21,40,18,40,5,3,U_TURN_HDG,AP_PROT_ROLL_MIN,11.816,30.000,0.000,4,-12,-8,14,ROLL_RIGHT
1903,212.005432,0,-0.487,-0.705,-1.179,-20.212,-149.349,350.905,-0.336,0.783,-3.805,-31.875,5.125,22.375,-10.791,14.866,25.247,0.029,0.189,-0.246,-0.950,1,-39.903,29.115,-27.452,0.000,2,32.119709,-110.762756,0.000000,1.144,2973.753418,21,40,18,48,5,3,U_TURN_HDG,AP_PROT_ROLL_MIN,11.816,30.000,0.000,4,-12,-8,14,ROLL_RIGHT
1904,212.089035,0,0.064,0.333,-1.230,-20.620,-149.355,351.415,4.029,3.245,-8.729,-31.875,5.125,22.375,-10.945,14.866,25.196,0.024,0.192,-0.246,-0.950,1,-40.619,29.102,-27.697,0.000,2,32.119709,-110.762756,0.000000,1.235,2974.409424,21,40,18,56,5,3,U_TURN_HDG,AP_PROT_ROLL_MIN,11.816,30.000,0.000,4,-12,-8,14,ROLL_RIGHT
1905,212.166397,0,0.551,0.756,-0.372,-21.139,-149.271,351.646,2.798,3.021,-8.393,-31.875,5.125,22.375,-11.432,14.815,24.965,0.021,0.195,-0.247,-0.949,1,-40.627,29.089,-27.700,0.000,2,32.119709,-110.762756,0.000000,1.227,2974.409424,21,40,18,64,5,3,U_TURN_HDG,AP_PROT_ROLL_MIN,11.816,30.000,0.000,4,-12,-8,14,ROLL_RIGHT
1906,212.234894,0,0.205,0.551,1.640,-21.876,-149.110,352.057,3.693,7.386,-5.036,-31.875,5.125,22.375,-11.816,14.892,24.709,0.015,0.201,-0.248,-0.948,1,-40.546,29.096,-27.672,0.000,2,32.119709,-110.762749,0.000000,1.165,2974.409424,21,40,18,68,5,3,U_TURN_HDG,AP_PROT_ROLL_MIN,11.816,30.000,0.000,4,-12,-8,14,ROLL_RIGHT
1907,212.295502,0,0.513,0.910,-0.525,-22.337,-148.927,352.490,0.783,-11.414,-3.245,-31.875,5.125,22.375,-11.791,14.892,24.709,0.010,0.203,-0.250,-0.947,1,-41.012,29.108,-27.831,0.000,2,32.119709,-110.762749,0.000000,0.996,2974.409424,21,40,18,76,5,3,U_TURN_HDG,AP_PROT_ROLL_MIN,11.816,30.000,0.000,4,-12,-8,14,ROLL_RIGHT
1908,212.364426,0,0.782,0.859,-1.910,-21.681,-148.984,352.566,-2.350,-3.021,13.093,-31.875,5.125,22.375,-11.380,14.969,24.863,0.011,0.198,-0.250,-0.948,1,-40.305,29.104,-27.590,0.000,2,32.119709,-110.762749,0.000000,0.781,2974.409424,21,40,18,84,5,3,U_TURN_HDG,AP_PROT_ROLL_MIN,11.816,30.000,0.000,4,-12,-8,14,ROLL_RIGHT
1909,212.421204,0,-1.051,-1.230,-0.769,-21.659,-149.065,351.918,-5.260,6.826,2.014,-31.875,5.125,22.375,-11.509,14.943,24.837,0.017,0.199,-0.249,-0.948,1,-40.004,29.078,-27.486,0.000,2,32.119709,-110.762749,0.000000,0.753,2974.409424,21,40,18,88,5,3,U_TURN_HDG,AP_PROT_ROLL_MIN,11.816,30.000,0.000,4,-12,-8,14,ROLL_RIGHT
1910,212.487762,0,-1.128,-1.256,-0.871,-22.419,-148.782,352.413,10.967,6.267,-17.345,-31.875,5.125,22.375,-11.842,14.969,24.632,0.010,0.204,-0.251,-0.946,1,-41.970,29.092,-28.154,0.000,2,32.119709,-110.762749,0.000000,0.832,2974.409424,21,40,18,96,5,3,U_TURN_HDG,AP_PROT_ROLL_MIN,11.816,30.000,0.000,4,-12,-8,14,ROLL_RIGHT
1911,212.542511,0,-0.423,0.756,0.256,-22.634,-148.775,353.354,8.169,2.686,-18.464,-31.875,5.125,22.375,-12.021,14.943,24.555,0.002,0.204,-0.253,-0.946,1,-40.803,29.060,-27.759,0.000,2,32.119709,-110.762749,0.000000,0.878,2974.081543,21,40,19,0,5,3,U_TURN_HDG,AP_PROT_ROLL_MIN,11.816,30.000,0.000,4,-12,-8,14,ROLL_RIGHT
1912,212.606415,0,-0.500,0.269,-0.397,-22.133,-148.603,353.567,5.371,-13.093,1.007,-31.875,5.125,22.375,-11.765,15.046,24.606,0.001,0.199,-0.255,-0.946,1,-40.156,29.082,-27.539,0.000,2,32.119709,-110.762749,0.000000,1.006,2974.081543,21,40,19,8,5,3,U_TURN_HDG,AP_PROT_ROLL_MIN,11.816,30.000,0.000,4,-12,-8,14,ROLL_RIGHT
1913,212.680511,0,0.038,1.179,0.590,-22.194,-148.690,354.151,2.462,-5.371,-0.224,-31.875,5.125,22.375,-11.714,15.071,24.632,0.004,-0.199,0.255,0.946,1,-40.458,29.109,-27.642,0.000,2,32.119713,-110.762749,0.000000,1.023,2974.081543,21,40,19,12,5,3,U_TURN_HDG,AP_PROT_ROLL_MIN,11.816,30.000,0.000,4,-12,-8,14,ROLL_RIGHT
1914,212.734497,0,0.833,1.704,-1.474,-22.041,-148.844,355.394,2.238,-12.981,-8.281,-31.875,5.125,22.375,-11.739,14.994,24.658,0.013,-0.195,0.256,0.947,1,-40.143,29.105,-27.534,0.000,2,32.119709,-110.762749,0.000000,0.721,2974.081543,21,40,19,20,5,3,U_TURN_HDG,AP_PROT_ROLL_MIN,11.816,30.000,0.000,4,-12,-8,14,ROLL_RIGHT
1915,212.811981,0,-0.320,-0.346,-1.230,-21.843,-149.027,355.658,-2.574,-2.350,1.679,-31.875,5.125,22.375,-11.560,14.918,24.811,0.015,-0.192,0.255,0.947,1,-41.017,29.104,-27.832,0.000,2,32.119713,-110.762749,0.000000,0.641,2974.081543,21,40,19,28,5,3,U_TURN_HDG,AP_PROT_ROLL_MIN,11.816,30.000,0.000,4,-12,-8,14,ROLL_RIGHT
1916,212.881226,0,-0.577,0.308,0.205,-21.861,-149.061,355.756,2.014,-2.126,-10.407,-31.875,5.125,22.375,-11.688,14.918,24.760,0.016,-0.192,0.255,0.948,1,-41.277,29.063,-27.920,0.000,2,32.119713,-110.762749,0.000000,0.577,2974.081543,21,40,19,32,5,3,U_TURN_HDG,AP_PROT_ROLL_MIN,11.816,30.000,0.000,4,-12,-8,14,ROLL_RIGHT
1917,212.969574,0,1.410,0.077,-0.167,-21.925,-149.185,356.767,2.238,-7.162,-5.260,-31.875,5.125,22.375,-11.662,14.866,24.760,0.024,-0.191,0.256,0.948,1,-40.380,29.110,-27.615,0.000,2,32.119709,-110.762749,0.000000,0.381,2974.081543,21,40,19,44,5,3,U_TURN_HDG,AP_PROT_ROLL_MIN,11.816,30.000,0.000,4,-12,-8,14,ROLL_RIGHT
1918,213.091202,0,-1.371,0.282,-0.820,-22.100,-149.417,356.780,4.029,-0.783,-2.798,-31.875,5.125,22.375,-11.842,14.610,24.837,0.024,-0.192,0.254,0.948,1,-40.234,29.090,-27.565,0.000,2,32.119709,-110.762749,0.000000,0.356,2974.081543,21,40,19,56,5,3,U_TURN_HDG,AP_PROT_ROLL_MIN,11.816,30.000,0.000,4,-12,-8,14,ROLL_RIGHT
1919,213.252075,0,0.192,-1.346,-0.038,-22.689,-149.475,357.078,1.455,3.805,1.455,-31.875,5.125,22.375,-12.303,14.482,24.658,0.028,-0.196,0.253,0.947,1,-40.468,29.094,-27.645,0.000,2,32.119709,-110.762756,0.000000,0.513,2974.081543,21,40,19,72,5,3,U_TURN_HDG,AP_PROT_ROLL_MIN,11.816,30.000,0.000,4,-12,-8,14,ROLL_RIGHT
1920,213.366089,0,-0.167,-0.551,-0.295,-23.298,-149.281,357.474,-1.679,-10.407,15.107,-31.875,5.125,22.375,-11.842,14.943,24.606,0.033,-0.200,0.255,0.945,1,-41.712,29.126,-28.067,0.000,2,32.119709,-110.762756,0.000000,0.216,2974.081543,21,40,19,84,5,3,U_TURN_HDG,AP_PROT_ROLL_MIN,11.816,30.000,0.000,4,-12,-8,14,ROLL_RIGHT
1921,213.430511,0,1.064,0.859,-1.320,-21.741,-148.924,358.096,-1.679,-5.595,-7.722,-31.875,5.125,22.375,-11.585,14.866,24.786,0.035,-0.186,0.260,0.947,1,-39.905,29.108,-27.452,0.000,2,32.119709,-110.762756,0.000000,0.143,2974.409424,21,40,19,88,5,3,U_TURN_HDG,AP_PROT_ROLL_MIN,11.816,30.000,0.000,4,-12,-8,14,ROLL_RIGHT
1922,213.502975,0,-0.064,-0.500,0.436,-21.794,-149.442,358.640,-6.043,6.267,3.133,-31.875,5.125,22.375,-11.688,14.738,24.786,0.039,-0.185,0.257,0.948,1,-40.216,29.119,-27.559,0.000,2,32.119709,-110.762756,0.000000,0.164,2974.081543,21,40,19,96,5,3,U_TURN_HDG,AP_PROT_ROLL_MIN,11.816,30.000,0.000,4,-12,-8,14,ROLL_RIGHT
1923,213.550507,0,-1.025,-2.102,-7.984,-22.072,-149.666,358.224,-2.014,12.869,2.014,-31.875,5.125,22.375,-11.739,14.661,24.786,0.035,-0.189,0.254,0.948,1,-40.334,29.055,-27.600,0.000,2,32.119709,-110.762756,0.000000,0.226,2974.409424,21,40,20,0,5,3,U_TURN_HDG,AP_PROT_ROLL_MIN,11.816,30.000,0.000,4,-12,-8,14,ROLL_RIGHT
1924,213.603195,0,-0.384,0.756,0.154,-22.688,-149.692,357.766,-6.826,15.331,0.112,-31.875,5.125,22.375,-12.124,14.559,24.683,0.033,-0.195,0.253,0.947,1,-41.234,29.134,-27.906,0.000,2,32.119709,-110.762756,0.000000,0.503,2974.737549,21,40,20,8,5,3,U_TURN_HDG,AP_PROT_ROLL_MIN,11.816,30.000,0.000,4,-12,-8,14,ROLL_RIGHT
1925,213.739212,0,0.474,-0.397,-0.090,-23.127,-149.709,357.412,3.693,2.798,1.007,-31.875,5.125,22.375,-12.278,14.533,24.606,0.031,-0.199,0.252,0.947,1,-41.010,29.115,-27.830,0.000,2,32.119709,-110.762756,0.000000,0.925,2975.393799,21,40,20,20,5,3,U_TURN_HDG,AP_PROT_ROLL_MIN,11.816,30.000,0.000,4,-12,-8,14,ROLL_RIGHT
1926,213.803452,0,-1.717,0.410,0.410,-23.529,-149.287,356.760,1.455,9.624,5.148,-31.875,5.125,22.375,-12.431,14.661,24.427,0.027,-0.204,0.254,0.945,1,-41.186,29.081,-27.889,0.000,2,32.119709,-110.762756,0.000000,1.127,2976.049805,21,40,20,28,5,3,U_TURN_HDG,AP_PROT_ROLL_MIN,11.816,30.000,0.000,4,-12,-8,14,ROLL_RIGHT
1927,213.870209,0,-0.846,1.384,0.384,-23.525,-149.114,356.538,4.364,-16.114,2.126,-31.875,5.125,22.375,-12.252,14.789,24.427,0.026,-0.204,0.255,0.945,1,-40.382,29.105,-27.616,0.000,2,32.119709,-110.762772,0.000000,1.316,2976.049805,21,40,20,32,5,3,U_TURN_HDG,AP_PROT_ROLL_MIN,11.816,30.000,0.000,4,-12,-8,14,ROLL_RIGHT
1928,213.919510,0,0.718,-0.051,0.538,-22.632,-148.981,356.814,-8.617,-3.693,6.714,-31.875,5.125,22.375,-11.996,14.892,24.529,0.026,-0.196,0.257,0.946,1,-40.951,29.081,-27.810,0.000,2,32.119709,-110.762772,0.000000,1.504,2976.049805,21,40,20,36,5,3,U_TURN_HDG,AP_PROT_ROLL_MIN,11.816,30.000,0.000,4,-12,-8,14,ROLL_RIGHT
1929,213.983459,0,0.384,-1.179,0.615,-22.288,-149.342,356.483,-7.833,1.790,10.967,-31.875,5.125,22.375,-11.816,14.738,24.709,0.022,-0.194,0.254,0.947,1,-40.455,29.112,-27.641,0.000,2,32.119709,-110.762772,219.050003,1.933,2976.706055,21,40,20,44,5,3,U_TURN_HDG,AP_PROT_ROLL_MIN,11.816,30.000,0.000,4,-12,-8,14,ROLL_RIGHT
1930,214.063583,0,0.461,-0.141,-1.551,-22.087,-149.467,356.041,-1.790,-0.560,0.560,-31.875,5.125,22.375,-11.714,14.713,24.786,0.018,-0.194,0.252,0.948,1,-40.563,29.068,-27.678,0.000,2,32.119709,-110.762772,242.850006,2.015,2976.706055,21,40,20,52,5,3,U_TURN_HDG,AP_PROT_ROLL_MIN,11.816,30.000,0.000,4,-12,-8,14,ROLL_RIGHT
1931,214.119507,0,-1.371,-0.295,-0.743,-22.194,-149.351,355.552,-5.707,7.833,11.191,-31.875,5.125,22.375,-11.765,14.738,24.709,0.014,-0.196,0.252,0.948,1,-40.723,29.060,-27.732,0.000,2,32.119709,-110.762772,245.869995,2.014,2976.706055,21,40,20,56,5,3,U_TURN_HDG,AP_PROT_ROLL_MIN,11.816,30.000,0.000,4,-12,-8,14,ROLL_RIGHT
1932,214.183502,0,1.499,-0.449,-1.038,-22.691,-148.934,354.230,16.338,48.791,7.050,-31.875,5.125,22.375,-12.047,14.866,24.504,0.005,-0.203,0.253,0.946,1,-41.109,29.077,-27.864,0.000,2,32.119705,-110.762772,0.000000,1.941,2976.378174,21,40,20,64,5,3,U_TURN_HDG,AP_PROT_ROLL_MIN,11.816,30.000,0.000,4,-12,-8,14,ROLL_RIGHT
1933,214.244125,0,-5.126,1.358,6.113,-24.371,-148.097,353.642,26.969,0.560,-9.624,-31.875,5.125,22.375,-12.918,15.200,23.812,0.006,-0.218,0.257,0.942,1,-41.880,29.112,-28.124,0.000,2,32.119705,-110.762772,0.000000,1.732,2976.378174,21,40,20,72,5,3,U_TURN_HDG,AP_PROT_ROLL_MIN,11.816,30.000,0.000,4,-12,-8,14,ROLL_RIGHT
1934,214.299271,0,1.294,2.576,2.345,-23.514,-146.714,354.792,22.045,-29.879,-1.455,-31.875,5.125,22.375,-12.303,15.763,23.760,0.016,-0.208,0.271,0.940,1,-40.060,29.117,-27.506,0.000,2,32.119705,-110.762772,0.000000,1.644,2976.378174,21,40,20,76,5,3,U_TURN_HDG,AP_PROT_ROLL_MIN,11.816,30.000,0.000,4,-12,-8,14,ROLL_RIGHT
1935,214.371902,0,3.832,-4.063,-4.050,-22.216,-146.346,355.188,-19.360,19.584,10.183,-31.875,5.125,22.375,-11.585,15.943,24.042,0.016,-0.196,0.276,0.941,1,-40.061,29.111,-27.506,0.000,2,32.119705,-110.762772,0.000000,1.695,2976.706055,21,40,20,84,5,3,U_TURN_HDG,AP_PROT_ROLL_MIN,11.816,30.000,0.000,4,-12,-8,14,ROLL_RIGHT
1936,214.450790,0,-3.345,1.730,3.217,-23.703,-147.115,353.589,-8.729,28.424,0.448,-31.875,5.125,22.375,-12.559,15.481,23.837,0.006,-0.212,0.266,0.940,1,-40.849,29.118,-27.775,0.000,2,32.119705,-110.762772,0.000000,1.787,2976.706055,21,40,20,92,5,3,U_TURN_HDG,AP_PROT_ROLL_MIN,11.816,30.000,0.000,4,-12,-8,14,ROLL_RIGHT
1937,214.507156,0,-0.333,0.628,3.499,-23.534,-146.196,353.218,23.165,-39.615,-7.833,-31.875,5.125,22.375,-12.047,16.148,23.632,0.004,-0.212,0.273,0.939,1,-40.679,29.138,-27.718,0.000,2,32.119705,-110.762772,0.000000,1.863,2976.706055,21,40,20,96,5,3,U_TURN_HDG,AP_PROT_ROLL_MIN,11.816,30.000,0.000,4,-12,-8,14,ROLL_RIGHT
1938,214.564178,0,0.410,0.807,1.845,-22.304,-145.390,354.856,4.252,42.524,-7.722,-31.875,5.125,22.375,-11.996,16.353,23.530,0.015,-0.198,0.283,0.938,1,-40.295,29.120,-27.586,0.000,2,32.119701,-110.762772,0.000000,2.339,2977.034180,21,40,21,4,4,3,U_TURN_HDG,AP_PROT_ROLL_MIN,11.816,30.000,0.000,4,-12,-8,14,ROLL_RIGHT
1939,214.650436,0,-3.076,0.679,2.409,-24.979,-144.887,353.504,-11.974,53.379,-8.393,-31.875,5.125,22.375,-13.431,16.071,22.889,0.012,-0.223,0.282,0.933,1,-40.862,29.096,-27.780,0.000,2,32.119701,-110.762772,0.000000,2.341,2977.034180,21,40,21,12,4,3,U_TURN_HDG,AP_PROT_ROLL_MIN,11.816,30.000,0.000,4,-12,-8,14,ROLL_RIGHT
1940,214.699509,0,-2.858,1.384,3.460,-24.454,-145.214,353.333,1.567,-27.753,13.541,-31.875,5.125,22.375,-12.918,16.148,23.197,0.009,-0.219,0.280,0.935,1,-40.237,29.085,-27.566,0.000,2,32.119701,-110.762772,0.000000,2.309,2976.706055,21,40,21,16,4,3,U_TURN_HDG,AP_PROT_ROLL_MIN,11.816,30.000,0.000,4,-12,-8,14,ROLL_RIGHT
1941,214.763397,0,0.782,-0.846,-3.076,-24.505,-145.516,353.537,2.014,-11.638,2.910,-31.875,5.125,22.375,-13.072,15.892,23.273,0.010,-0.219,0.278,0.935,1,-38.877,29.111,-27.096,0.000,2,32.119701,-110.762772,0.000000,2.444,2976.706055,21,40,21,24,4,3,U_TURN_HDG,AP_PROT_ROLL_MIN,11.816,30.000,0.000,4,-12,-8,14,ROLL_RIGHT
1942,214.831314,0,-0.590,2.743,2.435,-28.363,-146.873,353.528,-28.200,37.488,-24.507,-31.875,5.125,22.375,-13.969,15.225,23.145,0.017,-0.250,0.263,0.932,1,-40.142,29.114,-27.534,0.000,2,32.119701,-110.762772,0.000000,2.449,2976.378174,21,40,21,28,4,3,U_TURN_HDG,AP_PROT_ROLL_MIN,11.816,30.000,0.000,4,-12,-8,14,ROLL_RIGHT
1943,214.892700,0,-0.487,0.795,3.114,-28.459,-146.143,353.963,22.381,-10.855,-10.407,-31.875,5.125,22.375,-14.815,15.200,22.633,0.023,-0.250,0.269,0.930,1,-40.943,29.094,-27.807,0.000,2,32.119701,-110.762756,0.000000,2.008,2975.393799,21,40,21,36,4,3,U_TURN_HDG,AP_PROT_ROLL_MIN,11.816,30.000,0.000,4,-12,-8,14,ROLL_RIGHT
1944,214.968781,0,-1.141,1.910,-4.703,-28.063,-146.336,355.244,-7.050,7.498,-3.245,-31.875,5.125,22.375,-14.636,15.174,22.761,0.032,-0.244,0.271,0.931,1,-40.216,29.124,-27.559,0.000,2,32.119701,-110.762756,0.000000,1.551,2975.065674,21,40,21,44,4,3,U_TURN_HDG,AP_PROT_ROLL_MIN,11.816,30.000,0.000,4,-12,-8,14,ROLL_RIGHT
1945,215.018509,0,0.615,-1.307,0.474,-28.095,-146.419,355.285,-21.262,-16.450,-11.974,-31.875,5.125,22.375,-15.046,14.559,22.915,0.032,-0.244,0.270,0.931,1,-41.021,29.094,-27.834,0.000,2,32.119701,-110.762756,0.000000,1.394,2975.065674,21,40,21,48,4,3,U_TURN_HDG,AP_PROT_ROLL_MIN,11.816,30.000,0.000,4,-12,-8,14,ROLL_RIGHT
1946,215.091507,0,1.897,0.423,-0.423,-28.451,-148.662,356.217,-18.129,-20.479,-11.079,-31.875,5.125,22.375,-14.841,14.251,23.248,0.036,-0.245,0.254,0.935,1,-40.327,29.065,-27.597,0.000,2,32.119705,-110.762756,0.000000,1.025,2975.065674,21,40,21,56,4,3,U_TURN_HDG,AP_PROT_ROLL_MIN,11.816,30.000,0.000,4,-12,-8,14,ROLL_RIGHT
1947,215.137253,0,0.743,-0.256,0.513,-28.513,-149.688,356.281,-31.781,12.981,-0.448,-31.875,5.125,22.375,-14.892,13.687,23.581,0.034,-0.246,0.246,0.937,1,-39.206,29.093,-27.211,0.000,2,32.119705,-110.762756,0.000000,0.930,2975.065674,21,40,21,60,4,3,U_TURN_HDG,AP_PROT_ROLL_MIN,11.816,30.000,0.000,4,-12,-8,14,ROLL_RIGHT
1948,215.212555,0,-0.231,0.167,-0.077,-29.252,-151.564,356.297,-29.431,7.833,-12.757,-31.875,5.125,22.375,-15.123,13.072,23.760,0.032,-0.252,0.230,0.939,1,-40.681,29.136,-27.718,0.000,2,32.119705,-110.762772,0.000000,0.648,2975.065674,21,40,21,68,4,3,U_TURN_HDG,AP_PROT_ROLL_MIN,11.816,30.000,0.000,4,-12,-8,14,ROLL_RIGHT
1949,215.268219,0,-0.231,-0.730,-0.884,-29.678,-153.129,357.034,-9.736,-0.112,-9.624,-31.875,5.125,22.375,-15.456,12.098,24.119,0.035,-0.255,0.218,0.941,1,-41.306,29.145,-27.930,0.000,2,32.119705,-110.762772,0.000000,0.481,2975.065674,21,40,21,72,4,3,U_TURN_HDG,AP_PROT_ROLL_MIN,11.816,30.000,0.000,4,-12,-8,14,ROLL_RIGHT
1950,215.366409,0,0.231,-0.641,-1.640,-29.995,-154.195,357.560,-13.541,4.252,-6.267,-31.875,5.125,22.375,-15.558,11.739,24.222,0.038,-0.257,0.210,0.943,1,-40.138,29.117,-27.533,0.000,2,32.119705,-110.762756,0.000000,0.810,2975.065674,21,40,21,84,4,3,U_TURN_HDG,AP_PROT_ROLL_MIN,11.816,30.000,0.000,4,-12,-8,14,ROLL_RIGHT
1951,215.441406,0,-0.602,0.936,-1.269,-31.494,-157.491,358.757,-31.893,17.345,-18.800,-31.875,5.125,22.375,-16.250,10.201,24.478,0.043,-0.268,0.185,0.944,1,-41.352,29.065,-27.946,0.000,2,32.119701,-110.762756,0.000000,1.028,2975.393799,21,40,21,92,4,3,U_TURN_HDG,AP_PROT_ROLL_MIN,11.816,30.000,0.000,4,-12,-8,14,ROLL_RIGHT
1952,215.499878,0,-1.974,-1.910,1.397,-30.716,-158.206,1.032,-7.722,-10.855,-8.617,-31.875,5.125,22.375,-16.122,10.022,24.658,0.059,-0.258,0.185,0.946,1,-40.626,29.096,-27.699,0.000,2,32.119701,-110.762756,0.000000,1.095,2975.393799,21,40,21,96,4,3,U_TURN_HDG,AP_PROT_ROLL_MIN,11.816,30.000,0.000,4,-12,-8,14,ROLL_RIGHT
1953,215.566528,0,-0.743,-1.038,-0.346,-30.053,-158.140,1.761,11.414,-28.088,-5.148,-31.875,5.125,22.375,-15.610,10.048,25.016,0.064,-0.252,0.187,0.947,1,-40.466,29.095,-27.645,0.000,2,32.119701,-110.762756,0.000000,1.222,2975.721924,21,40,22,4,4,3,U_TURN_HDG,AP_PROT_ROLL_MIN,11.816,30.000,0.000,4,-12,-8,14,ROLL_RIGHT
1954,215.650345,0,4.075,-2.268,3.665,-30.302,-158.708,0.995,-17.681,10.631,9.736,-31.875,5.125,22.375,-15.738,9.766,25.042,0.057,-0.255,0.181,0.948,1,-41.075,29.136,-27.852,0.000,2,32.119701,-110.762756,0.000000,1.349,2976.049805,21,40,22,12,4,3,U_TURN_HDG,AP_PROT_ROLL_MIN,11.816,30.000,0.000,4,-12,-8,14,ROLL_RIGHT
1955,215.700363,0,-1.833,0.602,4.127,-30.133,-159.055,0.913,-17.233,-0.560,-2.574,-31.875,5.125,22.375,-15.584,9.817,25.119,0.055,-0.254,0.178,0.949,1,-41.024,29.086,-27.835,0.000,2,32.119701,-110.762756,0.000000,1.301,2976.049805,21,40,22,16,4,3,U_TURN_HDG,AP_PROT_ROLL_MIN,11.816,30.000,0.000,4,-12,-8,14,ROLL_RIGHT
1956,215.761429,0,-0.384,1.769,0.026,-29.182,-158.020,1.489,20.479,-29.431,-5.483,-31.875,5.125,22.375,-15.225,10.201,25.221,0.060,-0.245,0.188,0.949,1,-41.337,29.094,-27.941,0.000,2,32.119701,-110.762756,0.000000,1.148,2976.706055,21,40,22,24,4,3,U_TURN_HDG,AP_PROT_ROLL_MIN,11.816,30.000,0.000,4,-12,-8,14,ROLL_RIGHT
1957,215.848694,0,0.974,0.795,-0.564,-28.122,-158.125,1.783,-15.891,-5.595,13.429,-31.875,5.125,22.375,-14.738,10.253,25.529,0.061,-0.236,0.188,0.952,1,-41.724,29.110,-28.071,0.000,2,32.119701,-110.762756,0.000000,1.077,2977.034180,21,40,22,32,4,3,U_TURN_HDG,AP_PROT_ROLL_MIN,11.816,30.000,0.000,4,-12,-8,14,ROLL_RIGHT
1958,215.923080,0,0.410,-1.320,-0.961,-28.014,-158.219,1.672,-4.588,-3.917,7.833,-31.875,5.125,22.375,-14.354,9.945,25.888,0.060,-0.235,0.187,0.952,1,-41.403,29.115,-27.963,0.000,2,32.119701,-110.762756,0.000000,1.168,2977.034180,21,40,22,40,4,3,U_TURN_HDG,AP_PROT_ROLL_MIN,11.816,30.000,0.000,4,-12,-8,14,ROLL_RIGHT
1959,216.010452,0,-1.205,0.474,-0.320,-26.842,-159.126,0.673,-2.462,-2.574,6.714,-31.875,5.125,22.375,-14.277,9.971,25.914,0.048,-0.227,0.178,0.956,1,-40.618,29.110,-27.697,0.000,2,32.119701,-110.762756,0.000000,1.379,2976.706055,21,40,22,48,4,3,U_TURN_HDG,AP_PROT_ROLL_MIN,11.816,30.000,0.000,4,-12,-8,14,ROLL_RIGHT
1960,216.084152,0,-2.217,0.231,1.230,-26.387,-159.278,0.537,-11.191,-11.862,-4.364,-31.875,5.125,22.375,-13.790,9.843,26.272,0.046,-0.224,0.176,0.958,1,-40.930,29.116,-27.803,0.000,2,32.119701,-110.762756,0.000000,1.608,2976.378174,21,40,22,56,4,3,U_TURN_HDG,AP_PROT_ROLL_MIN,11.816,30.000,0.000,4,-12,-8,14,ROLL_RIGHT
1961,216.165344,0,1.743,-1.653,-2.166,-25.003,-160.601,1.515,-1.679,-28.872,-1.007,-31.875,5.125,22.375,-12.995,9.407,26.836,0.049,-0.211,0.167,0.962,1,-40.760,29.136,-27.745,0.000,2,32.119698,-110.762756,0.000000,1.760,2976.378174,21,40,22,64,4,3,U_TURN_HDG,AP_PROT_ROLL_MIN,11.816,30.000,0.000,4,-12,-8,14,ROLL_RIGHT
1962,216.288101,0,1.205,-0.769,-0.590,-23.728,-160.686,2.095,1.343,7.945,-11.974,-31.875,5.125,22.375,-12.790,9.458,26.964,0.052,-0.200,0.168,0.964,1,-42.451,29.076,-28.315,0.000,2,32.119698,-110.762756,0.000000,1.987,2976.378174,21,40,22,76,4,3,U_TURN_HDG,AP_PROT_ROLL_MIN,11.816,30.000,0.000,4,-12,-8,14,ROLL_RIGHT
1963,216.370438,0,0.231,0.384,0.666,-24.538,-160.919,2.911,8.617,-6.602,3.357,-31.875,5.125,22.375,-12.944,9.561,26.811,0.060,-0.205,0.167,0.962,1,-41.264,29.084,-27.916,0.000,2,32.119698,-110.762772,0.000000,2.176,2976.706055,21,40,22,84,4,3,U_TURN_HDG,AP_PROT_ROLL_MIN,11.816,30.000,0.000,4,-12,-8,14,ROLL_RIGHT
1964,216.449463,0,-0.269,-0.128,-0.154,-23.841,-159.843,2.977,20.143,-19.919,10.743,-31.875,5.125,22.375,-12.047,10.586,26.888,0.061,-0.199,0.176,0.962,1,-40.993,29.142,-27.824,0.000,2,32.119698,-110.762772,0.000000,2.262,2976.706055,21,40,22,88,4,3,U_TURN_HDG,AP_PROT_ROLL_MIN,11.816,30.000,0.000,4,-12,-8,14,ROLL_RIGHT
1965,216.508514,0,0.231,-0.064,-0.666,-20.774,-156.795,2.156,34.915,-37.488,33.236,-31.875,5.125,22.375,-11.124,11.534,26.888,0.054,-0.173,0.201,0.963,1,-41.586,29.074,-28.025,0.000,2,32.119698,-110.762772,0.000000,2.425,2976.378174,21,40,22,96,4,3,U_TURN_HDG,AP_PROT_ROLL_MIN,11.816,30.000,0.000,4,-12,-8,14,ROLL_RIGHT
1966,216.561798,0,1.038,0.961,-0.231,-17.423,-153.989,0.875,43.084,-42.188,45.098,-31.875,5.125,22.375,-9.407,13.098,26.836,0.041,-0.146,0.224,0.963,1,-40.927,29.120,-27.802,0.000,2,32.119694,-110.762772,0.000000,2.523,2976.378174,21,40,23,4,4,3,U_TURN_HDG,AP_PROT_ROLL_MIN,11.816,30.000,0.000,4,-12,-8,14,ROLL_RIGHT
1967,216.626511,0,0.641,0.141,-0.436,-15.526,-152.295,0.168,18.241,-20.926,19.024,-31.875,5.125,22.375,-8.100,14.251,26.657,0.034,-0.131,0.237,0.962,1,-41.078,29.131,-27.853,0.000,2,32.119694,-110.762772,0.000000,2.545,2976.049805,21,40,23,8,4,3,U_TURN_HDG,AP_PROT_ROLL_MIN,11.816,30.000,0.000,4,-12,-8,14,ROLL_RIGHT
1968,216.686401,0,2.179,-2.230,-1.794,-13.841,-151.851,359.622,7.833,-2.014,25.291,-31.875,5.125,22.375,-7.279,14.533,26.759,0.026,-0.118,0.241,0.963,1,-41.078,29.133,-27.853,0.000,2,32.119694,-110.762772,0.000000,2.569,2976.049805,21,40,23,16,4,3,U_TURN_HDG,AP_PROT_ROLL_MIN,11.816,30.000,0.000,4,-12,-8,14,ROLL_RIGHT
1969,216.745514,0,-1.487,-2.115,1.781,-13.331,-151.038,358.455,11.638,7.498,1.343,-31.875,5.125,22.375,-7.279,14.866,26.529,0.016,-0.116,0.247,0.962,1,-41.732,29.093,-28.074,0.000,2,32.119694,-110.762772,0.000000,2.571,2975.721924,21,40,23,20,4,3,U_TURN_HDG,AP_PROT_ROLL_MIN,11.816,30.000,0.000,4,-12,-8,14,ROLL_RIGHT
1970,216.809372,0,-1.589,-1.807,2.204,-13.346,-150.366,359.047,10.855,-13.205,-12.422,-31.875,5.125,22.375,-7.254,15.020,26.426,0.022,-0.114,0.253,0.960,1,-41.021,29.089,-27.834,0.000,2,32.119694,-110.762772,0.000000,2.891,2975.065674,21,40,23,28,4,3,U_TURN_HDG,AP_PROT_ROLL_MIN,11.816,30.000,0.000,4,-12,-8,14,ROLL_RIGHT
1971,216.889557,0,-2.063,0.961,1.179,-12.989,-150.931,359.461,3.021,-11.526,-7.833,-31.875,5.125,22.375,-7.177,14.994,26.477,0.024,-0.111,0.249,0.962,1,-40.945,29.087,-27.808,0.000,2,32.119694,-110.762779,0.000000,2.753,2975.065674,21,40,23,36,4,3,U_TURN_HDG,AP_PROT_ROLL_MIN,11.816,30.000,0.000,4,-12,-8,14,ROLL_RIGHT
1972,217.003082,0,2.666,-0.551,-2.320,-11.396,-150.998,358.901,-0.560,-8.729,17.569,-31.875,5.125,22.375,-7.049,14.815,26.606,0.016,-0.099,0.248,0.964,1,-42.025,29.133,-28.172,0.000,2,32.119694,-110.762779,0.000000,2.562,2975.065674,21,40,23,48,4,3,U_TURN_HDG,AP_PROT_ROLL_MIN,11.816,30.000,0.000,4,-12,-8,14,ROLL_RIGHT
1973,217.065308,0,1.179,-0.679,-2.602,-10.535,-152.996,359.594,-25.626,-3.693,32.453,-31.875,5.125,22.375,-5.511,13.790,27.477,0.018,-0.090,0.232,0.968,1,-40.795,29.078,-27.757,0.000,2,32.119694,-110.762779,0.000000,2.444,2975.065674,21,40,23,52,4,3,U_TURN_HDG,AP_PROT_ROLL_MIN,11.816,30.000,0.000,4,-12,-8,14,ROLL_RIGHT
1974,217.163116,0,-1.474,-1.230,-0.628,-9.204,-154.970,357.737,-44.315,-8.281,28.424,-31.875,5.125,22.375,-5.101,13.277,27.810,0.002,0.083,-0.214,-0.973,1,-41.556,29.126,-28.015,0.000,2,32.119694,-110.762779,0.000000,2.096,2975.065674,21,40,23,64,4,3,U_TURN_HDG,AP_PROT_ROLL_MIN,11.816,30.000,0.000,4,-12,-8,14,ROLL_RIGHT
1975,217.218323,0,-1.589,0.141,0.461,-6.038,-158.041,357.900,-53.491,-17.793,23.165,-31.875,5.125,22.375,-4.409,12.226,28.400,0.008,0.055,-0.189,-0.980,1,-41.791,29.125,-28.094,0.000,2,32.119694,-110.762779,0.000000,2.002,2975.065674,21,40,23,68,5,3,U_TURN_HDG,AP_PROT_ROLL_MIN,11.816,30.000,0.000,4,-12,-8,14,ROLL_RIGHT
1976,217.289368,0,-1.410,-2.922,-0.384,-4.028,-159.464,358.488,-21.486,-29.767,6.714,-31.875,5.125,22.375,-2.614,11.201,29.041,0.007,0.037,-0.178,-0.983,1,-41.549,29.140,-28.012,0.000,2,32.119694,-110.762779,0.000000,1.576,2975.393799,21,40,23,76,5,3,U_TURN_HDG,AP_PROT_ROLL_MIN,11.816,30.000,0.000,4,-12,-8,14,ROLL_RIGHT
1977,217.344147,0,-0.410,3.332,-0.051,-1.117,-160.607,0.434,-16.786,-42.188,-18.688,-31.875,5.125,22.375,-2.204,10.970,29.169,0.005,-0.009,0.168,0.986,1,-41.726,29.103,-28.072,0.000,2,32.119694,-110.762779,0.000000,1.369,2975.393799,21,40,23,80,5,3,U_TURN_HDG,AP_PROT_ROLL_MIN,11.816,30.000,0.000,4,-12,-8,14,ROLL_RIGHT
1978,217.405289,0,-0.551,-1.781,1.012,0.465,-162.199,1.283,-31.222,-26.522,-0.895,-31.875,5.125,22.375,-0.641,10.381,29.451,0.010,0.006,0.155,0.988,1,-41.292,29.170,-27.926,0.000,2,32.119694,-110.762779,0.000000,0.954,2975.393799,21,40,23,88,5,3,U_TURN_HDG,AP_PROT_ROLL_MIN,11.816,30.000,0.000,4,-12,-8,14,ROLL_RIGHT
1979,217.455505,0,-1.269,-0.679,1.935,2.020,-164.342,2.361,-43.196,-36.705,-16.226,-31.875,5.125,22.375,0.897,8.663,30.015,0.018,0.020,0.136,0.990,1,-41.005,29.126,-27.828,0.000,2,32.119694,-110.762779,0.000000,0.788,2975.393799,21,40,23,92,5,3,U_TURN_HDG,AP_PROT_ROLL_MIN,11.816,30.000,0.000,4,-12,-8,14,ROLL_RIGHT
1980,217.563461,0,-1.358,0.090,-3.793,3.144,-165.998,3.855,-43.755,-68.822,-5.819,-31.875,5.125,22.375,1.974,7.279,30.322,0.030,0.031,0.121,0.992,1,-42.255,29.145,-28.249,0.000,2,32.119694,-110.762772,0.000000,0.736,2975.721924,21,40,24,4,5,3,U_TURN_HDG,AP_PROT_ROLL_MIN,11.816,30.000,0.000,4,-12,-8,14,ROLL_RIGHT
1981,217.648407,0,2.140,-4.075,-0.577,9.587,-172.538,4.411,-61.996,-63.339,34.243,-31.875,5.125,22.375,5.434,3.332,30.578,0.033,0.086,0.062,0.994,1,-42.591,29.108,-28.361,0.000,2,32.119694,-110.762772,0.000000,1.067,2976.049805,21,40,24,12,5,3,U_TURN_HDG,AP_PROT_ROLL_MIN,11.816,30.000,0.000,4,-12,-8,14,ROLL_RIGHT
1982,217.704514,0,-1.474,-3.486,0.346,11.944,-177.020,6.731,-56.736,-33.124,-21.150,-31.875,5.125,22.375,6.613,1.615,30.502,0.056,0.105,0.020,0.993,1,-42.192,29.120,-28.228,0.000,2,32.119694,-110.762772,0.000000,1.185,2976.378174,21,40,24,16,5,3,U_TURN_HDG,AP_PROT_ROLL_MIN,11.816,30.000,0.000,4,-12,-8,14,ROLL_RIGHT
1983,217.769348,0,-0.679,-1.935,-0.449,12.274,-176.966,8.841,-19.695,13.653,-49.686,-31.875,5.125,22.375,6.664,1.615,30.502,0.074,0.109,0.018,0.991,1,-40.631,29.083,-27.701,0.000,2,32.119694,-110.762756,0.000000,1.533,2977.034180,21,40,24,24,5,3,U_TURN_HDG,AP_PROT_ROLL_MIN,11.816,30.000,0.000,4,-12,-8,14,ROLL_RIGHT
1984,217.828278,0,0.628,-8.215,0.397,10.279,-177.753,12.143,-20.143,28.424,-48.791,-31.875,5.125,22.375,5.434,1.333,30.758,0.104,0.091,0.010,0.990,1,-41.789,29.131,-28.093,0.000,2,32.119698,-110.762756,0.000000,1.644,2977.034180,21,40,24,28,5,3,U_TURN_HDG,AP_PROT_ROLL_MIN,11.816,30.000,0.000,4,-12,-8,14,ROLL_RIGHT
1985,217.888626,0,3.255,-1.205,0.769,10.844,-176.772,14.888,2.350,-38.048,-46.777,-31.875,5.125,22.375,5.921,1.666,30.655,0.126,0.097,0.016,0.987,1,-42.485,29.155,-28.326,0.000,2,32.119698,-110.762749,0.000000,1.904,2977.690186,21,40,24,36,5,3,U_TURN_HDG,AP_PROT_ROLL_MIN,11.816,30.000,0.000,4,-12,-8,14,ROLL_RIGHT
1986,217.944504,0,-1.871,1.051,-1.115,11.444,-176.141,18.252,6.379,6.826,-86.167,-31.875,5.125,22.375,6.126,2.179,30.604,0.154,0.104,0.017,0.982,1,-42.180,29.139,-28.224,0.000,2,32.119698,-110.762749,162.009995,2.231,2977.690186,21,40,24,40,5,3,U_TURN_HDG,AP_PROT_ROLL_MIN,11.816,30.000,0.000,4,-12,-8,14,ROLL_RIGHT
1987,218.011108,0,1.230,-3.601,-1.512,10.358,-174.871,24.573,-6.826,0.895,-87.846,-31.875,5.125,22.375,5.716,2.640,30.630,0.208,0.098,0.024,0.973,1,-44.413,29.100,-28.962,0.000,2,32.119698,-110.762749,107.519997,2.619,2978.018555,21,40,24,48,4,3,U_TURN_HDG,AP_PROT_ROLL_MIN,11.816,30.000,0.000,4,-12,-8,14,ROLL_RIGHT
1988,218.091095,0,7.164,-7.895,16.917,11.340,-173.764,29.822,8.952,-30.438,-83.370,-31.875,5.125,22.375,6.382,3.383,30.450,0.250,0.109,0.027,0.962,1,-45.032,29.123,-29.163,0.000,2,32.119698,-110.762749,96.099998,2.859,2978.674805,21,40,24,56,5,3,U_TURN_HDG,AP_PROT_ROLL_MIN,11.816,30.000,0.000,4,-12,-8,14,ROLL_RIGHT
1989,218.168640,0,1.217,0.820,-1.986,10.869,-174.344,33.159,-90.196,-15.779,-25.067,-31.875,5.125,22.375,6.382,1.564,30.630,0.279,0.105,0.020,0.954,1,-44.313,29.139,-28.929,0.000,2,32.119698,-110.762741,93.300003,3.025,2979.330811,21,40,24,64,5,3,U_TURN_HDG,AP_PROT_ROLL_MIN,11.816,30.000,0.000,4,-12,-8,14,ROLL_RIGHT
1990,218.235504,0,-2.422,4.985,-3.345,12.617,-179.364,35.781,-51.700,-13.541,-28.312,-31.875,5.125,22.375,7.305,-0.564,30.476,0.305,0.106,-0.029,0.946,1,-44.333,29.095,-28.936,0.000,2,32.119698,-110.762741,92.809998,3.158,2979.330811,21,40,24,68,5,3,U_TURN_HDG,AP_PROT_ROLL_MIN,11.816,30.000,0.000,4,-12,-8,14,ROLL_RIGHT
1991,218.292587,0,-1.102,4.998,-5.652,13.630,175.395,39.175,-128.356,-12.086,-50.022,-31.875,5.125,22.375,7.689,-3.255,30.245,0.337,0.098,-0.077,0.933,1,-44.241,29.122,-28.905,0.000,2,32.119698,-110.762741,92.360001,3.340,2979.986816,21,40,24,76,5,3,U_TURN_HDG,AP_PROT_ROLL_MAX,11.816,-30.000,0.000,4,16,20,14,ROLL_LEFT
1992,218.403503,0,-3.717,3.524,3.037,14.410,168.760,41.415,-172.335,4.252,-35.698,-31.875,5.125,22.375,8.100,-7.792,29.246,0.361,0.082,-0.135,0.919,1,-45.130,29.088,-29.194,0.000,2,32.119698,-110.762733,94.250000,3.512,2980.315186,21,40,24,88,4,3,U_TURN_HDG,AP_PROT_ROLL_MAX,11.816,-30.000,0.000,4,16,20,14,ROLL_LEFT
1993,218.474518,0,-6.087,5.549,2.115,16.448,154.971,43.447,-224.819,-11.191,-59.422,-31.875,5.125,22.375,10.330,-18.711,22.863,0.386,0.050,-0.251,0.886,1,-40.305,29.102,-27.590,0.000,2,32.119694,-110.762733,95.540001,3.605,2980.643066,21,40,24,92,4,3,U_TURN_HDG,AP_PROT_ROLL_MAX,11.816,-30.000,0.000,4,16,20,14,ROLL_LEFT
1994,218.527283,0,9.279,-2.743,2.397,19.847,128.875,46.924,-124.327,33.236,18.129,-31.875,5.125,22.375,11.073,-22.453,18.737,0.422,-0.027,-0.452,0.786,1,-40.123,29.143,-27.527,0.000,2,32.119694,-110.762733,98.410004,3.755,2980.643066,21,40,25,0,4,3,U_TURN_HDG,AP_PROT_ROLL_MAX,11.816,-30.000,0.000,4,16,20,14,ROLL_LEFT
1995,218.609650,0,5.959,-10.573,-0.897,16.143,124.465,46.619,-67.703,21.710,58.079,-31.875,5.125,22.375,8.433,-25.170,16.532,0.407,-0.068,-0.473,0.779,1,-43.492,29.191,-28.660,0.000,2,32.119694,-110.762733,102.669998,4.177,2981.299316,21,40,25,8,4,3,U_TURN_HDG,AP_PROT_ROLL_MAX,11.816,-30.000,0.000,4,16,20,14,ROLL_LEFT
1996,218.727585,0,4.357,-2.371,6.639,14.499,120.001,50.302,-99.932,48.120,-22.045,-31.875,5.125,22.375,7.818,-26.426,14.764,0.422,-0.112,-0.495,0.751,1,-43.201,29.143,-28.564,0.000,2,32.119694,-110.762718,108.029999,4.798,2981.627441,21,40,25,20,4,3,U_TURN_HDG,AP_PROT_ROLL_MAX,11.816,-30.000,0.000,4,16,20,14,ROLL_LEFT
1997,218.786545,0,0.833,-7.548,-2.268,13.776,116.599,52.664,-92.770,24.395,-0.783,-31.875,5.125,22.375,6.946,-28.912,9.740,0.431,-0.140,-0.513,0.729,1,-44.318,29.124,-28.931,0.000,2,32.119694,-110.762718,108.879997,4.981,2981.627441,21,40,25,24,4,3,U_TURN_HDG,AP_PROT_ROLL_MAX,11.816,-30.000,0.000,4,16,20,14,ROLL_LEFT
1998,218.833511,0,-3.230,2.845,-0.577,13.557,105.881,57.377,-116.718,72.851,-49.015,-31.875,5.125,22.375,7.305,-29.246,8.330,0.443,-0.205,-0.570,0.661,1,-44.804,29.102,-29.089,0.000,2,32.119694,-110.762718,109.580002,5.160,2981.627441,21,40,25,28,4,3,U_TURN_HDG,AP_PROT_ROLL_MAX,11.816,-30.000,0.000,4,16,20,14,ROLL_LEFT
1999,218.908508,0,-0.384,-1.871,6.921,14.650,101.537,59.712,-149.282,5.371,-31.222,-31.875,5.125,22.375,8.023,-29.784,5.383,0.452,-0.227,-0.593,0.626,1,-36.279,29.103,-26.175,0.000,2,32.119694,-110.762711,110.739998,5.506,2981.627441,21,40,25,36,4,3,U_TURN_HDG,AP_PROT_ROLL_MAX,11.816,-30.000,0.000,4,16,20,14,ROLL_LEFT
2000,218.964508,0,-0.308,0.538,1.499,17.228,88.775,59.751,-245.857,-5.260,-39.167,-31.875,5.125,22.375,9.586,-29.656,-3.076,0.437,-0.261,-0.665,0.546,1,-40.710,29.084,-27.728,0.000,2,32.119690,-110.762711,111.209999,5.717,2981.627441,21,40,25,40,4,3,U_TURN_HDG,AP_PROT_ROLL_MAX,11.816,-30.000,0.000,4,16,20,14,ROLL_LEFT
2001,219.027435,0,1.871,1.461,1.743,19.000,71.766,59.466,-223.252,6.938,-12.310,-31.875,5.125,22.375,10.099,-28.246,-9.150,0.403,-0.312,-0.742,0.436,1,-39.512,29.108,-27.317,0.000,2,32.119690,-110.762703,112.019997,6.196,2981.627441,21,40,25,48,4,3,U_TURN_HDG,AP_PROT_ROLL_MAX,11.816,-30.000,0.000,4,16,20,14,ROLL_LEFT
2002,219.084518,0,0.538,4.037,-2.345,19.096,63.448,60.035,-93.218,25.850,19.584,-31.875,5.125,22.375,10.048,-26.247,-13.867,0.382,-0.344,-0.770,0.378,1,-40.060,29.115,-27.506,0.000,2,32.119686,-110.762695,112.370003,6.434,2981.299316,21,40,25,52,4,3,U_TURN_HDG,AP_PROT_ROLL_MAX,11.816,-30.000,0.000,4,16,20,14,ROLL_LEFT
2003,219.146500,0,-0.077,0.372,-0.141,18.136,60.588,63.368,-20.926,35.362,46.889,-31.875,5.125,22.375,9.612,-26.067,-14.507,0.377,-0.380,-0.767,0.352,1,-40.121,29.147,-27.527,0.000,2,32.119686,-110.762688,112.730003,6.982,2981.299316,21,40,25,60,4,3,U_TURN_HDG,AP_PROT_ROLL_MAX,11.816,-30.000,0.000,4,16,20,14,ROLL_LEFT
2004,219.211945,0,0.000,-2.960,-1.884,16.187,61.551,65.857,9.736,18.353,54.610,-31.875,5.125,22.375,8.151,-26.811,-14.046,0.377,-0.402,-0.753,0.359,1,-38.726,29.103,-27.044,0.000,2,32.119686,-110.762688,113.379997,7.620,2981.299316,21,40,25,68,5,3,U_TURN_HDG,AP_PROT_ROLL_MAX,11.816,-30.000,0.000,4,16,20,14,ROLL_LEFT
2005,219.263519,0,-2.179,-6.331,5.242,14.104,62.157,68.940,-18.129,30.998,37.824,-31.875,5.125,22.375,7.382,-26.990,-14.200,0.377,-0.429,-0.737,0.363,1,-37.568,29.193,-26.637,0.000,2,32.119686,-110.762680,113.730003,7.926,2981.299316,21,40,25,72,5,3,U_TURN_HDG,AP_PROT_ROLL_MAX,11.816,-30.000,0.000,4,16,20,14,ROLL_LEFT
2006,219.327591,0,-0.359,-0.359,-2.832,13.331,59.373,70.386,-98.029,9.288,28.984,-31.875,5.125,22.375,6.946,-26.170,-15.815,0.366,-0.450,-0.738,0.344,1,-37.697,29.105,-26.682,0.000,2,32.119686,-110.762672,114.370003,8.545,2980.971191,21,40,25,80,5,3,U_TURN_HDG,AP_PROT_ROLL_MAX,11.816,-30.000,0.000,4,16,20,14,ROLL_LEFT
2007,219.383728,0,0.000,-1.089,-5.972,12.441,53.962,71.785,-155.213,35.250,21.374,-31.875,5.125,22.375,6.587,-23.555,-19.711,0.343,-0.480,-0.747,0.309,1,-36.978,29.121,-26.427,0.000,2,32.119682,-110.762672,114.639999,8.854,2980.971191,21,40,25,84,5,3,U_TURN_HDG,AP_PROT_ROLL_MAX,11.816,-30.000,0.000,4,16,20,14,ROLL_LEFT
2008,219.496185,0,-2.089,1.474,-1.115,12.814,43.752,74.636,-155.549,13.429,21.598,-31.875,5.125,22.375,6.741,-21.325,-22.069,0.307,-0.526,-0.759,0.232,1,-34.375,29.119,-25.479,0.000,2,32.119682,-110.762665,114.519997,9.015,2980.971191,21,40,25,96,5,3,U_TURN_HDG,AP_PROT_ROLL_MAX,11.816,-30.000,0.000,4,16,20,14,ROLL_LEFT
2009,219.572540,0,-0.218,-0.705,-2.999,12.382,34.206,76.803,-104.968,30.550,38.831,-31.875,5.125,22.375,6.254,-13.508,-27.785,0.262,-0.565,-0.764,0.165,1,-37.057,29.122,-26.455,0.000,2,32.119682,-110.762665,114.160004,8.878,2980.971191,21,40,26,4,5,3,U_TURN_HDG,AP_PROT_ROLL_MAX,11.816,-30.000,0.000,4,16,20,14,ROLL_LEFT
2010,219.648483,0,-1.166,-0.961,-1.794,11.046,24.103,84.048,-24.955,-5.371,75.089,-31.875,5.125,22.375,5.793,-12.739,-28.272,0.209,-0.637,-0.737,0.091,1,-36.012,29.152,-26.079,0.000,2,32.119682,-110.762665,113.620003,8.878,2980.643066,21,40,26,12,5,3,U_TURN_HDG,AP_HDG_SEL_IMU,11.816,-30.000,0.000,4,16,20,14,ROLL_LEFT
2011,219.703644,0,0.423,-8.010,0.705,8.215,24.480,89.116,0.336,-4.812,68.598,-31.875,5.125,22.375,4.255,-13.046,-28.477,0.198,-0.673,-0.705,0.102,1,-37.364,29.135,-26.564,0.000,2,32.119682,-110.762657,113.330002,8.881,2980.643066,21,40,26,16,5,3,U_TURN_HDG,AP_HDG_SEL_IMU,11.816,-30.000,0.000,4,16,20,14,ROLL_LEFT
2012,219.809204,0,0.666,-3.063,-2.025,6.696,23.985,92.427,-17.905,-2.798,74.529,-31.875,5.125,22.375,3.537,-12.918,-28.682,0.189,-0.697,-0.684,0.102,1,-38.391,29.137,-26.927,0.000,2,32.119682,-110.762657,112.309998,8.902,2980.315186,21,40,26,28,5,3,U_TURN_HDG,AP_HDG_SEL_IMU,11.816,-30.000,0.000,4,16,20,14,ROLL_LEFT
2013,219.930908,0,0.269,-3.396,-4.204,6.237,23.365,96.826,-18.129,40.622,45.434,-31.875,5.125,22.375,3.435,-12.201,-29.143,0.187,-0.724,-0.657,0.094,1,-37.628,29.091,-26.658,0.000,2,32.119682,-110.762650,110.279999,9.035,2979.986816,21,40,26,40,5,3,U_TURN_HDG,AP_HDG_SEL_IMU,11.816,-30.000,0.000,4,16,20,14,ROLL_LEFT
2014,220.007614,0,-8.740,-2.371,-6.267,6.763,21.790,101.846,-46.889,22.829,56.960,-31.875,5.125,22.375,3.486,-9.843,-30.143,0.183,-0.754,-0.627,0.074,1,-35.713,29.126,-25.971,0.000,2,32.119682,-110.762650,108.269997,9.053,2979.986816,21,40,26,48,5,3,U_TURN_HDG,AP_HDG_SEL_IMU,11.816,-30.000,0.000,4,16,20,14,ROLL_LEFT
2015,220.130203,0,-1.935,-2.691,2.704,6.097,16.699,106.915,8.952,14.212,48.343,-31.875,5.125,22.375,2.871,-9.509,-30.399,0.148,-0.789,-0.594,0.044,1,-35.490,29.102,-25.889,0.000,2,32.119682,-110.762642,105.910004,9.038,2979.986816,21,40,26,60,5,3,U_TURN_HDG,AP_HDG_SEL_IMU,11.816,-30.000,0.000,4,16,20,14,ROLL_LEFT
2016,220.207413,0,-5.511,2.704,1.307,6.339,17.887,111.530,-30.215,-11.750,54.498,-31.875,5.125,22.375,3.050,-9.766,-30.399,0.159,-0.811,-0.562,0.042,1,-36.829,29.105,-26.373,0.000,2,32.119682,-110.762642,104.769997,9.047,2980.315186,21,40,26,68,5,3,U_TURN_HDG,AP_HDG_SEL_IMU,11.816,-30.000,0.000,4,16,20,14,ROLL_LEFT
2017,220.329849,0,-5.729,-2.986,0.333,5.425,15.492,117.426,-62.891,-48.008,27.305,-31.875,5.125,22.375,2.051,-8.100,-31.040,0.139,-0.843,-0.519,0.030,1,-35.888,29.098,-26.034,0.000,2,32.119682,-110.762634,102.180000,8.875,2980.315186,21,40,26,80,4,3,U_TURN_HDG,AP_HDG_SEL_IMU,11.816,-30.000,0.000,4,16,20,14,ROLL_LEFT
2018,220.401505,0,-5.600,-1.653,-1.192,1.463,10.868,119.875,0.336,7.386,40.958,-31.875,5.125,22.375,-0.205,-5.998,-31.681,0.088,-0.861,-0.500,0.036,1,-35.245,29.113,-25.800,0.000,2,32.119682,-110.762634,101.019997,8.834,2980.315186,21,40,26,84,4,3,U_TURN_HDG,AP_HDG_SEL_IMU,11.816,-30.000,0.000,4,16,20,14,ROLL_LEFT
2019,220.489746,0,-5.613,-1.589,-0.256,0.359,11.475,124.929,10.072,-23.388,35.698,-31.875,5.125,22.375,-0.487,-6.715,-31.578,0.090,-0.882,-0.460,0.043,1,-35.684,29.175,-25.960,0.000,2,32.119686,-110.762627,97.830002,8.755,2980.315186,21,40,26,96,4,3,U_TURN_HDG,AP_HDG_SEL_IMU,11.816,-30.000,0.000,4,16,20,14,ROLL_LEFT
2020,220.569519,0,-4.562,-2.538,2.755,-0.995,11.435,126.255,-22.493,-40.958,25.515,-31.875,5.125,22.375,-2.127,-5.998,-31.706,0.085,-0.888,-0.449,0.053,1,-34.922,29.131,-25.681,0.000,2,32.119686,-110.762627,96.730003,8.739,2980.315186,21,40,27,4,4,3,U_TURN_HDG,AP_HDG_SEL_IMU,11.816,-30.000,0.000,4,16,20,14,ROLL_LEFT
2021,220.634521,0,-3.191,-0.487,0.141,-6.041,9.384,128.699,-3.245,-56.960,35.810,-31.875,5.125,22.375,-4.844,-5.357,-31.552,0.051,-0.899,-0.427,0.083,1,-35.091,29.107,-25.743,0.000,2,32.119686,-110.762627,96.629997,8.756,2980.315186,21,40,27,8,4,3,U_TURN_HDG,AP_HDG_SEL_IMU,11.816,-30.000,0.000,4,16,20,14,ROLL_LEFT
2022,220.689590,0,-3.127,-2.384,1.845,-11.468,10.143,130.328,36.705,-79.565,15.891,-31.875,5.125,22.375,-7.254,-5.793,-31.040,0.038,-0.903,-0.408,0.127,1,-35.140,29.160,-25.761,0.000,2,32.119686,-110.762627,96.430000,8.822,2980.643066,21,40,27,16,4,3,U_TURN_HDG,AP_HDG_SEL_IMU,11.816,-30.000,0.000,4,16,20,14,ROLL_LEFT
2023,220.766739,0,1.704,-2.307,-1.217,-15.007,11.846,130.009,39.615,-44.762,-1.007,-31.875,5.125,22.375,-9.740,-7.023,-30.117,0.038,-0.899,-0.404,0.161,1,-34.897,29.170,-25.672,0.000,2,32.119682,-110.762627,96.480003,8.885,2980.971191,21,40,27,24,4,3,U_TURN_HDG,AP_HDG_SEL_IMU,11.816,-30.000,0.000,4,16,20,14,ROLL_LEFT
2024,220.846893,0,-0.846,-3.435,-2.499,-18.143,14.946,128.943,40.734,-48.791,13.876,-31.875,5.125,22.375,-11.765,-8.740,-28.989,0.049,-0.892,-0.403,0.196,1,-35.220,29.158,-25.791,0.000,2,32.119686,-110.762619,96.129997,8.922,2981.299316,21,40,27,32,4,3,U_TURN_HDG,AP_PROT_PITCH_MIN,11.816,0.000,18.000,4,16,-8,14,PITCH_NOSE_UP
2025,220.929672,0,-2.012,-3.371,3.050,-23.188,17.599,129.138,-17.569,-75.313,9.736,-31.875,5.125,22.375,-15.456,-8.125,-27.451,0.050,-0.887,-0.388,0.244,1,-36.147,29.193,-26.128,0.000,2,32.119682,-110.762619,96.430000,8.858,2981.299316,21,40,27,40,4,3,U_TURN_HDG,AP_PROT_PITCH_MIN,11.816,0.000,18.000,4,16,-8,14,PITCH_NOSE_UP
2026,221.084656,0,-2.204,-4.575,-1.371,-30.871,12.760,125.722,-74.753,-73.970,-20.367,-31.875,5.125,22.375,-17.455,-6.408,-26.785,0.025,0.866,0.411,-0.284,1,-35.214,29.166,-25.789,0.000,2,32.119682,-110.762627,98.269997,8.402,2981.955566,21,40,27,56,5,3,U_TURN_HDG,AP_PROT_PITCH_MIN,11.816,0.000,18.000,4,16,-8,14,PITCH_NOSE_UP
2027,221.171310,0,0.320,-2.473,-1.435,-36.542,19.645,119.399,8.952,-70.053,-37.377,-31.875,5.125,22.375,-18.455,-7.484,-25.837,0.016,0.835,0.426,-0.348,1,-35.322,29.119,-25.828,0.000,2,32.119682,-110.762627,99.419998,8.117,2982.283447,21,40,27,64,5,3,U_TURN_HDG,AP_PROT_PITCH_MIN,11.816,0.000,18.000,4,16,-8,14,PITCH_NOSE_UP
2028,221.282425,0,-0.487,0.256,0.859,-38.491,19.767,121.385,13.093,-11.862,24.172,-31.875,5.125,22.375,-20.557,-8.997,-23.812,0.018,0.839,0.406,-0.362,1,-34.996,29.134,-25.709,0.000,2,32.119678,-110.762627,100.820000,8.074,2982.283447,21,40,27,76,4,3,U_TURN_HDG,AP_PROT_PITCH_MIN,11.816,0.000,18.000,4,16,-8,14,PITCH_NOSE_UP
2029,221.368607,0,-2.422,0.500,0.884,-40.304,20.563,122.176,40.062,-11.862,20.814,-31.875,5.125,22.375,-22.505,-9.227,-21.992,0.017,0.838,0.393,-0.378,1,-35.786,29.139,-25.997,0.000,2,32.119678,-110.762619,100.860001,8.145,2982.283447,21,40,27,84,4,3,U_TURN_HDG,AP_PROT_PITCH_MIN,11.816,0.000,18.000,4,16,-8,14,PITCH_NOSE_UP
2030,221.490891,0,0.359,0.141,-0.064,-42.952,24.411,123.902,52.931,-13.317,2.462,-31.875,5.125,22.375,-23.171,-10.714,-20.710,0.005,-0.839,-0.359,0.408,1,-36.327,29.155,-26.193,0.000,2,32.119678,-110.762611,100.330002,8.515,2981.955566,21,40,27,96,4,3,U_TURN_HDG,AP_PROT_PITCH_MIN,11.816,0.000,18.000,4,16,-8,14,PITCH_NOSE_UP
2031,221.609665,0,2.409,-1.012,0.269,-44.141,27.961,123.439,36.817,-15.443,-19.024,-31.875,5.125,22.375,-24.094,-12.201,-18.788,0.024,-0.835,-0.346,0.427,1,-36.349,29.119,-26.201,0.000,2,32.119678,-110.762611,99.750000,8.750,2977.690186,21,40,28,8,3,3,U_TURN_HDG,AP_PROT_PITCH_MIN,11.816,0.000,18.000,4,16,-8,14,PITCH_NOSE_UP
2032,221.684769,0,-1.064,-1.910,-0.602,-46.230,34.369,120.241,10.407,-0.560,-12.086,-31.875,5.125,22.375,-24.145,-13.687,-17.788,0.049,-0.820,-0.337,0.461,1,-36.656,29.131,-26.311,0.000,2,32.119678,-110.762611,97.180000,8.891,2977.034180,21,40,28,16,3,3,U_TURN_HDG,AP_PROT_ROLL_MAX,11.816,-30.000,0.000,4,16,20,14,ROLL_LEFT
2033,221.887146,0,1.397,-0.987,-3.652,-46.185,37.663,118.411,19.360,-0.560,-2.238,-31.875,5.125,22.375,-24.094,-14.431,-17.327,0.065,-0.813,-0.337,0.471,1,-36.753,29.098,-26.346,0.000,2,32.119682,-110.762604,93.150002,9.388,2977.362305,21,40,28,36,4,3,U_TURN_HDG,AP_PROT_ROLL_MAX,11.816,-30.000,0.000,4,16,20,14,ROLL_LEFT
2034,221.941467,0,0.769,-0.038,-2.063,-45.958,43.827,115.979,74.082,10.743,-0.224,-31.875,5.125,22.375,-23.966,-16.020,-16.174,0.099,-0.802,-0.329,0.489,1,-36.580,29.127,-26.284,0.000,2,32.119682,-110.762589,93.040001,9.433,2977.362305,21,40,28,40,4,3,U_TURN_HDG,AP_PROT_ROLL_MAX,11.816,-30.000,0.000,4,16,20,14,ROLL_LEFT
2035,222.012451,0,0.384,-0.256,-1.538,-45.753,43.685,116.414,4.476,1.567,5.931,-31.875,5.125,22.375,-23.940,-15.994,-16.225,0.101,-0.803,-0.328,0.487,1,-37.227,29.098,-26.515,0.000,2,32.119682,-110.762589,92.970001,9.516,2977.362305,21,40,28,48,4,3,U_TURN_HDG,AP_PROT_ROLL_MAX,11.816,-30.000,0.000,4,16,20,14,ROLL_LEFT
2036,222.084732,0,1.384,-1.410,-0.090,-44.938,43.357,116.836,-2.798,25.962,0.560,-31.875,5.125,22.375,-23.376,-16.174,-16.891,0.105,-0.805,-0.329,0.481,1,-36.375,29.074,-26.210,0.000,2,32.119682,-110.762589,92.129997,9.276,2977.362305,21,40,28,56,4,3,U_TURN_HDG,AP_PROT_ROLL_MAX,11.816,-30.000,0.000,4,16,20,14,ROLL_LEFT
2037,222.163330,0,0.384,-1.269,-2.243,-44.135,40.948,119.099,-16.898,16.786,12.757,-31.875,5.125,22.375,-23.145,-15.610,-17.788,0.101,-0.815,-0.327,0.468,1,-36.352,29.114,-26.202,0.000,2,32.119682,-110.762589,90.769997,9.057,2977.690186,21,40,28,64,4,3,U_TURN_HDG,AP_PROT_ROLL_MAX,11.816,-30.000,0.000,4,16,20,14,ROLL_LEFT
2038,222.289169,0,0.833,-0.487,-1.986,-42.521,37.336,120.731,-30.215,22.381,-5.707,-31.875,5.125,22.375,-22.607,-15.046,-18.967,0.089,-0.825,-0.336,0.446,1,-36.656,29.133,-26.311,0.000,2,32.119682,-110.762589,90.449997,8.966,2977.690186,21,40,28,76,4,3,U_TURN_HDG,AP_PROT_ROLL_MAX,11.816,-30.000,0.000,4,16,20,14,ROLL_LEFT
2039,222.363647,0,-0.115,-0.436,1.423,-39.286,33.660,125.227,-4.029,41.405,16.003,-31.875,5.125,22.375,-22.505,-14.969,-19.172,0.094,-0.845,-0.328,0.411,1,-36.510,29.114,-26.259,0.000,2,32.119682,-110.762581,90.980003,9.015,2977.690186,21,40,28,84,4,3,U_TURN_HDG,AP_PROT_ROLL_MAX,11.816,-30.000,0.000,4,16,20,14,ROLL_LEFT
2040,222.494431,0,-0.679,0.436,-2.909,-38.321,32.524,126.841,13.541,23.612,4.700,-31.875,5.125,22.375,-20.146,-14.251,-22.197,0.096,-0.852,-0.324,0.400,1,-37.554,29.080,-26.632,0.000,2,32.119682,-110.762581,91.059998,9.047,2977.690186,21,40,28,96,4,3,U_TURN_HDG,AP_PROT_ROLL_MAX,11.816,-30.000,0.000,4,16,20,14,ROLL_LEFT
2041,222.573532,0,-0.231,-0.128,2.371,-34.909,32.114,129.529,13.317,26.298,3.245,-31.875,5.125,22.375,-18.916,-14.687,-23.017,0.116,-0.865,-0.316,0.373,1,-37.603,29.135,-26.649,0.000,2,32.119682,-110.762573,90.160004,8.961,2977.690186,21,40,29,4,4,3,U_TURN_HDG,AP_PROT_ROLL_MAX,11.816,-30.000,0.000,4,16,20,14,ROLL_LEFT
2042,223.285919,0,-1.410,0.782,-0.615,-33.236,32.613,128.988,5.148,-1.007,-12.310,-31.875,5.125,22.375,-18.096,-15.302,-23.273,0.125,-0.865,-0.324,0.364,1,-37.110,29.168,-26.474,0.000,2,32.119682,-110.762566,91.669998,8.697,2978.018555,21,40,29,76,4,3,U_TURN_HDG,AP_PROT_ROLL_MAX,11.816,-30.000,0.000,4,16,20,14,ROLL_LEFT
2043,223.349426,0,0.320,-1.794,2.230,-26.843,31.330,129.323,-4.476,-6.602,-12.422,-31.875,5.125,22.375,-15.020,-15.584,-25.324,0.142,-0.873,-0.344,0.314,1,-37.174,29.059,-26.496,0.000,2,32.119682,-110.762558,92.550003,8.685,2978.018555,21,40,29,80,4,3,U_TURN_HDG,AP_PROT_ROLL_MAX,11.816,-30.000,0.000,4,16,20,14,ROLL_LEFT
2044,223.492493,0,0.000,-0.487,-0.333,-27.399,31.218,131.274,12.645,0.224,13.429,-31.875,5.125,22.375,-15.276,-15.481,-25.221,0.144,-0.879,-0.328,0.316,1,-36.888,29.141,-26.394,0.000,2,32.119678,-110.762558,96.070000,8.918,2978.346436,21,40,29,96,4,3,U_TURN_HDG,AP_PROT_ROLL_MAX,11.816,-30.000,0.000,4,16,20,14,ROLL_LEFT
2045,223.601761,0,-0.730,-1.141,-0.282,-27.964,31.548,131.721,-4.141,-3.469,-18.688,-31.875,5.125,22.375,-15.405,-15.456,-25.145,0.146,-0.879,-0.322,0.320,1,-37.467,29.092,-26.601,0.000,2,32.119678,-110.762550,96.019997,9.050,2978.346436,21,40,30,8,4,3,U_TURN_HDG,AP_PROT_ROLL_MAX,11.816,-30.000,0.000,4,16,20,14,ROLL_LEFT
2046,223.657501,0,-3.050,0.628,1.371,-26.864,31.985,129.599,3.133,1.679,-10.072,-31.875,5.125,22.375,-14.584,-16.250,-25.170,0.147,-0.873,-0.340,0.316,1,-36.113,29.115,-26.116,0.000,2,32.119678,-110.762543,96.029999,9.067,2978.346436,21,40,30,12,4,3,U_TURN_HDG,AP_PROT_ROLL_MAX,11.816,-30.000,0.000,4,16,20,14,ROLL_LEFT
2047,223.728409,0,0.384,-0.910,0.000,-25.662,32.046,128.855,-13.988,6.826,-5.707,-31.875,5.125,22.375,-14.354,-16.071,-25.427,0.151,-0.872,-0.349,0.309,1,-37.304,29.105,-26.543,0.000,2,32.119678,-110.762543,96.040001,9.153,2978.346436,21,40,30,20,4,3,U_TURN_HDG,AP_PROT_ROLL_MAX,11.816,-30.000,0.000,4,16,20,14,ROLL_LEFT
2048,223.801804,0,2.704,-2.794,0.551,-25.896,32.239,128.390,3.805,-7.610,-5.148,-31.875,5.125,22.375,-14.482,-16.097,-25.324,0.150,-0.870,-0.352,0.312,1,-36.354,29.110,-26.203,0.000,2,32.119678,-110.762535,96.110001,9.302,2978.674805,21,40,30,28,4,3,U_TURN_HDG,AP_PROT_ROLL_MAX,11.816,-30.000,0.000,4,16,20,14,ROLL_LEFT
2049,223.871368,0,0.987,-0.154,0.449,-25.821,32.726,127.777,2.238,-4.252,-10.295,-31.875,5.125,22.375,-14.302,-16.379,-25.247,0.152,-0.867,-0.355,0.313,1,-37.618,29.105,-26.654,0.000,2,32.119678,-110.762535,96.110001,9.347,2978.674805,21,40,30,32,4,3,U_TURN_HDG,AP_PROT_ROLL_MAX,11.816,-30.000,0.000,4,16,20,14,ROLL_LEFT
2050,223.924591,0,-0.141,-0.795,0.615,-25.435,33.165,127.704,13.653,-3.021,3.805,-31.875,5.125,22.375,-14.251,-16.558,-25.170,0.157,-0.867,-0.356,0.312,1,-36.061,29.072,-26.097,0.000,2,32.119678,-110.762527,95.940002,9.474,2978.674805,21,40,30,40,4,3,U_TURN_HDG,AP_PROT_ROLL_MAX,11.816,-30.000,0.000,4,16,20,14,ROLL_LEFT
2051,224.005035,0,-1.205,0.756,-1.692,-25.676,33.272,127.990,-9.176,-3.917,-1.119,-31.875,5.125,22.375,-14.431,-16.532,-25.093,0.158,-0.867,-0.352,0.314,1,-38.149,29.143,-26.842,0.000,2,32.119678,-110.762527,95.660004,9.528,2978.674805,21,40,30,48,4,3,U_TURN_HDG,AP_PROT_ROLL_MAX,11.816,-30.000,0.000,4,16,20,14,ROLL_LEFT
2052,224.088089,0,-1.820,-1.000,-1.012,-26.286,32.737,127.993,2.014,-0.895,4.476,-31.875,5.125,22.375,-14.841,-16.250,-25.042,0.151,-0.868,-0.352,0.316,1,-36.612,29.075,-26.296,0.000,2,32.119678,-110.762520,95.570000,9.504,2978.674805,21,40,30,56,4,3,U_TURN_HDG,AP_PROT_ROLL_MAX,11.816,-30.000,0.000,4,16,20,14,ROLL_LEFT
2053,224.165054,0,-0.743,-1.307,-1.141,-26.699,32.565,128.279,12.198,7.386,4.364,-31.875,5.125,22.375,-14.918,-16.174,-25.042,0.149,-0.869,-0.349,0.318,1,-36.960,29.153,-26.420,0.000,2,32.119678,-110.762520,96.629997,9.217,2979.002686,21,40,30,64,4,3,U_TURN_HDG,AP_PROT_ROLL_MAX,11.816,-30.000,0.000,4,16,20,14,ROLL_LEFT
2054,224.281998,0,0.243,-0.397,-0.141,-26.507,33.456,128.422,8.505,9.960,6.602,-31.875,5.125,22.375,-14.764,-16.712,-24.811,0.157,-0.868,-0.346,0.320,1,-37.983,29.158,-26.783,0.000,2,32.119678,-110.762520,98.180000,8.971,2979.002686,21,40,30,76,4,3,U_TURN_HDG,AP_PROT_ROLL_MAX,11.816,-30.000,0.000,4,16,20,14,ROLL_LEFT
2055,224.366638,0,-1.999,1.910,2.576,-26.654,33.318,128.922,-7.162,-8.281,6.155,-31.875,5.125,22.375,-14.866,-16.532,-24.863,0.156,-0.870,-0.342,0.320,1,-37.763,29.129,-26.706,0.000,2,32.119678,-110.762527,98.949997,8.704,2979.002686,21,40,30,84,4,3,U_TURN_HDG,AP_PROT_ROLL_MAX,11.816,-30.000,0.000,4,16,20,14,ROLL_LEFT
2056,224.444366,0,-0.718,-1.653,-1.115,-26.471,33.199,128.741,0.448,3.581,-1.902,-31.875,5.125,22.375,-14.815,-16.455,-24.940,0.156,-0.869,-0.345,0.318,1,-37.835,29.140,-26.731,0.000,2,32.119675,-110.762527,100.860001,8.466,2979.002686,21,40,30,92,4,3,U_TURN_HDG,AP_PROT_ROLL_MAX,11.816,-30.000,0.000,4,16,20,14,ROLL_LEFT
2057,224.506516,0,40.882,18.416,-29.797,-26.634,33.298,128.993,-19.919,4.812,195.499,-31.875,5.125,22.375,-16.327,-15.251,-24.760,0.157,-0.870,-0.342,0.319,1,-37.690,29.119,-26.680,0.000,2,32.119675,-110.762527,101.120003,8.311,2979.002686,21,40,30,96,4,3,U_TURN_HDG,AP_PROT_ROLL_MAX,11.816,-30.000,0.000,4,16,20,14,ROLL_LEFT
2058,224.606384,0,13.367,-1.858,6.241,-31.427,27.604,136.056,-45.658,-39.838,62.108,-31.875,5.125,22.375,-17.301,-13.328,-25.221,0.115,-0.891,-0.290,0.330,1,-34.902,29.160,-25.674,0.000,2,32.119675,-110.762527,101.230003,8.009,2979.002686,21,40,31,8,5,3,U_TURN_HDG,AP_PROT_PITCH_MIN,11.816,0.000,18.000,4,16,-8,14,PITCH_NOSE_UP
2059,224.661148,0,2.512,-4.460,0.846,-29.769,35.769,134.735,42.412,17.681,44.874,-31.875,5.125,22.375,-17.224,-14.328,-24.734,0.180,-0.879,-0.281,0.340,1,-37.835,29.141,-26.731,0.000,2,32.119675,-110.762527,100.980003,7.926,2979.002686,21,40,31,12,5,3,U_TURN_HDG,AP_PROT_ROLL_MAX,11.816,-30.000,0.000,4,16,20,14,ROLL_LEFT
2060,224.732559,0,-3.883,0.846,5.383,-31.001,36.021,134.011,-10.072,-39.615,17.905,-31.875,5.125,22.375,-17.173,-16.942,-23.145,0.175,-0.876,-0.282,0.350,1,-38.717,29.116,-27.041,0.000,2,32.119675,-110.762527,100.129997,7.593,2979.002686,21,40,31,20,5,3,U_TURN_HDG,AP_PROT_ROLL_MAX,11.816,-30.000,0.000,4,16,20,14,ROLL_LEFT
2061,224.812042,0,0.525,-0.641,-3.242,-32.858,35.153,136.601,41.181,-15.779,2.126,-31.875,5.125,22.375,-18.737,-16.481,-22.299,0.169,-0.881,-0.259,0.358,1,-35.662,29.079,-25.952,0.000,2,32.119675,-110.762527,98.800003,7.220,2979.002686,21,40,31,28,5,3,U_TURN_HDG,AP_PROT_ROLL_MAX,11.816,-30.000,0.000,4,16,20,14,ROLL_LEFT
2062,224.887527,0,0.500,-0.628,0.577,-35.153,40.883,134.073,26.186,-28.088,-27.641,-31.875,5.125,22.375,-19.326,-18.403,-20.275,0.196,-0.864,-0.251,0.390,1,-36.492,29.146,-26.252,0.000,2,32.119675,-110.762527,97.769997,7.048,2979.002686,21,40,31,32,5,3,U_TURN_HDG,AP_PROT_ROLL_MAX,11.816,-30.000,0.000,4,16,20,14,ROLL_LEFT
2063,224.949387,0,2.499,-1.346,1.564,-34.323,43.220,132.501,13.764,-56.177,-24.284,-31.875,5.125,22.375,-19.531,-19.531,-19.070,0.212,-0.857,-0.258,0.393,1,-38.407,29.108,-26.932,0.000,2,32.119678,-110.762527,95.500000,6.731,2979.002686,21,40,31,40,5,3,U_TURN_HDG,AP_PROT_ROLL_MAX,11.816,-30.000,0.000,4,16,20,14,ROLL_LEFT
2064,225.010208,0,1.192,-1.589,1.564,-36.346,46.626,126.648,-13.205,-53.491,-24.955,-31.875,5.125,22.375,-19.916,-19.736,-18.455,0.207,-0.835,-0.281,0.425,1,-37.147,29.102,-26.487,0.000,2,32.119678,-110.762527,93.430000,6.490,2979.002686,21,40,31,48,5,3,U_TURN_HDG,AP_PROT_ROLL_MAX,11.816,-30.000,0.000,4,16,20,14,ROLL_LEFT
2065,225.109756,0,0.449,2.819,1.602,-37.367,47.878,124.104,-1.679,-65.689,-8.617,-31.875,5.125,22.375,-20.685,-19.993,-17.327,0.202,-0.826,-0.291,0.439,1,-37.864,29.093,-26.741,0.000,2,32.119678,-110.762527,92.699997,6.393,2979.002686,21,40,31,52,5,3,U_TURN_HDG,AP_PROT_ROLL_MAX,11.816,-30.000,0.000,4,16,20,14,ROLL_LEFT
2066,225.170517,0,4.524,-1.371,-0.333,-40.213,52.925,116.505,25.850,-48.791,0.448,-31.875,5.125,22.375,-21.812,-20.633,-15.046,0.194,-0.795,-0.312,0.482,1,-37.544,29.098,-26.628,0.000,2,32.119678,-110.762527,93.180000,6.285,2979.002686,21,40,31,60,5,3,U_TURN_HDG,AP_PROT_ROLL_MAX,11.816,-30.000,0.000,4,16,20,14,ROLL_LEFT
2067,225.232895,0,1.000,3.858,-1.064,-42.301,56.240,113.347,13.764,-68.822,10.855,-31.875,5.125,22.375,-22.992,-20.710,-12.995,0.192,-0.781,-0.310,0.507,1,-38.025,29.087,-26.798,0.000,2,32.119675,-110.762527,94.519997,6.186,2979.002686,21,40,31,68,5,3,U_TURN_HDG,AP_PROT_ROLL_MAX,11.816,-30.000,0.000,4,16,20,14,ROLL_LEFT
2068,225.328110,0,0.500,1.205,-2.127,-45.317,59.535,109.331,1.455,-50.246,19.807,-31.875,5.125,22.375,-24.068,-20.326,-11.611,0.180,-0.764,-0.307,0.538,1,-38.547,29.142,-26.981,0.000,2,32.119675,-110.762527,96.839996,6.052,2979.002686,21,40,31,80,5,3,U_TURN_HDG,AP_PROT_ROLL_MAX,11.816,-30.000,0.000,4,16,20,14,ROLL_LEFT
2069,225.409698,0,5.101,-2.653,-3.140,-48.272,61.363,108.143,37.824,-61.548,96.575,-31.875,5.125,22.375,-26.913,-17.968,-8.715,0.171,-0.758,-0.292,0.558,1,-39.036,29.112,-27.152,0.000,2,32.119675,-110.762527,98.529999,6.061,2979.002686,21,40,31,88,5,3,U_TURN_HDG,AP_PROT_ROLL_MAX,11.816,-30.000,0.000,4,16,20,14,ROLL_LEFT
2070,225.490448,0,0.974,-1.743,-0.090,-57.300,66.528,105.559,-4.029,-86.839,33.796,-31.875,5.125,22.375,-29.246,-15.584,-4.896,0.141,-0.743,-0.234,0.610,1,-41.398,29.121,-27.961,0.000,2,32.119675,-110.762520,101.089996,6.181,2979.330811,21,40,31,96,5,3,U_TURN_HDG,AP_PROT_ROLL_MAX,11.816,-30.000,0.000,4,16,20,14,ROLL_LEFT
2071,225.555664,0,-1.128,1.910,-4.229,-63.491,85.637,82.897,-20.143,-129.363,10.743,-31.875,5.125,22.375,-30.015,-14.789,-0.590,0.093,-0.681,-0.231,0.689,1,-41.160,29.125,-27.881,0.000,2,32.119675,-110.762520,102.029999,6.201,2979.330811,21,40,32,0,5,3,U_TURN_HDG,AP_PROT_ROLL_MAX,11.816,-30.000,0.000,4,16,20,14,ROLL_LEFT
2072,225.611542,0,-1.166,-4.178,-5.024,-65.782,94.057,72.524,-4.141,-44.762,31.893,-31.875,5.125,22.375,-30.502,-13.739,1.077,0.065,-0.659,-0.227,0.714,1,-39.903,29.111,-27.452,0.000,2,32.119675,-110.762520,103.269997,6.245,2979.330811,21,40,32,8,5,3,U_TURN_HDG,AP_PROT_ROLL_MAX,11.816,-30.000,0.000,4,16,20,14,ROLL_LEFT
2073,225.691391,0,1.653,2.127,-0.269,-66.626,97.870,68.192,-5.260,-33.124,1.679,-31.875,5.125,22.375,-30.655,-13.200,2.230,0.054,-0.651,-0.222,0.724,1,-40.993,29.141,-27.824,0.000,2,32.119671,-110.762512,104.150002,6.296,2979.330811,21,40,32,16,5,3,U_TURN_HDG,AP_PROT_ROLL_MAX,11.816,-30.000,0.000,4,16,20,14,ROLL_LEFT
2074,225.762695,0,1.397,-0.692,-4.614,-65.831,106.081,58.880,4.700,-57.855,8.952,-31.875,5.125,22.375,-30.399,-13.098,4.819,0.045,-0.626,-0.226,0.745,1,-39.353,29.108,-27.262,0.000,2,32.119671,-110.762512,104.570000,6.447,2979.330811,21,40,32,24,5,3,U_TURN_HDG,AP_PROT_ROLL_MAX,11.816,-30.000,0.000,4,16,20,14,ROLL_LEFT
2075,225.850433,0,0.525,-1.743,2.525,-65.668,114.467,49.151,-30.103,-41.965,28.872,-31.875,5.125,22.375,-30.476,-12.354,6.049,0.027,-0.604,-0.224,0.765,1,-41.892,29.091,-28.128,0.000,2,32.119671,-110.762505,103.620003,6.750,2979.330811,21,40,32,32,5,3,U_TURN_HDG,AP_PROT_ROLL_MAX,11.816,-30.000,0.000,4,16,20,14,ROLL_LEFT
2076,225.930405,0,-4.191,-0.167,-2.166,-65.344,124.399,36.545,0.671,-87.063,14.772,-31.875,5.125,22.375,-30.066,-11.304,9.202,0.006,0.577,0.223,-0.786,1,-40.681,29.135,-27.718,0.000,2,32.119671,-110.762497,103.139999,7.131,2979.330811,21,40,32,40,5,3,U_TURN_HDG,AP_PROT_ROLL_MAX,11.816,-30.000,0.000,4,16,20,14,ROLL_LEFT
2077,226.005310,0,-0.461,1.384,-1.666,-61.770,134.879,24.903,-7.722,-60.429,-5.483,-31.875,5.125,22.375,-29.041,-11.406,11.996,0.021,0.534,0.219,-0.816,1,-41.156,29.139,-27.879,0.000,2,32.119671,-110.762497,102.639999,7.445,2979.658936,21,40,32,48,5,3,U_TURN_HDG,AP_PROT_ROLL_MAX,11.816,-30.000,0.000,4,16,20,14,ROLL_LEFT
2078,226.090439,0,-0.192,1.217,-2.127,-57.655,139.576,19.332,-0.783,-50.805,-11.638,-31.875,5.125,22.375,-27.964,-11.739,14.072,0.026,0.497,0.222,-0.838,1,-43.953,29.078,-28.811,0.000,2,32.119671,-110.762489,100.709999,7.602,2979.658936,21,40,32,56,5,3,U_TURN_HDG,AP_PROT_ROLL_MAX,11.816,-30.000,0.000,4,16,20,14,ROLL_LEFT
2079,226.171326,0,-1.692,-0.397,-3.191,-53.673,141.813,16.149,-6.602,-38.160,-13.205,-31.875,5.125,22.375,-26.529,-12.559,15.968,0.028,0.463,0.229,-0.856,1,-43.369,29.130,-28.619,0.000,2,32.119675,-110.762489,98.080002,7.955,2979.658936,21,40,32,64,5,3,U_TURN_HDG,AP_PROT_ROLL_MAX,11.816,-30.000,0.000,4,16,20,14,ROLL_LEFT
2080,226.249634,0,-2.512,-1.243,-1.179,-51.171,141.958,14.982,-2.686,-38.496,-4.476,-31.875,5.125,22.375,-25.580,-13.226,16.968,0.028,0.443,0.238,-0.864,1,-41.643,29.110,-28.044,0.000,2,32.119675,-110.762482,95.589996,8.258,2979.986816,21,40,32,72,5,3,U_TURN_HDG,AP_PROT_ROLL_MAX,11.816,-30.000,0.000,4,16,20,14,ROLL_LEFT
2081,226.297668,0,0.218,-1.948,-0.871,-49.067,143.464,12.716,13.317,-21.038,16.114,-31.875,5.125,22.375,-25.170,-12.765,17.916,0.034,0.423,0.240,-0.873,1,-42.649,29.149,-28.380,0.000,2,32.119675,-110.762482,94.449997,8.402,2979.986816,21,40,32,76,5,3,U_TURN_HDG,AP_PROT_ROLL_MAX,11.816,-30.000,0.000,4,16,20,14,ROLL_LEFT
2082,226.371338,0,1.038,-0.730,-2.332,-48.460,146.268,10.058,19.919,-14.995,17.122,-31.875,5.125,22.375,-25.119,-12.354,18.250,0.042,0.414,0.229,-0.880,1,-42.521,29.092,-28.338,0.000,2,32.119675,-110.762482,93.250000,8.238,2979.986816,21,40,32,84,4,3,U_TURN_HDG,AP_PROT_ROLL_MAX,11.816,-30.000,0.000,4,16,20,14,ROLL_LEFT
2083,226.448898,0,-0.064,-1.576,-2.038,-48.485,147.878,8.715,-6.267,-9.736,30.103,-31.875,5.125,22.375,-25.273,-11.380,18.711,0.047,0.413,0.222,-0.882,1,-42.028,29.127,-28.173,0.000,2,32.119675,-110.762482,92.199997,8.081,2979.986816,21,40,32,92,4,3,U_TURN_HDG,AP_PROT_ROLL_MAX,11.816,-30.000,0.000,4,16,20,14,ROLL_LEFT
2084,226.563492,0,-0.333,-1.833,-0.859,-49.115,149.729,5.434,-11.079,-15.555,-8.393,-31.875,5.125,22.375,-25.247,-11.252,18.788,0.067,0.412,0.218,-0.882,1,-42.985,29.113,-28.492,0.000,2,32.119675,-110.762482,90.250000,7.634,2979.986816,21,40,33,4,4,3,U_TURN_HDG,AP_PROT_ROLL_MAX,11.816,-30.000,0.000,4,16,20,14,ROLL_LEFT
2085,226.688065,0,-3.742,-0.115,-3.934,-47.831,148.582,5.496,-9.960,-11.414,-11.862,-31.875,5.125,22.375,-24.453,-12.406,19.044,0.067,0.402,0.229,-0.884,1,-42.274,29.113,-28.256,0.000,2,32.119675,-110.762482,88.300003,7.261,2979.986816,21,40,33,16,4,3,U_TURN_HDG,AP_PROT_ROLL_MAX,11.816,-30.000,0.000,4,16,20,14,ROLL_LEFT
2086,226.769653,0,-1.358,-0.487,-1.410,-46.405,146.595,5.777,-10.407,5.260,-1.567,-31.875,5.125,22.375,-24.222,-13.098,18.839,0.069,0.390,0.245,-0.885,1,-42.206,29.089,-28.233,0.000,2,32.119675,-110.762482,88.489998,7.134,2979.986816,21,40,33,24,4,3,U_TURN_HDG,AP_PROT_ROLL_MAX,11.816,-30.000,0.000,4,16,20,14,ROLL_LEFT
2087,226.844528,0,-1.077,-0.987,-1.153,-46.332,145.340,5.831,-16.674,9.400,14.660,-31.875,5.125,22.375,-24.632,-13.175,18.224,0.072,0.389,0.254,-0.882,1,-43.267,29.168,-28.585,0.000,2,32.119675,-110.762482,88.510002,6.966,2979.986816,21,40,33,32,4,3,U_TURN_HDG,AP_PROT_ROLL_MAX,11.816,-30.000,0.000,4,16,20,14,ROLL_LEFT
2088,226.928818,0,0.179,1.551,-1.974,-46.722,143.959,5.342,-9.176,-4.476,-7.162,-31.875,5.125,22.375,-24.504,-13.508,18.147,0.082,0.390,0.266,-0.878,1,-42.487,29.150,-28.327,0.000,2,32.119675,-110.762489,88.599998,6.712,2979.986816,21,40,33,40,4,3,U_TURN_HDG,AP_PROT_ROLL_MAX,11.816,-30.000,0.000,4,16,20,14,ROLL_LEFT
2089,227.048080,0,0.077,0.064,0.641,-46.907,143.598,5.303,-3.581,-1.231,12.310,-31.875,5.125,22.375,-24.811,-13.328,17.891,0.084,0.391,0.269,-0.876,1,-44.021,29.093,-28.834,0.000,2,32.119675,-110.762497,87.669998,6.228,2979.986816,21,40,33,52,4,3,U_TURN_HDG,AP_PROT_ROLL_MAX,11.816,-30.000,0.000,4,16,20,14,ROLL_LEFT
2090,227.129166,0,-2.102,2.922,-2.832,-47.337,144.753,3.545,0.783,-12.869,4.476,-31.875,5.125,22.375,-24.606,-12.995,18.378,0.094,0.391,0.265,-0.876,1,-43.297,29.116,-28.595,0.000,2,32.119675,-110.762497,87.279999,5.921,2979.986816,21,40,33,60,4,3,U_TURN_HDG,AP_PROT_ROLL_MAX,11.816,-30.000,0.000,4,16,20,14,ROLL_LEFT
2091,227.209396,0,0.833,0.115,-6.113,-47.291,146.292,1.731,6.714,-10.519,33.124,-31.875,5.125,22.375,-24.914,-11.944,18.634,0.103,0.388,0.260,-0.878,1,-41.250,29.109,-27.911,0.000,2,32.119675,-110.762505,87.190002,5.708,2979.986816,21,40,33,68,4,3,U_TURN_HDG,AP_PROT_ROLL_MAX,11.816,-30.000,0.000,4,16,20,14,ROLL_LEFT
2092,227.290909,0,-2.063,-1.256,-1.397,-48.585,149.067,358.625,-7.945,7.722,17.905,-31.875,5.125,22.375,-25.529,-11.073,18.327,0.120,0.394,0.248,-0.877,1,-41.005,29.124,-27.828,0.000,2,32.119675,-110.762505,89.040001,5.686,2979.986816,21,40,33,76,4,3,U_TURN_HDG,AP_PROT_ROLL_MAX,11.816,-30.000,0.000,4,16,20,14,ROLL_LEFT
2093,227.363495,0,-0.346,-1.730,-1.576,-50.179,149.071,357.806,-14.100,19.584,4.364,-31.875,5.125,22.375,-26.170,-11.098,17.327,0.130,0.404,0.249,-0.871,1,-41.075,29.140,-27.852,0.000,2,32.119675,-110.762505,91.470001,5.678,2979.986816,21,40,33,84,4,3,U_TURN_HDG,AP_PROT_ROLL_MAX,11.816,-30.000,0.000,4,16,20,14,ROLL_LEFT
2094,227.445465,0,-0.179,-0.884,0.474,-51.900,145.955,359.494,-18.353,20.255,-1.455,-31.875,5.125,22.375,-26.426,-11.509,16.635,0.132,0.417,0.265,-0.859,1,-42.114,29.113,-28.202,0.000,2,32.119675,-110.762497,93.309998,5.656,2979.986816,21,40,33,92,4,3,U_TURN_HDG,AP_PROT_ROLL_MAX,11.816,-30.000,0.000,4,16,20,14,ROLL_LEFT
2095,227.521622,0,0.449,-0.038,-0.013,-52.292,142.190,1.344,-37.041,5.931,-15.443,-31.875,5.125,22.375,-26.529,-12.662,15.558,0.133,0.420,0.286,-0.851,1,-42.837,29.093,-28.443,0.000,2,32.119675,-110.762497,93.720001,5.595,2979.658936,21,40,34,0,4,3,U_TURN_HDG,AP_PROT_ROLL_MAX,11.816,-30.000,0.000,4,16,20,14,ROLL_LEFT
2096,227.723145,0,2.730,1.679,-0.910,-52.153,139.675,2.364,-29.655,-7.162,1.790,-31.875,5.125,22.375,-26.426,-13.508,14.943,0.134,0.419,0.301,-0.846,1,-42.745,29.119,-28.412,0.000,2,32.119675,-110.762497,92.970001,5.426,2979.658936,21,40,34,20,4,3,U_TURN_HDG,AP_PROT_ROLL_MAX,11.816,-30.000,0.000,4,16,20,14,ROLL_LEFT
2097,227.809891,0,1.077,-0.346,-0.564,-52.358,137.624,1.290,-6.826,-10.519,4.364,-31.875,5.125,22.375,-26.913,-13.739,13.713,0.150,0.415,0.320,-0.839,1,-40.372,29.126,-27.613,0.000,2,32.119675,-110.762497,91.980003,5.337,2979.330811,21,40,34,28,4,3,U_TURN_HDG,AP_PROT_ROLL_MAX,11.816,-30.000,0.000,4,16,20,14,ROLL_LEFT
2098,227.903183,0,2.089,-0.859,1.884,-53.637,136.036,359.280,2.574,6.826,2.350,-31.875,5.125,22.375,-27.118,-13.405,13.610,0.174,0.416,0.337,-0.826,1,-40.897,29.167,-27.792,0.000,2,32.119675,-110.762497,89.099998,5.058,2979.330811,21,40,34,36,4,3,U_TURN_HDG,AP_PROT_ROLL_MAX,11.816,-30.000,0.000,4,16,20,14,ROLL_LEFT
2099,227.968307,0,1.410,0.090,-0.807,-55.291,136.359,358.558,-3.805,-0.336,3.693,-31.875,5.125,22.375,-27.375,-13.046,13.328,0.183,0.427,0.335,-0.820,1,-43.604,29.131,-28.697,0.000,2,32.119675,-110.762497,85.419998,4.810,2979.002686,21,40,34,44,4,3,U_TURN_HDG,AP_PROT_ROLL_MAX,11.816,-30.000,0.000,4,16,20,14,ROLL_LEFT
2100,228.048477,0,-0.897,-0.141,1.564,-55.423,136.023,358.974,4.141,2.798,6.491,-31.875,5.125,22.375,-27.426,-12.995,13.226,0.181,0.428,0.335,-0.819,1,-44.614,29.160,-29.027,0.000,2,32.119675,-110.762497,81.470001,4.587,2979.002686,21,40,34,52,4,3,U_TURN_HDG,AP_PROT_ROLL_MAX,11.816,-30.000,0.000,4,16,20,14,ROLL_LEFT
2101,228.143494,0,-1.423,-1.128,-1.051,-55.595,136.349,358.462,-6.714,0.783,1.343,-31.875,5.125,22.375,-27.451,-12.970,13.175,0.184,0.428,0.335,-0.819,1,-42.985,29.114,-28.492,0.000,2,32.119678,-110.762505,77.410004,4.387,2979.002686,21,40,34,60,4,3,U_TURN_HDG,AP_PROT_ROLL_MAX,11.816,-30.000,0.000,4,16,20,14,ROLL_LEFT
2102,228.208435,0,-1.051,0.000,0.256,-56.042,137.029,356.936,0.895,1.567,5.707,-31.875,5.125,22.375,-27.554,-12.585,13.277,0.194,0.428,0.335,-0.817,1,-41.564,29.111,-28.017,0.000,2,32.119678,-110.762505,75.949997,4.358,2978.674805,21,40,34,68,4,3,U_TURN_HDG,AP_PROT_ROLL_MAX,11.816,-30.000,0.000,4,16,20,14,ROLL_LEFT
2103,228.370789,0,2.807,-2.268,1.935,-56.316,137.230,356.394,-12.198,-9.176,11.638,-31.875,5.125,22.375,-27.631,-12.406,13.277,0.198,0.429,0.335,-0.815,1,-40.269,29.163,-27.577,0.000,2,32.119678,-110.762512,75.860001,4.279,2978.346436,21,40,34,84,4,3,U_TURN_HDG,AP_PROT_ROLL_MAX,11.816,-30.000,0.000,4,16,20,14,ROLL_LEFT
2104,228.444641,0,-0.743,-1.628,-0.179,-56.433,137.976,354.922,-3.693,-1.679,5.707,-31.875,5.125,22.375,-27.477,-12.483,13.431,0.206,0.427,0.335,-0.814,1,-40.997,29.137,-27.825,0.000,2,32.119675,-110.762512,77.169998,4.277,2978.346436,21,40,34,92,4,3,U_TURN_HDG,AP_PROT_ROLL_MAX,11.816,-30.000,0.000,4,16,20,14,ROLL_LEFT
2105,228.512512,0,-0.397,0.026,-1.564,-56.112,138.125,354.023,-8.617,-0.671,-4.700,-31.875,5.125,22.375,-27.477,-12.406,13.533,0.211,0.422,0.338,-0.814,1,-41.317,29.127,-27.934,0.000,2,32.119675,-110.762512,77.790001,4.326,2978.346436,21,40,34,96,4,3,U_TURN_HDG,AP_PROT_ROLL_MAX,11.816,-30.000,0.000,4,16,20,14,ROLL_LEFT
2106,228.602142,0,0.359,-0.026,0.154,-56.326,136.879,354.646,-5.260,6.043,5.371,-31.875,5.125,22.375,-27.580,-12.559,13.123,0.212,0.423,0.344,-0.811,1,-40.178,29.186,-27.546,0.000,2,32.119678,-110.762512,77.379997,4.439,2978.018555,21,40,35,8,4,3,U_TURN_HDG,AP_PROT_ROLL_MAX,11.816,-30.000,0.000,4,16,20,14,ROLL_LEFT
2107,228.688034,0,0.064,0.179,-0.692,-56.642,136.625,354.716,-3.805,6.826,-10.519,-31.875,5.125,22.375,-27.682,-12.636,12.790,0.213,0.425,0.345,-0.809,1,-39.882,29.153,-27.445,0.000,2,32.119678,-110.762512,75.430000,4.498,2978.018555,21,40,35,16,4,3,U_TURN_HDG,AP_PROT_ROLL_MAX,11.816,-30.000,0.000,4,16,20,14,ROLL_LEFT
2108,228.768433,0,0.141,-2.153,1.153,-56.578,134.389,357.059,0.224,11.750,11.974,-31.875,5.125,22.375,-27.733,-12.944,12.252,0.204,0.428,0.352,-0.807,1,-42.131,29.088,-28.208,0.000,2,32.119678,-110.762512,74.589996,4.436,2978.018555,21,40,35,24,4,3,U_TURN_HDG,AP_PROT_ROLL_MAX,11.816,-30.000,0.000,4,16,20,14,ROLL_LEFT
2109,228.846680,0,-0.961,2.858,-0.320,-57.724,133.851,357.533,-2.686,15.891,-14.324,-31.875,5.125,22.375,-27.887,-13.046,11.714,0.206,0.437,0.353,-0.801,1,-42.186,29.127,-28.226,0.000,2,32.119678,-110.762512,73.650002,4.253,2978.018555,21,40,35,32,4,3,U_TURN_HDG,AP_PROT_ROLL_MAX,11.816,-30.000,0.000,4,16,20,14,ROLL_LEFT
2110,228.924362,0,1.538,-3.140,0.077,-58.291,131.634,359.840,16.562,14.548,19.472,-31.875,5.125,22.375,-28.451,-12.380,11.098,0.201,0.444,0.358,-0.796,1,-42.087,29.156,-28.193,0.000,2,32.119678,-110.762512,73.220001,4.193,2978.018555,21,40,35,40,4,3,U_TURN_HDG,AP_PROT_ROLL_MAX,11.816,-30.000,0.000,4,16,20,14,ROLL_LEFT
2111,229.008423,0,-0.192,-0.154,2.384,-59.973,131.917,1.315,0.112,17.569,-6.491,-31.875,5.125,22.375,-28.528,-12.380,10.842,0.195,0.460,0.348,-0.793,1,-42.823,29.120,-28.438,0.000,2,32.119678,-110.762512,73.099998,4.133,2978.018555,21,40,35,48,4,3,U_TURN_HDG,AP_PROT_ROLL_MAX,11.816,-30.000,0.000,4,16,20,14,ROLL_LEFT
2112,229.091370,0,1.602,1.448,-3.934,-59.571,129.918,2.492,-6.155,-9.288,-4.924,-31.875,5.125,22.375,-28.246,-13.200,10.509,0.193,0.458,0.357,-0.791,1,-40.137,29.121,-27.532,0.000,2,32.119678,-110.762512,72.489998,4.095,2978.018555,21,40,35,56,4,3,U_TURN_HDG,AP_PROT_ROLL_MAX,11.816,-30.000,0.000,4,16,20,14,ROLL_LEFT
2113,229.171600,0,1.077,0.436,-0.615,-58.787,127.288,4.447,-1.902,-7.945,-0.112,-31.875,5.125,22.375,-28.118,-13.739,10.124,0.187,0.454,0.369,-0.789,1,-43.135,29.123,-28.542,0.000,2,32.119678,-110.762512,69.629997,4.093,2978.018555,21,40,35,64,4,3,U_TURN_HDG,AP_PROT_ROLL_MAX,11.816,-30.000,0.000,4,16,20,14,ROLL_LEFT
2114,229.283356,0,1.179,-0.654,0.179,-58.507,128.631,3.457,14.883,-6.714,10.295,-31.875,5.125,22.375,-28.015,-13.482,10.637,0.188,0.452,0.365,-0.792,1,-41.005,29.122,-27.828,0.000,2,32.119682,-110.762512,65.889999,4.312,2978.018555,21,40,35,76,4,3,U_TURN_HDG,AP_PROT_ROLL_MAX,11.816,-30.000,0.000,4,16,20,14,ROLL_LEFT
2115,229.366974,0,1.423,-1.487,-0.372,-58.125,128.282,3.571,-5.819,-3.021,-11.414,-31.875,5.125,22.375,-27.862,-13.764,10.637,0.187,0.449,0.367,-0.793,1,-40.439,29.141,-27.636,0.000,2,32.119682,-110.762505,65.849998,4.508,2978.018555,21,40,35,84,4,3,U_TURN_HDG,AP_PROT_ROLL_MAX,11.816,-30.000,0.000,4,16,20,14,ROLL_LEFT
2116,229.450287,0,-0.436,0.692,1.640,-57.864,127.676,3.315,-9.176,-1.119,4.141,-31.875,5.125,22.375,-27.862,-13.713,10.611,0.190,0.445,0.373,-0.791,1,-41.304,29.150,-27.930,0.000,2,32.119682,-110.762505,66.830002,4.846,2977.690186,21,40,35,92,4,3,U_TURN_HDG,AP_PROT_ROLL_MAX,11.816,-30.000,0.000,4,16,20,14,ROLL_LEFT
2117,229.501511,0,0.077,3.101,-2.140,-56.869,127.251,3.127,0.336,-9.736,-4.141,-31.875,5.125,22.375,-27.477,-14.379,10.714,0.190,0.437,0.379,-0.793,1,-42.040,29.105,-28.177,0.000,2,32.119682,-110.762505,67.970001,4.937,2977.690186,21,40,35,96,4,3,U_TURN_HDG,AP_PROT_ROLL_MAX,11.816,-30.000,0.000,4,16,20,14,ROLL_LEFT
2118,229.609222,0,2.166,-0.564,-3.447,-56.928,127.969,2.692,19.024,-11.079,2.910,-31.875,5.125,22.375,-27.426,-14.200,11.022,0.190,0.437,0.375,-0.795,1,-41.887,29.099,-28.126,0.000,2,32.119682,-110.762505,70.230003,5.252,2977.690186,21,40,36,8,4,3,U_TURN_HDG,AP_PROT_ROLL_MAX,11.816,-30.000,0.000,4,16,20,14,ROLL_LEFT
2119,229.685089,0,0.051,-0.167,-0.487,-56.454,128.945,2.259,8.393,-0.336,3.133,-31.875,5.125,22.375,-27.272,-14.200,11.355,0.188,0.434,0.371,-0.799,1,-41.543,29.143,-28.010,0.000,2,32.119682,-110.762505,71.449997,5.340,2977.690186,21,40,36,16,4,3,U_TURN_HDG,AP_PROT_ROLL_MAX,11.816,-30.000,0.000,4,16,20,14,ROLL_LEFT
2120,229.765808,0,0.833,-1.935,0.590,-56.667,129.689,2.148,7.162,-9.064,-2.462,-31.875,5.125,22.375,-27.272,-13.918,11.611,0.187,0.437,0.366,-0.800,1,-41.880,29.114,-28.124,0.000,2,32.119682,-110.762505,70.110001,5.347,2977.690186,21,40,36,24,4,3,U_TURN_HDG,AP_PROT_ROLL_MAX,11.816,-30.000,0.000,4,16,20,14,ROLL_LEFT
2121,229.850769,0,-0.730,-0.923,0.513,-56.055,129.695,1.863,-11.302,-2.350,-5.595,-31.875,5.125,22.375,-27.093,-14.200,11.611,0.187,0.431,0.368,-0.802,1,-41.781,29.144,-28.090,0.000,2,32.119682,-110.762512,67.730003,5.360,2977.690186,21,40,36,32,4,3,U_TURN_HDG,AP_PROT_ROLL_MAX,11.816,-30.000,0.000,4,16,20,14,ROLL_LEFT
2122,229.923935,0,0.756,-1.089,-0.090,-56.018,129.637,1.973,-6.826,2.686,-8.393,-31.875,5.125,22.375,-27.041,-14.277,11.560,0.186,0.431,0.368,-0.802,1,-40.463,29.102,-27.644,0.000,2,32.119682,-110.762505,66.489998,5.290,2977.690186,21,40,36,40,4,3,U_TURN_HDG,AP_PROT_ROLL_MAX,11.816,-30.000,0.000,4,16,20,14,ROLL_LEFT
2123,230.050278,0,-0.051,0.064,1.217,-55.445,129.417,1.981,-2.462,-7.274,-3.469,-31.875,5.125,22.375,-26.888,-14.482,11.714,0.185,0.427,0.371,-0.804,1,-40.587,29.156,-27.686,0.000,2,32.119686,-110.762512,65.650002,5.085,2978.018555,21,40,36,52,5,3,U_TURN_HDG,AP_PROT_ROLL_MAX,11.816,-30.000,0.000,4,16,20,14,ROLL_LEFT
2124,230.125076,0,0.897,1.192,3.550,-55.293,129.991,1.890,16.450,-5.931,2.910,-31.875,5.125,22.375,-26.913,-14.302,11.867,0.183,0.427,0.367,-0.806,1,-43.045,29.143,-28.512,0.000,2,32.119686,-110.762505,67.269997,5.146,2978.018555,21,40,36,60,5,3,U_TURN_HDG,AP_PROT_ROLL_MAX,11.816,-30.000,0.000,4,16,20,14,ROLL_LEFT
2125,230.206131,0,-1.089,-1.089,-0.295,-55.545,130.189,1.870,1.567,-4.924,-0.671,-31.875,5.125,22.375,-26.888,-14.251,11.970,0.183,0.429,0.366,-0.806,1,-41.614,29.157,-28.034,0.000,2,32.119682,-110.762505,71.529999,5.190,2978.018555,21,40,36,68,5,3,U_TURN_HDG,AP_PROT_ROLL_MAX,11.816,-30.000,0.000,4,16,20,14,ROLL_LEFT
2126,230.331009,0,-0.936,0.013,-0.026,-55.499,130.906,1.589,9.736,0.112,3.805,-31.875,5.125,22.375,-26.862,-14.149,12.124,0.182,0.429,0.362,-0.808,1,-39.892,29.132,-27.448,0.000,2,32.119682,-110.762505,77.959999,5.102,2978.018555,21,40,36,80,5,3,U_TURN_HDG,AP_PROT_ROLL_MAX,11.816,-30.000,0.000,4,16,20,14,ROLL_LEFT
2127,230.399475,0,1.910,-0.820,-1.089,-54.870,130.563,1.538,9.288,-2.574,7.050,-31.875,5.125,22.375,-26.682,-14.226,12.329,0.182,0.423,0.365,-0.809,1,-55.844,29.129,-32.475,0.000,2,32.119682,-110.762505,79.900002,5.057,2978.018555,21,40,36,84,5,3,U_TURN_HDG,AP_PROT_ROLL_MAX,11.816,-30.000,0.000,4,16,20,14,ROLL_LEFT
2128,230.454529,0,7.997,-5.049,-5.690,-55.688,132.491,357.900,-9.288,-25.515,35.586,-31.875,5.125,22.375,-26.888,-13.841,12.329,0.203,0.421,0.364,-0.806,1,-43.747,29.160,-28.744,0.000,2,32.119678,-110.762505,84.510002,4.981,2978.346436,21,40,36,92,5,3,U_TURN_HDG,AP_PROT_ROLL_MAX,11.816,-30.000,0.000,4,16,20,14,ROLL_LEFT
2129,230.529114,0,-12.880,5.421,-5.665,-56.190,133.908,355.572,18.464,-28.648,-13.764,-31.875,5.125,22.375,-26.785,-13.354,12.918,0.216,0.420,0.362,-0.804,1,-43.038,29.153,-28.510,0.000,2,32.119678,-110.762505,86.989998,4.814,2978.346436,21,40,37,0,5,3,U_TURN_HDG,AP_PROT_ROLL_MAX,11.816,-30.000,0.000,4,16,20,14,ROLL_LEFT
2130,230.606171,0,-1.576,-2.358,-0.705,-56.332,133.537,356.825,7.498,3.469,39.838,-31.875,5.125,22.375,-27.169,-13.046,12.380,0.209,0.424,0.360,-0.805,1,-40.041,29.149,-27.499,0.000,2,32.119678,-110.762505,87.980003,4.648,2979.002686,21,40,37,8,3,3,U_TURN_HDG,AP_PROT_ROLL_MAX,11.816,-30.000,0.000,4,16,20,14,ROLL_LEFT
2131,230.700272,0,-1.628,-1.743,1.769,-59.094,136.918,353.548,-6.043,16.114,40.846,-31.875,5.125,22.375,-28.297,-10.919,11.996,0.226,0.440,0.345,-0.798,1,-41.400,29.122,-27.962,0.000,2,32.119678,-110.762505,88.720001,4.537,2979.002686,21,40,37,16,3,3,U_TURN_HDG,AP_PROT_ROLL_MAX,11.816,-30.000,0.000,4,16,20,14,ROLL_LEFT
2132,230.761459,0,-0.795,-3.165,2.409,-63.040,138.840,351.066,14.883,13.205,13.876,-31.875,5.125,22.375,-28.989,-9.945,11.201,0.245,0.465,0.337,-0.781,1,-43.519,29.146,-28.669,0.000,2,32.119678,-110.762505,89.889999,4.387,2979.330811,21,40,37,24,3,3,U_TURN_HDG,AP_PROT_ROLL_MAX,11.816,-30.000,0.000,4,16,20,14,ROLL_LEFT
2133,230.848953,0,-0.513,-0.103,-0.384,-63.185,139.229,350.722,-11.526,-11.191,-6.826,-31.875,5.125,22.375,-29.041,-9.843,11.150,0.246,0.465,0.335,-0.781,1,-40.299,29.113,-27.588,0.000,2,32.119678,-110.762505,88.870003,4.186,2979.330811,21,40,37,32,3,3,U_TURN_HDG,AP_PROT_ROLL_MAX,11.816,-30.000,0.000,4,16,20,14,ROLL_LEFT
2134,230.923859,0,0.615,0.948,-0.513,-62.164,137.935,350.786,-11.079,0.000,1.790,-31.875,5.125,22.375,-28.836,-10.355,11.329,0.249,0.456,0.345,-0.782,1,-39.591,29.108,-27.344,0.000,2,32.119678,-110.762505,86.779999,4.098,2979.330811,21,40,37,40,3,3,U_TURN_HDG,AP_PROT_ROLL_MAX,11.816,-30.000,0.000,4,16,20,14,ROLL_LEFT
2135,231.009125,0,-2.627,-2.025,0.577,-62.648,137.646,350.169,-6.826,-2.798,3.581,-31.875,5.125,22.375,-28.989,-10.176,11.073,0.255,0.457,0.349,-0.778,1,-39.957,29.158,-27.470,0.000,2,32.119678,-110.762505,85.599998,4.110,2979.330811,21,40,37,48,3,3,U_TURN_HDG,AP_PROT_ROLL_MAX,11.816,-30.000,0.000,4,16,20,14,ROLL_LEFT
2136,231.086121,0,-1.781,0.987,-1.499,-61.626,136.720,350.629,-24.731,-15.107,-32.788,-31.875,5.125,22.375,-28.400,-11.355,11.483,0.253,0.449,0.355,-0.780,1,-39.118,29.109,-27.181,0.000,2,32.119678,-110.762497,86.370003,4.100,2979.002686,21,40,37,56,3,3,U_TURN_HDG,AP_PROT_ROLL_MAX,11.816,-30.000,0.000,4,16,20,14,ROLL_LEFT
2137,231.163284,0,-0.103,1.512,0.449,-59.552,133.075,352.756,-9.848,15.779,-2.910,-31.875,5.125,22.375,-28.220,-12.329,11.047,0.248,0.433,0.374,-0.782,1,-39.485,29.155,-27.308,0.000,2,32.119678,-110.762497,87.669998,3.885,2979.002686,21,40,37,64,3,3,U_TURN_HDG,AP_PROT_ROLL_MAX,11.816,-30.000,0.000,4,16,20,14,ROLL_LEFT
2138,231.281204,0,3.922,0.769,-1.179,-60.417,131.538,354.058,-0.560,1.343,10.967,-31.875,5.125,22.375,-28.502,-11.996,10.663,0.247,0.440,0.378,-0.776,1,-39.202,29.101,-27.210,0.000,2,32.119678,-110.762497,97.080002,3.509,2979.002686,21,40,37,76,3,3,U_TURN_HDG,AP_PROT_ROLL_MAX,11.816,-30.000,0.000,4,16,20,14,ROLL_LEFT
2139,231.364227,0,-2.089,1.000,-0.333,-60.318,132.278,353.210,-2.462,0.112,-7.274,-31.875,5.125,22.375,-28.272,-12.303,10.996,0.250,0.438,0.376,-0.777,1,-39.586,29.116,-27.343,0.000,2,32.119675,-110.762497,104.480003,3.445,2979.002686,21,40,37,84,3,3,U_TURN_HDG,AP_PROT_ROLL_MAX,11.816,-30.000,0.000,4,16,20,14,ROLL_LEFT
2140,231.448196,0,-0.500,-0.474,0.525,-59.881,131.383,354.293,3.245,-2.126,7.162,-31.875,5.125,22.375,-28.374,-12.175,10.893,0.245,0.437,0.379,-0.779,1,-39.375,29.210,-27.270,0.000,2,32.119675,-110.762497,111.059998,3.538,2979.002686,21,40,37,92,3,3,U_TURN_HDG,AP_PROT_ROLL_MAX,11.816,-30.000,0.000,4,16,20,14,ROLL_LEFT
2141,231.528183,0,0.282,-0.525,0.884,-60.029,132.723,353.453,8.281,-1.679,-0.448,-31.875,5.125,22.375,-28.374,-12.072,11.073,0.246,0.438,0.373,-0.781,1,-40.800,29.198,-27.759,0.000,2,32.119675,-110.762497,116.739998,3.666,2979.002686,21,40,38,0,3,3,U_TURN_HDG,AP_PROT_ROLL_MAX,11.816,-30.000,0.000,4,16,20,14,ROLL_LEFT
2142,231.609344,0,0.654,0.628,-0.436,-60.126,132.115,353.986,-4.364,5.483,4.364,-31.875,5.125,22.375,-28.323,-12.124,11.150,0.245,0.439,0.375,-0.779,1,-42.266,29.125,-28.253,0.000,2,32.119671,-110.762497,123.330002,3.941,2979.002686,21,40,38,8,3,3,U_TURN_HDG,AP_PROT_ROLL_MAX,11.816,-30.000,0.000,4,16,20,14,ROLL_LEFT
2143,231.683517,0,-1.256,0.077,-0.692,-58.976,133.381,353.807,16.786,-11.079,-16.226,-31.875,5.125,22.375,-28.092,-12.278,11.585,0.238,0.433,0.368,-0.788,1,-42.262,29.127,-28.252,0.000,2,32.119667,-110.762497,129.559998,4.211,2979.002686,21,40,38,16,3,3,U_TURN_HDG,AP_PROT_ROLL_MAX,11.816,-30.000,0.000,4,16,20,14,ROLL_LEFT
2144,231.771423,0,-3.781,-0.410,-3.371,-59.017,133.686,353.613,-3.469,-19.136,0.336,-31.875,5.125,22.375,-27.964,-12.175,11.996,0.238,0.433,0.367,-0.788,1,-39.345,29.125,-27.259,0.000,2,32.119667,-110.762489,132.179993,4.290,2979.002686,21,40,38,24,3,3,U_TURN_HDG,AP_PROT_ROLL_MAX,11.816,-30.000,0.000,4,16,20,14,ROLL_LEFT
2145,231.844238,0,-0.513,0.871,2.666,-58.812,134.767,352.905,23.165,-16.786,10.295,-31.875,5.125,22.375,-28.092,-11.714,12.252,0.238,0.432,0.362,-0.791,1,-40.819,29.172,-27.765,0.000,2,32.119667,-110.762489,132.580002,4.098,2979.002686,21,40,38,32,3,3,U_TURN_HDG,AP_PROT_ROLL_MAX,11.816,-30.000,0.000,4,16,20,14,ROLL_LEFT
2146,231.923492,0,0.795,-0.128,-0.564,-58.617,139.096,350.065,15.219,-11.638,8.617,-31.875,5.125,22.375,-28.015,-11.073,12.970,0.241,0.431,0.343,-0.799,1,-43.429,29.165,-28.639,0.000,2,32.119667,-110.762489,130.880005,3.722,2979.002686,21,40,38,40,3,3,U_TURN_HDG,AP_PROT_ROLL_MAX,11.816,-30.000,0.000,4,16,20,14,ROLL_LEFT
2147,232.008621,0,-1.166,-0.051,0.910,-58.514,140.602,348.603,-13.429,-6.379,2.910,-31.875,5.125,22.375,-27.990,-10.893,13.303,0.245,0.429,0.338,-0.801,1,-43.114,29.156,-28.535,0.000,2,32.119671,-110.762489,0.000000,3.377,2979.002686,21,40,38,48,3,3,U_TURN_HDG,AP_PROT_ROLL_MAX,11.816,-30.000,0.000,4,16,20,14,ROLL_LEFT
2148,232.057526,0,1.423,-0.295,-3.063,-57.630,139.369,349.047,2.238,3.245,-17.569,-31.875,5.125,22.375,-27.759,-11.406,13.328,0.245,0.421,0.346,-0.802,1,-42.887,29.141,-28.460,0.000,2,32.119667,-110.762489,0.000000,3.330,2979.330811,21,40,38,52,3,3,U_TURN_HDG,AP_PROT_ROLL_MAX,11.816,-30.000,0.000,4,16,20,14,ROLL_LEFT
2149,232.131516,0,0.871,1.038,-1.974,-57.622,138.840,349.593,-8.393,0.000,-9.400,-31.875,5.125,22.375,-27.785,-11.509,13.226,0.243,0.421,0.348,-0.802,1,-43.841,29.131,-28.775,0.000,2,32.119667,-110.762497,0.000000,3.077,2979.330811,21,40,38,60,3,3,U_TURN_HDG,AP_PROT_ROLL_MAX,11.816,-30.000,0.000,4,16,20,14,ROLL_LEFT
2150,232.202728,0,-0.897,1.000,0.718,-57.393,136.531,351.145,-0.336,1.790,-7.945,-31.875,5.125,22.375,-27.682,-12.226,12.790,0.240,0.420,0.358,-0.799,1,-40.992,29.146,-27.824,0.000,2,32.119667,-110.762497,0.000000,2.697,2979.330811,21,40,38,68,3,3,U_TURN_HDG,AP_PROT_ROLL_MAX,11.816,-30.000,0.000,4,16,20,14,ROLL_LEFT
2151,232.287674,0,-0.718,-1.077,-4.191,-56.890,136.796,351.717,13.876,-6.714,-5.707,-31.875,5.125,22.375,-27.503,-12.380,13.072,0.234,0.418,0.355,-0.803,1,-40.172,29.197,-27.544,0.000,2,32.119671,-110.762505,0.000000,2.287,2979.330811,21,40,38,76,3,3,U_TURN_HDG,AP_PROT_ROLL_MAX,11.816,-30.000,0.000,4,16,20,14,ROLL_LEFT
2152,232.404724,0,0.936,-3.281,-0.436,-56.351,135.303,353.675,-5.707,4.588,-4.252,-31.875,5.125,22.375,-27.400,-12.944,12.713,0.224,0.418,0.359,-0.804,1,-42.028,29.129,-28.173,0.000,2,32.119671,-110.762512,0.000000,1.791,2979.330811,21,40,38,88,3,3,U_TURN_HDG,AP_PROT_ROLL_MAX,11.816,-30.000,0.000,4,16,20,14,ROLL_LEFT
2153,232.470444,0,-1.243,2.102,0.718,-56.178,132.474,355.836,-3.133,33.348,-9.064,-31.875,5.125,22.375,-27.477,-14.636,10.509,0.219,0.418,0.371,-0.800,1,-43.685,29.129,-28.723,0.000,2,32.119671,-110.762512,0.000000,1.671,2979.330811,21,40,38,92,3,3,U_TURN_HDG,AP_PROT_ROLL_MAX,11.816,-30.000,0.000,4,16,20,14,ROLL_LEFT
2154,232.525162,0,1.615,2.486,-0.064,-56.954,125.044,2.553,-5.036,8.841,12.086,-31.875,5.125,22.375,-27.580,-14.687,10.201,0.203,0.432,0.396,-0.785,1,-41.000,29.133,-27.827,0.000,2,32.119671,-110.762512,0.000000,1.455,2979.330811,21,40,39,0,3,3,U_TURN_HDG,AP_PROT_ROLL_MAX,11.816,-30.000,0.000,4,16,20,14,ROLL_LEFT
2155,232.608109,0,-0.910,-3.089,0.243,-57.905,125.401,2.132,8.729,12.757,31.669,-31.875,5.125,22.375,-28.041,-13.892,9.945,0.208,0.438,0.393,-0.782,1,-41.382,29.152,-27.956,0.000,2,32.119671,-110.762520,0.000000,1.278,2979.330811,21,40,39,8,3,3,U_TURN_HDG,AP_PROT_ROLL_MAX,11.816,-30.000,0.000,4,16,20,14,ROLL_LEFT
2156,232.688812,0,-1.000,-1.538,-0.077,-59.622,126.324,2.130,-13.541,-11.526,8.057,-31.875,5.125,22.375,-28.374,-13.328,9.791,0.210,0.451,0.383,-0.778,1,-42.257,29.143,-28.250,0.000,2,32.119675,-110.762520,0.000000,1.153,2979.330811,21,40,39,16,3,3,U_TURN_HDG,AP_PROT_ROLL_MAX,11.816,-30.000,0.000,4,16,20,14,ROLL_LEFT
2157,232.766632,0,0.628,0.500,0.846,-59.444,126.992,0.827,-8.841,-1.567,-8.729,-31.875,5.125,22.375,-28.195,-13.533,10.022,0.216,0.446,0.384,-0.779,1,-43.122,29.149,-28.538,0.000,2,32.119675,-110.762527,0.000000,0.999,2979.330811,21,40,39,24,3,3,U_TURN_HDG,AP_PROT_ROLL_MAX,11.816,-30.000,0.000,4,16,20,14,ROLL_LEFT
2158,232.887634,0,0.730,0.320,1.128,-58.639,125.874,1.377,-8.505,-2.238,-7.945,-31.875,5.125,22.375,-28.067,-13.815,9.971,0.213,0.441,0.391,-0.779,1,-42.405,29.156,-28.299,0.000,2,32.119671,-110.762527,0.000000,0.619,2979.658936,21,40,39,36,3,3,U_TURN_HDG,AP_PROT_ROLL_MAX,11.816,-30.000,0.000,4,16,20,14,ROLL_LEFT
2159,232.940018,0,1.128,-2.538,-0.795,-58.828,127.305,0.369,-0.671,2.462,-2.014,-31.875,5.125,22.375,-28.067,-13.867,9.919,0.215,0.441,0.385,-0.781,1,-42.015,29.150,-28.169,0.000,2,32.119671,-110.762527,0.000000,0.427,2979.658936,21,40,39,40,3,3,U_TURN_HDG,AP_PROT_ROLL_MAX,11.816,-30.000,0.000,4,16,20,14,ROLL_LEFT
2160,233.001114,0,-0.705,-2.140,2.320,-59.070,127.854,359.989,7.050,1.902,-1.007,-31.875,5.125,22.375,-28.143,-13.328,10.304,0.217,0.443,0.382,-0.781,1,-40.997,29.135,-27.825,0.000,2,32.119671,-110.762535,0.000000,0.154,2979.658936,21,40,39,48,3,3,U_TURN_HDG,AP_PROT_ROLL_MAX,11.816,-30.000,0.000,4,16,20,14,ROLL_LEFT
2161,233.080383,0,-0.615,0.782,-0.743,-58.622,127.792,0.063,-13.541,-5.371,-4.364,-31.875,5.125,22.375,-27.990,-13.610,10.406,0.215,0.440,0.383,-0.783,1,-42.119,29.103,-28.204,0.000,2,32.119671,-110.762535,0.000000,0.275,2979.658936,21,40,39,56,3,3,U_TURN_HDG,AP_PROT_ROLL_MAX,11.816,-30.000,0.000,4,16,20,14,ROLL_LEFT
2162,233.163055,0,0.051,-0.807,0.384,-58.887,127.552,359.981,8.057,-1.455,7.610,-31.875,5.125,22.375,-28.143,-13.303,10.355,0.217,0.441,0.385,-0.781,1,-43.381,29.105,-28.623,0.000,2,32.119667,-110.762543,0.000000,0.972,2979.658936,21,40,39,64,3,3,U_TURN_HDG,AP_PROT_ROLL_MAX,11.816,-30.000,0.000,4,16,20,14,ROLL_LEFT
2163,233.287613,0,0.551,-0.231,-0.295,-58.839,128.430,359.221,-5.371,-3.917,-6.043,-31.875,5.125,22.375,-28.015,-13.457,10.586,0.219,0.440,0.382,-0.783,1,-40.372,29.121,-27.613,0.000,2,32.119667,-110.762543,0.000000,1.107,2979.658936,21,40,39,76,3,3,U_TURN_HDG,AP_PROT_ROLL_MAX,11.816,-30.000,0.000,4,16,20,14,ROLL_LEFT
2164,233.369598,0,-1.346,-1.051,-0.115,-58.502,127.661,359.561,-6.826,-7.050,0.895,-31.875,5.125,22.375,-27.913,-13.636,10.611,0.219,0.437,0.386,-0.782,1,-40.350,29.162,-27.605,0.000,2,32.119667,-110.762550,0.000000,1.227,2979.658936,21,40,39,84,3,3,U_TURN_HDG,AP_PROT_ROLL_MAX,11.816,-30.000,0.000,4,16,20,14,ROLL_LEFT
2165,233.449356,0,0.871,-2.307,-0.346,-57.830,127.512,358.598,-17.905,-7.386,0.895,-31.875,5.125,22.375,-27.733,-14.020,10.611,0.223,0.429,0.392,-0.782,1,-39.666,29.119,-27.370,0.000,2,32.119667,-110.762550,0.000000,1.374,2979.658936,21,40,39,92,3,3,U_TURN_HDG,AP_PROT_ROLL_MAX,11.816,-30.000,0.000,4,16,20,14,ROLL_LEFT
2166,233.643433,0,-0.013,2.127,1.192,-57.189,126.547,358.299,-6.155,-6.155,-7.610,-31.875,5.125,22.375,-27.477,-14.533,10.586,0.227,0.422,0.401,-0.781,1,-38.790,29.129,-27.066,0.000,2,32.119663,-110.762550,0.000000,1.897,2979.658936,21,40,40,12,3,3,U_TURN_HDG,AP_PROT_ROLL_MAX,11.816,-30.000,0.000,4,16,20,14,ROLL_LEFT
2167,233.730713,0,1.102,-0.346,-2.191,-56.622,126.481,358.024,1.790,-9.624,-0.671,-31.875,5.125,22.375,-27.067,-14.994,10.893,0.227,0.417,0.404,-0.782,1,-40.918,29.135,-27.799,0.000,2,32.119659,-110.762558,0.000000,2.191,2979.986816,21,40,40,20,3,3,U_TURN_HDG,AP_PROT_ROLL_MAX,11.816,-30.000,0.000,4,16,20,14,ROLL_LEFT
2168,233.816528,0,2.038,0.103,2.089,-55.714,126.617,357.406,-0.448,5.707,-5.595,-31.875,5.125,22.375,-27.093,-14.918,10.970,0.228,0.408,0.406,-0.785,1,-40.679,29.139,-27.718,0.000,2,32.119659,-110.762558,0.000000,2.468,2979.986816,21,40,40,28,3,3,U_TURN_HDG,AP_PROT_ROLL_MAX,11.816,-30.000,0.000,4,16,20,14,ROLL_LEFT
2169,233.918930,0,0.205,-0.538,-2.922,-55.813,127.548,357.563,13.764,7.498,-0.336,-31.875,5.125,22.375,-27.169,-14.559,11.201,0.224,0.411,0.399,-0.788,1,-41.072,29.142,-27.851,0.000,2,32.119659,-110.762558,0.000000,2.609,2979.986816,21,40,40,36,3,3,U_TURN_HDG,AP_PROT_ROLL_MAX,11.816,-30.000,0.000,4,16,20,14,ROLL_LEFT
2170,233.979523,0,0.602,0.090,3.717,-56.070,126.966,358.875,-1.231,16.674,-3.245,-31.875,5.125,22.375,-27.169,-14.687,11.022,0.218,0.417,0.398,-0.788,1,-41.471,29.136,-27.986,0.000,2,32.119659,-110.762558,0.000000,2.587,2979.986816,21,40,40,44,3,3,U_TURN_HDG,AP_PROT_ROLL_MAX,11.816,-30.000,0.000,4,16,20,14,ROLL_LEFT
2171,234.048874,0,-1.461,0.730,-1.077,-56.088,126.423,359.136,-3.021,3.469,-15.779,-31.875,5.125,22.375,-27.144,-14.815,10.842,0.218,0.417,0.401,-0.786,1,-42.171,29.155,-28.221,0.000,2,32.119659,-110.762558,0.000000,2.248,2979.986816,21,40,40,52,3,3,U_TURN_HDG,AP_PROT_ROLL_MAX,11.816,-30.000,0.000,4,16,20,14,ROLL_LEFT
2172,234.163498,0,0.602,0.154,-1.615,-55.689,125.813,359.985,22.717,-8.729,-4.924,-31.875,5.125,22.375,-26.888,-14.969,11.201,0.213,0.416,0.403,-0.787,1,-40.611,29.116,-27.694,0.000,2,32.119659,-110.762558,0.000000,1.840,2979.986816,21,40,40,64,3,3,U_TURN_HDG,AP_PROT_ROLL_MAX,11.816,-30.000,0.000,4,16,20,14,ROLL_LEFT
2173,234.242706,0,0.295,0.756,-1.435,-55.047,127.569,359.653,2.014,-0.336,2.574,-31.875,5.125,22.375,-26.811,-14.918,11.457,0.207,0.413,0.393,-0.795,1,-41.627,29.135,-28.039,0.000,2,32.119659,-110.762558,0.000000,1.732,2979.986816,21,40,40,72,3,3,U_TURN_HDG,AP_PROT_ROLL_MAX,11.816,-30.000,0.000,4,16,20,14,ROLL_LEFT
2174,234.328339,0,-0.179,0.000,1.294,-54.998,128.612,359.580,18.017,-1.231,-2.238,-31.875,5.125,22.375,-26.785,-14.764,11.688,0.203,0.415,0.386,-0.799,1,-24.714,29.163,-21.604,0.000,2,32.119659,-110.762558,0.000000,1.656,2979.986816,21,40,40,80,3,3,U_TURN_HDG,AP_PROT_ROLL_MAX,11.816,-30.000,0.000,4,16,20,14,ROLL_LEFT
2175,234.400543,0,-1.833,6.664,-8.574,-55.011,131.607,353.410,-5.036,0.783,4.364,-31.875,5.125,22.375,-27.118,-14.277,11.509,0.235,0.400,0.387,-0.797,1,-39.253,29.149,-27.227,0.000,2,32.119656,-110.762566,0.000000,1.916,2979.986816,21,40,40,88,3,3,U_TURN_HDG,AP_PROT_ROLL_MAX,11.816,-30.000,0.000,4,16,20,14,ROLL_LEFT
2176,234.453522,0,-6.062,12.393,-0.628,-57.281,125.201,0.726,-13.317,112.801,49.239,-31.875,5.125,22.375,-26.708,-14.097,12.483,0.216,0.428,0.401,-0.781,1,-40.964,29.192,-27.815,0.000,2,32.119656,-110.762566,0.000000,1.936,2979.986816,21,40,40,92,3,3,U_TURN_HDG,AP_PROT_ROLL_MAX,11.816,-30.000,0.000,4,16,20,14,ROLL_LEFT
2177,234.505173,0,2.051,0.038,9.356,-64.239,125.282,0.506,5.148,49.127,136.637,-31.875,5.125,22.375,-27.426,-14.507,10.176,0.241,0.474,0.387,-0.753,1,-41.606,29.169,-28.031,0.000,2,32.119656,-110.762573,0.000000,1.960,2979.986816,21,40,40,96,3,3,U_TURN_HDG,AP_PROT_ROLL_MAX,11.816,-30.000,0.000,4,16,20,14,ROLL_LEFT
2178,234.588303,0,0.128,-2.884,-1.884,-69.188,139.232,346.176,9.736,-37.824,131.489,-31.875,5.125,22.375,-30.373,-8.356,8.587,0.289,0.494,0.349,-0.742,1,-40.353,29.153,-27.606,0.000,2,32.119656,-110.762573,0.000000,2.095,2980.315186,21,40,41,4,3,3,U_TURN_HDG,AP_PROT_ROLL_MAX,11.816,-30.000,0.000,4,16,20,14,ROLL_LEFT
2179,234.648575,0,1.089,0.051,-1.448,-71.688,153.513,327.574,-95.679,7.833,54.610,-31.875,5.125,22.375,-30.989,-4.562,9.202,0.349,0.495,0.337,-0.720,1,-41.435,29.196,-27.974,0.000,2,32.119656,-110.762573,0.000000,2.297,2980.315186,21,40,41,12,3,3,U_TURN_HDG,AP_PROT_ROLL_MAX,11.816,-30.000,0.000,4,16,20,14,ROLL_LEFT
2180,234.727585,0,0.718,-1.153,-3.383,-73.402,153.431,321.106,-136.525,3.469,56.512,-31.875,5.125,22.375,-31.399,-3.947,8.151,0.389,0.487,0.367,-0.690,1,-39.723,29.151,-27.390,0.000,2,32.119656,-110.762573,0.000000,2.510,2980.315186,21,40,41,20,3,3,U_TURN_HDG,AP_PROT_ROLL_MAX,11.816,-30.000,0.000,4,16,20,14,ROLL_LEFT
2181,234.774155,0,0.590,0.243,-0.641,-75.257,157.831,307.608,-70.836,1.902,35.586,-31.875,5.125,22.375,-31.578,-3.025,7.638,0.448,0.470,0.401,-0.646,1,-39.649,29.146,-27.364,0.000,2,32.119656,-110.762581,0.000000,2.589,2980.315186,21,40,41,24,3,3,U_TURN_HDG,AP_PROT_ROLL_MAX,11.816,-30.000,0.000,4,16,20,14,ROLL_LEFT
2182,234.848190,0,-2.422,3.435,0.064,-75.042,165.414,296.108,-40.062,-39.727,58.751,-31.875,5.125,22.375,-31.552,-2.384,7.971,0.482,0.459,0.405,-0.627,1,-39.118,29.110,-27.181,0.000,2,32.119652,-110.762581,0.000000,2.700,2980.315186,21,40,41,32,3,3,U_TURN_HDG,AP_PROT_ROLL_MAX,11.816,-30.000,0.000,4,16,20,14,ROLL_LEFT
2183,234.923126,0,-0.769,1.666,-1.922,-74.043,178.478,281.203,-0.783,-7.722,85.832,-31.875,5.125,22.375,-31.219,2.384,9.074,0.513,0.458,0.390,-0.612,1,-39.874,29.163,-27.442,0.000,2,32.119652,-110.762581,0.000000,2.746,2980.315186,21,40,41,40,3,3,U_TURN_HDG,AP_PROT_ROLL_MAX,11.816,-30.000,0.000,4,16,20,14,ROLL_LEFT
2184,234.985062,0,-4.037,-2.025,-1.576,-71.038,-148.014,247.470,26.298,3.245,115.711,-31.875,5.125,22.375,-30.835,5.613,8.971,0.562,0.497,0.340,-0.568,1,-41.867,29.135,-28.119,0.000,2,32.119652,-110.762581,0.000000,2.755,2980.315186,21,40,41,44,3,3,U_TURN_HDG,AP_PROT_ROLL_MIN,11.816,30.000,0.000,4,-12,-8,14,ROLL_RIGHT
2185,235.104523,0,-1.294,2.922,5.293,-61.631,-120.231,218.701,24.843,10.183,117.277,-31.875,5.125,22.375,-30.373,8.228,8.561,0.618,0.551,0.277,-0.488,1,-40.041,29.150,-27.499,0.000,2,32.119652,-110.762581,0.000000,2.616,2980.315186,21,40,41,56,3,3,U_TURN_HDG,AP_PROT_ROLL_MIN,11.816,30.000,0.000,4,-12,-8,14,ROLL_RIGHT
2186,235.168411,0,-24.619,-11.662,13.457,-55.134,-119.020,214.073,-31.669,3.917,141.225,-31.875,5.125,22.375,-27.221,15.840,8.382,0.662,0.547,0.250,-0.448,1,-39.792,29.169,-27.414,0.000,2,32.119652,-110.762581,0.000000,2.510,2980.315186,21,40,41,64,3,3,U_TURN_HDG,AP_PROT_ROLL_MIN,11.816,30.000,0.000,4,-12,-8,14,ROLL_RIGHT
2187,235.248337,0,-19.224,-1.717,14.841,-64.661,-134.954,232.221,-38.384,5.148,-102.058,-31.875,5.125,22.375,-28.502,13.149,8.920,0.611,0.508,0.301,-0.527,1,-40.056,29.122,-27.504,0.000,2,32.119652,-110.762589,0.000000,2.447,2980.315186,21,40,41,72,3,3,U_TURN_HDG,AP_PROT_ROLL_MIN,11.816,30.000,0.000,4,-12,-8,14,ROLL_RIGHT
2188,235.324051,0,2.230,9.150,-10.599,-63.462,-164.417,266.388,-55.393,-8.952,-125.558,-31.875,5.125,22.375,-29.297,0.820,14.405,0.566,0.441,0.301,-0.629,1,-39.171,29.155,-27.199,0.000,2,32.119652,-110.762581,0.000000,2.091,2980.315186,21,40,41,80,3,3,U_TURN_HDG,AP_PROT_ROLL_MIN,11.816,30.000,0.000,4,-12,-8,14,ROLL_RIGHT
2189,235.375519,0,1.833,8.715,-8.535,-66.105,-170.320,269.175,-53.939,91.651,118.284,-31.875,5.125,22.375,-30.015,2.589,12.611,0.562,0.432,0.337,-0.619,1,-39.313,29.178,-27.248,0.000,2,32.119656,-110.762589,0.000000,2.061,2980.315186,21,40,41,84,3,3,U_TURN_HDG,AP_PROT_ROLL_MIN,11.816,30.000,0.000,4,-12,-8,14,ROLL_RIGHT
2190,235.434525,0,-7.087,-10.330,3.845,-66.801,-160.508,253.821,-78.558,65.017,96.799,-31.875,5.125,22.375,-30.143,3.999,11.944,0.602,0.439,0.349,-0.569,1,-38.366,29.176,-26.918,0.000,2,32.119656,-110.762589,194.020004,2.044,2980.315186,21,40,41,88,3,3,U_TURN_HDG,AP_PROT_ROLL_MIN,11.816,30.000,0.000,4,-12,-8,14,ROLL_RIGHT
2191,235.489365,0,-1.461,-1.269,-2.307,-64.311,-159.799,251.729,56.624,-16.898,-12.645,-31.875,5.125,22.375,-29.399,4.896,13.328,0.621,0.427,0.338,-0.564,1,-39.467,29.185,-27.301,0.000,2,32.119656,-110.762589,0.000000,2.029,2980.315186,21,40,41,96,3,3,U_TURN_HDG,AP_PROT_ROLL_MIN,11.816,30.000,0.000,4,-12,-8,14,ROLL_RIGHT
2192,235.569656,0,-2.896,-1.205,-0.692,-64.562,-159.032,253.787,30.326,-0.671,-25.179,-31.875,5.125,22.375,-29.579,4.793,13.046,0.607,0.438,0.328,-0.577,1,-41.939,29.141,-28.143,0.000,2,32.119656,-110.762589,0.000000,2.091,2980.643066,21,40,42,4,3,3,U_TURN_HDG,AP_PROT_ROLL_MIN,11.816,30.000,0.000,4,-12,-8,14,ROLL_RIGHT
2193,235.646332,0,0.910,-2.294,0.038,-64.945,-160.792,256.254,4.364,3.693,18.241,-31.875,5.125,22.375,-29.630,4.639,13.021,0.599,0.438,0.330,-0.584,1,-41.158,29.130,-27.880,0.000,2,32.119656,-110.762589,0.000000,2.061,2980.643066,21,40,42,12,3,3,U_TURN_HDG,AP_PROT_ROLL_MIN,11.816,30.000,0.000,4,-12,-8,14,ROLL_RIGHT
2194,235.713074,0,-2.051,-1.333,0.795,-64.115,-156.759,252.143,-30.550,-40.062,37.153,-31.875,5.125,22.375,-29.246,5.767,13.457,0.608,0.444,0.320,-0.575,1,-40.204,29.143,-27.555,0.000,2,32.119656,-110.762589,0.000000,2.005,2980.643066,21,40,42,16,3,3,U_TURN_HDG,AP_PROT_ROLL_MIN,11.816,30.000,0.000,4,-12,-8,14,ROLL_RIGHT
2195,235.807037,0,1.679,-4.101,-7.267,-59.893,-156.043,249.289,6.379,-10.407,27.417,-31.875,5.125,22.375,-28.323,6.510,14.994,0.638,0.426,0.299,-0.567,1,-39.332,29.143,-27.255,0.000,2,32.119659,-110.762589,0.000000,1.960,2980.643066,21,40,42,24,3,3,U_TURN_HDG,AP_PROT_ROLL_MIN,11.816,30.000,0.000,4,-12,-8,14,ROLL_RIGHT
2196,235.867218,0,-1.961,-4.332,0.115,-59.703,-151.012,245.146,24.843,37.600,-1.007,-31.875,5.125,22.375,-28.297,7.792,14.405,0.641,0.442,0.289,-0.557,1,-40.266,29.170,-27.576,0.000,2,32.119659,-110.762589,0.000000,2.063,2980.643066,21,40,42,32,3,3,U_TURN_HDG,AP_PROT_ROLL_MIN,11.816,30.000,0.000,4,-12,-8,14,ROLL_RIGHT
2197,235.926910,0,0.167,0.820,0.154,-61.841,-149.194,243.554,-21.486,50.022,-17.905,-31.875,5.125,22.375,-29.169,7.433,12.765,0.631,0.455,0.301,-0.552,1,-42.672,29.102,-28.388,0.000,2,32.119659,-110.762589,0.000000,1.993,2980.643066,21,40,42,40,3,3,U_TURN_HDG,AP_PROT_ROLL_MIN,11.816,30.000,0.000,4,-12,-8,14,ROLL_RIGHT
2198,236.015411,0,-1.025,2.243,2.294,-65.304,-149.691,241.714,-36.929,44.986,-5.931,-31.875,5.125,22.375,-29.758,7.382,11.432,0.625,0.456,0.334,-0.538,1,-42.118,29.108,-28.203,0.000,2,32.119659,-110.762589,0.000000,1.968,2980.643066,21,40,42,44,3,3,U_TURN_HDG,AP_PROT_ROLL_MIN,11.816,30.000,0.000,4,-12,-8,14,ROLL_RIGHT
2199,236.095261,0,-0.346,-0.987,5.113,-63.234,-145.057,233.896,5.931,-42.860,36.929,-31.875,5.125,22.375,-28.707,8.945,12.918,0.653,0.455,0.330,-0.508,1,-39.669,29.114,-27.371,0.000,2,32.119659,-110.762589,0.000000,1.958,2980.643066,21,40,42,52,3,3,U_TURN_HDG,AP_PROT_ROLL_MIN,11.816,30.000,0.000,4,-12,-8,14,ROLL_RIGHT
2200,236.154327,0,0.487,-1.423,-1.141,-59.562,-144.939,233.834,-13.653,-33.572,28.648,-31.875,5.125,22.375,-28.169,9.407,13.713,0.670,0.448,0.304,-0.508,1,-38.951,29.122,-27.122,0.000,2,32.119659,-110.762589,0.000000,1.868,2980.643066,21,40,42,60,3,3,U_TURN_HDG,AP_PROT_ROLL_MIN,11.816,30.000,0.000,4,-12,-8,14,ROLL_RIGHT
2201,236.207001,0,2.832,1.269,-2.819,-56.919,-144.130,231.379,-23.724,-17.457,53.379,-31.875,5.125,22.375,-27.503,10.253,14.456,0.690,0.440,0.291,-0.495,1,-41.446,29.176,-27.978,0.000,2,32.119659,-110.762604,0.000000,1.757,2980.643066,21,40,42,64,3,3,U_TURN_HDG,AP_PROT_ROLL_MIN,11.816,30.000,0.000,4,-12,-8,14,ROLL_RIGHT
2202,236.266510,0,1.833,-1.666,0.820,-54.733,-142.652,228.927,-9.736,-18.688,46.777,-31.875,5.125,22.375,-26.811,11.252,14.994,0.705,0.439,0.279,-0.482,1,-42.403,29.160,-28.299,0.000,2,32.119659,-110.762589,0.000000,1.791,2980.643066,21,40,42,72,3,3,U_TURN_HDG,AP_PROT_ROLL_MIN,11.816,30.000,0.000,4,-12,-8,14,ROLL_RIGHT
2203,236.329758,0,1.564,0.397,0.282,-52.182,-141.293,228.195,20.367,-42.636,34.579,-31.875,5.125,22.375,-25.555,12.739,15.917,0.714,0.441,0.257,-0.479,1,-43.270,29.159,-28.586,0.000,2,32.119659,-110.762589,0.000000,1.662,2980.643066,21,40,42,80,3,3,U_TURN_HDG,AP_PROT_ROLL_MIN,11.816,30.000,0.000,4,-12,-8,14,ROLL_RIGHT
2204,236.451477,0,-0.384,0.449,0.987,-48.078,-139.761,227.502,8.841,-39.503,51.700,-31.875,5.125,22.375,-24.196,14.123,16.814,0.728,0.442,0.224,-0.474,1,-43.447,29.128,-28.645,0.000,2,32.119659,-110.762611,0.000000,1.760,2980.643066,21,40,42,92,3,3,U_TURN_HDG,AP_PROT_ROLL_MIN,11.816,30.000,0.000,4,-12,-8,14,ROLL_RIGHT
2205,236.527649,0,0.692,-2.115,1.640,-45.167,-138.921,226.697,36.817,11.191,14.100,-31.875,5.125,22.375,-22.761,16.302,16.789,0.740,0.440,0.202,-0.466,1,-40.671,29.151,-27.715,0.000,2,32.119659,-110.762611,0.000000,2.037,2980.643066,21,40,43,0,3,3,U_TURN_HDG,AP_PROT_ROLL_MIN,11.816,30.000,0.000,4,-12,-8,14,ROLL_RIGHT
2206,236.609695,0,-1.243,2.781,2.153,-43.600,-134.348,224.497,-18.241,16.898,29.655,-31.875,5.125,22.375,-22.453,16.942,16.532,0.737,0.463,0.180,-0.457,1,-40.116,29.156,-27.525,0.000,2,32.119659,-110.762611,0.000000,2.300,2980.643066,21,40,43,8,3,3,U_TURN_HDG,AP_PROT_ROLL_MIN,11.816,30.000,0.000,4,-12,-8,14,ROLL_RIGHT
2207,236.662323,0,1.346,-1.961,0.666,-42.052,-132.978,220.873,13.988,-5.707,73.858,-31.875,5.125,22.375,-21.146,18.660,16.379,0.752,0.464,0.178,-0.433,1,-41.444,29.183,-27.977,0.000,2,32.119659,-110.762619,0.000000,2.393,2980.643066,21,40,43,12,3,3,U_TURN_HDG,AP_PROT_ROLL_MIN,11.816,30.000,0.000,4,-12,-8,14,ROLL_RIGHT
2208,236.731934,0,-0.077,-6.882,4.498,-36.444,-128.340,215.480,19.136,-9.064,83.034,-31.875,5.125,22.375,-19.864,20.044,16.276,0.773,0.480,0.142,-0.390,1,-43.577,29.181,-28.688,0.000,2,32.119659,-110.762619,0.000000,2.603,2980.643066,21,40,43,20,3,3,U_TURN_HDG,AP_PROT_ROLL_MIN,11.816,30.000,0.000,4,-12,-8,14,ROLL_RIGHT
2209,236.806061,0,1.102,-5.447,1.538,-31.176,-126.699,214.005,-1.119,-80.348,72.403,-31.875,5.125,22.375,-16.507,22.402,16.891,0.788,0.483,0.103,-0.367,1,-42.408,29.152,-28.300,0.000,2,32.119659,-110.762611,0.000000,2.530,2980.643066,21,40,43,28,3,3,U_TURN_HDG,AP_PROT_ROLL_MIN,11.816,30.000,0.000,4,-12,-8,14,ROLL_RIGHT
2210,236.886154,0,1.653,-5.818,-4.011,-26.522,-127.289,215.147,3.245,-18.353,14.660,-31.875,5.125,22.375,-13.918,23.273,17.916,0.801,0.474,0.065,-0.360,1,-40.264,29.172,-27.576,0.000,2,32.119659,-110.762611,0.000000,2.466,2980.643066,21,40,43,36,3,3,U_TURN_HDG,AP_PROT_ROLL_MIN,11.816,30.000,0.000,4,-12,-8,14,ROLL_RIGHT
2211,236.941208,0,0.384,1.692,-0.128,-25.198,-127.931,216.125,-41.517,-10.072,-13.205,-31.875,5.125,22.375,-14.149,22.376,18.737,0.804,0.468,0.054,-0.363,1,-40.679,29.139,-27.718,0.000,2,32.119659,-110.762611,0.000000,2.508,2980.643066,21,40,43,40,3,3,U_TURN_HDG,AP_PROT_ROLL_MIN,11.816,30.000,0.000,4,-12,-8,14,ROLL_RIGHT
2212,237.009308,0,1.640,-0.141,-0.551,-25.581,-131.316,217.476,-21.710,-3.805,-9.064,-31.875,5.125,22.375,-14.174,21.761,19.352,0.812,0.445,0.062,-0.372,1,-41.010,29.117,-27.830,0.000,2,32.119659,-110.762619,269.799988,2.722,2980.643066,21,40,43,48,3,3,U_TURN_HDG,AP_PROT_ROLL_MIN,11.816,30.000,0.000,4,-12,-8,14,ROLL_RIGHT
2213,237.105530,0,-0.154,1.217,0.320,-26.295,-133.181,219.561,-22.717,-3.357,-17.905,-31.875,5.125,22.375,-14.456,21.223,19.711,0.810,0.435,0.065,-0.387,1,-40.211,29.131,-27.557,0.000,2,32.119659,-110.762627,272.959991,2.825,2980.643066,21,40,43,52,3,3,U_TURN_HDG,AP_PROT_ROLL_MIN,11.816,30.000,0.000,4,-12,-8,14,ROLL_RIGHT
2214,237.173477,0,1.602,-0.461,-2.525,-24.516,-133.829,220.719,-22.045,-37.824,16.674,-31.875,5.125,22.375,-13.559,20.992,20.428,0.814,0.427,0.050,-0.391,1,-43.609,29.122,-28.698,0.000,2,32.119659,-110.762634,279.089996,3.357,2980.643066,21,40,43,64,3,3,U_TURN_HDG,AP_PROT_ROLL_MIN,11.816,30.000,0.000,4,-12,-8,14,ROLL_RIGHT
2215,237.234375,0,0.449,-0.115,0.346,-22.318,-135.014,221.211,-4.700,-37.488,23.053,-31.875,5.125,22.375,-11.252,20.941,21.710,0.822,0.414,0.035,-0.388,1,-42.887,29.143,-28.460,0.000,2,32.119659,-110.762634,278.410004,3.448,2980.643066,21,40,43,68,3,3,U_TURN_HDG,AP_PROT_ROLL_MIN,11.816,30.000,0.000,4,-12,-8,14,ROLL_RIGHT
2216,237.286453,0,0.243,0.538,-0.128,-19.229,-136.544,222.107,-48.903,-18.800,7.833,-31.875,5.125,22.375,-10.765,20.710,22.171,0.833,0.396,0.014,-0.387,1,-42.168,29.157,-28.220,0.000,2,32.119656,-110.762642,273.670013,3.355,2980.643066,21,40,43,76,3,3,U_TURN_HDG,AP_PROT_ROLL_MIN,11.816,30.000,0.000,4,-12,-8,14,ROLL_RIGHT
2217,237.363480,0,1.769,5.549,-2.102,-19.342,-143.527,223.036,-102.282,-2.014,-15.443,-31.875,5.125,22.375,-10.791,17.865,24.478,0.852,0.346,0.035,-0.392,1,-42.400,29.166,-28.298,0.000,2,32.119656,-110.762642,265.959991,2.976,2980.643066,21,40,43,84,3,3,U_TURN_HDG,AP_PROT_ROLL_MIN,11.816,30.000,0.000,4,-12,-8,14,ROLL_RIGHT
2218,237.444275,0,2.909,-6.087,5.344,-20.150,-153.297,226.242,-114.815,-9.848,-34.019,-31.875,5.125,22.375,-11.022,15.405,25.939,0.865,0.276,0.067,-0.413,1,-43.030,29.170,-28.507,0.000,2,32.119656,-110.762642,261.269989,2.776,2980.643066,21,40,43,92,3,3,U_TURN_HDG,AP_PROT_ROLL_MIN,11.816,30.000,0.000,4,-12,-8,14,ROLL_RIGHT
2219,237.496033,0,-2.217,1.025,0.269,-20.228,-160.163,226.697,-63.115,27.305,20.031,-31.875,5.125,22.375,-11.175,13.354,26.964,0.878,0.224,0.092,-0.412,1,-43.349,29.165,-28.613,0.000,2,32.119659,-110.762642,261.970001,2.716,2980.643066,21,40,43,96,3,3,U_TURN_HDG,AP_PROT_ROLL_MIN,11.816,30.000,0.000,4,-12,-8,14,ROLL_RIGHT
2220,237.611313,0,-0.295,0.103,0.525,-21.325,-161.516,225.510,-29.207,42.524,13.988,-31.875,5.125,22.375,-12.124,9.022,28.246,0.883,0.216,0.107,-0.403,1,-42.810,29.141,-28.434,0.000,2,32.119659,-110.762642,259.230011,2.393,2980.643066,21,40,44,8,3,3,U_TURN_HDG,AP_PROT_ROLL_MIN,11.816,30.000,0.000,4,-12,-8,14,ROLL_RIGHT
2221,237.690369,0,-1.948,1.986,-2.473,-24.523,-163.871,221.981,-52.260,11.862,30.326,-31.875,5.125,22.375,-13.380,7.510,28.067,0.893,0.203,0.147,-0.374,1,-42.829,29.107,-28.440,0.000,2,32.119659,-110.762642,260.989990,2.311,2980.643066,21,40,44,16,4,3,U_TURN_HDG,AP_PROT_ROLL_MIN,11.816,30.000,0.000,4,-12,-8,14,ROLL_RIGHT
2222,237.774765,0,0.910,-0.243,0.410,-24.280,-167.558,218.029,-79.229,-1.455,50.358,-31.875,5.125,22.375,-13.175,5.536,28.579,0.911,0.168,0.163,-0.338,1,-43.369,29.131,-28.619,0.000,2,32.119659,-110.762642,261.670013,2.366,2980.643066,21,40,44,20,4,3,U_TURN_HDG,AP_PROT_ROLL_MIN,11.816,30.000,0.000,4,-12,-8,14,ROLL_RIGHT
2223,237.835251,0,0.500,-2.051,-1.756,-24.682,-173.540,213.197,-69.494,44.539,27.976,-31.875,5.125,22.375,-13.457,3.076,28.784,0.931,0.114,0.189,-0.290,1,-42.658,29.129,-28.384,0.000,2,32.119659,-110.762642,258.910004,2.434,2980.643066,21,40,44,28,4,3,U_TURN_HDG,AP_PROT_ROLL_MIN,11.816,30.000,0.000,4,-12,-8,14,ROLL_RIGHT
2224,237.903107,0,-0.666,-0.243,-1.897,-26.536,-175.992,212.268,-38.384,23.500,2.910,-31.875,5.125,22.375,-14.636,1.077,28.297,0.932,0.096,0.211,-0.278,1,-44.076,29.134,-28.852,0.000,2,32.119656,-110.762642,255.990005,2.608,2980.643066,21,40,44,36,4,3,U_TURN_HDG,AP_PROT_ROLL_MIN,11.816,30.000,0.000,4,-12,-8,14,ROLL_RIGHT
2225,237.950577,0,-0.269,-3.858,0.820,-28.096,-177.791,211.648,-13.988,57.072,9.288,-31.875,5.125,22.375,-15.123,0.871,28.067,0.932,0.084,0.228,-0.269,1,-41.382,29.150,-27.956,0.000,2,32.119656,-110.762650,254.770004,2.761,2980.643066,21,40,44,40,4,3,U_TURN_HDG,AP_PROT_ROLL_MIN,11.816,30.000,0.000,4,-12,-8,14,ROLL_RIGHT
2226,238.042374,0,0.474,-3.268,-0.961,-30.850,-177.477,210.795,6.826,45.098,15.555,-31.875,5.125,22.375,-16.276,0.897,27.375,0.928,0.091,0.251,-0.262,1,-42.247,29.157,-28.246,0.000,2,32.119656,-110.762657,248.470001,3.219,2980.315186,21,40,44,52,4,3,U_TURN_HDG,AP_PROT_ROLL_MIN,11.816,30.000,0.000,4,-12,-8,14,ROLL_RIGHT
2227,238.202972,0,1.128,-1.602,0.538,-30.843,-172.273,207.299,22.829,14.660,20.814,-31.875,5.125,22.375,-16.635,1.794,27.118,0.930,0.126,0.242,-0.244,1,-42.871,29.170,-28.455,0.000,2,32.119656,-110.762657,248.960007,2.962,2980.315186,21,40,44,68,4,3,U_TURN_HDG,AP_PROT_ROLL_MIN,11.816,30.000,0.000,4,-12,-8,14,ROLL_RIGHT
2228,238.263565,0,1.538,-2.089,0.500,-29.686,-169.925,204.169,7.945,-5.595,39.279,-31.875,5.125,22.375,-14.559,5.434,27.733,0.937,0.136,0.232,-0.224,1,-43.445,29.136,-28.644,0.000,2,32.119656,-110.762657,252.509995,2.915,2980.643066,21,40,44,72,4,3,U_TURN_HDG,AP_PROT_ROLL_MIN,11.816,30.000,0.000,4,-12,-8,14,ROLL_RIGHT
2229,238.326294,0,-1.025,-2.038,-1.179,-26.636,-166.851,196.087,-4.141,9.176,47.448,-31.875,5.125,22.375,-14.379,6.177,27.656,0.953,0.142,0.211,-0.161,1,-43.016,29.192,-28.502,0.000,2,32.119656,-110.762657,254.460007,2.734,2980.643066,21,40,44,80,4,3,U_TURN_HDG,AP_PROT_ROLL_MIN,11.816,30.000,0.000,4,-12,-8,14,ROLL_RIGHT
2230,238.381500,0,-1.153,3.332,0.128,-26.339,-166.275,194.147,-17.345,-6.043,7.833,-31.875,5.125,22.375,-14.123,6.331,27.733,0.956,0.143,0.210,-0.146,1,-43.273,29.161,-28.588,0.000,2,32.119656,-110.762657,255.600006,2.699,2980.643066,21,40,44,84,4,3,U_TURN_HDG,AP_PROT_ROLL_MIN,11.816,30.000,0.000,4,-12,-8,14,ROLL_RIGHT
2231,238.430511,0,-0.077,-2.730,0.090,-25.706,-167.777,193.710,-37.600,-14.324,18.464,-31.875,5.125,22.375,-13.815,5.613,28.015,0.960,0.129,0.207,-0.139,1,-42.543,29.189,-28.345,0.000,2,32.119656,-110.762657,257.089996,2.668,2980.643066,21,40,44,88,4,3,U_TURN_HDG,AP_PROT_ROLL_MIN,11.816,30.000,0.000,4,-12,-8,14,ROLL_RIGHT
2232,238.499435,0,2.332,-1.089,-2.730,-24.667,-169.731,193.632,-14.883,-7.833,-10.183,-31.875,5.125,22.375,-13.559,5.101,28.246,0.964,0.112,0.201,-0.134,1,-43.101,29.183,-28.531,0.000,2,32.119656,-110.762657,263.029999,2.733,2980.643066,21,40,44,96,4,3,U_TURN_HDG,AP_PROT_ROLL_MIN,11.816,30.000,0.000,4,-12,-8,14,ROLL_RIGHT
2233,238.549545,0,0.590,-1.897,0.461,-24.414,-169.662,193.735,10.072,-6.267,2.462,-31.875,5.125,22.375,-13.405,4.819,28.374,0.964,0.113,0.199,-0.135,1,-42.469,29.183,-28.321,0.000,2,32.119656,-110.762657,264.220001,2.780,2980.643066,21,40,45,0,4,3,U_TURN_HDG,AP_PROT_ROLL_MIN,11.816,30.000,0.000,4,-12,-8,14,ROLL_RIGHT
2234,238.624710,0,1.538,1.166,-0.038,-23.821,-169.019,193.690,13.764,-12.198,2.574,-31.875,5.125,22.375,-12.944,5.178,28.477,0.965,0.117,0.193,-0.136,1,-42.858,29.197,-28.450,0.000,2,32.119656,-110.762657,266.299988,2.861,2980.643066,21,40,45,8,4,3,U_TURN_HDG,AP_PROT_ROLL_MIN,11.816,30.000,0.000,4,-12,-8,14,ROLL_RIGHT
2235,238.684692,0,-1.435,-2.358,-0.269,-22.913,-168.364,193.310,10.295,-25.738,12.533,-31.875,5.125,22.375,-12.201,5.716,28.682,0.966,0.122,0.185,-0.133,1,-42.099,29.140,-28.197,0.000,2,32.119656,-110.762657,269.000000,2.972,2980.643066,21,40,45,16,4,3,U_TURN_HDG,AP_PROT_ROLL_MIN,11.816,30.000,0.000,4,-12,-8,14,ROLL_RIGHT
2236,238.749557,0,-1.243,3.306,2.819,-22.124,-166.730,193.377,32.341,-1.679,-9.064,-31.875,5.125,22.375,-11.970,6.613,28.554,0.966,0.135,0.176,-0.136,1,-41.707,29.135,-28.066,0.000,2,32.119656,-110.762657,269.179993,3.004,2980.643066,21,40,45,20,4,3,U_TURN_HDG,AP_PROT_ROLL_MIN,11.816,30.000,0.000,4,-12,-8,14,ROLL_RIGHT
2237,238.805862,0,0.961,0.410,0.820,-20.783,-166.510,193.090,-24.619,-29.319,9.960,-31.875,5.125,22.375,-11.329,6.510,28.836,0.968,0.135,0.165,-0.132,1,-42.649,29.143,-28.380,0.000,2,32.119656,-110.762665,271.279999,3.239,2980.643066,21,40,45,28,4,3,U_TURN_HDG,AP_PROT_ROLL_MIN,11.816,30.000,0.000,4,-12,-8,14,ROLL_RIGHT
2238,238.930359,0,-2.076,-0.013,2.076,-19.711,-168.411,192.861,-39.167,-17.569,7.833,-31.875,5.125,22.375,-10.688,5.408,29.297,0.972,0.118,0.158,-0.127,1,-41.910,29.193,-28.134,0.000,2,32.119656,-110.762665,274.859985,3.246,2980.643066,21,40,45,40,4,3,U_TURN_HDG,AP_PROT_ROLL_MIN,11.816,30.000,0.000,4,-12,-8,14,ROLL_RIGHT
2239,239.008316,0,1.756,-0.064,0.564,-19.278,-169.477,192.643,12.869,-22.941,20.591,-31.875,5.125,22.375,-9.868,5.460,29.553,0.974,0.108,0.156,-0.123,1,-42.249,29.153,-28.247,0.000,2,32.119659,-110.762657,276.790009,2.463,2980.643066,21,40,45,48,4,3,U_TURN_HDG,AP_PROT_ROLL_MIN,11.816,30.000,0.000,4,-12,-8,14,ROLL_RIGHT
2240,239.085159,0,0.884,-1.051,-0.820,-17.120,-168.057,191.702,-7.274,-4.924,4.029,-31.875,5.125,22.375,-9.125,5.818,29.681,0.977,0.117,0.137,-0.116,1,-42.101,29.136,-28.198,0.000,2,32.119659,-110.762657,278.820007,2.223,2980.643066,21,40,45,56,4,3,U_TURN_HDG,AP_PROT_ROLL_MIN,11.816,30.000,0.000,4,-12,-8,14,ROLL_RIGHT
2241,239.200378,0,-0.320,-2.589,-1.474,-16.642,-168.450,191.169,-0.112,5.931,-1.679,-31.875,5.125,22.375,-9.176,5.588,29.707,0.978,0.113,0.134,-0.110,1,-42.473,29.175,-28.322,0.000,2,32.119659,-110.762650,0.000000,1.803,2980.643066,21,40,45,68,4,3,U_TURN_HDG,AP_PROT_ROLL_MIN,11.816,30.000,0.000,4,-12,-8,14,ROLL_RIGHT
2242,239.289764,0,0.679,0.231,1.230,-17.126,-168.492,191.333,7.498,16.338,-7.050,-31.875,5.125,22.375,-9.919,5.665,29.425,0.978,0.113,0.138,-0.112,1,-40.821,29.164,-27.766,0.000,2,32.119659,-110.762650,0.000000,1.534,2980.643066,21,40,45,76,4,3,U_TURN_HDG,AP_PROT_ROLL_MIN,11.816,30.000,0.000,4,-12,-8,14,ROLL_RIGHT
2243,239.406479,0,0.641,-1.615,0.936,-19.839,-167.662,192.080,-8.169,14.995,0.448,-31.875,5.125,22.375,-10.663,5.895,29.092,0.972,0.123,0.159,-0.121,1,-41.953,29.120,-28.148,0.000,2,32.119659,-110.762642,0.000000,1.251,2980.971191,21,40,45,88,4,3,U_TURN_HDG,AP_PROT_ROLL_MIN,11.816,30.000,0.000,4,-12,-8,14,ROLL_RIGHT
2244,239.492599,0,2.089,-1.551,0.884,-20.538,-168.105,191.913,2.350,12.869,-6.714,-31.875,5.125,22.375,-11.714,5.562,28.733,0.971,0.120,0.166,-0.120,1,-42.349,29.116,-28.281,0.000,2,32.119659,-110.762642,0.000000,1.477,2980.971191,21,40,45,96,4,3,U_TURN_HDG,AP_PROT_ROLL_MIN,11.816,30.000,0.000,4,-12,-8,14,ROLL_RIGHT
2245,239.564590,0,-0.346,-2.294,0.090,-22.289,-167.945,192.313,11.526,6.043,-3.693,-31.875,5.125,22.375,-12.047,5.921,28.528,0.968,0.123,0.180,-0.125,1,-41.719,29.120,-28.069,0.000,2,32.119663,-110.762642,0.000000,1.343,2980.971191,21,40,46,4,4,3,U_TURN_HDG,AP_PROT_ROLL_MIN,11.816,30.000,0.000,4,-12,-8,14,ROLL_RIGHT
2246,239.643036,0,0.372,-1.102,1.538,-22.697,-167.598,192.509,-30.998,6.491,-6.714,-31.875,5.125,22.375,-12.175,5.178,28.579,0.967,0.127,0.183,-0.127,1,-41.635,29.123,-28.041,0.000,2,32.119663,-110.762634,0.000000,1.473,2980.971191,21,40,46,12,4,3,U_TURN_HDG,AP_PROT_ROLL_MIN,11.816,30.000,0.000,4,-12,-8,14,ROLL_RIGHT
2247,239.720413,0,0.538,-0.666,0.282,-23.859,-170.311,193.641,-9.288,10.072,-15.667,-31.875,5.125,22.375,-12.688,4.409,28.502,0.966,0.107,0.195,-0.133,1,-41.148,29.146,-27.877,0.000,2,32.119663,-110.762627,0.000000,1.396,2980.971191,21,40,46,20,4,3,U_TURN_HDG,AP_PROT_ROLL_MIN,11.816,30.000,0.000,4,-12,-8,14,ROLL_RIGHT
2248,239.809036,0,2.768,-0.192,-1.666,-24.687,-169.581,193.251,13.205,17.457,1.790,-31.875,5.125,22.375,-13.072,4.716,28.246,0.964,0.113,0.201,-0.132,1,-34.660,29.168,-25.585,0.000,2,32.119663,-110.762627,0.000000,1.467,2980.971191,21,40,46,28,4,3,U_TURN_HDG,AP_PROT_ROLL_MIN,11.816,30.000,0.000,4,-12,-8,14,ROLL_RIGHT
2249,239.924896,0,0.154,-0.090,-1.115,-24.826,-169.995,193.504,-25.962,1.343,-4.141,-31.875,5.125,22.375,-13.175,4.152,28.297,0.964,0.110,0.203,-0.133,1,-42.586,29.119,-28.360,0.000,2,32.119667,-110.762619,0.000000,1.836,2981.299316,21,40,46,40,4,3,U_TURN_HDG,AP_PROT_ROLL_MIN,11.816,30.000,0.000,4,-12,-8,14,ROLL_RIGHT
2250,240.005142,0,-1.743,4.524,2.717,-23.844,-169.700,193.527,-16.786,-11.862,-2.462,-31.875,5.125,22.375,-12.175,4.767,28.605,0.966,0.111,0.194,-0.133,1,-42.031,29.125,-28.174,0.000,2,32.119667,-110.762619,0.000000,1.413,2981.299316,21,40,46,48,4,3,U_TURN_HDG,AP_PROT_ROLL_MIN,11.816,30.000,0.000,4,-12,-8,14,ROLL_RIGHT
2251,240.092102,0,-0.090,0.679,-1.051,-22.964,-170.570,193.139,2.238,1.119,3.357,-31.875,5.125,22.375,-12.149,4.383,28.656,0.968,0.103,0.188,-0.128,1,-41.896,29.085,-28.129,0.000,2,32.119663,-110.762627,0.000000,1.443,2980.971191,21,40,46,56,4,3,U_TURN_HDG,AP_PROT_ROLL_MIN,11.816,30.000,0.000,4,-12,-8,14,ROLL_RIGHT
2252,240.161957,0,-0.936,-3.409,1.115,-23.300,-170.956,193.535,0.000,1.455,0.000,-31.875,5.125,22.375,-12.303,4.101,28.630,0.968,0.100,0.191,-0.131,1,-41.971,29.086,-28.154,0.000,2,32.119663,-110.762627,0.000000,1.310,2981.299316,21,40,46,64,3,3,U_TURN_HDG,AP_PROT_ROLL_MIN,11.816,30.000,0.000,4,-12,-8,14,ROLL_RIGHT
2253,240.286545,0,0.372,-1.000,-1.346,-23.029,-170.707,193.587,1.119,-8.952,-5.707,-31.875,5.125,22.375,-12.124,4.255,28.707,0.968,0.102,0.188,-0.132,1,-42.173,29.150,-28.222,0.000,2,32.119667,-110.762627,0.000000,1.360,2981.299316,21,40,46,76,3,3,U_TURN_HDG,AP_PROT_ROLL_MIN,11.816,30.000,0.000,4,-12,-8,14,ROLL_RIGHT
2254,240.368866,0,0.449,-1.320,1.371,-22.808,-170.905,193.798,0.448,22.605,-4.924,-31.875,5.125,22.375,-12.713,4.229,28.425,0.968,0.101,0.186,-0.133,1,-42.344,29.126,-28.279,0.000,2,32.119667,-110.762619,0.000000,1.475,2981.299316,21,40,46,84,3,3,U_TURN_HDG,AP_PROT_ROLL_MIN,11.816,30.000,0.000,4,-12,-8,14,ROLL_RIGHT
2255,240.442276,0,0.897,0.897,-0.833,-24.989,-171.384,194.260,-1.902,9.512,-8.841,-31.875,5.125,22.375,-13.380,3.614,28.220,0.964,0.100,0.205,-0.137,1,-41.703,29.143,-28.064,0.000,2,32.119667,-110.762619,0.000000,1.479,2981.299316,21,40,46,92,3,3,U_TURN_HDG,AP_PROT_ROLL_MIN,11.816,30.000,0.000,4,-12,-8,14,ROLL_RIGHT
2256,240.521683,0,-0.538,0.743,1.217,-25.071,-172.057,194.682,-4.588,3.469,-3.917,-31.875,5.125,22.375,-13.149,3.512,28.297,0.964,0.095,0.206,-0.139,1,-42.427,29.124,-28.307,0.000,2,32.119667,-110.762619,0.000000,1.264,2981.299316,21,40,47,0,3,3,U_TURN_HDG,AP_PROT_ROLL_MIN,11.816,30.000,0.000,4,-12,-8,14,ROLL_RIGHT
2257,240.767639,0,-0.397,-0.564,1.448,-25.048,-171.786,194.785,0.783,-3.357,1.902,-31.875,5.125,22.375,-13.098,3.717,28.323,0.964,0.097,0.206,-0.141,1,-40.927,29.117,-27.802,0.000,2,32.119667,-110.762589,0.000000,1.392,2981.299316,21,40,47,24,3,3,U_TURN_HDG,AP_PROT_ROLL_MIN,11.816,30.000,0.000,4,-12,-8,14,ROLL_RIGHT
2258,240.849655,0,-0.936,0.423,0.359,-23.159,-173.057,195.878,-7.274,-12.086,-2.574,-31.875,5.125,22.375,-12.201,3.178,28.759,0.967,0.086,0.190,-0.147,1,-41.320,29.117,-27.935,0.000,2,32.119667,-110.762573,0.000000,1.745,2981.627441,21,40,47,32,3,3,U_TURN_HDG,AP_PROT_ROLL_MIN,11.816,30.000,0.000,4,-12,-8,14,ROLL_RIGHT
2259,240.922012,0,-0.846,1.666,-0.551,-23.069,-173.022,195.866,-6.267,-10.072,-2.910,-31.875,5.125,22.375,-11.944,2.896,28.887,0.967,0.087,0.189,-0.147,1,-40.702,29.096,-27.725,0.000,2,32.119667,-110.762573,0.000000,1.879,2981.627441,21,40,47,40,3,3,U_TURN_HDG,AP_PROT_ROLL_MIN,11.816,30.000,0.000,4,-12,-8,14,ROLL_RIGHT
2260,240.980453,0,0.013,0.154,-3.345,-22.187,-173.876,196.244,5.148,6.267,2.798,-31.875,5.125,22.375,-11.765,3.101,28.938,0.969,0.079,0.183,-0.149,1,-42.521,29.093,-28.338,0.000,2,32.119667,-110.762573,0.000000,1.877,2981.627441,21,40,47,44,3,3,U_TURN_HDG,AP_PROT_ROLL_MIN,11.816,30.000,0.000,4,-12,-8,14,ROLL_RIGHT
2261,241.043335,0,-1.077,-0.936,5.677,-21.829,-172.397,194.667,18.912,6.491,33.796,-31.875,5.125,22.375,-11.560,3.563,28.964,0.970,0.089,0.179,-0.138,1,-45.555,29.169,-29.332,0.000,2,32.119667,-110.762566,33.470001,2.029,2981.627441,21,40,47,52,3,3,U_TURN_HDG,AP_PROT_ROLL_MIN,11.816,30.000,0.000,4,-12,-8,14,ROLL_RIGHT
2262,241.130936,0,-2.179,2.294,-3.486,-22.446,-171.494,193.640,3.805,1.455,8.617,-31.875,5.125,22.375,-11.970,4.204,28.733,0.970,0.095,0.184,-0.130,1,-40.614,29.117,-27.695,0.000,2,32.119667,-110.762558,66.699997,2.164,2981.627441,21,40,47,60,3,3,U_TURN_HDG,AP_PROT_ROLL_MIN,11.816,30.000,0.000,4,-12,-8,14,ROLL_RIGHT
2263,241.330200,0,-0.269,0.192,-2.960,-22.346,-170.645,192.829,5.483,-9.736,5.371,-31.875,5.125,22.375,-11.611,4.691,28.810,0.970,0.101,0.183,-0.125,1,-41.993,29.186,-28.161,0.000,2,32.119667,-110.762550,83.489998,2.299,2981.627441,21,40,47,80,3,3,U_TURN_HDG,AP_PROT_ROLL_MIN,11.816,30.000,0.000,4,-12,-8,14,ROLL_RIGHT
2264,241.390717,0,-0.679,-0.320,-0.090,-20.917,-169.771,192.122,4.029,-13.093,24.172,-31.875,5.125,22.375,-11.047,8.279,28.220,0.972,0.106,0.171,-0.120,1,-42.050,29.086,-28.181,0.000,2,32.119667,-110.762550,84.820000,2.321,2981.627441,21,40,47,84,3,3,U_TURN_HDG,AP_PROT_ROLL_MIN,11.816,30.000,0.000,4,-12,-8,14,ROLL_RIGHT
2265,241.451828,0,-1.423,-1.961,-0.513,-20.063,-162.872,186.646,5.260,-4.588,21.150,-31.875,5.125,22.375,-10.765,8.484,28.272,0.971,0.156,0.163,-0.082,1,-41.963,29.100,-28.151,0.000,2,32.119667,-110.762543,87.010002,2.430,2981.627441,21,40,47,92,3,3,U_TURN_HDG,AP_PROT_ROLL_MIN,11.816,30.000,0.000,4,-12,-8,14,ROLL_RIGHT
2266,241.523361,0,-1.192,3.832,2.230,-20.184,-162.127,186.178,-0.671,5.371,5.483,-31.875,5.125,22.375,-10.817,8.817,28.169,0.970,0.162,0.165,-0.080,1,-41.310,29.139,-27.931,0.000,2,32.119667,-110.762543,88.870003,2.400,2981.627441,21,40,48,0,3,3,U_TURN_HDG,AP_PROT_ROLL_MIN,11.816,30.000,0.000,4,-12,-8,14,ROLL_RIGHT
2267,241.611328,0,0.500,-0.103,-1.410,-20.280,-162.302,185.754,-2.350,6.826,5.036,-31.875,5.125,22.375,-10.996,8.766,28.143,0.970,0.160,0.166,-0.076,1,-41.387,29.143,-27.958,0.000,2,32.119667,-110.762543,90.959999,2.380,2981.299316,21,40,48,8,3,3,U_TURN_HDG,AP_PROT_ROLL_MIN,11.816,30.000,0.000,4,-12,-8,14,ROLL_RIGHT
2268,241.666504,0,3.089,-1.640,-3.191,-20.809,-161.781,185.151,-11.414,6.714,0.448,-31.875,5.125,22.375,-11.329,8.920,27.913,0.969,0.164,0.171,-0.072,1,-41.958,29.112,-28.150,0.000,2,32.119667,-110.762543,91.849998,2.412,2981.299316,21,40,48,12,3,3,U_TURN_HDG,AP_PROT_ROLL_MIN,11.816,30.000,0.000,4,-12,-8,14,ROLL_RIGHT
2269,241.737518,0,0.577,-0.782,1.102,-21.524,-162.145,185.109,-2.798,4.588,-9.848,-31.875,5.125,22.375,-11.483,8.792,27.887,0.968,0.161,0.177,-0.072,1,-42.440,29.098,-28.311,0.000,2,32.119663,-110.762535,93.440002,2.457,2981.299316,21,40,48,20,3,3,U_TURN_HDG,AP_PROT_ROLL_MIN,11.816,30.000,0.000,4,-12,-8,14,ROLL_RIGHT
2270,241.786667,0,1.153,-0.474,-0.308,-21.358,-162.750,185.431,-15.667,-12.645,-10.519,-31.875,5.125,22.375,-11.406,8.382,28.041,0.969,0.156,0.176,-0.074,1,-43.360,29.146,-28.616,0.000,2,32.119663,-110.762535,94.080002,2.505,2981.299316,21,40,48,24,3,3,U_TURN_HDG,AP_PROT_ROLL_MIN,11.816,30.000,0.000,4,-12,-8,14,ROLL_RIGHT
2271,241.859772,0,0.846,-0.730,-0.423,-20.851,-164.285,186.179,-29.655,-27.529,6.491,-31.875,5.125,22.375,-10.842,7.305,28.554,0.971,0.144,0.172,-0.077,1,-41.047,29.184,-27.843,0.000,2,32.119663,-110.762527,95.129997,2.603,2981.299316,21,40,48,32,3,3,U_TURN_HDG,AP_PROT_ROLL_MIN,11.816,30.000,0.000,4,-12,-8,14,ROLL_RIGHT
2272,241.919891,0,1.217,-2.538,-0.820,-20.224,-165.822,187.040,-11.414,-2.686,-10.743,-31.875,5.125,22.375,-10.842,7.049,28.605,0.974,0.132,0.166,-0.082,1,-41.555,29.129,-28.014,0.000,2,32.119663,-110.762527,95.580002,2.646,2981.299316,21,40,48,36,3,3,U_TURN_HDG,AP_PROT_ROLL_MIN,11.816,30.000,0.000,4,-12,-8,14,ROLL_RIGHT
2273,242.407394,0,-1.243,1.166,1.743,-19.787,-166.513,187.370,-17.569,-5.148,-5.260,-31.875,5.125,22.375,-10.637,6.741,28.759,0.975,0.126,0.163,-0.083,1,-43.722,29.204,-28.735,0.000,2,32.119663,-110.762527,95.570000,2.690,2981.299316,21,40,48,88,3,3,U_TURN_HDG,AP_PROT_ROLL_MIN,11.816,30.000,0.000,4,-12,-8,14,ROLL_RIGHT
2274,242.495285,0,-1.384,0.615,0.756,-19.691,-166.775,187.459,-6.379,1.343,1.007,-31.875,5.125,22.375,-10.150,5.203,29.220,0.975,0.124,0.162,-0.083,1,-42.430,29.115,-28.308,0.000,2,32.119667,-110.762520,94.519997,2.829,2981.299316,21,40,48,96,3,3,U_TURN_HDG,AP_PROT_ROLL_MIN,11.816,30.000,0.000,4,-12,-8,14,ROLL_RIGHT
2275,242.571243,0,1.153,-0.820,-0.859,-19.702,-169.035,189.238,8.505,18.017,-8.057,-31.875,5.125,22.375,-10.611,5.511,28.989,0.976,0.108,0.162,-0.095,1,-43.109,29.171,-28.533,0.000,2,32.119667,-110.762520,93.820000,2.802,2981.299316,21,40,49,4,3,3,U_TURN_HDG,AP_PROT_ROLL_MIN,11.816,30.000,0.000,4,-12,-8,14,ROLL_RIGHT
2276,242.636505,0,1.910,2.448,1.769,-20.834,-168.968,189.385,0.671,26.857,-7.610,-31.875,5.125,22.375,-10.945,5.511,28.861,0.974,0.109,0.172,-0.097,1,-43.069,29.101,-28.520,0.000,2,32.119663,-110.762520,94.019997,2.751,2981.299316,21,40,49,8,3,3,U_TURN_HDG,AP_PROT_ROLL_MIN,11.816,30.000,0.000,4,-12,-8,14,ROLL_RIGHT
2277,242.684509,0,-1.538,-0.846,-1.922,-21.398,-168.959,189.496,0.000,1.231,9.960,-31.875,5.125,22.375,-11.483,5.511,28.656,0.973,0.109,0.176,-0.099,1,-42.603,29.092,-28.365,0.000,2,32.119663,-110.762520,94.349998,2.731,2980.971191,21,40,49,12,3,3,U_TURN_HDG,AP_PROT_ROLL_MIN,11.816,30.000,0.000,4,-12,-8,14,ROLL_RIGHT
2278,242.740509,0,-1.538,-1.256,-1.679,-21.437,-168.883,188.746,-4.812,3.581,11.750,-31.875,5.125,22.375,-11.509,5.511,28.656,0.974,0.109,0.177,-0.093,1,-42.028,29.127,-28.173,0.000,2,32.119667,-110.762512,94.180000,2.782,2980.971191,21,40,49,20,3,3,U_TURN_HDG,AP_PROT_ROLL_MIN,11.816,30.000,0.000,4,-12,-8,14,ROLL_RIGHT
2279,242.796509,0,0.538,-2.409,-2.051,-21.720,-168.330,187.456,-4.141,-5.371,24.843,-31.875,5.125,22.375,-11.509,5.690,28.605,0.974,0.112,0.181,-0.083,1,-41.477,29.127,-27.988,0.000,2,32.119667,-110.762512,93.440002,2.836,2980.971191,21,40,49,24,3,3,U_TURN_HDG,AP_PROT_ROLL_MIN,11.816,30.000,0.000,4,-12,-8,14,ROLL_RIGHT
2280,242.849503,0,-0.718,-1.205,-1.064,-21.939,-167.993,186.827,6.602,8.617,15.107,-31.875,5.125,22.375,-11.765,5.972,28.451,0.973,0.114,0.183,-0.078,1,-42.591,29.110,-28.361,0.000,2,32.119667,-110.762512,91.800003,2.925,2981.299316,21,40,49,32,3,3,U_TURN_HDG,AP_PROT_ROLL_MIN,11.816,30.000,0.000,4,-12,-8,14,ROLL_RIGHT
