Line_Num,ESP32_Time_s,ID0_IMU,LinAcc_x,LinAcc_y,LinAcc_z,Pitch,Roll,Yaw,Gyro_x,Gyro_y,Gyro_z,Magnet_uT_x,Magnet_uT_y,Magnet_uT_z,Grav_x,Grav_y,Grav_z,Quat_re,Quat_i,Quat_j,Quat_k,ID1_ASPD,RawPress_Pa,temp_C,RawAirspeed,CorrAirspeed,ID2_GPS,latitude,longitude,heading,gnd_speed,altitude,hours,mins,secs,hundredths,satellites,ID3_AP,Flight_Phase,AP_Mode,AP_HDG_TGT,AP_ROLL_TGT,AP_PITCH_TGT,ID4_SERVO,servo_L_angle,servo_R_angle,servo_Angle_TGT,servo_Action_TGT
1,0.037220,0,-18.314,15.405,62.246,-17.877,15.631,296.453,-148.723,227.169,42.748,-31.875,5.125,22.375,-12.585,-10.381,-29.681,0.202,-0.497,0.843,-0.033,1,-357.855,-3.461,-77.443,0.000,2,0.000000,0.000000,0.000000,0.000,0.000000,0,0,0,0,0,3,U_TURN_HDG,AP_HDG_SEL_IMU,116.453,30.000,0.000,4,-14,-19,14,ROLL_RIGHT
2,0.110066,0,-27.336,5.562,-51.122,-10.449,14.832,299.064,416.178,122.089,-39.279,-31.875,5.125,22.375,-9.791,-11.022,-29.938,0.143,-0.491,0.857,-0.065,1,-294.461,-3.417,-70.249,0.000,2,41.518810,-86.239685,89.519997,63.227,297.000000,10,40,22,12,12,3,U_TURN_HDG,AP_HDG_SEL_IMU,116.453,30.000,0.000,4,-15,-20,15,ROLL_RIGHT
3,0.184293,0,-27.656,-29.476,-182.394,-5.100,96.738,286.620,1997.631,-315.574,191.918,-31.875,5.125,22.375,-2.320,18.903,25.901,0.470,-0.370,0.552,-0.581,1,-293.720,-3.437,-70.161,0.000,2,41.518810,-86.239670,89.169998,63.242,297.000000,10,40,22,20,12,3,U_TURN_HDG,AP_PROT_ROLL_MAX,116.453,-30.000,0.000,4,20,15,20,ROLL_LEFT
4,0.294347,0,-10.945,-85.110,-37.730,-15.689,-69.138,281.402,1577.648,-427.704,-130.146,-31.875,5.125,22.375,-8.689,28.925,-11.022,0.269,0.577,-0.582,-0.506,1,-276.662,-3.362,-68.093,0.000,2,41.518818,-86.239639,88.169998,62.608,297.000000,10,40,22,32,12,3,U_TURN_HDG,AP_PROT_ROLL_MIN,116.453,30.000,0.000,4,-20,-25,20,ROLL_RIGHT
5,0.377971,0,-24.030,-0.666,-51.404,-2.162,173.553,290.196,-1998.414,-123.992,41.853,-31.875,5.125,22.375,1.115,-4.729,31.783,0.572,-0.017,0.057,-0.818,1,-226.529,-3.404,-61.616,0.000,2,41.518818,-86.239624,87.510002,61.855,297.200012,10,40,22,40,12,3,U_TURN_HDG,AP_PROT_ROLL_MAX,116.453,-30.000,0.000,4,20,15,20,ROLL_LEFT
6,0.502191,0,-38.127,15.097,26.349,30.418,-155.612,285.878,683.185,-434.642,70.501,-31.875,5.125,22.375,17.109,12.547,24.158,0.613,-0.082,-0.317,-0.719,1,-225.710,-3.371,-61.504,0.000,2,41.518818,-86.239601,86.110001,58.726,297.500000,10,40,22,52,12,3,U_TURN_HDG,AP_PROT_ROLL_MIN,116.453,30.000,0.000,4,-20,-25,20,ROLL_RIGHT
7,0.578703,0,-18.621,-26.952,47.008,30.896,112.349,281.366,-1654.528,-328.779,20.591,-31.875,5.125,22.375,6.087,-1.833,-31.514,0.393,-0.511,0.275,-0.713,1,-215.321,-3.353,-60.072,0.000,2,41.518818,-86.239594,85.459999,55.689,297.600006,10,40,22,60,12,3,U_TURN_HDG,AP_PROT_ROLL_MAX,116.453,-30.000,0.000,4,20,15,20,ROLL_LEFT
8,0.659293,0,-12.303,-27.323,51.225,-6.138,-61.149,273.588,419.647,55.617,-330.682,-31.875,5.125,22.375,-6.164,25.362,-18.788,0.314,0.608,-0.608,-0.402,1,-216.815,-3.403,-60.280,0.000,2,41.518818,-86.239578,85.120003,53.588,297.700012,10,40,22,68,12,3,U_TURN_HDG,AP_PROT_ROLL_MIN,116.453,30.000,0.000,4,-20,-25,20,ROLL_RIGHT
9,0.737317,0,-10.842,-33.103,-48.546,-13.218,-59.154,252.301,-793.077,209.935,-14.995,-31.875,5.125,22.375,-6.728,31.053,-4.960,0.337,0.731,-0.464,-0.370,1,-145.916,-3.433,-49.452,0.000,2,41.518822,-86.239571,85.139999,50.668,297.700012,10,40,22,76,12,3,U_TURN_HDG,AP_PROT_ROLL_MIN,116.453,30.000,0.000,4,-20,-25,20,ROLL_RIGHT
10,0.823239,0,-14.546,11.457,57.287,-9.324,-21.354,244.982,1587.272,127.237,92.434,-31.875,5.125,22.375,-0.769,-16.866,-27.362,0.113,0.834,-0.513,-0.167,1,-196.271,-3.397,-57.353,0.000,2,41.518822,-86.239555,84.940002,48.212,297.600006,10,40,22,84,12,3,U_TURN_HDG,AP_HDG_SEL_IMU,116.453,-30.000,0.000,4,9,4,9,ROLL_LEFT
11,0.942222,0,-29.515,17.378,-6.549,10.746,75.392,265.325,1762.181,356.756,-421.997,-31.875,5.125,22.375,9.202,-28.784,10.983,0.397,-0.618,0.492,-0.467,1,-199.523,-3.364,-57.826,0.000,2,41.518822,-86.239532,86.110001,45.076,297.200012,10,40,22,96,12,3,U_TURN_HDG,AP_PROT_ROLL_MAX,116.453,-30.000,0.000,4,20,15,20,ROLL_LEFT
12,1.017015,0,2.448,-2.807,-28.823,16.778,158.422,306.810,-334.822,129.475,-102.394,-31.875,5.125,22.375,-13.482,-12.867,-21.992,0.411,-0.211,0.101,-0.881,1,-25.862,-3.365,-20.819,0.000,2,41.518822,-86.239525,86.669998,40.545,296.799988,10,40,23,4,12,3,U_TURN_HDG,AP_PROT_ROLL_MAX,116.453,-30.000,0.000,4,20,15,20,ROLL_LEFT
13,1.102273,0,3.576,-3.858,2.153,10.078,135.195,326.472,-59.982,-222.581,83.929,-31.875,5.125,22.375,-19.403,-5.562,-27.528,0.234,-0.187,0.340,-0.891,1,-81.756,-3.434,-37.016,0.000,2,41.518822,-86.239525,86.300003,36.408,296.399994,10,40,23,12,12,3,U_TURN_HDG,AP_PROT_ROLL_MAX,116.453,-30.000,0.000,4,20,15,20,ROLL_LEFT
14,1.178107,0,12.636,-18.519,0.577,16.623,109.148,300.446,-852.051,-400.623,66.808,-31.875,5.125,22.375,-27.785,9.022,-18.890,0.328,-0.387,0.439,-0.741,1,-158.584,-3.375,-51.554,0.000,2,41.518826,-86.239517,85.690002,32.664,295.700012,10,40,23,20,12,3,U_TURN_HDG,AP_PROT_ROLL_MAX,116.453,-30.000,0.000,4,20,15,20,ROLL_LEFT
15,1.313445,0,5.024,8.253,-30.617,9.579,33.707,272.861,-1221.116,-293.529,-235.338,-31.875,5.125,22.375,-27.169,-2.845,12.149,0.141,-0.675,0.674,-0.264,1,-151.532,-3.360,-50.394,0.000,2,41.518826,-86.239510,86.070000,28.038,294.500000,10,40,23,32,12,3,U_TURN_HDG,AP_PROT_ROLL_MAX,116.453,-30.000,0.000,4,20,15,20,ROLL_LEFT
16,1.375312,0,2.127,7.484,-23.427,-30.984,100.980,294.951,-438.335,-275.065,-244.067,-31.875,5.125,22.375,-17.199,-15.148,-2.461,0.543,-0.156,0.628,-0.536,1,-129.045,-3.330,-46.505,0.000,2,41.518826,-86.239502,86.620003,26.365,294.000000,10,40,23,40,12,3,U_TURN_HDG,AP_PROT_ROLL_MAX,116.453,-30.000,0.000,4,20,15,20,ROLL_LEFT
17,1.433300,0,1.038,4.742,-22.325,-28.090,98.089,292.336,-567.251,-307.070,-219.000,-31.875,5.125,22.375,-16.789,-12.226,-9.227,0.540,-0.202,0.630,-0.520,1,-118.380,-3.379,-44.542,0.000,2,41.518826,-86.239502,86.650002,25.661,293.899994,10,40,23,44,12,3,U_TURN_HDG,AP_PROT_ROLL_MAX,116.453,-30.000,0.000,4,20,15,20,ROLL_LEFT
18,1.497976,0,4.870,-3.140,-18.609,-15.057,41.996,249.057,-593.772,-310.427,-217.433,-31.875,5.125,22.375,-18.506,-8.407,-11.842,0.362,-0.736,0.563,-0.101,1,-130.326,-3.388,-46.735,0.000,2,41.518826,-86.239494,85.650002,23.947,293.399994,10,40,23,52,12,3,U_TURN_HDG,AP_PROT_ROLL_MAX,116.453,-30.000,0.000,4,20,15,20,ROLL_LEFT
19,1.697401,0,10.150,-7.574,-24.312,-27.459,8.421,226.626,-694.487,-348.139,-245.745,-31.875,5.125,22.375,-20.326,-5.639,-12.098,0.159,-0.883,0.399,0.189,1,-114.382,-3.403,-43.783,0.000,2,41.518833,-86.239487,73.500000,19.766,291.899994,10,40,23,72,12,3,U_TURN_HDG,AP_PROT_PITCH_MIN,116.453,-30.000,20.000,4,20,-25,20,PITCH_NOSE_UP
20,1.777077,0,10.945,-1.333,-35.794,-42.188,-11.015,214.644,-514.095,-451.652,-316.582,-31.875,5.125,22.375,-22.889,-12.303,-5.485,0.021,-0.897,0.244,0.369,1,-50.726,-3.384,-29.157,0.000,2,41.518837,-86.239487,71.730003,18.611,291.299988,10,40,23,80,12,3,U_TURN_HDG,AP_PROT_PITCH_MIN,116.453,-30.000,20.000,4,20,-25,20,PITCH_NOSE_UP
21,1.855227,0,11.931,2.704,-32.911,-16.382,110.174,311.015,-526.181,-519.019,-332.248,-31.875,5.125,22.375,-22.505,-13.995,-7.126,0.411,-0.129,0.564,-0.705,1,-53.594,-3.341,-29.970,0.000,2,41.518837,-86.239479,71.209999,17.406,290.700012,10,40,23,88,12,3,U_TURN_HDG,AP_PROT_ROLL_MAX,116.453,-30.000,20.000,4,20,15,20,ROLL_LEFT
22,1.942078,0,11.842,1.307,-31.706,12.781,60.994,260.840,-520.586,-564.901,-361.903,-31.875,5.125,22.375,-21.838,-16.609,-8.100,0.322,-0.689,0.512,-0.400,1,-30.072,-3.333,-22.450,0.000,2,41.518841,-86.239479,71.559998,16.399,289.700012,10,40,23,96,12,3,U_TURN_HDG,AP_PROT_ROLL_MAX,116.453,-30.000,20.000,4,20,15,20,ROLL_LEFT
23,2.024030,0,13.533,4.075,-31.809,-7.182,8.181,209.242,-588.177,-571.839,-432.740,-31.875,5.125,22.375,-20.582,-17.788,-11.380,0.085,-0.962,0.256,0.042,1,2.702,-3.373,6.729,0.000,2,41.518841,-86.239471,71.339996,15.570,288.700012,10,40,24,4,12,3,U_TURN_HDG,AP_HDG_SEL_IMU,116.453,-30.000,20.000,4,20,15,20,ROLL_LEFT
24,2.142058,0,12.803,4.383,-32.360,-66.286,-4.232,162.112,-402.525,-681.059,-446.728,-31.875,5.125,22.375,-20.428,-19.659,-10.817,0.115,0.823,0.150,-0.535,1,70.940,-3.409,34.481,34.481,2,41.518845,-86.239471,61.529999,14.503,287.399994,10,40,24,16,12,3,U_TURN_HDG,AP_PROT_PITCH_MIN,116.453,-30.000,20.000,4,20,-25,20,PITCH_NOSE_UP
25,2.257949,0,12.995,7.754,-37.512,-76.931,103.916,34.680,-500.443,-837.503,-468.550,-31.875,5.125,22.375,-18.506,-23.709,-9.740,0.182,0.611,0.315,-0.703,1,39.875,-3.371,25.851,25.851,2,41.518848,-86.239464,59.869999,11.886,286.299988,10,40,24,28,12,3,U_TURN_HDG,AP_PROT_ROLL_MAX,116.453,-30.000,20.000,4,20,15,20,ROLL_LEFT
26,2.339996,0,3.909,11.444,-22.658,9.659,101.841,311.965,-448.407,-871.523,-659.797,-31.875,5.125,22.375,-14.200,-26.144,-13.277,0.266,-0.315,0.547,-0.728,1,64.243,-3.332,32.813,32.813,2,41.518848,-86.239464,64.699997,9.280,285.899994,10,40,24,36,12,3,U_TURN_HDG,AP_PROT_ROLL_MAX,116.453,-30.000,20.000,4,20,15,20,ROLL_LEFT
27,2.417353,0,9.650,6.216,-32.911,-3.912,-0.989,190.806,-515.886,-841.867,-721.457,-31.875,5.125,22.375,-12.278,-23.427,-21.377,0.005,0.995,-0.094,-0.035,1,155.228,-3.336,51.005,51.005,2,41.518848,-86.239464,66.099998,8.834,285.299988,10,40,24,44,12,3,U_TURN_HDG,AP_HDG_SEL_IMU,116.453,-30.000,20.000,4,20,15,20,ROLL_LEFT
28,2.495491,0,8.138,17.417,-22.479,-79.406,28.111,98.775,-254.138,-1094.103,-724.254,-31.875,5.125,22.375,-19.813,-26.093,-16.097,0.262,0.668,0.368,-0.592,1,64.969,-3.355,32.997,32.997,2,41.518852,-86.239464,62.939999,8.228,284.899994,10,40,24,52,12,3,U_TURN_HDG,AP_PROT_PITCH_MIN,116.453,-30.000,20.000,4,20,-25,20,PITCH_NOSE_UP
29,2.585078,0,2.115,18.596,-31.950,6.336,121.112,322.834,-553.934,-1017.112,-876.446,-31.875,5.125,22.375,-4.434,-31.040,-17.635,0.251,-0.202,0.450,-0.833,1,112.549,-3.341,43.431,43.431,2,41.518852,-86.239464,54.509998,7.195,284.299988,10,40,24,60,12,3,U_TURN_HDG,AP_PROT_ROLL_MAX,116.453,-30.000,20.000,4,20,15,20,ROLL_LEFT
30,2.664609,0,1.051,17.160,-15.200,-9.526,-30.081,181.955,-488.581,-958.361,-987.121,-31.875,5.125,22.375,-11.201,-20.018,-28.451,0.257,0.963,0.005,-0.085,1,5.222,-3.373,9.356,0.000,2,41.518856,-86.239464,52.980000,6.523,284.000000,10,40,24,68,12,3,U_TURN_HDG,AP_PROT_ROLL_MIN,116.453,30.000,20.000,4,-20,-25,20,ROLL_RIGHT
31,2.777882,0,-4.063,19.531,-26.708,-65.842,127.988,3.391,-350.937,-1208.919,-986.226,-31.875,5.125,22.375,-10.355,-31.911,-14.713,0.216,0.499,0.353,-0.761,1,11.406,-3.334,13.826,0.000,2,41.518856,-86.239464,37.509998,5.631,283.399994,10,40,24,80,12,3,U_TURN_HDG,AP_PROT_ROLL_MAX,116.453,-30.000,20.000,4,20,15,20,ROLL_LEFT
32,2.861821,0,-20.492,10.586,-13.790,50.888,83.379,311.323,-34.803,-1284.791,-1403.859,-31.875,5.125,22.375,-6.357,-23.530,-27.605,0.045,0.538,-0.497,0.679,1,-19.476,-3.361,-18.067,0.000,2,41.518856,-86.239471,28.450001,4.549,282.899994,10,40,24,88,12,3,U_TURN_HDG,AP_PROT_ROLL_MAX,116.453,-30.000,20.000,4,20,15,20,ROLL_LEFT
33,2.946987,0,-20.903,12.342,-11.227,6.650,107.461,344.790,-142.456,-1484.655,-1311.984,-31.875,5.125,22.375,-2.819,-24.760,-27.836,0.073,-0.125,0.579,-0.802,1,-34.544,-3.374,-24.061,0.000,2,41.518856,-86.239471,10.600000,4.091,282.500000,10,40,24,96,12,3,U_TURN_HDG,AP_PROT_ROLL_MAX,116.453,-30.000,20.000,4,20,15,20,ROLL_LEFT
34,3.020002,0,-14.264,14.713,-16.520,33.046,-7.835,209.001,-330.122,-1421.651,-1524.381,-31.875,5.125,22.375,-9.586,-26.631,-25.016,0.134,0.921,-0.258,0.258,1,-24.525,-3.365,-20.274,0.000,2,41.518860,-86.239471,352.260010,4.449,281.899994,10,40,25,4,12,3,U_TURN_HDG,AP_PROT_PITCH_MAX,116.453,-30.000,-20.000,4,-20,15,20,PITCH_NOSE_DOWN
35,3.098137,0,-21.518,10.778,-19.301,-33.989,103.453,3.834,-416.290,-1320.824,-1643.561,-31.875,5.125,22.375,-2.768,-24.222,-29.835,0.156,0.249,0.584,-0.756,1,-37.361,-3.366,-25.023,0.000,2,41.518864,-86.239471,335.269989,5.475,281.399994,10,40,25,12,12,3,U_TURN_HDG,AP_PROT_ROLL_MAX,116.453,-30.000,-20.000,4,20,15,20,ROLL_LEFT
36,3.257066,0,-26.311,16.750,-4.319,58.670,29.487,243.933,-71.508,-1656.430,-1615.360,-31.875,5.125,22.375,-0.359,-25.811,-29.604,0.063,0.781,-0.341,0.519,1,-29.638,-3.354,-22.287,0.000,2,41.518864,-86.239479,312.170013,6.908,280.500000,10,40,25,28,12,3,U_TURN_HDG,AP_PROT_PITCH_MAX,116.453,-30.000,-20.000,4,-20,15,20,PITCH_NOSE_DOWN
37,3.386259,0,-24.824,16.186,-2.179,61.911,39.968,259.806,-230.526,-1525.500,-1829.996,-31.875,5.125,22.375,-2.563,-27.118,-27.605,0.085,0.731,-0.382,0.559,1,-36.690,-3.359,-24.797,0.000,2,41.518867,-86.239487,303.750000,7.556,279.600006,10,40,25,40,12,3,U_TURN_HDG,AP_PROT_ROLL_MAX,116.453,-30.000,-20.000,4,20,15,20,ROLL_LEFT
38,3.458195,0,-67.347,-21.095,-6.818,-27.632,-37.655,164.848,-197.626,-1863.120,-1930.152,-31.875,5.125,22.375,23.632,7.907,-20.326,0.340,0.901,0.198,-0.183,1,-31.048,-3.352,-22.811,0.000,2,41.518867,-86.239487,297.529999,8.375,279.100006,10,40,25,48,12,3,U_TURN_HDG,AP_PROT_ROLL_MIN,116.453,30.000,-20.000,4,-20,-25,20,ROLL_RIGHT
39,3.582205,0,-21.236,6.600,-55.069,-53.991,-33.051,160.356,-250.221,-1804.593,-1998.078,-31.875,5.125,22.375,-31.463,0.795,-6.574,0.324,0.820,0.273,-0.386,1,-29.947,-3.375,-22.403,0.000,2,41.518867,-86.239494,287.880005,10.817,278.500000,10,40,25,60,12,3,U_TURN_HDG,AP_PROT_ROLL_MIN,116.453,30.000,-20.000,4,-20,-25,20,ROLL_RIGHT
40,3.657436,0,-42.279,-9.458,-21.120,53.161,95.894,320.190,220.119,-1734.876,-1998.078,-31.875,5.125,22.375,-25.683,8.561,-17.340,0.056,0.516,-0.450,0.726,1,-30.993,-3.392,-22.791,0.000,2,41.518871,-86.239502,285.369995,12.024,277.899994,10,40,25,68,12,3,U_TURN_HDG,AP_PROT_ROLL_MAX,116.453,-30.000,-20.000,4,20,15,20,ROLL_LEFT
41,3.728519,0,-93.901,-16.417,-3.499,11.014,115.731,356.855,-574.077,-1923.885,-1998.078,-31.875,5.125,22.375,27.054,-17.160,-2.794,0.028,0.096,-0.527,0.844,1,-25.813,-3.418,-20.799,0.000,2,41.518871,-86.239502,286.279999,12.392,277.500000,10,40,25,72,12,3,U_TURN_HDG,AP_PROT_ROLL_MAX,116.453,-30.000,-20.000,4,20,15,20,ROLL_LEFT
42,3.781945,0,-29.169,-8.766,-19.249,-49.018,-13.398,168.353,-383.837,-1941.790,-1998.078,-31.875,5.125,22.375,-29.886,-3.678,-11.291,0.147,0.894,0.140,-0.399,1,-33.726,-3.366,-23.774,0.000,2,41.518871,-86.239502,289.700012,12.542,276.700012,10,40,25,80,12,3,U_TURN_HDG,AP_PROT_PITCH_MIN,116.453,-30.000,20.000,4,20,-25,20,PITCH_NOSE_UP
43,3.864079,0,-85.110,-1.243,-29.399,1.174,100.054,0.083,-357.539,-1463.840,-1998.078,-31.875,5.125,22.375,21.313,-23.748,-4.011,0.007,0.007,-0.642,0.766,1,-26.020,-3.385,-20.883,0.000,2,41.518875,-86.239510,292.399994,12.684,276.100006,10,40,25,88,12,3,U_TURN_HDG,AP_PROT_ROLL_MAX,116.453,-30.000,20.000,4,20,15,20,ROLL_LEFT
44,3.947293,0,-31.386,2.281,-22.325,-0.997,-23.495,192.641,-346.684,-1459.923,-1998.078,-31.875,5.125,22.375,-17.583,-26.695,3.435,0.201,0.973,-0.106,-0.031,1,-29.212,-3.388,-22.126,0.000,2,41.518879,-86.239510,293.869995,13.403,275.399994,10,40,25,96,12,3,U_TURN_HDG,AP_HDG_SEL_IMU,116.453,-30.000,20.000,4,7,2,7,ROLL_LEFT
45,4.023263,0,-81.931,8.394,-22.466,58.348,35.169,269.520,-242.164,-1712.495,-1998.078,-31.875,5.125,22.375,27.375,-9.714,-13.790,0.140,0.695,-0.482,0.516,1,-30.095,-3.378,-22.458,0.000,2,41.518879,-86.239517,296.079987,13.978,274.500000,10,40,26,4,12,3,U_TURN_HDG,AP_PROT_ROLL_MAX,116.453,-30.000,20.000,4,20,15,20,ROLL_LEFT
46,4.145197,0,-32.424,0.936,-28.182,-70.938,29.249,104.339,-327.884,-1450.188,-1998.078,-31.875,5.125,22.375,-20.941,-23.863,5.075,0.182,0.712,0.368,-0.570,1,-30.765,-3.378,-22.707,0.000,2,41.518887,-86.239525,300.070007,15.079,273.299988,10,40,26,16,12,3,U_TURN_HDG,AP_PROT_PITCH_MIN,116.453,-30.000,20.000,4,20,-25,20,PITCH_NOSE_UP
47,4.222260,0,-39.498,10.547,-31.847,-54.784,-22.811,165.174,-324.863,-1701.640,-1998.078,-31.875,5.125,22.375,-17.250,13.841,-23.338,0.232,0.851,0.203,-0.425,1,-32.834,-3.363,-23.458,0.000,2,41.518890,-86.239525,302.750000,15.818,272.600006,10,40,26,24,12,3,U_TURN_HDG,AP_PROT_PITCH_MIN,116.453,-30.000,20.000,4,20,-25,20,PITCH_NOSE_UP
48,4.416322,0,-81.150,-7.190,-16.545,58.289,65.703,308.197,-276.184,-1499.202,-1998.078,-31.875,5.125,22.375,-13.252,-28.310,7.497,0.161,0.558,-0.545,0.605,1,-27.214,-3.396,-21.356,0.000,2,41.518902,-86.239532,305.269989,16.009,270.500000,10,40,26,44,12,3,U_TURN_HDG,AP_PROT_ROLL_MAX,116.453,-30.000,20.000,4,20,15,20,ROLL_LEFT
49,4.744201,0,-29.515,-31.309,-4.691,-19.193,-30.685,184.562,-349.594,-1459.811,-1998.078,-31.875,5.125,22.375,-4.601,17.865,-26.336,0.254,0.952,0.006,-0.171,1,-23.711,-3.370,-19.934,0.000,2,41.518913,-86.239555,304.049988,16.957,267.000000,10,40,26,76,12,3,U_TURN_HDG,AP_PROT_ROLL_MIN,116.453,30.000,20.000,4,-20,-25,20,ROLL_RIGHT
50,4.822282,0,-12.393,-5.075,-24.965,-50.356,101.456,19.972,-337.284,-1452.873,-1998.078,-31.875,5.125,22.375,-30.091,2.217,-11.098,0.144,0.424,0.507,-0.737,1,-27.884,-3.404,-21.618,0.000,2,41.518917,-86.239563,302.450012,17.140,265.899994,10,40,26,84,12,3,U_TURN_HDG,AP_PROT_ROLL_MAX,116.453,-30.000,20.000,4,20,15,20,ROLL_LEFT
51,4.900420,0,-85.430,-21.505,-5.331,12.099,103.379,351.267,-211.726,-1437.206,-1998.078,-31.875,5.125,22.375,27.003,1.269,-17.417,0.006,0.129,-0.608,0.783,1,-30.242,-3.371,-22.513,0.000,2,41.518921,-86.239571,300.380005,17.332,264.899994,10,40,26,92,12,3,U_TURN_HDG,AP_PROT_ROLL_MAX,116.453,-30.000,20.000,4,20,15,20,ROLL_LEFT
52,4.956404,0,-31.155,14.738,-33.718,-31.674,-26.297,172.821,-202.550,-1807.279,-1998.078,-31.875,5.125,22.375,-20.736,-23.530,7.074,0.235,0.931,0.121,-0.252,1,-31.940,-3.356,-23.136,0.000,2,41.518921,-86.239571,299.029999,17.530,264.299988,10,40,26,96,12,3,U_TURN_HDG,AP_PROT_PITCH_MIN,116.453,-30.000,20.000,4,20,-25,20,PITCH_NOSE_UP
53,5.065173,0,-74.537,-1.410,-6.882,51.593,80.947,319.252,-514.319,-1516.771,-1998.078,-31.875,5.125,22.375,25.926,1.115,-18.980,0.107,0.503,-0.544,0.663,1,-32.601,-3.347,-23.374,0.000,2,41.518929,-86.239578,301.200012,19.147,262.799988,10,40,27,8,12,3,U_TURN_HDG,AP_PROT_ROLL_MAX,116.453,-30.000,20.000,4,20,15,20,ROLL_LEFT
54,5.146051,0,-70.371,-8.048,-19.775,-10.944,112.252,6.582,-178.154,-1050.124,-1998.078,-31.875,5.125,22.375,-6.100,-29.220,11.957,0.006,0.111,0.549,-0.828,1,-38.259,-3.379,-25.322,0.000,2,41.518932,-86.239578,303.640015,19.332,261.700012,10,40,27,16,12,3,U_TURN_HDG,AP_PROT_ROLL_MAX,116.453,-30.000,20.000,4,20,15,20,ROLL_LEFT
55,5.346231,0,-47.726,-26.183,-8.804,-11.986,-33.842,193.051,20.591,-1657.885,-1998.078,-31.875,5.125,22.375,-6.677,17.519,-26.119,0.276,0.949,-0.078,-0.132,1,-30.229,-3.348,-22.508,0.000,2,41.518944,-86.239594,306.459991,18.947,259.299988,10,40,27,36,12,3,U_TURN_HDG,AP_PROT_ROLL_MIN,116.453,30.000,20.000,4,-20,-25,20,ROLL_RIGHT
56,5.423152,0,-25.632,11.701,-40.113,-60.759,101.654,37.404,-330.010,-1378.568,-1998.078,-31.875,5.125,22.375,-4.550,-31.527,4.409,0.088,0.546,0.390,-0.736,1,-24.243,-3.392,-20.157,0.000,2,41.518944,-86.239594,303.239990,18.265,258.600006,10,40,27,44,12,3,U_TURN_HDG,AP_PROT_ROLL_MAX,116.453,-30.000,20.000,4,20,15,20,ROLL_LEFT
57,5.498119,0,-68.449,-15.661,5.524,7.273,-22.495,199.307,-71.620,-1671.761,-1998.078,-31.875,5.125,22.375,4.075,12.201,-29.463,0.202,0.963,-0.176,0.029,1,-33.297,-3.397,-23.623,0.000,2,41.518948,-86.239601,299.559998,17.648,257.799988,10,40,27,52,12,3,U_TURN_HDG,AP_HDG_SEL_IMU,116.453,-30.000,20.000,4,8,3,8,ROLL_LEFT
58,5.580224,0,-56.338,-26.401,4.716,7.606,111.829,0.262,-166.404,-1433.290,-1998.078,-31.875,5.125,22.375,4.255,-29.579,11.855,0.039,0.054,-0.559,0.826,1,-34.838,-3.366,-24.163,0.000,2,41.518948,-86.239601,296.709991,16.784,257.000000,10,40,27,60,12,3,U_TURN_HDG,AP_PROT_ROLL_MAX,116.453,-30.000,20.000,4,20,15,20,ROLL_LEFT
59,5.635522,0,-24.786,-33.103,-10.663,-44.624,-43.516,185.651,30.550,-1953.764,-1998.078,-31.875,5.125,22.375,25.939,2.743,-18.801,0.325,0.865,0.098,-0.369,1,-22.232,-3.379,-19.303,0.000,2,41.518951,-86.239601,295.869995,16.618,256.600006,10,40,27,64,12,3,U_TURN_HDG,AP_PROT_ROLL_MIN,116.453,30.000,20.000,4,-20,-25,20,ROLL_RIGHT
60,5.704511,0,-71.499,8.151,-47.072,10.948,117.568,0.986,-318.596,-1399.494,-1998.078,-31.875,5.125,22.375,-19.954,-22.223,11.906,0.057,0.077,-0.517,0.851,1,-37.872,-3.352,-25.194,0.000,2,41.518951,-86.239609,296.540009,16.097,255.699997,10,40,27,72,12,3,U_TURN_HDG,AP_PROT_ROLL_MAX,116.453,-30.000,20.000,4,20,15,20,ROLL_LEFT
61,5.856307,0,79.291,-206.039,-197.504,42.935,-39.167,206.307,527.860,-130.818,-1804.705,-31.875,5.125,22.375,13.598,20.531,-20.672,0.382,0.826,-0.319,0.265,1,-40.468,-3.352,-26.043,0.000,2,41.518955,-86.239616,296.549988,15.388,254.399994,10,40,27,88,12,3,U_TURN_HDG,AP_PROT_ROLL_MIN,116.453,30.000,20.000,4,-20,-25,20,ROLL_RIGHT
62,5.942241,0,-5.088,27.567,-8.266,18.697,-5.798,193.440,954.669,147.604,104.744,-31.875,5.125,22.375,3.717,-29.579,12.047,0.069,0.978,-0.123,0.155,1,-33.362,-3.378,-23.646,0.000,2,41.518959,-86.239616,298.459991,14.149,254.100006,10,40,27,96,12,3,U_TURN_HDG,AP_HDG_SEL_IMU,116.453,-30.000,20.000,4,20,15,20,ROLL_LEFT
63,6.017003,0,5.959,4.614,-33.693,-7.201,179.793,216.256,861.563,200.200,-2.350,-31.875,5.125,22.375,-4.037,-0.115,31.898,0.949,0.018,0.060,-0.310,1,-36.734,-3.309,-24.812,0.000,2,41.518959,-86.239624,298.350006,12.090,254.000000,10,40,28,4,12,3,U_TURN_HDG,AP_PROT_ROLL_MAX,116.453,-30.000,20.000,4,20,15,20,ROLL_LEFT
64,6.095574,0,5.677,3.255,-23.978,-29.355,-145.660,219.720,464.185,209.040,-135.070,-31.875,5.125,22.375,-15.763,15.815,23.132,0.844,0.351,0.131,-0.384,1,-37.068,-3.372,-24.925,0.000,2,41.518959,-86.239624,298.640015,9.516,253.899994,10,40,28,12,12,3,U_TURN_HDG,AP_PROT_ROLL_MIN,116.453,30.000,20.000,4,-20,-25,20,ROLL_RIGHT
65,6.218122,0,24.196,-23.825,-24.337,-39.418,-110.976,195.671,277.079,386.970,24.731,-31.875,5.125,22.375,-20.736,23.966,5.395,0.742,0.566,0.203,-0.295,1,-34.536,-3.356,-24.058,0.000,2,41.518959,-86.239624,305.940002,6.689,253.699997,10,40,28,24,12,3,U_TURN_HDG,AP_PROT_ROLL_MIN,116.453,30.000,20.000,4,-20,-25,20,ROLL_RIGHT
66,6.297982,0,-8.484,-11.188,-7.049,-40.729,-32.727,167.247,830.789,393.237,-70.165,-31.875,5.125,22.375,26.913,-57.056,-60.747,0.300,0.883,0.197,-0.302,1,-37.435,-3.369,-25.048,0.000,2,41.518959,-86.239624,314.119995,5.788,253.500000,10,40,28,32,12,3,U_TURN_HDG,AP_PROT_ROLL_MIN,116.453,30.000,20.000,4,-20,-25,20,ROLL_RIGHT
67,6.378118,0,0.231,-3.537,-19.788,-13.577,41.794,108.961,-90.868,25.962,-6.267,-31.875,5.125,22.375,-3.563,-9.817,-11.688,0.224,-0.780,-0.505,0.296,1,-36.611,-3.351,-24.770,0.000,2,41.518959,-86.239624,324.559998,5.404,253.399994,10,40,28,40,12,3,U_TURN_HDG,AP_PROT_ROLL_MAX,116.453,-30.000,20.000,4,20,15,20,ROLL_LEFT
68,6.475169,0,-0.449,-1.461,-16.097,-12.807,38.077,109.360,-6.267,3.245,-1.007,-31.875,5.125,22.375,-3.512,-9.484,-12.226,0.204,-0.788,-0.513,0.273,1,-36.637,-3.397,-24.779,0.000,2,41.518959,-86.239624,332.880005,5.035,253.500000,10,40,28,48,12,3,U_TURN_HDG,AP_PROT_ROLL_MAX,116.453,-30.000,20.000,4,20,15,20,ROLL_LEFT
69,6.538182,0,-0.051,-3.652,-15.674,-11.906,33.534,109.331,4.700,-0.112,-0.224,-31.875,5.125,22.375,-3.332,-8.638,-13.200,0.177,-0.794,-0.526,0.247,1,-36.780,-3.390,-24.828,0.000,2,41.518959,-86.239624,338.260010,5.352,253.600006,10,40,28,56,12,3,U_TURN_HDG,AP_PROT_ROLL_MAX,116.453,-30.000,20.000,4,20,15,20,ROLL_LEFT
70,6.618122,0,-0.026,-3.396,-15.315,-11.909,33.619,109.320,1.007,0.000,0.112,-31.875,5.125,22.375,-3.358,-8.792,-13.585,0.177,-0.794,-0.526,0.247,1,-37.189,-3.324,-24.965,0.000,2,41.518959,-86.239624,345.549988,5.350,253.600006,10,40,28,64,12,3,U_TURN_HDG,AP_PROT_ROLL_MAX,116.453,-30.000,20.000,4,20,15,20,ROLL_LEFT
71,6.715002,0,0.026,-3.242,-14.828,-11.909,33.619,109.320,0.448,0.000,0.000,-31.875,5.125,22.375,-3.383,-8.843,-13.764,0.177,-0.794,-0.526,0.247,1,-36.833,-3.351,-24.845,0.000,2,41.518959,-86.239624,352.640015,5.187,253.600006,10,40,28,72,12,3,U_TURN_HDG,AP_PROT_ROLL_MAX,116.453,-30.000,20.000,4,20,15,20,ROLL_LEFT
72,6.779979,0,0.154,-3.217,-14.623,-11.902,33.614,109.317,0.112,0.112,0.000,-31.875,5.125,22.375,-3.409,-8.971,-14.226,0.177,-0.794,-0.526,0.247,1,-37.139,-3.365,-24.949,0.000,2,41.518959,-86.239624,358.649994,5.036,253.699997,10,40,28,80,12,3,U_TURN_HDG,AP_PROT_ROLL_MAX,116.453,-30.000,20.000,4,20,15,20,ROLL_LEFT
73,6.861963,0,0.051,-2.845,-14.341,-11.902,33.614,109.317,0.448,0.000,0.000,-31.875,5.125,22.375,-3.435,-9.099,-14.687,0.177,-0.794,-0.526,0.247,1,-36.402,-3.375,-24.700,0.000,2,41.518959,-86.239624,3.880000,4.834,253.699997,10,40,28,88,12,3,U_TURN_HDG,AP_PROT_ROLL_MAX,116.453,-30.000,20.000,4,20,15,20,ROLL_LEFT
74,6.941037,0,0.077,-0.090,0.038,-11.899,33.588,109.308,-0.783,0.000,-0.112,-31.875,5.125,22.375,-3.332,-12.124,-28.938,0.177,-0.794,-0.526,0.247,1,-36.672,-3.327,-24.791,0.000,2,41.518959,-86.239624,4.870000,4.719,253.600006,10,40,28,96,12,3,U_TURN_HDG,AP_PROT_ROLL_MAX,116.453,-30.000,20.000,4,20,15,20,ROLL_LEFT
75,7.016536,0,-0.051,0.038,0.038,-6.055,22.696,111.196,0.000,0.112,0.000,-31.875,5.125,22.375,-3.332,-12.098,-28.938,0.133,-0.814,-0.545,0.154,1,-36.761,-3.354,-24.821,0.000,2,41.518959,-86.239624,5.980000,4.505,253.500000,10,40,29,4,12,3,U_TURN_HDG,AP_HDG_SEL_IMU,116.453,5.257,20.000,4,17,12,17,ROLL_LEFT
76,7.137129,0,0.077,-0.243,0.038,-6.060,22.700,111.194,2.238,-0.112,0.224,-31.875,5.125,22.375,-3.332,-12.098,-28.938,0.133,-0.814,-0.545,0.154,1,-37.343,-3.333,-25.017,0.000,2,41.518959,-86.239624,6.950000,4.103,253.500000,10,40,29,16,12,3,U_TURN_HDG,AP_HDG_SEL_IMU,116.453,5.259,20.000,4,17,12,17,ROLL_LEFT
77,7.260872,0,-0.077,-0.243,0.192,-6.055,22.655,111.186,-0.112,0.000,0.000,-31.875,5.125,22.375,-3.306,-12.072,-28.964,0.133,-0.814,-0.545,0.154,1,-36.835,-3.355,-24.846,0.000,2,41.518959,-86.239624,5.230000,3.394,253.399994,10,40,29,28,12,3,U_TURN_HDG,AP_HDG_SEL_IMU,116.453,5.267,20.000,4,17,12,17,ROLL_LEFT
78,7.337110,0,-0.077,-0.038,0.038,-6.049,22.626,111.183,-0.560,0.224,-0.112,-31.875,5.125,22.375,-3.306,-12.021,-28.938,0.132,-0.814,-0.545,0.153,1,-36.827,-3.336,-24.843,0.000,2,41.518959,-86.239624,8.990000,3.421,253.300003,10,40,29,36,12,3,U_TURN_HDG,AP_HDG_SEL_IMU,116.453,5.270,20.000,4,17,12,17,ROLL_LEFT
79,7.420983,0,0.051,-0.013,-0.064,-6.031,22.562,111.182,0.000,0.000,-0.224,-31.875,5.125,22.375,-3.306,-12.047,-28.964,0.132,-0.814,-0.545,0.153,1,-36.884,-3.311,-24.863,0.000,2,41.518959,-86.239624,8.860000,3.117,253.399994,10,40,29,44,12,3,U_TURN_HDG,AP_HDG_SEL_IMU,116.453,5.271,20.000,4,17,12,17,ROLL_LEFT
80,7.536313,0,-0.077,-0.013,-0.064,-6.031,22.562,111.182,-0.112,0.000,0.000,-31.875,5.125,22.375,-3.306,-12.047,-28.964,0.132,-0.814,-0.545,0.153,1,-36.812,-3.311,-24.838,0.000,2,41.518959,-86.239624,347.640015,2.760,254.300003,10,40,29,56,12,3,U_TURN_HDG,AP_HDG_SEL_IMU,116.453,5.271,20.000,4,17,12,17,ROLL_LEFT
81,7.617372,0,-0.051,-0.013,-0.064,-6.027,22.578,111.172,0.112,-0.112,0.000,-31.875,5.125,22.375,-3.332,-12.047,-28.964,0.132,-0.814,-0.545,0.153,1,-36.958,-3.301,-24.887,0.000,2,41.518955,-86.239624,334.859985,2.533,254.800003,10,40,29,64,12,3,U_TURN_HDG,AP_HDG_SEL_IMU,116.453,5.281,20.000,4,17,12,17,ROLL_LEFT
82,7.697100,0,-0.051,0.013,0.064,-6.030,22.588,111.177,-0.224,0.000,-0.112,-31.875,5.125,22.375,-3.332,-12.072,-28.964,0.132,-0.814,-0.545,0.153,1,-36.389,-3.349,-24.695,0.000,2,41.518955,-86.239624,323.450012,2.852,255.300003,10,40,29,72,12,3,U_TURN_HDG,AP_HDG_SEL_IMU,116.453,5.276,20.000,4,17,12,17,ROLL_LEFT
83,7.775383,0,-0.051,0.013,0.064,-6.032,22.582,111.171,0.112,0.000,0.112,-31.875,5.125,22.375,-3.332,-12.072,-28.964,0.132,-0.814,-0.545,0.153,1,-36.835,-3.354,-24.846,0.000,2,41.518955,-86.239624,320.679993,2.675,255.699997,10,40,29,80,12,3,U_TURN_HDG,AP_HDG_SEL_IMU,116.453,5.282,20.000,4,17,12,17,ROLL_LEFT
84,7.942290,0,-0.051,0.013,0.064,-6.033,22.593,111.166,-0.112,-0.112,0.000,-31.875,5.125,22.375,-3.332,-12.072,-28.964,0.132,-0.814,-0.545,0.153,1,-37.081,-3.398,-24.929,0.000,2,41.518951,-86.239624,322.649994,2.667,256.399994,10,40,29,96,12,3,U_TURN_HDG,AP_HDG_SEL_IMU,116.453,5.287,20.000,4,17,12,17,ROLL_LEFT
85,8.064279,0,-0.026,0.103,-0.064,-6.037,22.588,111.165,-0.448,-0.112,0.000,-31.875,5.125,22.375,-3.358,-12.047,-28.964,0.132,-0.814,-0.545,0.153,1,-36.780,-3.391,-24.828,0.000,2,41.518951,-86.239632,324.589996,3.075,256.799988,10,40,30,8,12,3,U_TURN_HDG,AP_HDG_SEL_IMU,116.453,5.288,20.000,4,17,12,17,ROLL_LEFT
86,8.150066,0,0.103,0.077,-0.064,-6.043,22.575,111.153,-0.224,0.112,0.000,-31.875,5.125,22.375,-3.358,-12.021,-28.964,0.132,-0.814,-0.545,0.153,1,-37.187,-3.322,-24.965,0.000,2,41.518951,-86.239632,322.399994,3.101,256.899994,10,40,30,16,12,3,U_TURN_HDG,AP_HDG_SEL_IMU,116.453,5.300,20.000,4,17,12,17,ROLL_LEFT
87,8.262262,0,-0.026,0.077,-0.064,-6.046,22.520,111.150,-0.112,0.112,0.000,-31.875,5.125,22.375,-3.358,-12.021,-28.964,0.132,-0.814,-0.545,0.153,1,-37.052,-3.344,-24.919,0.000,2,41.518951,-86.239632,323.119995,2.847,257.200012,10,40,30,28,12,3,U_TURN_HDG,AP_HDG_SEL_IMU,116.453,5.303,20.000,4,17,12,17,ROLL_LEFT
88,8.344282,0,-0.026,-0.064,0.064,-6.052,22.524,111.148,0.112,0.000,-0.224,-31.875,5.125,22.375,-3.358,-11.996,-28.964,0.132,-0.814,-0.545,0.153,1,-37.560,-3.323,-25.090,0.000,2,41.518951,-86.239632,320.540009,2.609,257.299988,10,40,30,36,12,3,U_TURN_HDG,AP_HDG_SEL_IMU,116.453,5.305,20.000,4,17,12,17,ROLL_LEFT
89,8.415461,0,0.103,-0.038,-0.064,-6.055,22.517,111.142,0.000,0.000,0.112,-31.875,5.125,22.375,-3.358,-11.996,-28.964,0.132,-0.814,-0.545,0.153,1,-37.554,-3.314,-25.088,0.000,2,41.518951,-86.239632,315.980011,2.493,257.500000,10,40,30,44,12,3,U_TURN_HDG,AP_HDG_SEL_IMU,116.453,5.311,20.000,4,17,12,17,ROLL_LEFT
90,8.522688,0,-0.026,-0.038,-0.064,-6.056,22.518,111.148,0.112,0.000,-0.112,-31.875,5.125,22.375,-3.358,-12.021,-28.964,0.132,-0.814,-0.545,0.153,1,-36.497,-3.275,-24.732,0.000,2,41.518951,-86.239632,311.450012,2.452,257.600006,10,40,30,52,12,3,U_TURN_HDG,AP_HDG_SEL_IMU,116.453,5.305,20.000,4,17,12,17,ROLL_LEFT
91,8.593056,0,-0.026,-0.038,-0.064,-6.059,22.512,111.142,0.000,0.000,-0.112,-31.875,5.125,22.375,-3.358,-12.021,-28.964,0.131,-0.814,-0.545,0.153,1,-36.966,-3.322,-24.890,0.000,2,41.518951,-86.239632,307.859985,2.341,257.700012,10,40,30,60,12,3,U_TURN_HDG,AP_HDG_SEL_IMU,116.453,5.311,20.000,4,17,12,17,ROLL_LEFT
92,8.660180,0,0.077,0.026,-0.038,-6.053,22.467,111.133,-1.007,0.000,0.000,-31.875,5.125,22.375,-3.332,-11.970,-28.989,0.131,-0.814,-0.545,0.153,1,-36.529,-3.333,-24.743,0.000,2,41.518951,-86.239632,309.549988,2.228,257.799988,10,40,30,68,12,3,U_TURN_HDG,AP_HDG_SEL_IMU,116.453,5.320,20.000,4,17,12,17,ROLL_LEFT
93,8.777429,0,-0.051,-0.090,-0.038,-6.049,22.446,111.133,0.000,0.224,0.000,-31.875,5.125,22.375,-3.332,-11.970,-28.989,0.131,-0.814,-0.545,0.153,1,-36.890,-3.320,-24.865,0.000,2,41.518951,-86.239632,311.420013,2.165,258.000000,10,40,30,80,12,3,U_TURN_HDG,AP_HDG_SEL_IMU,116.453,5.320,20.000,4,17,12,17,ROLL_LEFT
94,8.863314,0,0.051,0.256,-0.013,-6.049,22.446,111.133,-2.014,0.112,-0.112,-31.875,5.125,22.375,-3.306,-11.944,-28.989,0.131,-0.814,-0.545,0.153,1,-37.110,-3.313,-24.939,0.000,2,41.518951,-86.239632,309.839996,2.117,258.100006,10,40,30,88,12,3,U_TURN_HDG,AP_HDG_SEL_IMU,116.453,5.320,20.000,4,17,12,17,ROLL_LEFT
95,8.944267,0,-0.077,-0.026,-0.013,-6.033,22.317,111.130,0.336,0.000,-0.224,-31.875,5.125,22.375,-3.306,-11.919,-29.015,0.130,-0.814,-0.546,0.152,1,-36.870,-3.280,-24.858,0.000,2,41.518951,-86.239632,310.820007,2.223,258.200012,10,40,30,96,12,3,U_TURN_HDG,AP_HDG_SEL_IMU,116.453,5.323,20.000,4,17,12,17,ROLL_LEFT
96,9.023489,0,-0.077,0.077,-0.128,-6.024,22.327,111.125,-0.448,0.000,0.112,-31.875,5.125,22.375,-3.306,-11.893,-29.041,0.130,-0.814,-0.546,0.152,1,-36.370,-3.316,-24.689,0.000,2,41.518951,-86.239632,311.799988,2.068,258.200012,10,40,31,4,12,3,U_TURN_HDG,AP_HDG_SEL_IMU,116.453,5.328,20.000,4,17,12,17,ROLL_LEFT
97,9.098511,0,0.051,-0.051,-0.103,-6.029,22.333,111.120,0.448,0.000,0.000,-31.875,5.125,22.375,-3.306,-11.893,-29.041,0.130,-0.814,-0.546,0.152,1,-37.113,-3.318,-24.940,0.000,2,41.518951,-86.239632,312.700012,1.880,258.299988,10,40,31,8,12,3,U_TURN_HDG,AP_HDG_SEL_IMU,116.453,5.333,20.000,4,17,12,17,ROLL_LEFT
98,9.152008,0,-0.077,-0.397,0.141,-6.030,22.358,111.124,-0.783,0.112,-0.112,-31.875,5.125,22.375,-3.306,-11.919,-29.041,0.130,-0.814,-0.546,0.152,1,-36.790,-3.269,-24.831,0.000,2,41.518951,-86.239632,314.829987,1.811,258.399994,10,40,31,16,12,3,U_TURN_HDG,AP_HDG_SEL_IMU,116.453,5.329,20.000,4,17,12,17,ROLL_LEFT
99,9.267203,0,0.051,-0.141,0.141,-6.023,22.354,111.120,-0.783,0.000,-0.224,-31.875,5.125,22.375,-3.306,-11.919,-29.041,0.130,-0.814,-0.546,0.152,1,-36.293,-3.311,-24.663,0.000,2,41.518951,-86.239632,311.890015,1.997,258.500000,10,40,31,28,12,3,U_TURN_HDG,AP_HDG_SEL_IMU,116.453,5.333,20.000,4,17,12,17,ROLL_LEFT
100,9.338061,0,-0.077,0.051,0.013,-6.024,22.276,111.126,-0.112,-0.112,-0.112,-31.875,5.125,22.375,-3.306,-11.893,-29.041,0.130,-0.814,-0.546,0.152,1,-37.211,-3.361,-24.973,0.000,2,41.518951,-86.239632,314.540009,1.958,258.500000,10,40,31,36,12,3,U_TURN_HDG,AP_HDG_SEL_IMU,116.453,5.327,20.000,4,17,12,17,ROLL_LEFT
101,9.423276,0,-0.077,-0.077,0.013,-6.016,22.262,111.122,0.112,0.000,0.000,-31.875,5.125,22.375,-3.306,-11.867,-29.041,0.130,-0.814,-0.546,0.151,1,-36.076,-3.320,-24.589,0.000,2,41.518951,-86.239632,321.570007,2.056,258.600006,10,40,31,44,12,3,U_TURN_HDG,AP_HDG_SEL_IMU,116.453,5.331,20.000,4,17,12,17,ROLL_LEFT
102,9.517060,0,-0.077,0.154,-0.077,-6.009,22.197,111.125,-0.336,0.112,0.000,-31.875,5.125,22.375,-3.306,-11.842,-29.066,0.129,-0.814,-0.546,0.151,1,-36.274,-3.279,-24.656,0.000,2,41.518951,-86.239632,326.059998,2.076,258.600006,10,40,31,52,12,3,U_TURN_HDG,AP_HDG_SEL_IMU,116.453,5.328,20.000,4,17,12,17,ROLL_LEFT
103,9.578022,0,-0.051,-0.077,0.013,-6.006,22.212,111.125,-0.560,0.112,-0.224,-31.875,5.125,22.375,-3.332,-11.867,-29.041,0.130,-0.814,-0.546,0.151,1,-36.686,-3.352,-24.796,0.000,2,41.518951,-86.239632,328.380005,2.056,258.700012,10,40,31,60,12,3,U_TURN_HDG,AP_HDG_SEL_IMU,116.453,5.328,20.000,4,17,12,17,ROLL_LEFT
104,9.662361,0,0.077,0.205,0.141,-6.014,22.211,111.114,-0.560,0.000,-0.224,-31.875,5.125,22.375,-3.332,-11.867,-29.041,0.130,-0.814,-0.546,0.151,1,-37.478,-3.309,-25.062,0.000,2,41.518951,-86.239632,328.500000,2.282,258.700012,10,40,31,68,12,3,U_TURN_HDG,AP_HDG_SEL_IMU,116.453,5.339,20.000,4,17,12,17,ROLL_LEFT
105,9.741170,0,0.077,0.154,-0.077,-6.011,22.165,111.115,0.224,-0.112,-0.112,-31.875,5.125,22.375,-3.332,-11.842,-29.066,0.129,-0.814,-0.546,0.151,1,-36.661,-3.309,-24.787,0.000,2,41.518951,-86.239632,332.059998,2.113,258.799988,10,40,31,76,12,3,U_TURN_HDG,AP_HDG_SEL_IMU,116.453,5.338,20.000,4,17,12,17,ROLL_LEFT
106,9.814416,0,0.077,0.103,0.038,-6.010,22.140,111.110,-0.448,0.000,0.000,-31.875,5.125,22.375,-3.332,-11.791,-29.066,0.129,-0.814,-0.546,0.151,1,-36.650,-3.290,-24.784,0.000,2,41.518951,-86.239632,333.149994,2.005,258.899994,10,40,31,84,12,3,U_TURN_HDG,AP_HDG_SEL_IMU,116.453,5.343,20.000,4,17,12,17,ROLL_LEFT
107,9.897411,0,0.077,-0.128,0.038,-6.010,22.140,111.110,0.671,0.112,0.000,-31.875,5.125,22.375,-3.332,-11.816,-29.066,0.129,-0.814,-0.546,0.151,1,-36.650,-3.286,-24.784,0.000,2,41.518951,-86.239632,334.579987,1.769,258.899994,10,40,31,92,12,3,U_TURN_HDG,AP_HDG_SEL_IMU,116.453,5.343,20.000,4,17,12,17,ROLL_LEFT
108,10.065118,0,-0.051,0.128,0.013,-6.018,22.165,111.104,-0.224,-0.112,0.000,-31.875,5.125,22.375,-3.332,-11.816,-29.041,0.129,-0.814,-0.546,0.151,1,-37.055,-3.349,-24.920,0.000,2,41.518951,-86.239632,327.149994,1.879,259.000000,10,40,32,8,12,3,U_TURN_HDG,AP_HDG_SEL_IMU,116.453,5.350,20.000,4,17,12,17,ROLL_LEFT
109,10.118503,0,-0.051,0.000,0.013,-6.018,22.138,111.103,0.224,0.112,0.000,-31.875,5.125,22.375,-3.332,-11.816,-29.066,0.129,-0.814,-0.546,0.151,1,-37.027,-3.302,-24.911,0.000,2,41.518951,-86.239632,327.000000,1.786,259.100006,10,40,32,12,12,3,U_TURN_HDG,AP_HDG_SEL_IMU,116.453,5.350,20.000,4,17,12,17,ROLL_LEFT
110,10.260121,0,-0.051,0.000,0.038,-6.020,22.123,111.103,0.560,0.000,0.112,-31.875,5.125,22.375,-3.332,-11.816,-29.066,0.129,-0.814,-0.546,0.151,1,-36.954,-3.297,-24.886,0.000,2,41.518951,-86.239632,332.529999,1.635,259.200012,10,40,32,28,12,3,U_TURN_HDG,AP_HDG_SEL_IMU,116.453,5.350,20.000,4,17,12,17,ROLL_LEFT
111,10.316289,0,-0.077,-0.154,0.064,-6.021,22.071,111.104,-0.112,-0.112,0.000,-31.875,5.125,22.375,-3.332,-11.816,-29.066,0.128,-0.814,-0.546,0.151,1,-37.232,-3.267,-24.980,0.000,2,41.518951,-86.239632,332.459991,1.624,259.200012,10,40,32,32,12,3,U_TURN_HDG,AP_HDG_SEL_IMU,116.453,5.349,20.000,4,17,12,17,ROLL_LEFT
112,10.380280,0,-0.077,-0.269,0.038,-6.024,22.081,111.109,0.000,0.000,0.112,-31.875,5.125,22.375,-3.306,-11.791,-29.066,0.129,-0.814,-0.546,0.151,1,-36.790,-3.271,-24.831,0.000,2,41.518951,-86.239632,328.279999,1.560,259.200012,10,40,32,40,12,3,U_TURN_HDG,AP_HDG_SEL_IMU,116.453,5.344,20.000,4,17,12,17,ROLL_LEFT
113,10.540460,0,-0.077,-0.026,0.064,-6.024,22.081,111.109,-0.560,0.112,0.000,-31.875,5.125,22.375,-3.306,-11.791,-29.092,0.129,-0.814,-0.546,0.151,1,-37.224,-3.251,-24.977,0.000,2,41.518951,-86.239632,0.000000,0.778,259.299988,10,40,32,56,12,3,U_TURN_HDG,AP_HDG_SEL_IMU,116.453,5.344,20.000,4,17,12,17,ROLL_LEFT
114,10.615000,0,0.077,-0.026,-0.051,-6.015,22.067,111.106,0.895,-0.112,0.000,-31.875,5.125,22.375,-3.332,-11.791,-29.092,0.128,-0.814,-0.546,0.151,1,-36.871,-3.285,-24.858,0.000,2,41.518951,-86.239632,0.000000,0.621,259.399994,10,40,32,64,12,3,U_TURN_HDG,AP_HDG_SEL_IMU,116.453,5.347,20.000,4,17,12,17,ROLL_LEFT
115,10.700504,0,0.077,0.231,-0.179,-6.015,22.067,111.106,-0.112,0.000,0.112,-31.875,5.125,22.375,-3.332,-11.791,-29.092,0.128,-0.814,-0.546,0.151,1,-36.748,-3.331,-24.817,0.000,2,41.518951,-86.239632,0.000000,0.626,259.399994,10,40,32,72,12,3,U_TURN_HDG,AP_HDG_SEL_IMU,116.453,5.347,20.000,4,17,12,17,ROLL_LEFT
116,10.779125,0,0.077,-0.026,-0.051,-6.021,22.082,111.094,0.671,0.000,0.112,-31.875,5.125,22.375,-3.332,-11.791,-29.092,0.129,-0.814,-0.546,0.151,1,-36.360,-3.294,-24.685,0.000,2,41.518951,-86.239632,0.000000,0.910,259.500000,10,40,32,80,12,3,U_TURN_HDG,AP_HDG_SEL_IMU,116.453,5.359,20.000,4,17,12,17,ROLL_LEFT
117,10.835525,0,-0.051,-0.154,0.064,-6.019,22.072,111.095,-0.336,-0.112,-0.224,-31.875,5.125,22.375,-3.306,-11.791,-29.092,0.128,-0.814,-0.546,0.151,1,-36.793,-3.276,-24.832,0.000,2,41.518951,-86.239632,0.000000,0.922,259.500000,10,40,32,84,12,3,U_TURN_HDG,AP_HDG_SEL_IMU,116.453,5.358,20.000,4,17,12,17,ROLL_LEFT
118,10.899806,0,-0.077,0.103,-0.051,-6.023,22.067,111.094,-0.224,-0.112,0.000,-31.875,5.125,22.375,-3.306,-11.765,-29.092,0.128,-0.814,-0.546,0.151,1,-36.788,-3.265,-24.830,0.000,2,41.518951,-86.239632,0.000000,0.753,259.600006,10,40,32,92,12,3,U_TURN_HDG,AP_HDG_SEL_IMU,116.453,5.359,20.000,4,17,12,17,ROLL_LEFT
119,10.977369,0,0.051,0.077,0.064,-6.019,22.072,111.095,0.112,0.000,0.000,-31.875,5.125,22.375,-3.306,-11.765,-29.092,0.128,-0.814,-0.546,0.151,1,-36.711,-3.261,-24.804,0.000,2,41.518951,-86.239632,0.000000,0.530,259.600006,10,40,33,0,12,3,U_TURN_HDG,AP_HDG_SEL_IMU,116.453,5.358,20.000,4,17,12,17,ROLL_LEFT
120,11.059120,0,-0.051,-0.051,-0.077,-6.021,22.071,111.104,-0.112,0.112,0.000,-31.875,5.125,22.375,-3.306,-11.765,-29.092,0.128,-0.814,-0.546,0.151,1,-37.147,-3.249,-24.951,0.000,2,41.518951,-86.239632,0.000000,0.528,259.600006,10,40,33,8,12,3,U_TURN_HDG,AP_HDG_SEL_IMU,116.453,5.349,20.000,4,17,12,17,ROLL_LEFT
121,11.220822,0,-0.051,0.077,-0.077,-6.022,22.081,111.103,-0.112,0.000,0.000,-31.875,5.125,22.375,-3.332,-11.765,-29.066,0.129,-0.814,-0.546,0.151,1,-36.637,-3.260,-24.779,0.000,2,41.518951,-86.239632,0.000000,0.800,259.700012,10,40,33,24,12,3,U_TURN_HDG,AP_HDG_SEL_IMU,116.453,5.350,20.000,4,17,12,17,ROLL_LEFT
122,11.298577,0,0.051,-0.051,0.038,-6.021,22.082,111.094,-0.895,0.224,0.000,-31.875,5.125,22.375,-3.306,-11.765,-29.066,0.129,-0.814,-0.546,0.151,1,-36.344,-3.265,-24.680,0.000,2,41.518948,-86.239632,246.669998,1.052,259.700012,10,40,33,32,12,3,U_TURN_HDG,AP_HDG_SEL_IMU,116.453,5.359,20.000,4,17,12,17,ROLL_LEFT
123,11.382011,0,0.026,0.051,-0.077,-6.005,22.013,111.083,0.000,0.112,0.112,-31.875,5.125,22.375,-3.281,-11.739,-29.066,0.128,-0.814,-0.546,0.150,1,-37.351,-3.347,-25.020,0.000,2,41.518948,-86.239632,0.000000,0.842,259.799988,10,40,33,40,12,3,U_TURN_HDG,AP_HDG_SEL_IMU,116.453,5.370,20.000,4,17,12,17,ROLL_LEFT
124,11.461900,0,-0.077,-0.051,0.038,-6.005,22.013,111.083,0.560,0.000,0.000,-31.875,5.125,22.375,-3.306,-11.765,-29.066,0.128,-0.814,-0.546,0.150,1,-37.332,-3.312,-25.013,0.000,2,41.518948,-86.239632,0.000000,0.820,259.799988,10,40,33,48,12,3,U_TURN_HDG,AP_HDG_SEL_IMU,116.453,5.370,20.000,4,17,12,17,ROLL_LEFT
125,11.539192,0,0.051,0.051,-0.051,-6.003,22.028,111.082,-0.224,0.000,0.000,-31.875,5.125,22.375,-3.306,-11.739,-29.092,0.128,-0.814,-0.546,0.150,1,-37.019,-3.282,-24.908,0.000,2,41.518948,-86.239632,0.000000,0.851,259.700012,10,40,33,56,12,3,U_TURN_HDG,AP_HDG_SEL_IMU,116.453,5.371,20.000,4,17,12,17,ROLL_LEFT
126,11.656870,0,0.051,0.026,0.090,-6.010,22.017,111.082,-0.671,0.112,-0.112,-31.875,5.125,22.375,-3.306,-11.714,-29.117,0.128,-0.814,-0.546,0.150,1,-36.209,-3.293,-24.634,0.000,2,41.518951,-86.239632,0.000000,0.768,259.799988,10,40,33,68,12,3,U_TURN_HDG,AP_HDG_SEL_IMU,116.453,5.372,20.000,4,17,12,17,ROLL_LEFT
127,11.742890,0,-0.077,-0.026,0.000,-5.988,21.872,111.088,0.000,0.000,-0.112,-31.875,5.125,22.375,-3.306,-11.662,-29.143,0.127,-0.814,-0.547,0.149,1,-36.572,-3.283,-24.757,0.000,2,41.518951,-86.239632,0.000000,0.694,259.799988,10,40,33,76,12,3,U_TURN_HDG,AP_HDG_SEL_IMU,116.453,5.365,20.000,4,17,12,17,ROLL_LEFT
128,11.817440,0,0.051,-0.026,0.000,-5.987,21.873,111.078,-0.112,0.000,-0.224,-31.875,5.125,22.375,-3.306,-11.662,-29.143,0.127,-0.814,-0.547,0.149,1,-36.558,-3.391,-24.753,0.000,2,41.518951,-86.239632,0.000000,0.672,259.799988,10,40,33,84,12,3,U_TURN_HDG,AP_HDG_SEL_IMU,116.453,5.375,20.000,4,16,11,16,ROLL_LEFT
129,11.901936,0,0.051,0.256,0.000,-5.987,21.873,111.078,0.560,0.000,-0.112,-31.875,5.125,22.375,-3.306,-11.662,-29.143,0.127,-0.814,-0.547,0.149,1,-37.542,-3.288,-25.083,0.000,2,41.518951,-86.239632,0.000000,0.663,259.799988,10,40,33,92,12,3,U_TURN_HDG,AP_HDG_SEL_IMU,116.453,5.375,20.000,4,16,11,16,ROLL_LEFT
130,11.957560,0,-0.103,-0.051,0.115,-5.988,21.857,111.073,0.560,0.000,0.000,-31.875,5.125,22.375,-3.281,-11.637,-29.143,0.127,-0.814,-0.547,0.149,1,-37.081,-3.261,-24.929,0.000,2,41.518951,-86.239632,0.000000,0.820,259.799988,10,40,33,96,12,3,U_TURN_HDG,AP_HDG_SEL_IMU,116.453,5.380,20.000,4,16,11,16,ROLL_LEFT
131,12.063291,0,0.026,-0.077,0.026,-5.979,21.843,111.070,-0.224,0.000,0.112,-31.875,5.125,22.375,-3.281,-11.637,-29.143,0.127,-0.814,-0.547,0.149,1,-37.005,-3.252,-24.904,0.000,2,41.518951,-86.239632,283.410004,0.871,259.799988,10,40,34,8,12,3,U_TURN_HDG,AP_HDG_SEL_IMU,116.453,5.384,20.000,4,16,11,16,ROLL_LEFT
132,12.143091,0,0.026,0.154,0.026,-5.970,21.742,111.073,0.448,0.112,-0.224,-31.875,5.125,22.375,-3.281,-11.585,-29.169,0.126,-0.814,-0.547,0.149,1,-36.563,-3.263,-24.754,0.000,2,41.518951,-86.239632,327.429993,1.139,259.899994,10,40,34,16,12,3,U_TURN_HDG,AP_HDG_SEL_IMU,116.453,5.380,20.000,4,16,11,16,ROLL_LEFT
133,12.262517,0,-0.103,-0.103,0.026,-5.970,21.742,111.073,0.112,-0.112,0.000,-31.875,5.125,22.375,-3.281,-11.585,-29.169,0.126,-0.814,-0.547,0.149,1,-36.920,-3.238,-24.875,0.000,2,41.518951,-86.239632,335.440002,1.035,259.899994,10,40,34,28,12,3,U_TURN_HDG,AP_HDG_SEL_IMU,116.453,5.380,20.000,4,16,11,16,ROLL_LEFT
134,12.342008,0,-0.077,0.026,0.000,-5.970,21.742,111.073,-0.224,0.000,-0.112,-31.875,5.125,22.375,-3.281,-11.585,-29.169,0.126,-0.814,-0.547,0.149,1,-37.290,-3.230,-24.999,0.000,2,41.518951,-86.239632,0.000000,0.581,259.899994,10,40,34,36,12,3,U_TURN_HDG,AP_HDG_SEL_IMU,116.453,5.380,20.000,4,16,11,16,ROLL_LEFT
135,12.417769,0,0.051,0.051,0.000,-5.972,21.751,111.072,-0.112,0.000,0.000,-31.875,5.125,22.375,-3.306,-11.611,-29.143,0.126,-0.814,-0.547,0.149,1,-36.994,-3.233,-24.900,0.000,2,41.518951,-86.239632,0.000000,0.513,259.899994,10,40,34,44,12,3,U_TURN_HDG,AP_HDG_SEL_IMU,116.453,5.381,20.000,4,16,11,16,ROLL_LEFT
136,12.540890,0,0.051,0.051,0.000,-5.970,21.742,111.073,-0.224,0.000,0.000,-31.875,5.125,22.375,-3.306,-11.611,-29.143,0.126,-0.814,-0.547,0.149,1,-37.142,-3.235,-24.949,0.000,2,41.518951,-86.239632,0.000000,0.456,260.000000,10,40,34,56,12,3,U_TURN_HDG,AP_HDG_SEL_IMU,116.453,5.380,20.000,4,16,11,16,ROLL_LEFT
137,12.616793,0,0.026,0.077,0.141,-5.972,21.726,111.073,-3.357,0.336,-0.448,-31.875,5.125,22.375,-3.306,-11.560,-29.169,0.126,-0.814,-0.547,0.149,1,-36.790,-3.274,-24.831,0.000,2,41.518951,-86.239632,0.000000,0.329,260.000000,10,40,34,64,12,3,U_TURN_HDG,AP_HDG_SEL_IMU,116.453,5.380,20.000,4,16,11,16,ROLL_LEFT
138,12.701997,0,0.026,0.026,-0.077,-5.945,21.509,111.071,-0.112,0.112,-0.224,-31.875,5.125,22.375,-3.281,-11.457,-29.194,0.125,-0.814,-0.547,0.147,1,-36.624,-3.235,-24.775,0.000,2,41.518951,-86.239632,0.000000,0.358,260.000000,10,40,34,72,12,3,U_TURN_HDG,AP_HDG_SEL_IMU,116.453,5.382,20.000,4,16,11,16,ROLL_LEFT
139,12.771512,0,0.026,0.141,-0.179,-5.945,21.509,111.071,0.336,-0.224,-0.112,-31.875,5.125,22.375,-3.281,-11.457,-29.194,0.125,-0.814,-0.547,0.147,1,-37.221,-3.244,-24.976,0.000,2,41.518951,-86.239632,0.000000,0.388,260.000000,10,40,34,76,12,3,U_TURN_HDG,AP_HDG_SEL_IMU,116.453,5.382,20.000,4,16,11,16,ROLL_LEFT
140,12.848500,0,-0.103,-0.359,0.077,-5.949,21.504,111.070,-0.560,-0.112,0.000,-31.875,5.125,22.375,-3.281,-11.457,-29.194,0.125,-0.814,-0.547,0.147,1,-36.857,-3.255,-24.854,0.000,2,41.518951,-86.239632,0.000000,0.371,260.000000,10,40,34,84,12,3,U_TURN_HDG,AP_HDG_SEL_IMU,116.453,5.383,20.000,4,16,11,16,ROLL_LEFT
141,12.949813,0,-0.103,-0.231,0.051,-5.953,21.534,111.064,-0.671,0.000,-0.224,-31.875,5.125,22.375,-3.281,-11.483,-29.194,0.125,-0.814,-0.547,0.148,1,-36.698,-3.236,-24.800,0.000,2,41.518951,-86.239632,0.000000,0.545,260.000000,10,40,34,96,12,3,U_TURN_HDG,AP_HDG_SEL_IMU,116.453,5.389,20.000,4,16,11,16,ROLL_LEFT
142,13.025804,0,0.000,0.218,-0.103,-5.923,21.283,111.053,-1.679,0.336,-0.224,-31.875,5.125,22.375,-3.255,-11.278,-29.297,0.123,-0.815,-0.548,0.146,1,-37.089,-3.274,-24.932,0.000,2,41.518951,-86.239632,0.000000,0.908,260.000000,10,40,35,4,12,3,U_TURN_HDG,AP_HDG_SEL_IMU,116.453,5.400,20.000,4,16,11,16,ROLL_LEFT
143,13.096338,0,-0.103,-0.333,0.179,-5.889,21.037,111.047,1.231,-0.112,0.000,-31.875,5.125,22.375,-3.281,-11.227,-29.323,0.122,-0.815,-0.548,0.145,1,-37.065,-3.231,-24.924,0.000,2,41.518951,-86.239632,0.000000,0.717,259.899994,10,40,35,12,12,3,U_TURN_HDG,AP_HDG_SEL_IMU,116.453,5.406,20.000,4,16,11,16,ROLL_LEFT
144,13.160515,0,-0.128,-0.308,0.320,-5.884,21.017,111.043,-1.790,0.000,0.000,-31.875,5.125,22.375,-3.281,-11.227,-29.348,0.122,-0.815,-0.548,0.145,1,-36.767,-3.226,-24.823,0.000,2,41.518951,-86.239632,0.000000,0.770,259.899994,10,40,35,16,12,3,U_TURN_HDG,AP_HDG_SEL_IMU,116.453,5.410,20.000,4,16,11,16,ROLL_LEFT
145,13.224807,0,-0.103,-0.179,0.077,-5.887,21.002,111.044,0.112,0.112,0.000,-31.875,5.125,22.375,-3.281,-11.252,-29.348,0.121,-0.815,-0.548,0.145,1,-36.859,-3.259,-24.854,0.000,2,41.518955,-86.239632,0.000000,0.712,259.899994,10,40,35,24,12,3,U_TURN_HDG,AP_HDG_SEL_IMU,116.453,5.409,20.000,4,16,11,16,ROLL_LEFT
146,13.298307,0,0.026,0.064,-0.077,-5.885,20.991,111.049,-0.224,0.000,0.112,-31.875,5.125,22.375,-3.281,-11.252,-29.323,0.121,-0.815,-0.548,0.145,1,-37.733,-3.227,-25.147,0.000,2,41.518955,-86.239632,0.000000,0.812,259.899994,10,40,35,32,12,3,U_TURN_HDG,AP_HDG_SEL_IMU,116.453,5.404,20.000,4,16,11,16,ROLL_LEFT
147,13.381196,0,0.026,-0.205,-0.077,-5.896,21.000,111.042,-0.224,-0.112,0.000,-31.875,5.125,22.375,-3.281,-11.227,-29.323,0.121,-0.815,-0.548,0.145,1,-36.502,-3.290,-24.734,0.000,2,41.518955,-86.239632,334.489990,1.077,260.000000,10,40,35,40,12,3,U_TURN_HDG,AP_HDG_SEL_IMU,116.453,5.411,20.000,4,16,11,16,ROLL_LEFT
148,13.460415,0,0.026,-0.282,0.295,-5.902,21.030,111.045,1.343,-0.112,0.000,-31.875,5.125,22.375,-3.255,-11.278,-29.323,0.122,-0.815,-0.548,0.145,1,-37.203,-3.209,-24.970,0.000,2,41.518955,-86.239632,339.950012,1.136,260.000000,10,40,35,48,12,3,U_TURN_HDG,AP_HDG_SEL_IMU,116.453,5.408,20.000,4,16,11,16,ROLL_LEFT
149,13.519504,0,0.000,0.423,-0.051,-5.900,20.993,111.046,-1.231,-0.112,-0.112,-31.875,5.125,22.375,-3.255,-11.252,-29.348,0.121,-0.815,-0.548,0.145,1,-36.626,-3.240,-24.775,0.000,2,41.518955,-86.239632,340.920013,1.114,260.000000,10,40,35,52,12,3,U_TURN_HDG,AP_HDG_SEL_IMU,116.453,5.407,20.000,4,16,11,16,ROLL_LEFT
150,13.571180,0,0.000,0.090,0.231,-5.891,20.867,111.044,-4.700,0.448,-0.336,-31.875,5.125,22.375,-3.255,-11.175,-29.348,0.120,-0.815,-0.548,0.144,1,-36.325,-3.234,-24.673,0.000,2,41.518955,-86.239632,342.809998,1.045,260.000000,10,40,35,56,12,3,U_TURN_HDG,AP_HDG_SEL_IMU,116.453,5.409,20.000,4,15,10,15,ROLL_LEFT
151,13.644073,0,-0.026,0.141,0.000,-5.877,20.696,111.040,-1.119,0.112,-0.112,-31.875,5.125,22.375,-3.255,-11.073,-29.399,0.119,-0.815,-0.549,0.143,1,-37.137,-3.226,-24.948,0.000,2,41.518955,-86.239632,339.329987,1.068,259.899994,10,40,35,64,12,3,U_TURN_HDG,AP_HDG_SEL_IMU,116.453,5.413,20.000,4,15,10,15,ROLL_LEFT
152,13.700503,0,0.000,0.115,-0.154,-5.873,20.676,111.036,1.343,-0.112,0.112,-31.875,5.125,22.375,-3.255,-11.073,-29.374,0.119,-0.815,-0.549,0.143,1,-36.915,-3.225,-24.873,0.000,2,41.518955,-86.239632,337.730011,0.972,259.899994,10,40,35,68,12,3,U_TURN_HDG,AP_HDG_SEL_IMU,116.453,5.417,20.000,4,15,10,15,ROLL_LEFT
153,13.764281,0,0.026,-0.115,0.128,-5.882,20.726,111.034,0.336,0.000,0.000,-31.875,5.125,22.375,-3.255,-11.073,-29.374,0.120,-0.815,-0.549,0.143,1,-36.681,-3.210,-24.794,0.000,2,41.518955,-86.239632,0.000000,0.766,260.000000,10,40,35,76,12,3,U_TURN_HDG,AP_HDG_SEL_IMU,116.453,5.419,20.000,4,15,10,15,ROLL_LEFT
154,13.844503,0,0.000,0.013,0.000,-5.888,20.766,111.027,-2.014,0.112,-0.112,-31.875,5.125,22.375,-3.255,-11.073,-29.399,0.120,-0.815,-0.549,0.144,1,-37.060,-3.217,-24.922,0.000,2,41.518955,-86.239632,0.000000,0.543,259.899994,10,40,35,84,12,3,U_TURN_HDG,AP_HDG_SEL_IMU,116.453,5.426,20.000,4,15,10,15,ROLL_LEFT
155,13.889505,0,0.000,0.141,0.128,-5.885,20.746,111.028,-0.336,0.112,0.000,-31.875,5.125,22.375,-3.255,-11.073,-29.399,0.120,-0.815,-0.549,0.143,1,-36.904,-3.206,-24.869,0.000,2,41.518955,-86.239632,0.000000,0.623,259.899994,10,40,35,88,12,3,U_TURN_HDG,AP_HDG_SEL_IMU,116.453,5.425,20.000,4,15,10,15,ROLL_LEFT
156,13.963510,0,0.000,-0.115,0.128,-5.885,20.720,111.028,-0.783,0.112,-0.224,-31.875,5.125,22.375,-3.281,-11.073,-29.399,0.119,-0.815,-0.549,0.143,1,-37.360,-3.222,-25.022,0.000,2,41.518955,-86.239632,0.000000,0.596,259.899994,10,40,35,96,12,3,U_TURN_HDG,AP_HDG_SEL_IMU,116.453,5.425,20.000,4,15,10,15,ROLL_LEFT
157,14.022670,0,0.128,0.410,-0.256,-5.885,20.670,111.025,-4.252,0.448,-0.224,-31.875,5.125,22.375,-3.255,-10.970,-29.399,0.119,-0.815,-0.549,0.143,1,-37.200,-3.206,-24.969,0.000,2,41.518955,-86.239632,0.000000,0.768,260.000000,10,40,36,0,12,3,U_TURN_HDG,AP_HDG_SEL_IMU,116.453,5.428,20.000,4,15,10,15,ROLL_LEFT
158,14.073503,0,0.000,-0.218,0.026,-5.873,20.558,111.023,1.567,-0.112,0.112,-31.875,5.125,22.375,-3.255,-10.970,-29.425,0.118,-0.815,-0.549,0.142,1,-36.330,-3.244,-24.675,0.000,2,41.518959,-86.239632,344.769989,1.004,260.000000,10,40,36,8,12,3,U_TURN_HDG,AP_HDG_SEL_IMU,116.453,5.430,20.000,4,15,10,15,ROLL_LEFT
159,14.182372,0,-0.026,0.167,0.026,-5.876,20.517,111.028,1.455,-0.224,0.000,-31.875,5.125,22.375,-3.230,-10.970,-29.425,0.118,-0.815,-0.549,0.142,1,-37.509,-3.229,-25.072,0.000,2,41.518959,-86.239632,354.489990,1.310,260.000000,10,40,36,20,12,3,U_TURN_HDG,AP_HDG_SEL_IMU,116.453,5.425,20.000,4,15,10,15,ROLL_LEFT
160,14.228975,0,-0.026,-0.090,0.026,-5.869,20.513,111.024,1.231,-0.112,-0.112,-31.875,5.125,22.375,-3.230,-10.970,-29.425,0.118,-0.815,-0.549,0.142,1,-36.838,-3.220,-24.847,0.000,2,41.518959,-86.239632,355.170013,1.401,260.000000,10,40,36,24,12,3,U_TURN_HDG,AP_HDG_SEL_IMU,116.453,5.429,20.000,4,15,10,15,ROLL_LEFT
161,14.304265,0,0.000,0.192,-0.103,-5.872,20.533,111.018,-0.560,0.000,0.000,-31.875,5.125,22.375,-3.255,-10.996,-29.425,0.118,-0.815,-0.549,0.142,1,-37.455,-3.259,-25.054,0.000,2,41.518959,-86.239632,350.540009,1.489,260.000000,10,40,36,32,12,3,U_TURN_HDG,AP_HDG_SEL_IMU,116.453,5.435,20.000,4,15,10,15,ROLL_LEFT
162,14.359511,0,0.000,-0.167,0.256,-5.875,20.527,111.012,0.112,0.000,0.000,-31.875,5.125,22.375,-3.255,-11.022,-29.399,0.118,-0.815,-0.549,0.142,1,-36.777,-3.111,-24.827,0.000,2,41.518959,-86.239632,350.480011,1.342,260.000000,10,40,36,36,12,3,U_TURN_HDG,AP_HDG_SEL_IMU,116.453,5.441,20.000,4,15,10,15,ROLL_LEFT
163,14.429199,0,0.000,0.064,0.026,-5.874,20.528,111.008,0.000,0.000,-0.112,-31.875,5.125,22.375,-3.255,-10.996,-29.425,0.118,-0.815,-0.549,0.142,1,-36.820,-3.186,-24.841,0.000,2,41.518959,-86.239632,349.269989,1.003,260.000000,10,40,36,44,12,3,U_TURN_HDG,AP_HDG_SEL_IMU,116.453,5.445,20.000,4,15,10,15,ROLL_LEFT
164,14.544253,0,0.128,0.320,-0.231,-5.878,20.523,111.008,-0.448,0.000,0.000,-31.875,5.125,22.375,-3.255,-10.996,-29.425,0.118,-0.815,-0.549,0.142,1,-36.736,-3.173,-24.813,0.000,2,41.518959,-86.239632,352.320007,0.846,260.000000,10,40,36,56,12,3,U_TURN_HDG,AP_HDG_SEL_IMU,116.453,5.445,20.000,4,15,10,15,ROLL_LEFT
165,14.617438,0,0.000,-0.038,-0.103,-5.880,20.506,111.007,0.783,0.000,0.112,-31.875,5.125,22.375,-3.255,-11.022,-29.425,0.118,-0.815,-0.549,0.142,1,-36.960,-3.171,-24.888,0.000,2,41.518959,-86.239632,349.799988,0.927,260.000000,10,40,36,64,12,3,U_TURN_HDG,AP_HDG_SEL_IMU,116.453,5.446,20.000,4,15,10,15,ROLL_LEFT
166,14.743746,0,0.000,0.218,-0.128,-5.882,20.542,111.006,0.224,-0.112,0.112,-31.875,5.125,22.375,-3.255,-11.047,-29.399,0.118,-0.815,-0.549,0.142,1,-36.524,-3.187,-24.741,0.000,2,41.518959,-86.239632,0.000000,0.716,260.000000,10,40,36,76,12,3,U_TURN_HDG,AP_HDG_SEL_IMU,116.453,5.447,20.000,4,15,10,15,ROLL_LEFT
167,14.858818,0,0.000,-0.218,0.026,-5.885,20.511,111.002,-1.343,0.112,-0.112,-31.875,5.125,22.375,-3.255,-10.970,-29.425,0.118,-0.815,-0.549,0.142,1,-36.912,-3.220,-24.872,0.000,2,41.518959,-86.239632,0.000000,0.312,260.000000,10,40,36,88,12,3,U_TURN_HDG,AP_HDG_SEL_IMU,116.453,5.452,20.000,4,15,10,15,ROLL_LEFT
168,14.943766,0,0.128,0.513,-0.231,-5.888,20.453,110.996,6.602,-0.336,0.336,-31.875,5.125,22.375,-3.255,-10.945,-29.425,0.117,-0.815,-0.549,0.142,1,-36.978,-3.204,-24.894,0.000,2,41.518959,-86.239632,0.000000,0.528,260.000000,10,40,36,96,12,3,U_TURN_HDG,AP_HDG_SEL_IMU,116.453,5.457,20.000,4,15,10,15,ROLL_LEFT
169,15.022674,0,0.026,0.167,-0.103,-5.879,20.465,110.987,-1.343,0.000,-0.224,-31.875,5.125,22.375,-3.281,-10.970,-29.425,0.118,-0.815,-0.549,0.142,1,-37.258,-3.178,-24.988,0.000,2,41.518959,-86.239632,0.000000,0.535,260.000000,10,40,37,4,12,3,U_TURN_HDG,AP_HDG_SEL_IMU,116.453,5.466,20.000,4,15,10,15,ROLL_LEFT
170,15.097369,0,0.026,0.192,-0.103,-5.882,20.410,110.984,0.783,0.000,0.112,-31.875,5.125,22.375,-3.281,-10.970,-29.425,0.117,-0.815,-0.549,0.142,1,-35.853,-3.183,-24.513,0.000,2,41.518959,-86.239632,0.000000,0.597,260.000000,10,40,37,12,12,3,U_TURN_HDG,AP_HDG_SEL_IMU,116.453,5.469,20.000,4,15,10,15,ROLL_LEFT
171,15.150007,0,0.026,0.064,0.026,-5.897,20.488,110.979,-1.119,0.112,-0.112,-31.875,5.125,22.375,-3.281,-10.996,-29.425,0.118,-0.815,-0.549,0.142,1,-36.516,-3.169,-24.738,0.000,2,41.518959,-86.239632,0.000000,0.459,259.899994,10,40,37,16,12,3,U_TURN_HDG,AP_HDG_SEL_IMU,116.453,5.474,20.000,4,15,10,15,ROLL_LEFT
172,15.223799,0,0.026,-0.064,0.026,-5.894,20.453,110.975,-1.007,0.112,0.000,-31.875,5.125,22.375,-3.281,-10.970,-29.425,0.117,-0.815,-0.549,0.142,1,-36.090,-3.210,-24.594,0.000,2,41.518959,-86.239632,0.000000,0.430,259.899994,10,40,37,24,12,3,U_TURN_HDG,AP_HDG_SEL_IMU,116.453,5.478,20.000,4,15,10,15,ROLL_LEFT
173,15.301759,0,0.128,0.410,-0.359,-5.897,20.438,110.976,-0.895,0.112,0.000,-31.875,5.125,22.375,-3.255,-10.970,-29.425,0.117,-0.815,-0.549,0.142,1,-36.888,-3.173,-24.864,0.000,2,41.518959,-86.239632,0.000000,0.489,259.899994,10,40,37,32,12,3,U_TURN_HDG,AP_HDG_SEL_IMU,116.453,5.477,20.000,4,15,10,15,ROLL_LEFT
174,15.376887,0,0.000,-0.218,0.051,-5.892,20.417,110.976,-1.231,0.000,0.000,-31.875,5.125,22.375,-3.255,-10.970,-29.451,0.117,-0.815,-0.549,0.142,1,-36.720,-3.141,-24.807,0.000,2,41.518959,-86.239632,0.000000,0.527,259.899994,10,40,37,40,12,3,U_TURN_HDG,AP_HDG_SEL_IMU,116.453,5.477,20.000,4,15,10,15,ROLL_LEFT
175,15.460468,0,-0.026,0.064,-0.077,-5.896,20.463,110.974,-0.336,0.000,0.000,-31.875,5.125,22.375,-3.230,-10.996,-29.451,0.117,-0.815,-0.549,0.142,1,-36.049,-3.136,-24.580,0.000,2,41.518963,-86.239632,0.000000,0.731,259.899994,10,40,37,48,12,3,U_TURN_HDG,AP_HDG_SEL_IMU,116.453,5.479,20.000,4,15,10,15,ROLL_LEFT
176,15.539026,0,0.000,0.038,0.051,-5.898,20.448,110.975,-0.448,0.000,0.000,-31.875,5.125,22.375,-3.255,-10.970,-29.451,0.117,-0.815,-0.549,0.142,1,-37.027,-3.159,-24.911,0.000,2,41.518963,-86.239632,0.000000,0.702,259.899994,10,40,37,56,12,3,U_TURN_HDG,AP_HDG_SEL_IMU,116.453,5.478,20.000,4,15,10,15,ROLL_LEFT
177,15.621755,0,-0.026,0.064,0.051,-5.900,20.457,110.974,-0.112,-0.112,-0.224,-31.875,5.125,22.375,-3.230,-10.996,-29.451,0.117,-0.815,-0.549,0.142,1,-37.327,-3.163,-25.011,0.000,2,41.518963,-86.239632,0.000000,0.640,259.899994,10,40,37,64,12,3,U_TURN_HDG,AP_HDG_SEL_IMU,116.453,5.479,20.000,4,15,10,15,ROLL_LEFT
178,15.695917,0,-0.026,0.410,-0.205,-5.893,20.453,110.970,-1.007,0.000,0.000,-31.875,5.125,22.375,-3.255,-10.970,-29.451,0.117,-0.815,-0.549,0.142,1,-36.838,-3.220,-24.847,0.000,2,41.518963,-86.239632,0.000000,0.434,259.899994,10,40,37,72,12,3,U_TURN_HDG,AP_HDG_SEL_IMU,116.453,5.483,20.000,4,15,10,15,ROLL_LEFT
179,15.745433,0,-0.026,0.013,0.051,-5.899,20.432,110.970,-0.336,0.112,0.000,-31.875,5.125,22.375,-3.230,-10.945,-29.451,0.117,-0.815,-0.549,0.142,1,-36.833,-3.209,-24.845,0.000,2,41.518963,-86.239632,0.000000,0.410,259.799988,10,40,37,76,12,3,U_TURN_HDG,AP_HDG_SEL_IMU,116.453,5.483,20.000,4,15,10,15,ROLL_LEFT
180,15.820535,0,0.000,-0.243,0.051,-5.890,20.434,110.971,0.560,0.000,-0.112,-31.875,5.125,22.375,-3.255,-10.945,-29.451,0.117,-0.815,-0.549,0.142,1,-36.972,-3.195,-24.892,0.000,2,41.518963,-86.239632,0.000000,0.387,259.799988,10,40,37,84,12,3,U_TURN_HDG,AP_HDG_SEL_IMU,116.453,5.482,20.000,4,15,10,15,ROLL_LEFT
181,15.895909,0,0.000,-0.115,0.051,-5.894,20.437,110.964,-1.119,0.112,0.000,-31.875,5.125,22.375,-3.230,-10.945,-29.451,0.117,-0.815,-0.549,0.142,1,-36.607,-3.208,-24.769,0.000,2,41.518963,-86.239632,0.000000,0.446,259.799988,10,40,37,92,12,3,U_TURN_HDG,AP_HDG_SEL_IMU,116.453,5.489,20.000,4,15,10,15,ROLL_LEFT
182,15.945039,0,0.000,0.013,-0.051,-5.899,20.407,110.965,0.112,0.000,-0.112,-31.875,5.125,22.375,-3.255,-10.945,-29.476,0.117,-0.815,-0.549,0.142,1,-36.570,-3.134,-24.757,0.000,2,41.518963,-86.239632,0.000000,0.474,259.799988,10,40,37,96,12,3,U_TURN_HDG,AP_HDG_SEL_IMU,116.453,5.488,20.000,4,15,10,15,ROLL_LEFT
183,16.063559,0,0.000,-0.372,0.205,-5.891,20.366,110.967,-1.679,0.112,-0.224,-31.875,5.125,22.375,-3.255,-10.893,-29.476,0.117,-0.815,-0.549,0.142,1,-36.904,-3.206,-24.869,0.000,2,41.518963,-86.239632,0.000000,0.662,259.799988,10,40,38,8,12,3,U_TURN_HDG,AP_HDG_SEL_IMU,116.453,5.486,20.000,4,15,10,15,ROLL_LEFT
184,16.136930,0,0.000,0.243,-0.051,-5.895,20.335,110.962,-0.336,0.000,0.000,-31.875,5.125,22.375,-3.255,-10.919,-29.476,0.117,-0.815,-0.550,0.142,1,-37.139,-3.227,-24.949,0.000,2,41.518963,-86.239632,0.000000,0.709,259.799988,10,40,38,16,12,3,U_TURN_HDG,AP_HDG_SEL_IMU,116.453,5.491,20.000,4,15,10,15,ROLL_LEFT
185,16.258207,0,0.000,-0.141,0.077,-5.898,20.330,110.962,0.112,0.000,0.112,-31.875,5.125,22.375,-3.255,-10.919,-29.476,0.117,-0.815,-0.550,0.142,1,-36.981,-3.209,-24.895,0.000,2,41.518967,-86.239632,354.950012,0.835,259.700012,10,40,38,28,12,3,U_TURN_HDG,AP_HDG_SEL_IMU,116.453,5.492,20.000,4,15,10,15,ROLL_LEFT
186,16.356321,0,0.000,-0.013,0.077,-5.896,20.345,110.961,1.119,-0.112,0.000,-31.875,5.125,22.375,-3.255,-10.919,-29.476,0.117,-0.815,-0.550,0.142,1,-36.958,-3.164,-24.887,0.000,2,41.518967,-86.239632,348.220001,0.846,259.700012,10,40,38,36,12,3,U_TURN_HDG,AP_HDG_SEL_IMU,116.453,5.492,20.000,4,15,10,15,ROLL_LEFT
187,16.422358,0,0.000,0.115,-0.051,-5.898,20.355,110.960,0.224,0.000,0.112,-31.875,5.125,22.375,-3.255,-10.919,-29.476,0.117,-0.815,-0.550,0.142,1,-36.136,-3.162,-24.609,0.000,2,41.518967,-86.239632,351.779999,0.937,259.700012,10,40,38,44,12,3,U_TURN_HDG,AP_HDG_SEL_IMU,116.453,5.493,20.000,4,15,10,15,ROLL_LEFT
188,16.502338,0,0.000,0.115,-0.051,-5.898,20.330,110.962,0.671,0.000,0.112,-31.875,5.125,22.375,-3.255,-10.919,-29.476,0.117,-0.815,-0.550,0.142,1,-36.966,-3.179,-24.890,0.000,2,41.518967,-86.239632,348.390015,1.214,259.700012,10,40,38,52,12,3,U_TURN_HDG,AP_HDG_SEL_IMU,116.453,5.492,20.000,4,15,10,15,ROLL_LEFT
189,16.620188,0,-0.026,-0.013,-0.077,-5.900,20.339,110.961,0.000,0.000,0.000,-31.875,5.125,22.375,-3.255,-10.919,-29.476,0.117,-0.815,-0.550,0.142,1,-36.566,-3.127,-24.755,0.000,2,41.518967,-86.239632,353.869995,1.200,259.600006,10,40,38,64,12,3,U_TURN_HDG,AP_HDG_SEL_IMU,116.453,5.492,20.000,4,15,10,15,ROLL_LEFT
190,16.700186,0,0.000,0.115,-0.179,-5.893,20.335,110.956,0.560,0.000,0.112,-31.875,5.125,22.375,-3.255,-10.919,-29.476,0.117,-0.815,-0.550,0.142,1,-36.734,-3.163,-24.812,0.000,2,41.518967,-86.239632,353.750000,1.259,259.700012,10,40,38,72,12,3,U_TURN_HDG,AP_HDG_SEL_IMU,116.453,5.497,20.000,4,15,10,15,ROLL_LEFT
191,16.756912,0,0.000,0.013,-0.051,-5.900,20.350,110.950,0.224,-0.112,0.000,-31.875,5.125,22.375,-3.255,-10.945,-29.476,0.117,-0.815,-0.550,0.142,1,-37.287,-3.227,-24.998,0.000,2,41.518967,-86.239632,356.299988,1.244,259.600006,10,40,38,76,12,3,U_TURN_HDG,AP_HDG_SEL_IMU,116.453,5.503,20.000,4,15,10,15,ROLL_LEFT
192,16.816053,0,0.000,-0.115,0.077,-5.904,20.369,110.949,0.000,-0.112,0.000,-31.875,5.125,22.375,-3.255,-10.945,-29.476,0.117,-0.815,-0.550,0.142,1,-36.810,-3.168,-24.838,0.000,2,41.518967,-86.239632,356.019989,1.143,259.600006,10,40,38,84,12,3,U_TURN_HDG,AP_HDG_SEL_IMU,116.453,5.504,20.000,4,15,10,15,ROLL_LEFT
193,16.883518,0,0.000,-0.115,0.077,-5.908,20.363,110.948,0.671,0.000,0.000,-31.875,5.125,22.375,-3.255,-10.945,-29.476,0.117,-0.815,-0.550,0.142,1,-37.147,-3.103,-24.951,0.000,2,41.518967,-86.239632,352.079987,1.082,259.600006,10,40,38,88,12,3,U_TURN_HDG,AP_HDG_SEL_IMU,116.453,5.505,20.000,4,15,10,15,ROLL_LEFT
194,16.956537,0,0.000,0.115,-0.051,-5.905,20.380,110.944,-0.448,0.000,0.000,-31.875,5.125,22.375,-3.255,-10.945,-29.476,0.117,-0.815,-0.550,0.142,1,-36.642,-3.130,-24.781,0.000,2,41.518967,-86.239632,350.630005,0.895,259.600006,10,40,38,96,12,3,U_TURN_HDG,AP_HDG_SEL_IMU,116.453,5.509,20.000,4,15,10,15,ROLL_LEFT
195,17.016342,0,0.000,-0.013,0.077,-5.909,20.374,110.943,0.000,0.000,0.000,-31.875,5.125,22.375,-3.255,-10.919,-29.476,0.117,-0.815,-0.550,0.142,1,-36.748,-3.190,-24.817,0.000,2,41.518967,-86.239632,0.000000,0.776,259.600006,10,40,39,4,12,3,U_TURN_HDG,AP_HDG_SEL_IMU,116.453,5.510,20.000,4,15,10,15,ROLL_LEFT
196,17.103920,0,0.000,-0.013,-0.051,-5.909,20.374,110.943,-0.224,-0.112,0.000,-31.875,5.125,22.375,-3.255,-10.919,-29.476,0.117,-0.815,-0.550,0.142,1,-36.489,-3.123,-24.729,0.000,2,41.518967,-86.239632,353.109985,0.915,259.700012,10,40,39,12,12,3,U_TURN_HDG,AP_HDG_SEL_IMU,116.453,5.510,20.000,4,15,10,15,ROLL_LEFT
197,17.217669,0,-0.026,-0.013,0.077,-5.906,20.364,110.939,-0.112,0.000,-0.112,-31.875,5.125,22.375,-3.255,-10.919,-29.476,0.117,-0.815,-0.550,0.142,1,-36.674,-3.188,-24.792,0.000,2,41.518967,-86.239632,0.400000,0.873,259.700012,10,40,39,24,12,3,U_TURN_HDG,AP_HDG_SEL_IMU,116.453,5.514,20.000,4,15,10,15,ROLL_LEFT
198,17.300013,0,0.000,0.013,0.051,-5.909,20.374,110.943,0.224,0.000,0.000,-31.875,5.125,22.375,-3.255,-10.945,-29.451,0.117,-0.815,-0.550,0.142,1,-36.883,-3.164,-24.862,0.000,2,41.518970,-86.239632,3.860000,0.970,259.700012,10,40,39,32,12,3,U_TURN_HDG,AP_HDG_SEL_IMU,116.453,5.510,20.000,4,15,10,15,ROLL_LEFT
199,17.415789,0,-0.026,0.013,-0.051,-5.908,20.374,110.938,-0.224,0.000,0.000,-31.875,5.125,22.375,-3.230,-10.945,-29.476,0.117,-0.815,-0.550,0.142,1,-37.019,-3.149,-24.908,0.000,2,41.518970,-86.239632,2.640000,1.384,259.700012,10,40,39,44,12,3,U_TURN_HDG,AP_HDG_SEL_IMU,116.453,5.515,20.000,4,15,10,15,ROLL_LEFT
200,17.503080,0,-0.026,0.013,-0.103,-5.904,20.380,110.938,0.224,0.000,0.000,-31.875,5.125,22.375,-3.230,-10.945,-29.425,0.117,-0.815,-0.550,0.142,1,-36.227,-3.185,-24.640,0.000,2,41.518970,-86.239632,4.520000,1.409,259.700012,10,40,39,52,12,3,U_TURN_HDG,AP_HDG_SEL_IMU,116.453,5.515,20.000,4,15,10,15,ROLL_LEFT
201,17.551731,0,0.000,-0.115,0.051,-5.905,20.390,110.933,-0.112,0.000,-0.112,-31.875,5.125,22.375,-3.255,-10.945,-29.451,0.117,-0.815,-0.550,0.142,1,-36.415,-3.122,-24.704,0.000,2,41.518970,-86.239632,5.990000,1.362,259.700012,10,40,39,56,12,3,U_TURN_HDG,AP_HDG_SEL_IMU,116.453,5.520,20.000,4,15,10,15,ROLL_LEFT
202,17.617863,0,0.000,0.141,-0.077,-5.903,20.381,110.934,0.000,0.000,0.112,-31.875,5.125,22.375,-3.255,-10.945,-29.476,0.117,-0.815,-0.550,0.142,1,-36.933,-3.123,-24.879,0.000,2,41.518970,-86.239632,5.570000,1.109,259.700012,10,40,39,64,12,3,U_TURN_HDG,AP_HDG_SEL_IMU,116.453,5.519,20.000,4,15,10,15,ROLL_LEFT
203,17.674314,0,0.128,-0.090,0.051,-5.904,20.416,110.928,0.112,0.000,0.112,-31.875,5.125,22.375,-3.255,-10.970,-29.451,0.117,-0.815,-0.550,0.142,1,-37.227,-3.117,-24.978,0.000,2,41.518970,-86.239632,359.769989,0.987,259.700012,10,40,39,68,12,3,U_TURN_HDG,AP_HDG_SEL_IMU,116.453,5.525,20.000,4,15,10,15,ROLL_LEFT
204,17.739784,0,0.000,0.013,-0.077,-5.905,20.390,110.933,-0.560,0.112,0.112,-31.875,5.125,22.375,-3.255,-10.945,-29.451,0.117,-0.815,-0.550,0.142,1,-36.991,-3.088,-24.899,0.000,2,41.518970,-86.239632,0.000000,0.771,259.700012,10,40,39,76,12,3,U_TURN_HDG,AP_HDG_SEL_IMU,116.453,5.520,20.000,4,15,10,15,ROLL_LEFT
205,17.854895,0,0.000,0.038,0.051,-5.907,20.400,110.933,0.224,0.000,0.112,-31.875,5.125,22.375,-3.255,-10.970,-29.451,0.117,-0.815,-0.550,0.142,1,-36.634,-3.116,-24.778,0.000,2,41.518970,-86.239632,0.000000,0.810,259.700012,10,40,39,88,12,3,U_TURN_HDG,AP_HDG_SEL_IMU,116.453,5.520,20.000,4,15,10,15,ROLL_LEFT
206,17.941868,0,0.000,0.013,-0.051,-5.904,20.390,110.928,0.448,0.000,0.112,-31.875,5.125,22.375,-3.255,-10.919,-29.476,0.117,-0.815,-0.550,0.142,1,-36.198,-3.135,-24.630,0.000,2,41.518970,-86.239632,0.000000,0.682,259.600006,10,40,39,96,12,3,U_TURN_HDG,AP_HDG_SEL_IMU,116.453,5.525,20.000,4,15,10,15,ROLL_LEFT
207,18.015072,0,0.000,0.013,0.051,-5.902,20.382,110.925,0.000,0.000,0.112,-31.875,5.125,22.375,-3.255,-10.945,-29.451,0.117,-0.815,-0.550,0.142,1,-37.227,-3.114,-24.978,0.000,2,41.518974,-86.239632,0.000000,0.645,259.600006,10,40,40,0,12,3,U_TURN_HDG,AP_HDG_SEL_IMU,116.453,5.528,20.000,4,15,10,15,ROLL_LEFT
208,18.077993,0,0.000,0.141,-0.077,-5.905,20.401,110.923,-0.560,0.000,0.000,-31.875,5.125,22.375,-3.255,-10.945,-29.451,0.117,-0.815,-0.550,0.142,1,-36.782,-3.116,-24.828,0.000,2,41.518974,-86.239632,0.000000,0.684,259.600006,10,40,40,8,12,3,U_TURN_HDG,AP_HDG_SEL_IMU,116.453,5.530,20.000,4,15,10,15,ROLL_LEFT
209,18.178640,0,0.000,0.038,0.077,-5.898,20.396,110.919,0.000,0.000,0.000,-31.875,5.125,22.375,-3.255,-10.970,-29.476,0.117,-0.815,-0.550,0.142,1,-36.785,-3.117,-24.829,0.000,2,41.518974,-86.239632,0.000000,0.434,259.600006,10,40,40,20,12,3,U_TURN_HDG,AP_HDG_SEL_IMU,116.453,5.535,20.000,4,15,10,15,ROLL_LEFT
210,18.261768,0,0.000,0.038,0.051,-5.898,20.396,110.919,0.112,0.000,0.000,-31.875,5.125,22.375,-3.255,-10.970,-29.451,0.117,-0.815,-0.550,0.142,1,-37.002,-3.113,-24.902,0.000,2,41.518974,-86.239632,0.000000,0.338,259.600006,10,40,40,28,12,3,U_TURN_HDG,AP_HDG_SEL_IMU,116.453,5.535,20.000,4,15,10,15,ROLL_LEFT
211,18.336901,0,0.000,0.013,0.051,-5.893,20.403,110.909,-0.224,0.000,0.112,-31.875,5.125,22.375,-3.255,-10.945,-29.451,0.117,-0.815,-0.550,0.142,1,-36.695,-3.094,-24.799,0.000,2,41.518974,-86.239632,0.000000,0.165,259.600006,10,40,40,36,12,3,U_TURN_HDG,AP_HDG_SEL_IMU,116.453,5.544,20.000,4,15,10,15,ROLL_LEFT
212,18.415558,0,0.000,0.013,-0.077,-5.899,20.407,110.914,0.560,-0.112,0.224,-31.875,5.125,22.375,-3.255,-10.945,-29.451,0.117,-0.815,-0.550,0.142,1,-36.629,-3.105,-24.777,0.000,2,41.518974,-86.239632,0.000000,0.147,259.600006,10,40,40,44,12,3,U_TURN_HDG,AP_HDG_SEL_IMU,116.453,5.539,20.000,4,15,10,15,ROLL_LEFT
213,18.496799,0,0.000,0.141,0.051,-5.898,20.407,110.908,0.000,-0.112,-0.112,-31.875,5.125,22.375,-3.255,-10.945,-29.451,0.117,-0.815,-0.550,0.142,1,-37.828,-3.126,-25.179,0.000,2,41.518974,-86.239632,0.000000,0.095,259.600006,10,40,40,52,12,3,U_TURN_HDG,AP_HDG_SEL_IMU,116.453,5.545,20.000,4,15,10,15,ROLL_LEFT
214,18.779745,0,0.000,0.243,-0.231,-5.898,20.407,110.908,-0.448,0.000,0.000,-31.875,5.125,22.375,-3.255,-10.945,-29.451,0.117,-0.815,-0.550,0.142,1,-37.301,-3.115,-25.003,0.000,2,41.518974,-86.239632,0.000000,0.142,259.600006,10,40,40,80,12,3,U_TURN_HDG,AP_HDG_SEL_IMU,116.453,5.545,20.000,4,15,10,15,ROLL_LEFT
215,18.899857,0,0.000,-0.090,0.051,-5.898,20.408,110.904,0.112,0.000,0.000,-31.875,5.125,22.375,-3.255,-10.970,-29.451,0.117,-0.815,-0.550,0.142,1,-37.087,-3.131,-24.931,0.000,2,41.518974,-86.239632,0.000000,0.162,259.700012,10,40,40,92,12,3,U_TURN_HDG,AP_HDG_SEL_IMU,116.453,5.549,20.000,4,15,10,15,ROLL_LEFT
216,18.980511,0,-0.026,0.038,0.051,-5.900,20.402,110.898,0.112,0.000,0.112,-31.875,5.125,22.375,-3.230,-10.970,-29.451,0.117,-0.815,-0.550,0.142,1,-37.007,-3.118,-24.904,0.000,2,41.518974,-86.239632,0.000000,0.091,259.700012,10,40,40,96,12,3,U_TURN_HDG,AP_HDG_SEL_IMU,116.453,5.555,20.000,4,15,10,15,ROLL_LEFT
217,19.053507,0,-0.026,0.038,0.051,-5.897,20.408,110.898,-0.224,0.000,-0.224,-31.875,5.125,22.375,-3.230,-10.970,-29.451,0.117,-0.815,-0.550,0.142,1,-36.925,-3.105,-24.876,0.000,2,41.518974,-86.239632,0.000000,0.351,259.700012,10,40,41,4,12,3,U_TURN_HDG,AP_HDG_SEL_IMU,116.453,5.555,20.000,4,15,10,15,ROLL_LEFT
218,19.219866,0,-0.026,0.038,0.051,-5.895,20.408,110.889,0.000,0.000,0.000,-31.875,5.125,22.375,-3.230,-10.970,-29.451,0.117,-0.815,-0.550,0.142,1,-36.703,-3.107,-24.802,0.000,2,41.518974,-86.239632,0.000000,0.847,259.700012,10,40,41,24,12,3,U_TURN_HDG,AP_HDG_SEL_IMU,116.453,5.564,20.000,4,15,10,15,ROLL_LEFT
219,19.290510,0,0.000,-0.090,0.051,-5.891,20.414,110.889,0.000,0.000,0.000,-31.875,5.125,22.375,-3.255,-10.970,-29.451,0.117,-0.815,-0.550,0.142,1,-37.087,-3.128,-24.931,0.000,2,41.518974,-86.239632,9.500000,0.938,259.700012,10,40,41,28,12,3,U_TURN_HDG,AP_HDG_SEL_IMU,116.453,5.564,20.000,4,15,10,15,ROLL_LEFT
220,19.344299,0,0.000,0.115,-0.051,-5.891,20.414,110.889,0.000,0.000,0.000,-31.875,5.125,22.375,-3.255,-10.919,-29.476,0.117,-0.815,-0.550,0.142,1,-36.936,-3.126,-24.880,0.000,2,41.518974,-86.239632,0.000000,0.729,259.700012,10,40,41,36,12,3,U_TURN_HDG,AP_HDG_SEL_IMU,116.453,5.564,20.000,4,15,10,15,ROLL_LEFT
221,19.460497,0,0.000,0.013,0.051,-5.895,20.408,110.889,0.000,0.000,0.000,-31.875,5.125,22.375,-3.255,-10.919,-29.476,0.117,-0.815,-0.550,0.142,1,-36.759,-3.071,-24.820,0.000,2,41.518974,-86.239632,0.000000,0.523,259.700012,10,40,41,48,12,3,U_TURN_HDG,AP_HDG_SEL_IMU,116.453,5.564,20.000,4,15,10,15,ROLL_LEFT
222,19.540340,0,0.026,0.013,0.077,-5.895,20.407,110.893,0.000,0.000,0.000,-31.875,5.125,22.375,-3.281,-10.945,-29.476,0.117,-0.815,-0.550,0.142,1,-36.871,-3.147,-24.858,0.000,2,41.518974,-86.239632,0.000000,0.408,259.700012,10,40,41,56,12,3,U_TURN_HDG,AP_HDG_SEL_IMU,116.453,5.560,20.000,4,15,10,15,ROLL_LEFT
223,19.620497,0,0.026,0.013,-0.051,-5.906,20.406,110.897,0.000,0.000,0.000,-31.875,5.125,22.375,-3.281,-10.945,-29.476,0.117,-0.815,-0.550,0.142,1,-37.264,-3.045,-24.990,0.000,2,41.518974,-86.239632,0.000000,0.137,259.700012,10,40,41,64,12,3,U_TURN_HDG,AP_HDG_SEL_IMU,116.453,5.556,20.000,4,15,10,15,ROLL_LEFT
224,19.741779,0,0.000,-0.115,0.077,-5.910,20.400,110.896,0.000,0.000,0.000,-31.875,5.125,22.375,-3.281,-10.945,-29.476,0.117,-0.815,-0.550,0.142,1,-37.057,-3.075,-24.921,0.000,2,41.518974,-86.239639,0.000000,0.565,259.600006,10,40,41,76,12,3,U_TURN_HDG,AP_HDG_SEL_IMU,116.453,5.557,20.000,4,15,10,15,ROLL_LEFT
225,19.823771,0,0.000,-0.115,0.231,-5.910,20.400,110.896,0.000,0.000,0.000,-31.875,5.125,22.375,-3.255,-10.945,-29.502,0.117,-0.815,-0.550,0.142,1,-36.994,-3.095,-24.900,0.000,2,41.518974,-86.239639,0.000000,0.368,259.600006,10,40,41,84,12,3,U_TURN_HDG,AP_HDG_SEL_IMU,116.453,5.557,20.000,4,15,10,15,ROLL_LEFT
226,19.881474,0,-0.026,-0.013,-0.051,-5.908,20.391,110.897,0.000,0.000,0.000,-31.875,5.125,22.375,-3.230,-10.919,-29.476,0.117,-0.815,-0.550,0.142,1,-36.785,-3.121,-24.829,0.000,2,41.518974,-86.239639,0.000000,0.365,259.600006,10,40,41,88,12,3,U_TURN_HDG,AP_HDG_SEL_IMU,116.453,5.556,20.000,4,15,10,15,ROLL_LEFT
227,19.948874,0,-0.026,-0.013,-0.051,-5.908,20.391,110.897,0.000,0.000,0.000,-31.875,5.125,22.375,-3.230,-10.919,-29.476,0.117,-0.815,-0.550,0.142,1,-36.978,-3.063,-24.894,0.000,2,41.518974,-86.239639,0.000000,0.277,259.600006,10,40,41,96,12,3,U_TURN_HDG,AP_HDG_SEL_IMU,116.453,5.556,20.000,4,15,10,15,ROLL_LEFT
228,20.056581,0,0.000,0.115,-0.051,-5.907,20.381,110.898,0.000,0.000,0.000,-31.875,5.125,22.375,-3.255,-10.919,-29.476,0.117,-0.815,-0.550,0.142,1,-36.835,-3.076,-24.846,0.000,2,41.518978,-86.239639,0.000000,0.272,259.600006,10,40,42,8,12,3,U_TURN_HDG,AP_HDG_SEL_IMU,116.453,5.555,20.000,4,15,10,15,ROLL_LEFT
229,20.180840,0,-0.026,-0.320,0.103,-5.910,20.349,110.897,1.343,0.000,0.112,-31.875,5.125,22.375,-3.230,-10.868,-29.502,0.117,-0.815,-0.550,0.142,1,-36.904,-3.068,-24.869,0.000,2,41.518978,-86.239639,0.000000,0.392,259.600006,10,40,42,20,12,3,U_TURN_HDG,AP_HDG_SEL_IMU,116.453,5.556,20.000,4,15,10,15,ROLL_LEFT
230,20.267593,0,-0.026,0.308,-0.154,-5.898,20.289,110.895,0.336,0.112,0.000,-31.875,5.125,22.375,-3.230,-10.919,-29.476,0.116,-0.815,-0.550,0.141,1,-36.152,-3.048,-24.615,0.000,2,41.518978,-86.239632,0.000000,0.419,259.600006,10,40,42,28,12,3,U_TURN_HDG,AP_HDG_SEL_IMU,116.453,5.558,20.000,4,15,10,15,ROLL_LEFT
231,20.346348,0,0.000,0.090,-0.026,-5.894,20.244,110.892,-0.224,0.000,0.000,-31.875,5.125,22.375,-3.255,-10.893,-29.502,0.116,-0.815,-0.550,0.141,1,-36.703,-3.104,-24.802,0.000,2,41.518978,-86.239632,0.000000,0.557,259.600006,10,40,42,36,12,3,U_TURN_HDG,AP_HDG_SEL_IMU,116.453,5.561,20.000,4,15,10,15,ROLL_LEFT
232,20.421848,0,0.000,-0.038,0.051,-5.888,20.267,110.888,-0.224,0.000,0.000,-31.875,5.125,22.375,-3.255,-10.893,-29.451,0.116,-0.815,-0.550,0.141,1,-37.306,-3.122,-25.005,0.000,2,41.518978,-86.239632,0.000000,0.424,259.600006,10,40,42,44,12,3,U_TURN_HDG,AP_HDG_SEL_IMU,116.453,5.565,20.000,4,15,10,15,ROLL_LEFT
233,20.502733,0,0.128,0.333,-0.205,-5.895,20.280,110.886,-0.448,-0.112,0.112,-31.875,5.125,22.375,-3.255,-10.893,-29.451,0.116,-0.815,-0.550,0.141,1,-36.849,-3.099,-24.851,0.000,2,41.518978,-86.239632,0.000000,0.408,259.600006,10,40,42,52,12,3,U_TURN_HDG,AP_HDG_SEL_IMU,116.453,5.567,20.000,4,15,10,15,ROLL_LEFT
234,20.557083,0,0.000,0.218,-0.077,-5.900,20.300,110.890,0.112,-0.112,0.112,-31.875,5.125,22.375,-3.255,-10.893,-29.451,0.116,-0.815,-0.550,0.142,1,-37.192,-3.051,-24.966,0.000,2,41.518978,-86.239632,0.000000,0.414,259.600006,10,40,42,56,12,3,U_TURN_HDG,AP_HDG_SEL_IMU,116.453,5.563,20.000,4,15,10,15,ROLL_LEFT
235,20.607512,0,0.000,-0.038,0.051,-5.898,20.289,110.895,0.224,0.112,-0.112,-31.875,5.125,22.375,-3.255,-10.893,-29.451,0.116,-0.815,-0.550,0.141,1,-36.835,-3.076,-24.846,0.000,2,41.518978,-86.239632,0.000000,0.434,259.600006,10,40,42,60,12,3,U_TURN_HDG,AP_HDG_SEL_IMU,116.453,5.558,20.000,4,15,10,15,ROLL_LEFT
236,20.667677,0,0.000,0.090,-0.077,-5.898,20.290,110.891,-0.224,0.000,0.000,-31.875,5.125,22.375,-3.255,-10.893,-29.451,0.116,-0.815,-0.550,0.141,1,-37.007,-3.120,-24.904,0.000,2,41.518978,-86.239632,0.000000,0.203,259.600006,10,40,42,68,12,3,U_TURN_HDG,AP_HDG_SEL_IMU,116.453,5.562,20.000,4,15,10,15,ROLL_LEFT
237,20.717510,0,0.000,0.090,-0.051,-5.900,20.300,110.890,0.112,-0.112,0.000,-31.875,5.125,22.375,-3.255,-10.893,-29.476,0.116,-0.815,-0.550,0.142,1,-36.854,-3.113,-24.853,0.000,2,41.518978,-86.239632,0.000000,0.143,259.600006,10,40,42,72,12,3,U_TURN_HDG,AP_HDG_SEL_IMU,116.453,5.563,20.000,4,15,10,15,ROLL_LEFT
238,20.766558,0,0.000,0.064,-0.051,-5.900,20.300,110.890,-0.112,0.000,0.112,-31.875,5.125,22.375,-3.255,-10.868,-29.476,0.116,-0.815,-0.550,0.142,1,-37.041,-3.046,-24.915,0.000,2,41.518978,-86.239639,0.000000,0.137,259.600006,10,40,42,76,12,3,U_TURN_HDG,AP_HDG_SEL_IMU,116.453,5.563,20.000,4,15,10,15,ROLL_LEFT
239,20.831503,0,0.000,0.064,-0.051,-5.904,20.294,110.889,0.671,0.000,0.112,-31.875,5.125,22.375,-3.255,-10.868,-29.476,0.116,-0.815,-0.550,0.142,1,-36.812,-3.027,-24.838,0.000,2,41.518978,-86.239632,0.000000,0.143,259.600006,10,40,42,84,12,3,U_TURN_HDG,AP_HDG_SEL_IMU,116.453,5.564,20.000,4,15,10,15,ROLL_LEFT
240,20.930557,0,-0.026,-0.064,0.103,-5.899,20.316,110.895,-0.112,0.112,0.000,-31.875,5.125,22.375,-3.255,-10.868,-29.476,0.116,-0.815,-0.550,0.142,1,-36.827,-3.062,-24.843,0.000,2,41.518978,-86.239639,0.000000,0.105,259.600006,10,40,42,92,12,3,U_TURN_HDG,AP_HDG_SEL_IMU,116.453,5.558,20.000,4,15,10,15,ROLL_LEFT
241,21.010151,0,0.000,-0.064,0.077,-5.893,20.312,110.896,0.000,0.112,-0.112,-31.875,5.125,22.375,-3.230,-10.868,-29.502,0.116,-0.815,-0.550,0.142,1,-35.986,-3.017,-24.558,0.000,2,41.518978,-86.239639,0.000000,0.150,259.500000,10,40,43,0,12,3,U_TURN_HDG,AP_HDG_SEL_IMU,116.453,5.557,20.000,4,15,10,15,ROLL_LEFT
242,21.081163,0,0.000,0.064,0.077,-5.892,20.301,110.901,0.112,0.000,-0.112,-31.875,5.125,22.375,-3.255,-10.868,-29.476,0.116,-0.815,-0.550,0.141,1,-36.497,-3.000,-24.732,0.000,2,41.518978,-86.239639,0.000000,0.278,259.500000,10,40,43,8,12,3,U_TURN_HDG,AP_HDG_SEL_IMU,116.453,5.552,20.000,4,15,10,15,ROLL_LEFT
243,21.154503,0,0.000,0.064,0.077,-5.897,20.279,110.896,0.448,-0.112,0.000,-31.875,5.125,22.375,-3.255,-10.868,-29.476,0.116,-0.815,-0.550,0.141,1,-36.966,-3.037,-24.890,0.000,2,41.518978,-86.239639,0.000000,0.201,259.500000,10,40,43,16,12,3,U_TURN_HDG,AP_HDG_SEL_IMU,116.453,5.558,20.000,4,15,10,15,ROLL_LEFT
244,21.265547,0,0.000,0.064,-0.077,-5.898,20.289,110.895,0.224,-0.112,0.224,-31.875,5.125,22.375,-3.255,-10.868,-29.476,0.116,-0.815,-0.550,0.141,1,-36.859,-2.981,-24.854,0.000,2,41.518978,-86.239639,0.000000,0.278,259.500000,10,40,43,28,12,3,U_TURN_HDG,AP_HDG_SEL_IMU,116.453,5.558,20.000,4,15,10,15,ROLL_LEFT
245,21.343920,0,0.000,-0.064,-0.051,-5.905,20.293,110.899,0.336,0.112,0.000,-31.875,5.125,22.375,-3.255,-10.868,-29.476,0.116,-0.815,-0.550,0.142,1,-36.272,-2.992,-24.656,0.000,2,41.518978,-86.239639,0.000000,0.358,259.500000,10,40,43,36,12,3,U_TURN_HDG,AP_HDG_SEL_IMU,116.453,5.554,20.000,4,15,10,15,ROLL_LEFT
246,21.397758,0,0.000,0.090,-0.051,-5.905,20.293,110.899,0.000,0.000,0.112,-31.875,5.125,22.375,-3.255,-10.893,-29.476,0.116,-0.815,-0.550,0.142,1,-37.227,-2.975,-24.978,0.000,2,41.518978,-86.239639,0.000000,0.543,259.500000,10,40,43,40,12,3,U_TURN_HDG,AP_HDG_SEL_IMU,116.453,5.554,20.000,4,15,10,15,ROLL_LEFT
247,21.469948,0,0.000,-0.038,-0.051,-5.905,20.304,110.889,0.000,0.112,0.112,-31.875,5.125,22.375,-3.255,-10.893,-29.476,0.116,-0.815,-0.550,0.142,1,-37.126,-3.064,-24.944,0.000,2,41.518978,-86.239639,0.000000,0.646,259.399994,10,40,43,48,12,3,U_TURN_HDG,AP_HDG_SEL_IMU,116.453,5.564,20.000,4,15,10,15,ROLL_LEFT
248,21.539745,0,0.000,-0.038,-0.051,-5.910,20.299,110.894,0.112,-0.112,0.000,-31.875,5.125,22.375,-3.255,-10.893,-29.476,0.116,-0.815,-0.550,0.142,1,-36.182,-2.964,-24.625,0.000,2,41.518978,-86.239639,0.000000,0.567,259.399994,10,40,43,56,12,3,U_TURN_HDG,AP_HDG_SEL_IMU,116.453,5.559,20.000,4,15,10,15,ROLL_LEFT
249,21.585510,0,0.000,0.115,-0.026,-5.910,20.299,110.894,0.112,-0.112,0.000,-31.875,5.125,22.375,-3.255,-10.919,-29.502,0.116,-0.815,-0.550,0.142,1,-36.375,-3.048,-24.690,0.000,2,41.518978,-86.239639,0.000000,0.655,259.500000,10,40,43,60,12,3,U_TURN_HDG,AP_HDG_SEL_IMU,116.453,5.559,20.000,4,15,10,15,ROLL_LEFT
250,21.659748,0,0.000,0.115,0.103,-5.906,20.304,110.894,0.336,-0.112,0.000,-31.875,5.125,22.375,-3.255,-10.919,-29.502,0.116,-0.815,-0.550,0.142,1,-37.388,-2.998,-25.032,0.000,2,41.518978,-86.239639,0.000000,0.687,259.500000,10,40,43,68,12,3,U_TURN_HDG,AP_HDG_SEL_IMU,116.453,5.559,20.000,4,15,10,15,ROLL_LEFT
251,21.728254,0,0.026,-0.013,0.077,-5.912,20.308,110.893,0.112,-0.112,0.112,-31.875,5.125,22.375,-3.255,-10.919,-29.502,0.116,-0.815,-0.550,0.142,1,-36.875,-3.013,-24.860,0.000,2,41.518978,-86.239639,0.000000,0.562,259.500000,10,40,43,72,12,3,U_TURN_HDG,AP_HDG_SEL_IMU,116.453,5.560,20.000,4,15,10,15,ROLL_LEFT
252,21.788507,0,0.000,0.192,-0.179,-5.905,20.293,110.899,-0.895,0.000,0.000,-31.875,5.125,22.375,-3.255,-10.868,-29.476,0.116,-0.815,-0.550,0.142,1,-37.010,-2.988,-24.905,0.000,2,41.518978,-86.239639,0.000000,0.574,259.500000,10,40,43,80,12,3,U_TURN_HDG,AP_HDG_SEL_IMU,116.453,5.554,20.000,4,15,10,15,ROLL_LEFT
253,21.859814,0,0.000,0.218,-0.051,-5.911,20.297,110.898,-0.112,-0.112,0.000,-31.875,5.125,22.375,-3.255,-10.893,-29.476,0.116,-0.815,-0.550,0.142,1,-36.810,-3.029,-24.838,0.000,2,41.518978,-86.239639,0.000000,0.592,259.399994,10,40,43,88,12,3,U_TURN_HDG,AP_HDG_SEL_IMU,116.453,5.555,20.000,4,15,10,15,ROLL_LEFT
254,21.914511,0,0.000,-0.038,-0.051,-5.914,20.318,110.892,0.112,0.000,0.000,-31.875,5.125,22.375,-3.255,-10.893,-29.451,0.116,-0.815,-0.550,0.142,1,-36.893,-3.046,-24.866,0.000,2,41.518978,-86.239639,0.000000,0.483,259.500000,10,40,43,92,12,3,U_TURN_HDG,AP_HDG_SEL_IMU,116.453,5.561,20.000,4,15,10,15,ROLL_LEFT
255,21.968172,0,0.000,0.115,-0.179,-5.908,20.314,110.894,-0.671,0.000,0.000,-31.875,5.125,22.375,-3.255,-10.919,-29.451,0.116,-0.815,-0.550,0.142,1,-37.094,-3.005,-24.933,0.000,2,41.518978,-86.239639,0.000000,0.495,259.500000,10,40,43,96,12,3,U_TURN_HDG,AP_HDG_SEL_IMU,116.453,5.560,20.000,4,15,10,15,ROLL_LEFT
256,22.027510,0,0.000,0.218,-0.051,-5.906,20.278,110.894,-2.014,0.224,-0.112,-31.875,5.125,22.375,-3.255,-10.893,-29.476,0.116,-0.815,-0.550,0.141,1,-36.494,-2.993,-24.731,0.000,2,41.518978,-86.239639,0.000000,0.398,259.500000,10,40,44,4,12,3,U_TURN_HDG,AP_HDG_SEL_IMU,116.453,5.559,20.000,4,15,10,15,ROLL_LEFT
257,22.104240,0,0.026,0.218,-0.026,-5.911,20.333,110.892,-3.469,0.448,-0.336,-31.875,5.125,22.375,-3.281,-10.919,-29.476,0.116,-0.815,-0.550,0.142,1,-36.728,-3.017,-24.810,0.000,2,41.518978,-86.239639,0.000000,0.231,259.500000,10,40,44,12,12,3,U_TURN_HDG,AP_HDG_SEL_IMU,116.453,5.561,20.000,4,15,10,15,ROLL_LEFT
258,22.217386,0,0.128,0.282,0.000,-5.908,20.289,110.889,-13.653,1.567,-0.895,-31.875,5.125,22.375,-3.255,-10.714,-29.528,0.116,-0.815,-0.550,0.142,1,-36.225,-3.044,-24.640,0.000,2,41.518986,-86.239632,0.000000,0.251,259.500000,10,40,44,24,12,3,U_TURN_HDG,AP_HDG_SEL_IMU,116.453,5.564,20.000,4,15,10,15,ROLL_LEFT
259,22.264509,0,-0.026,0.205,-0.103,-5.858,19.851,110.884,-2.686,0.224,-0.112,-31.875,5.125,22.375,-3.230,-10.637,-29.553,0.113,-0.815,-0.551,0.139,1,-36.938,-2.995,-24.881,0.000,2,41.518986,-86.239632,0.000000,0.285,259.500000,10,40,44,28,12,3,U_TURN_HDG,AP_HDG_SEL_IMU,116.453,5.569,20.000,4,14,9,14,ROLL_LEFT
260,22.340631,0,-0.026,0.308,-0.231,-5.848,19.776,110.882,0.671,-0.112,0.000,-31.875,5.125,22.375,-3.230,-10.611,-29.553,0.113,-0.815,-0.551,0.139,1,-37.089,-2.997,-24.932,0.000,2,41.518986,-86.239639,0.000000,0.216,259.500000,10,40,44,36,12,3,U_TURN_HDG,AP_HDG_SEL_IMU,116.453,5.571,20.000,4,14,9,14,ROLL_LEFT
261,22.457335,0,-0.026,-0.064,0.026,-5.854,19.755,110.882,-0.224,0.000,0.000,-31.875,5.125,22.375,-3.230,-10.611,-29.553,0.113,-0.815,-0.551,0.139,1,-36.723,-3.005,-24.808,0.000,2,41.518986,-86.239632,0.000000,0.218,259.500000,10,40,44,48,12,3,U_TURN_HDG,AP_HDG_SEL_IMU,116.453,5.571,20.000,4,14,9,14,ROLL_LEFT
262,22.537420,0,-0.051,-0.167,0.026,-5.852,19.771,110.878,-0.448,0.000,-0.112,-31.875,5.125,22.375,-3.204,-10.637,-29.553,0.113,-0.815,-0.551,0.139,1,-37.026,-3.015,-24.910,0.000,2,41.518986,-86.239639,0.000000,0.108,259.500000,10,40,44,56,12,3,U_TURN_HDG,AP_HDG_SEL_IMU,116.453,5.575,20.000,4,14,9,14,ROLL_LEFT
263,22.594870,0,-0.026,-0.115,0.103,-5.860,19.846,110.874,0.448,-0.112,0.112,-31.875,5.125,22.375,-3.230,-10.560,-29.630,0.113,-0.815,-0.551,0.139,1,-36.295,-3.037,-24.663,0.000,2,41.518986,-86.239632,0.000000,0.061,259.500000,10,40,44,60,12,3,U_TURN_HDG,AP_HDG_SEL_IMU,116.453,5.579,20.000,4,14,9,14,ROLL_LEFT
264,22.658663,0,-0.026,-0.064,0.205,-5.864,19.840,110.874,0.783,-0.112,0.000,-31.875,5.125,22.375,-3.230,-10.611,-29.604,0.113,-0.815,-0.551,0.139,1,-36.632,-2.972,-24.778,0.000,2,41.518986,-86.239632,0.000000,0.042,259.500000,10,40,44,68,12,3,U_TURN_HDG,AP_HDG_SEL_IMU,116.453,5.579,20.000,4,14,9,14,ROLL_LEFT
265,22.726315,0,-0.026,0.154,-0.179,-5.861,19.830,110.869,-0.783,0.112,0.000,-31.875,5.125,22.375,-3.230,-10.586,-29.604,0.113,-0.815,-0.551,0.139,1,-36.815,-3.034,-24.839,0.000,2,41.518986,-86.239639,0.000000,0.174,259.500000,10,40,44,72,12,3,U_TURN_HDG,AP_HDG_SEL_IMU,116.453,5.584,20.000,4,14,9,14,ROLL_LEFT
266,22.778694,0,0.000,-0.064,0.077,-5.859,19.795,110.865,-0.112,0.112,0.000,-31.875,5.125,22.375,-3.255,-10.611,-29.604,0.113,-0.815,-0.551,0.139,1,-36.441,-3.033,-24.713,0.000,2,41.518986,-86.239639,0.000000,0.106,259.500000,10,40,44,80,12,3,U_TURN_HDG,AP_HDG_SEL_IMU,116.453,5.588,20.000,4,14,9,14,ROLL_LEFT
267,22.862671,0,-0.026,0.051,0.077,-5.859,19.795,110.865,0.000,0.112,0.000,-31.875,5.125,22.375,-3.230,-10.611,-29.604,0.113,-0.815,-0.551,0.139,1,-36.732,-3.023,-24.811,0.000,2,41.518986,-86.239639,0.000000,0.206,259.500000,10,40,44,88,12,3,U_TURN_HDG,AP_HDG_SEL_IMU,116.453,5.588,20.000,4,14,9,14,ROLL_LEFT
268,22.941599,0,0.000,-0.218,0.103,-5.855,19.714,110.872,-0.671,0.000,0.112,-31.875,5.125,22.375,-3.255,-10.586,-29.604,0.112,-0.815,-0.551,0.138,1,-36.677,-3.054,-24.793,0.000,2,41.518986,-86.239639,0.000000,0.186,259.500000,10,40,44,96,12,3,U_TURN_HDG,AP_HDG_SEL_IMU,116.453,5.581,20.000,4,14,9,14,ROLL_LEFT
269,23.022659,0,0.000,-0.090,0.077,-5.858,19.734,110.867,1.119,0.000,0.112,-31.875,5.125,22.375,-3.255,-10.586,-29.604,0.112,-0.815,-0.551,0.139,1,-37.109,-3.029,-24.938,0.000,2,41.518986,-86.239639,0.000000,0.321,259.500000,10,40,45,4,12,3,U_TURN_HDG,AP_HDG_SEL_IMU,116.453,5.586,20.000,4,14,9,14,ROLL_LEFT
270,23.139446,0,-0.026,0.179,-0.051,-5.865,19.737,110.875,0.783,-0.112,0.112,-31.875,5.125,22.375,-3.230,-10.611,-29.604,0.112,-0.815,-0.551,0.139,1,-36.136,-3.021,-24.609,0.000,2,41.518986,-86.239632,0.000000,0.542,259.500000,10,40,45,16,12,3,U_TURN_HDG,AP_HDG_SEL_IMU,116.453,5.578,20.000,4,14,9,14,ROLL_LEFT
271,23.217402,0,0.000,-0.167,0.077,-5.868,19.783,110.874,0.448,-0.112,0.112,-31.875,5.125,22.375,-3.255,-10.637,-29.604,0.113,-0.815,-0.551,0.139,1,-36.915,-3.082,-24.873,0.000,2,41.518986,-86.239632,0.000000,0.348,259.500000,10,40,45,24,12,3,U_TURN_HDG,AP_HDG_SEL_IMU,116.453,5.579,20.000,4,14,9,14,ROLL_LEFT
272,23.282515,0,-0.026,-0.038,0.077,-5.877,19.808,110.867,0.112,0.000,-0.112,-31.875,5.125,22.375,-3.255,-10.637,-29.604,0.113,-0.815,-0.551,0.139,1,-37.257,-3.029,-24.988,0.000,2,41.518986,-86.239632,0.000000,0.309,259.500000,10,40,45,28,12,3,U_TURN_HDG,AP_HDG_SEL_IMU,116.453,5.586,20.000,4,14,9,14,ROLL_LEFT
273,23.336945,0,0.000,-0.038,0.077,-5.875,19.798,110.868,-0.224,0.000,-0.112,-31.875,5.125,22.375,-3.255,-10.637,-29.604,0.113,-0.815,-0.551,0.139,1,-36.192,-2.988,-24.628,0.000,2,41.518986,-86.239632,0.000000,0.305,259.500000,10,40,45,36,12,3,U_TURN_HDG,AP_HDG_SEL_IMU,116.453,5.585,20.000,4,14,9,14,ROLL_LEFT
274,23.401907,0,-0.026,-0.167,0.051,-5.871,19.778,110.864,-1.567,0.112,-0.336,-31.875,5.125,22.375,-3.230,-10.611,-29.604,0.113,-0.815,-0.551,0.139,1,-36.648,-2.998,-24.783,0.000,2,41.518986,-86.239632,0.000000,0.371,259.500000,10,40,45,40,12,3,U_TURN_HDG,AP_HDG_SEL_IMU,116.453,5.589,20.000,4,14,9,14,ROLL_LEFT
275,23.458403,0,-0.026,0.205,-0.051,-5.872,19.736,110.858,0.895,-0.112,0.000,-31.875,5.125,22.375,-3.230,-10.637,-29.579,0.112,-0.815,-0.551,0.139,1,-36.764,-2.943,-24.822,0.000,2,41.518986,-86.239632,0.000000,0.441,259.500000,10,40,45,48,12,3,U_TURN_HDG,AP_HDG_SEL_IMU,116.453,5.595,20.000,4,14,9,14,ROLL_LEFT
276,23.514664,0,-0.026,-0.295,0.179,-5.869,19.742,110.864,-0.336,0.000,0.000,-31.875,5.125,22.375,-3.230,-10.637,-29.579,0.112,-0.815,-0.551,0.139,1,-37.158,-2.988,-24.955,0.000,2,41.518986,-86.239632,0.000000,0.397,259.399994,10,40,45,52,12,3,U_TURN_HDG,AP_HDG_SEL_IMU,116.453,5.589,20.000,4,14,9,14,ROLL_LEFT
277,23.578983,0,-0.026,-0.038,0.051,-5.871,19.752,110.864,-0.671,0.112,-0.112,-31.875,5.125,22.375,-3.230,-10.637,-29.579,0.112,-0.815,-0.551,0.139,1,-36.968,-3.046,-24.891,0.000,2,41.518986,-86.239639,0.000000,0.441,259.399994,10,40,45,60,12,3,U_TURN_HDG,AP_HDG_SEL_IMU,116.453,5.589,20.000,4,14,9,14,ROLL_LEFT
278,23.641937,0,0.000,-0.064,-0.077,-5.868,19.768,110.859,-0.336,0.112,-0.112,-31.875,5.125,22.375,-3.255,-10.637,-29.579,0.113,-0.815,-0.551,0.139,1,-36.591,-3.038,-24.764,0.000,2,41.518986,-86.239639,0.000000,0.397,259.399994,10,40,45,64,12,3,U_TURN_HDG,AP_HDG_SEL_IMU,116.453,5.594,20.000,4,14,9,14,ROLL_LEFT
279,23.698698,0,0.128,0.077,-0.077,-5.870,19.778,110.858,0.560,-0.224,0.000,-31.875,5.125,22.375,-3.255,-10.637,-29.579,0.113,-0.815,-0.551,0.139,1,-36.928,-2.975,-24.878,0.000,2,41.518986,-86.239639,0.000000,0.140,259.299988,10,40,45,72,12,3,U_TURN_HDG,AP_HDG_SEL_IMU,116.453,5.595,20.000,4,14,9,14,ROLL_LEFT
280,23.779837,0,-0.026,-0.167,0.051,-5.871,19.788,110.858,-0.112,0.000,0.112,-31.875,5.125,22.375,-3.230,-10.637,-29.579,0.113,-0.815,-0.551,0.139,1,-36.936,-2.985,-24.880,0.000,2,41.518986,-86.239639,0.000000,0.150,259.299988,10,40,45,80,12,3,U_TURN_HDG,AP_HDG_SEL_IMU,116.453,5.595,20.000,4,14,9,14,ROLL_LEFT
281,23.841896,0,-0.026,0.077,-0.051,-5.875,19.782,110.857,0.336,0.112,0.000,-31.875,5.125,22.375,-3.230,-10.637,-29.604,0.113,-0.815,-0.551,0.139,1,-36.402,-2.961,-24.700,0.000,2,41.518986,-86.239639,0.000000,0.191,259.299988,10,40,45,84,12,3,U_TURN_HDG,AP_HDG_SEL_IMU,116.453,5.596,20.000,4,14,9,14,ROLL_LEFT
282,23.951494,0,-0.026,-0.038,-0.051,-5.873,19.798,110.853,0.448,-0.112,0.000,-31.875,5.125,22.375,-3.230,-10.637,-29.604,0.113,-0.815,-0.551,0.139,1,-36.866,-2.998,-24.857,0.000,2,41.518986,-86.239639,0.000000,0.476,259.299988,10,40,45,96,12,3,U_TURN_HDG,AP_HDG_SEL_IMU,116.453,5.600,20.000,4,14,9,14,ROLL_LEFT
283,24.025951,0,-0.026,-0.167,0.077,-5.871,19.789,110.854,-1.007,0.112,0.112,-31.875,5.125,22.375,-3.230,-10.637,-29.604,0.113,-0.815,-0.551,0.139,1,-36.446,-3.042,-24.715,0.000,2,41.518986,-86.239639,0.000000,0.510,259.299988,10,40,46,4,12,3,U_TURN_HDG,AP_HDG_SEL_IMU,116.453,5.599,20.000,4,14,9,14,ROLL_LEFT
284,24.142612,0,0.128,0.051,-0.179,-5.875,19.782,110.857,0.336,-0.224,0.000,-31.875,5.125,22.375,-3.255,-10.611,-29.604,0.113,-0.815,-0.551,0.139,1,-36.864,-2.990,-24.856,0.000,2,41.518986,-86.239639,0.000000,0.412,259.299988,10,40,46,16,12,3,U_TURN_HDG,AP_HDG_SEL_IMU,116.453,5.596,20.000,4,14,9,14,ROLL_LEFT
285,24.260000,0,0.103,0.602,-0.051,-5.877,19.741,110.853,-7.722,0.783,-0.112,-31.875,5.125,22.375,-3.230,-10.586,-29.604,0.112,-0.815,-0.551,0.139,1,-36.365,-3.030,-24.687,0.000,2,41.518986,-86.239639,0.000000,0.287,259.299988,10,40,46,28,12,3,U_TURN_HDG,AP_HDG_SEL_IMU,116.453,5.600,20.000,4,14,9,14,ROLL_LEFT
286,24.344944,0,0.077,-0.218,-0.026,-5.858,19.616,110.853,-1.790,0.000,-0.112,-31.875,5.125,22.375,-3.204,-10.586,-29.630,0.112,-0.815,-0.551,0.138,1,-36.427,-3.006,-24.708,0.000,2,41.518986,-86.239639,0.000000,0.241,259.299988,10,40,46,36,12,3,U_TURN_HDG,AP_HDG_SEL_IMU,116.453,5.600,20.000,4,14,9,14,ROLL_LEFT
287,24.412590,0,-0.051,0.103,-0.026,-5.861,19.637,110.848,-0.224,0.000,0.000,-31.875,5.125,22.375,-3.204,-10.535,-29.630,0.112,-0.815,-0.551,0.138,1,-36.870,-3.004,-24.858,0.000,2,41.518986,-86.239639,0.000000,0.339,259.299988,10,40,46,40,12,3,U_TURN_HDG,AP_HDG_SEL_IMU,116.453,5.605,20.000,4,14,9,14,ROLL_LEFT
288,24.466572,0,0.077,0.103,-0.026,-5.850,19.638,110.844,-1.007,0.000,0.112,-31.875,5.125,22.375,-3.204,-10.535,-29.630,0.112,-0.815,-0.551,0.138,1,-37.079,-2.977,-24.928,0.000,2,41.518986,-86.239639,0.000000,0.407,259.299988,10,40,46,48,12,3,U_TURN_HDG,AP_HDG_SEL_IMU,116.453,5.609,20.000,4,14,9,14,ROLL_LEFT
289,24.582619,0,-0.051,0.000,-0.026,-5.850,19.613,110.839,-0.783,0.000,0.000,-31.875,5.125,22.375,-3.204,-10.560,-29.630,0.112,-0.815,-0.551,0.138,1,-36.767,-2.944,-24.823,0.000,2,41.518986,-86.239632,0.000000,0.280,259.299988,10,40,46,60,12,3,U_TURN_HDG,AP_HDG_SEL_IMU,116.453,5.614,20.000,4,14,9,14,ROLL_LEFT
290,24.701063,0,-0.026,-0.090,-0.051,-5.847,19.619,110.845,0.671,0.000,-0.112,-31.875,5.125,22.375,-3.230,-10.586,-29.604,0.112,-0.815,-0.551,0.138,1,-36.395,-2.952,-24.697,0.000,2,41.518986,-86.239632,0.000000,0.356,259.299988,10,40,46,72,12,3,U_TURN_HDG,AP_HDG_SEL_IMU,116.453,5.608,20.000,4,14,9,14,ROLL_LEFT
291,24.779627,0,-0.026,-0.449,0.205,-5.851,19.649,110.839,0.112,0.000,0.000,-31.875,5.125,22.375,-3.230,-10.611,-29.604,0.112,-0.815,-0.551,0.138,1,-36.661,-3.029,-24.787,0.000,2,41.518986,-86.239632,0.000000,0.307,259.299988,10,40,46,80,12,3,U_TURN_HDG,AP_HDG_SEL_IMU,116.453,5.614,20.000,4,14,9,14,ROLL_LEFT
292,24.861982,0,-0.051,0.000,0.231,-5.842,19.599,110.841,-8.169,0.448,-0.224,-31.875,5.125,22.375,-3.204,-10.560,-29.630,0.111,-0.815,-0.551,0.138,1,-36.478,-2.964,-24.725,0.000,2,41.518986,-86.239632,0.000000,0.138,259.299988,10,40,46,88,12,3,U_TURN_HDG,AP_HDG_SEL_IMU,116.453,5.612,20.000,4,14,9,14,ROLL_LEFT
293,24.952726,0,-0.051,-0.026,0.000,-5.836,19.569,110.842,2.126,-0.336,0.112,-31.875,5.125,22.375,-3.204,-10.535,-29.656,0.111,-0.815,-0.551,0.138,1,-35.832,-3.005,-24.505,0.000,2,41.518986,-86.239632,0.000000,0.186,259.299988,10,40,46,96,12,3,U_TURN_HDG,AP_HDG_SEL_IMU,116.453,5.611,20.000,4,14,9,14,ROLL_LEFT
294,25.017174,0,-0.051,-0.115,0.103,-5.839,19.641,110.836,-0.224,0.000,-0.112,-31.875,5.125,22.375,-3.204,-10.560,-29.630,0.112,-0.815,-0.551,0.138,1,-37.073,-2.966,-24.926,0.000,2,41.518986,-86.239632,0.000000,0.135,259.299988,10,40,47,4,12,3,U_TURN_HDG,AP_HDG_SEL_IMU,116.453,5.617,20.000,4,14,9,14,ROLL_LEFT
295,25.143419,0,-0.051,-0.051,-0.026,-5.830,19.514,110.834,-5.036,0.448,-0.112,-31.875,5.125,22.375,-3.204,-10.509,-29.630,0.111,-0.815,-0.552,0.137,1,-37.316,-3.006,-25.008,0.000,2,41.518986,-86.239632,0.000000,0.192,259.299988,10,40,47,16,12,3,U_TURN_HDG,AP_HDG_SEL_IMU,116.453,5.619,20.000,4,14,9,14,ROLL_LEFT
296,25.258003,0,-0.051,-0.525,0.231,-5.834,19.585,110.838,-1.902,0.112,-0.112,-31.875,5.125,22.375,-3.204,-10.535,-29.630,0.111,-0.815,-0.551,0.138,1,-37.378,-2.980,-25.028,0.000,2,41.518986,-86.239632,0.000000,0.167,259.299988,10,40,47,28,12,3,U_TURN_HDG,AP_HDG_SEL_IMU,116.453,5.616,20.000,4,14,9,14,ROLL_LEFT
297,25.344631,0,-0.077,-0.295,0.103,-5.820,19.516,110.836,1.119,0.000,0.224,-31.875,5.125,22.375,-3.178,-10.509,-29.630,0.111,-0.815,-0.552,0.137,1,-36.681,-2.931,-24.794,0.000,2,41.518990,-86.239632,0.000000,0.064,259.299988,10,40,47,36,12,3,U_TURN_HDG,AP_HDG_SEL_IMU,116.453,5.617,20.000,4,14,9,14,ROLL_LEFT
298,25.423708,0,0.077,0.103,-0.179,-5.819,19.531,110.841,1.790,0.000,0.112,-31.875,5.125,22.375,-3.204,-10.535,-29.604,0.111,-0.815,-0.552,0.137,1,-37.071,-2.960,-24.926,0.000,2,41.518990,-86.239632,0.000000,0.101,259.299988,10,40,47,44,12,3,U_TURN_HDG,AP_HDG_SEL_IMU,116.453,5.612,20.000,4,14,9,14,ROLL_LEFT
299,25.521433,0,-0.051,-0.026,0.103,-5.823,19.576,110.844,0.671,-0.112,-0.112,-31.875,5.125,22.375,-3.204,-10.509,-29.656,0.111,-0.815,-0.551,0.138,1,-36.761,-2.939,-24.821,0.000,2,41.518990,-86.239632,0.000000,0.159,259.299988,10,40,47,48,12,3,U_TURN_HDG,AP_HDG_SEL_IMU,116.453,5.609,20.000,4,14,9,14,ROLL_LEFT
300,25.590895,0,-0.026,-0.141,0.103,-5.830,19.616,110.842,0.448,-0.112,0.112,-31.875,5.125,22.375,-3.230,-10.535,-29.630,0.112,-0.815,-0.551,0.138,1,-36.851,-2.969,-24.851,0.000,2,41.518990,-86.239632,0.000000,0.312,259.299988,10,40,47,60,12,3,U_TURN_HDG,AP_HDG_SEL_IMU,116.453,5.611,20.000,4,14,9,14,ROLL_LEFT
301,25.681696,0,-0.026,-0.026,-0.026,-5.832,19.601,110.837,0.783,0.000,0.000,-31.875,5.125,22.375,-3.230,-10.535,-29.630,0.112,-0.815,-0.551,0.138,1,-36.798,-3.005,-24.834,0.000,2,41.518986,-86.239632,0.000000,0.343,259.299988,10,40,47,64,12,3,U_TURN_HDG,AP_HDG_SEL_IMU,116.453,5.616,20.000,4,14,9,14,ROLL_LEFT
302,25.747843,0,-0.026,0.103,-0.026,-5.831,19.602,110.833,0.560,0.112,-0.112,-31.875,5.125,22.375,-3.230,-10.535,-29.630,0.112,-0.815,-0.551,0.138,1,-36.632,-2.970,-24.778,0.000,2,41.518990,-86.239632,0.000000,0.417,259.299988,10,40,47,76,12,3,U_TURN_HDG,AP_HDG_SEL_IMU,116.453,5.620,20.000,4,14,9,14,ROLL_LEFT
303,25.826586,0,-0.026,-0.167,0.128,-5.834,19.621,110.832,-1.567,0.112,0.000,-31.875,5.125,22.375,-3.230,-10.509,-29.656,0.112,-0.815,-0.551,0.138,1,-37.213,-2.951,-24.973,0.000,2,41.518986,-86.239632,0.000000,0.484,259.299988,10,40,47,84,12,3,U_TURN_HDG,AP_HDG_SEL_IMU,116.453,5.621,20.000,4,14,9,14,ROLL_LEFT
304,25.921129,0,-0.026,0.000,-0.026,-5.839,19.564,110.832,-1.343,0.000,-0.112,-31.875,5.125,22.375,-3.230,-10.509,-29.630,0.111,-0.815,-0.552,0.138,1,-36.664,-3.031,-24.788,0.000,2,41.518990,-86.239632,0.000000,0.400,259.200012,10,40,47,88,12,3,U_TURN_HDG,AP_HDG_SEL_IMU,116.453,5.621,20.000,4,14,9,14,ROLL_LEFT
305,25.991331,0,-0.026,-0.141,-0.026,-5.843,19.584,110.836,0.000,0.000,0.000,-31.875,5.125,22.375,-3.230,-10.535,-29.630,0.111,-0.815,-0.551,0.138,1,-37.147,-2.968,-24.951,0.000,2,41.518990,-86.239632,0.000000,0.236,259.200012,10,40,47,96,12,3,U_TURN_HDG,AP_HDG_SEL_IMU,116.453,5.617,20.000,4,14,9,14,ROLL_LEFT
306,26.062149,0,0.103,0.384,-0.154,-5.847,19.603,110.834,-0.224,0.000,0.000,-31.875,5.125,22.375,-3.230,-10.560,-29.630,0.111,-0.815,-0.551,0.138,1,-37.123,-2.918,-24.943,0.000,2,41.518990,-86.239632,0.000000,0.368,259.200012,10,40,48,4,12,3,U_TURN_HDG,AP_HDG_SEL_IMU,116.453,5.619,20.000,4,14,9,14,ROLL_LEFT
307,26.139349,0,-0.026,0.231,-0.154,-5.848,19.603,110.840,0.560,0.000,0.112,-31.875,5.125,22.375,-3.230,-10.560,-29.630,0.111,-0.815,-0.551,0.138,1,-37.137,-2.944,-24.948,0.000,2,41.518990,-86.239632,0.000000,0.586,259.200012,10,40,48,16,12,3,U_TURN_HDG,AP_HDG_SEL_IMU,116.453,5.613,20.000,4,14,9,14,ROLL_LEFT
308,26.218147,0,0.103,0.513,-0.269,-5.851,19.572,110.835,2.126,-0.224,0.112,-31.875,5.125,22.375,-3.230,-10.560,-29.630,0.111,-0.815,-0.551,0.138,1,-37.706,-2.896,-25.138,0.000,2,41.518990,-86.239632,0.000000,0.592,259.200012,10,40,48,24,12,3,U_TURN_HDG,AP_HDG_SEL_IMU,116.453,5.618,20.000,4,14,9,14,ROLL_LEFT
309,26.298140,0,0.103,0.231,-0.026,-5.844,19.568,110.831,1.007,-0.112,0.112,-31.875,5.125,22.375,-3.230,-10.535,-29.630,0.111,-0.815,-0.552,0.138,1,-36.483,-2.974,-24.727,0.000,2,41.518990,-86.239632,0.000000,0.267,259.200012,10,40,48,32,12,3,U_TURN_HDG,AP_HDG_SEL_IMU,116.453,5.622,20.000,4,14,9,14,ROLL_LEFT
310,26.348000,0,-0.026,-0.115,0.103,-5.850,19.613,110.839,1.790,-0.224,0.000,-31.875,5.125,22.375,-3.230,-10.560,-29.630,0.112,-0.815,-0.551,0.138,1,-36.612,-2.934,-24.771,0.000,2,41.518990,-86.239632,0.000000,0.206,259.200012,10,40,48,36,12,3,U_TURN_HDG,AP_HDG_SEL_IMU,116.453,5.614,20.000,4,14,9,14,ROLL_LEFT
311,26.439835,0,-0.026,0.128,-0.026,-5.853,19.582,110.834,0.336,-0.112,-0.112,-31.875,5.125,22.375,-3.230,-10.535,-29.630,0.111,-0.815,-0.551,0.138,1,-36.611,-2.932,-24.770,0.000,2,41.518990,-86.239632,0.000000,0.066,259.200012,10,40,48,44,12,3,U_TURN_HDG,AP_HDG_SEL_IMU,116.453,5.619,20.000,4,14,9,14,ROLL_LEFT
312,26.509619,0,0.103,-0.141,-0.026,-5.852,19.608,110.829,0.224,-0.112,0.000,-31.875,5.125,22.375,-3.230,-10.535,-29.630,0.111,-0.815,-0.551,0.138,1,-36.761,-2.938,-24.821,0.000,2,41.518990,-86.239632,0.000000,0.132,259.200012,10,40,48,48,12,3,U_TURN_HDG,AP_HDG_SEL_IMU,116.453,5.624,20.000,4,14,9,14,ROLL_LEFT
313,26.569735,0,-0.051,-0.115,0.103,-5.856,19.602,110.829,0.224,-0.112,0.000,-31.875,5.125,22.375,-3.204,-10.560,-29.630,0.111,-0.815,-0.551,0.138,1,-36.473,-2.956,-24.724,0.000,2,41.518990,-86.239632,0.000000,0.167,259.200012,10,40,48,56,12,3,U_TURN_HDG,AP_HDG_SEL_IMU,116.453,5.624,20.000,4,14,9,14,ROLL_LEFT
314,26.639669,0,-0.051,0.000,-0.026,-5.850,19.598,110.830,0.560,0.000,0.000,-31.875,5.125,22.375,-3.204,-10.560,-29.630,0.111,-0.815,-0.551,0.138,1,-36.972,-2.921,-24.892,0.000,2,41.518990,-86.239632,0.000000,0.248,259.200012,10,40,48,60,12,3,U_TURN_HDG,AP_HDG_SEL_IMU,116.453,5.623,20.000,4,14,9,14,ROLL_LEFT
315,26.690241,0,-0.051,-0.115,0.103,-5.852,19.608,110.829,-0.224,-0.112,-0.112,-31.875,5.125,22.375,-3.204,-10.560,-29.630,0.111,-0.815,-0.551,0.138,1,-36.989,-2.946,-24.898,0.000,2,41.518990,-86.239632,0.000000,0.290,259.200012,10,40,48,68,12,3,U_TURN_HDG,AP_HDG_SEL_IMU,116.453,5.624,20.000,4,14,9,14,ROLL_LEFT
316,26.753717,0,0.077,0.128,-0.026,-5.844,19.619,110.830,0.000,0.000,0.000,-31.875,5.125,22.375,-3.204,-10.560,-29.630,0.112,-0.815,-0.551,0.138,1,-36.599,-2.913,-24.767,0.000,2,41.518990,-86.239632,0.000000,0.400,259.200012,10,40,48,76,12,3,U_TURN_HDG,AP_HDG_SEL_IMU,116.453,5.623,20.000,4,14,9,14,ROLL_LEFT
317,26.846510,0,-0.026,0.128,0.103,-5.850,19.623,110.829,0.224,-0.112,0.000,-31.875,5.125,22.375,-3.230,-10.560,-29.630,0.112,-0.815,-0.551,0.138,1,-36.451,-2.914,-24.716,0.000,2,41.518990,-86.239632,0.000000,0.549,259.200012,10,40,48,84,12,3,U_TURN_HDG,AP_HDG_SEL_IMU,116.453,5.624,20.000,4,14,9,14,ROLL_LEFT
318,26.903715,0,-0.026,-0.090,0.077,-5.850,19.623,110.829,0.895,0.000,0.112,-31.875,5.125,22.375,-3.230,-10.560,-29.604,0.112,-0.815,-0.551,0.138,1,-36.669,-2.904,-24.790,0.000,2,41.518990,-86.239632,0.000000,0.621,259.200012,10,40,48,92,12,3,U_TURN_HDG,AP_HDG_SEL_IMU,116.453,5.624,20.000,4,14,9,14,ROLL_LEFT
319,26.980528,0,0.103,0.128,-0.051,-5.850,19.623,110.829,-0.336,0.000,0.000,-31.875,5.125,22.375,-3.230,-10.560,-29.604,0.112,-0.815,-0.551,0.138,1,-36.898,-2.921,-24.868,0.000,2,41.518990,-86.239632,0.000000,0.722,259.200012,10,40,49,0,12,3,U_TURN_HDG,AP_HDG_SEL_IMU,116.453,5.624,20.000,4,14,9,14,ROLL_LEFT
320,27.061174,0,-0.026,0.051,-0.051,-5.844,19.619,110.830,0.224,-0.112,0.000,-31.875,5.125,22.375,-3.230,-10.586,-29.604,0.112,-0.815,-0.551,0.138,1,-36.761,-2.937,-24.821,0.000,2,41.518990,-86.239632,138.130005,0.849,259.200012,10,40,49,8,12,3,U_TURN_HDG,AP_HDG_SEL_IMU,116.453,5.623,20.000,4,14,9,14,ROLL_LEFT
321,27.136528,0,0.000,-0.115,0.077,-5.851,19.633,110.828,-0.783,0.112,0.000,-31.875,5.125,22.375,-3.255,-10.560,-29.604,0.112,-0.815,-0.551,0.138,1,-36.896,-2.912,-24.867,0.000,2,41.518990,-86.239632,163.809998,0.965,259.200012,10,40,49,16,12,3,U_TURN_HDG,AP_HDG_SEL_IMU,116.453,5.625,20.000,4,14,9,14,ROLL_LEFT
322,27.218540,0,-0.026,0.000,-0.026,-5.855,19.602,110.823,0.224,0.000,0.000,-31.875,5.125,22.375,-3.230,-10.560,-29.630,0.111,-0.815,-0.552,0.138,1,-36.637,-2.985,-24.779,0.000,2,41.518986,-86.239632,171.020004,1.070,259.200012,10,40,49,20,12,3,U_TURN_HDG,AP_HDG_SEL_IMU,116.453,5.630,20.000,4,14,9,14,ROLL_LEFT
323,27.279510,0,-0.026,0.256,-0.128,-5.859,19.622,110.827,0.448,0.000,0.000,-31.875,5.125,22.375,-3.255,-10.560,-29.656,0.112,-0.815,-0.551,0.138,1,-36.619,-2.948,-24.773,0.000,2,41.518986,-86.239632,177.100006,1.318,259.200012,10,40,49,28,12,3,U_TURN_HDG,AP_HDG_SEL_IMU,116.453,5.626,20.000,4,14,9,14,ROLL_LEFT
324,27.338169,0,-0.026,-0.115,0.103,-5.862,19.642,110.822,-0.895,-0.112,0.000,-31.875,5.125,22.375,-3.230,-10.560,-29.630,0.112,-0.815,-0.551,0.138,1,-36.829,-2.924,-24.844,0.000,2,41.518986,-86.239632,177.490005,1.465,259.200012,10,40,49,32,12,3,U_TURN_HDG,AP_HDG_SEL_IMU,116.453,5.631,20.000,4,14,9,14,ROLL_LEFT
325,27.418486,0,-0.026,-0.141,0.000,-5.861,19.632,110.822,0.671,0.000,-0.112,-31.875,5.125,22.375,-3.230,-10.560,-29.656,0.112,-0.815,-0.551,0.138,1,-36.603,-2.916,-24.768,0.000,2,41.518986,-86.239632,177.929993,1.681,259.200012,10,40,49,40,12,3,U_TURN_HDG,AP_HDG_SEL_IMU,116.453,5.631,20.000,4,14,9,14,ROLL_LEFT
326,27.497927,0,-0.026,-0.026,0.000,-5.859,19.632,110.817,0.000,-0.112,-0.112,-31.875,5.125,22.375,-3.230,-10.535,-29.656,0.112,-0.815,-0.552,0.138,1,-36.616,-2.942,-24.772,0.000,2,41.518986,-86.239632,177.210007,1.806,259.100006,10,40,49,48,12,3,U_TURN_HDG,AP_HDG_SEL_IMU,116.453,5.636,20.000,4,14,9,14,ROLL_LEFT
327,27.577782,0,-0.026,-0.026,-0.026,-5.855,19.638,110.817,-0.112,-0.112,0.000,-31.875,5.125,22.375,-3.230,-10.535,-29.630,0.112,-0.815,-0.552,0.138,1,-35.929,-2.906,-24.539,0.000,2,41.518986,-86.239632,179.270004,1.796,259.100006,10,40,49,56,12,3,U_TURN_HDG,AP_HDG_SEL_IMU,116.453,5.636,20.000,4,14,9,14,ROLL_LEFT
328,27.638760,0,-0.026,0.128,-0.026,-5.854,19.628,110.818,0.448,-0.112,0.000,-31.875,5.125,22.375,-3.230,-10.535,-29.630,0.112,-0.815,-0.552,0.138,1,-37.197,-2.923,-24.968,0.000,2,41.518986,-86.239632,180.600006,1.786,259.100006,10,40,49,64,12,3,U_TURN_HDG,AP_HDG_SEL_IMU,116.453,5.635,20.000,4,14,9,14,ROLL_LEFT
329,27.699167,0,-0.026,0.000,-0.026,-5.858,19.622,110.818,-0.112,0.224,0.000,-31.875,5.125,22.375,-3.230,-10.560,-29.630,0.112,-0.815,-0.552,0.138,1,-37.044,-2.914,-24.917,0.000,2,41.518986,-86.239632,179.220001,1.554,259.100006,10,40,49,72,12,3,U_TURN_HDG,AP_HDG_SEL_IMU,116.453,5.635,20.000,4,14,9,14,ROLL_LEFT
330,27.777876,0,0.103,0.128,-0.026,-5.857,19.622,110.812,0.448,0.000,0.000,-31.875,5.125,22.375,-3.230,-10.560,-29.630,0.112,-0.815,-0.552,0.138,1,-37.063,-2.946,-24.923,0.000,2,41.518986,-86.239632,180.490005,1.499,259.100006,10,40,49,76,12,3,U_TURN_HDG,AP_HDG_SEL_IMU,116.453,5.641,20.000,4,14,9,14,ROLL_LEFT
331,27.838511,0,-0.026,0.256,-0.051,-5.853,19.628,110.812,-0.112,0.000,0.000,-31.875,5.125,22.375,-3.230,-10.586,-29.604,0.112,-0.815,-0.552,0.138,1,-36.418,-2.986,-24.705,0.000,2,41.518986,-86.239632,182.759995,1.369,259.100006,10,40,49,84,12,3,U_TURN_HDG,AP_HDG_SEL_IMU,116.453,5.641,20.000,4,14,9,14,ROLL_LEFT
332,27.906746,0,0.103,0.256,-0.154,-5.850,19.634,110.818,0.336,-0.112,0.000,-31.875,5.125,22.375,-3.230,-10.560,-29.630,0.112,-0.815,-0.552,0.138,1,-36.843,-2.952,-24.849,0.000,2,41.518986,-86.239632,178.559998,1.333,259.100006,10,40,49,92,12,3,U_TURN_HDG,AP_HDG_SEL_IMU,116.453,5.635,20.000,4,14,9,14,ROLL_LEFT
333,27.967346,0,-0.026,0.026,-0.026,-5.852,19.679,110.812,-1.119,0.112,0.000,-31.875,5.125,22.375,-3.230,-10.586,-29.630,0.112,-0.815,-0.552,0.138,1,-37.412,-2.907,-25.040,0.000,2,41.518986,-86.239632,181.229996,1.337,259.200012,10,40,49,96,12,3,U_TURN_HDG,AP_HDG_SEL_IMU,116.453,5.641,20.000,4,14,9,14,ROLL_LEFT
334,28.029505,0,0.103,0.384,-0.179,-5.857,19.674,110.817,0.560,0.000,0.000,-31.875,5.125,22.375,-3.230,-10.560,-29.604,0.112,-0.815,-0.551,0.138,1,-37.060,-2.943,-24.922,0.000,2,41.518986,-86.239632,183.869995,1.387,259.200012,10,40,50,4,12,3,U_TURN_HDG,AP_HDG_SEL_IMU,116.453,5.636,20.000,4,14,9,14,ROLL_LEFT
335,28.104504,0,0.103,0.359,-0.397,-5.848,19.599,110.815,2.686,-0.224,0.000,-31.875,5.125,22.375,-3.230,-10.509,-29.630,0.111,-0.815,-0.552,0.138,1,-37.340,-2.911,-25.016,0.000,2,41.518986,-86.239632,182.289993,1.403,259.200012,10,40,50,8,12,3,U_TURN_HDG,AP_HDG_SEL_IMU,116.453,5.638,20.000,4,14,9,14,ROLL_LEFT
336,28.160465,0,-0.026,0.000,0.077,-5.851,19.618,110.813,-0.224,0.000,0.112,-31.875,5.125,22.375,-3.230,-10.560,-29.604,0.112,-0.815,-0.552,0.138,1,-36.949,-2.876,-24.885,0.000,2,41.518986,-86.239632,181.710007,1.082,259.200012,10,40,50,16,12,3,U_TURN_HDG,AP_HDG_SEL_IMU,116.453,5.640,20.000,4,14,9,14,ROLL_LEFT
337,28.228502,0,-0.051,-0.167,-0.026,-5.845,19.537,110.811,-1.455,0.336,0.112,-31.875,5.125,22.375,-3.230,-10.483,-29.630,0.111,-0.815,-0.552,0.138,1,-36.841,-2.946,-24.848,0.000,2,41.518986,-86.239632,0.000000,0.783,259.200012,10,40,50,24,12,3,U_TURN_HDG,AP_HDG_SEL_IMU,116.453,5.642,20.000,4,14,9,14,ROLL_LEFT
338,28.285702,0,-0.051,-0.243,0.333,-5.846,19.563,110.815,1.007,0.000,-0.112,-31.875,5.125,22.375,-3.204,-10.535,-29.630,0.111,-0.815,-0.552,0.138,1,-36.473,-2.950,-24.724,0.000,2,41.518986,-86.239632,0.000000,0.788,259.200012,10,40,50,28,12,3,U_TURN_HDG,AP_HDG_SEL_IMU,116.453,5.638,20.000,4,14,9,14,ROLL_LEFT
339,28.347519,0,0.077,0.256,-0.051,-5.850,19.593,110.809,-1.007,0.000,0.000,-31.875,5.125,22.375,-3.204,-10.560,-29.604,0.111,-0.815,-0.552,0.138,1,-36.516,-2.893,-24.738,0.000,2,41.518986,-86.239632,182.979996,0.876,259.200012,10,40,50,36,12,3,U_TURN_HDG,AP_HDG_SEL_IMU,116.453,5.644,20.000,4,14,9,14,ROLL_LEFT
340,28.404505,0,-0.051,-0.243,0.077,-5.844,19.604,110.815,0.224,0.112,0.000,-31.875,5.125,22.375,-3.204,-10.560,-29.604,0.111,-0.815,-0.552,0.138,1,-37.244,-2.865,-24.984,0.000,2,41.518986,-86.239632,186.039993,0.849,259.200012,10,40,50,40,12,3,U_TURN_HDG,AP_HDG_SEL_IMU,116.453,5.638,20.000,4,14,9,14,ROLL_LEFT
341,28.458134,0,-0.051,-0.346,0.179,-5.842,19.646,110.815,-0.448,0.000,-0.112,-31.875,5.125,22.375,-3.204,-10.586,-29.579,0.112,-0.815,-0.552,0.138,1,-36.755,-2.929,-24.819,0.000,2,41.518986,-86.239632,186.979996,0.861,259.200012,10,40,50,48,12,3,U_TURN_HDG,AP_HDG_SEL_IMU,116.453,5.638,20.000,4,14,9,14,ROLL_LEFT
342,28.543510,0,-0.051,-0.115,-0.077,-5.839,19.636,110.810,0.560,0.112,-0.112,-31.875,5.125,22.375,-3.204,-10.560,-29.579,0.112,-0.815,-0.552,0.138,1,-36.901,-2.923,-24.868,0.000,2,41.518986,-86.239632,0.000000,0.754,259.200012,10,40,50,52,12,3,U_TURN_HDG,AP_HDG_SEL_IMU,116.453,5.643,20.000,4,14,9,14,ROLL_LEFT
343,28.607082,0,-0.051,-0.115,0.077,-5.833,19.632,110.811,-0.224,0.000,-0.112,-31.875,5.125,22.375,-3.204,-10.560,-29.604,0.112,-0.815,-0.552,0.138,1,-36.896,-2.909,-24.867,0.000,2,41.518986,-86.239632,0.000000,0.543,259.200012,10,40,50,60,12,3,U_TURN_HDG,AP_HDG_SEL_IMU,116.453,5.642,20.000,4,14,9,14,ROLL_LEFT
344,28.656500,0,-0.051,-0.115,0.077,-5.831,19.623,110.812,-0.112,0.000,0.000,-31.875,5.125,22.375,-3.204,-10.560,-29.604,0.112,-0.815,-0.552,0.138,1,-36.806,-2.885,-24.836,0.000,2,41.518986,-86.239632,0.000000,0.646,259.200012,10,40,50,64,12,3,U_TURN_HDG,AP_HDG_SEL_IMU,116.453,5.641,20.000,4,14,9,14,ROLL_LEFT
345,28.745022,0,-0.051,0.000,-0.051,-5.833,19.632,110.811,0.112,0.000,0.000,-31.875,5.125,22.375,-3.204,-10.560,-29.604,0.112,-0.815,-0.552,0.138,1,-37.101,-2.875,-24.936,0.000,2,41.518986,-86.239632,0.000000,0.565,259.200012,10,40,50,76,12,3,U_TURN_HDG,AP_HDG_SEL_IMU,116.453,5.642,20.000,4,14,9,14,ROLL_LEFT
346,28.826511,0,0.103,0.103,-0.026,-5.833,19.632,110.811,-0.560,0.000,-0.112,-31.875,5.125,22.375,-3.230,-10.535,-29.630,0.112,-0.815,-0.552,0.138,1,-36.991,-2.947,-24.899,0.000,2,41.518986,-86.239632,0.000000,0.685,259.200012,10,40,50,84,12,3,U_TURN_HDG,AP_HDG_SEL_IMU,116.453,5.642,20.000,4,14,9,14,ROLL_LEFT
347,28.897118,0,-0.026,-0.115,0.103,-5.835,19.642,110.811,-0.224,0.000,0.000,-31.875,5.125,22.375,-3.230,-10.560,-29.630,0.112,-0.815,-0.552,0.138,1,-36.920,-2.959,-24.875,0.000,2,41.518986,-86.239632,0.000000,0.684,259.200012,10,40,50,92,12,3,U_TURN_HDG,AP_HDG_SEL_IMU,116.453,5.642,20.000,4,14,9,14,ROLL_LEFT
348,28.951511,0,-0.026,-0.243,0.103,-5.837,19.636,110.805,0.336,-0.112,0.000,-31.875,5.125,22.375,-3.230,-10.560,-29.630,0.112,-0.815,-0.552,0.138,1,-36.880,-2.885,-24.861,0.000,2,41.518986,-86.239632,0.000000,0.716,259.200012,10,40,50,96,12,3,U_TURN_HDG,AP_HDG_SEL_IMU,116.453,5.648,20.000,4,14,9,14,ROLL_LEFT
349,29.095448,0,-0.026,-0.115,0.103,-5.840,19.620,110.805,-0.560,0.000,-0.112,-31.875,5.125,22.375,-3.230,-10.535,-29.630,0.112,-0.815,-0.552,0.138,1,-36.394,-2.946,-24.697,0.000,2,41.518986,-86.239632,176.009995,0.830,259.200012,10,40,51,12,12,3,U_TURN_HDG,AP_HDG_SEL_IMU,116.453,5.648,20.000,4,14,9,14,ROLL_LEFT
350,29.178194,0,-0.026,-0.167,-0.026,-5.847,19.609,110.799,-0.112,0.000,0.000,-31.875,5.125,22.375,-3.255,-10.535,-29.630,0.111,-0.815,-0.552,0.138,1,-37.353,-2.935,-25.020,0.000,2,41.518986,-86.239632,0.000000,0.761,259.200012,10,40,51,20,12,3,U_TURN_HDG,AP_HDG_SEL_IMU,116.453,5.654,20.000,4,14,9,14,ROLL_LEFT
351,29.256062,0,-0.026,-0.026,-0.026,-5.847,19.609,110.799,0.112,-0.112,0.112,-31.875,5.125,22.375,-3.230,-10.535,-29.630,0.111,-0.815,-0.552,0.138,1,-37.018,-2.862,-24.908,0.000,2,41.518986,-86.239632,0.000000,0.709,259.200012,10,40,51,28,12,3,U_TURN_HDG,AP_HDG_SEL_IMU,116.453,5.654,20.000,4,14,9,14,ROLL_LEFT
352,29.341808,0,-0.026,-0.026,-0.026,-5.853,19.613,110.803,-0.112,0.000,-0.112,-31.875,5.125,22.375,-3.230,-10.560,-29.630,0.111,-0.815,-0.552,0.138,1,-37.269,-2.917,-24.992,0.000,2,41.518986,-86.239632,0.000000,0.559,259.200012,10,40,51,36,12,3,U_TURN_HDG,AP_HDG_SEL_IMU,116.453,5.650,20.000,4,14,9,14,ROLL_LEFT
353,29.459793,0,-0.026,-0.141,0.128,-5.847,19.609,110.799,-0.448,0.112,-0.112,-31.875,5.125,22.375,-3.230,-10.535,-29.656,0.111,-0.815,-0.552,0.138,1,-37.324,-2.877,-25.011,0.000,2,41.518986,-86.239632,0.000000,0.628,259.200012,10,40,51,48,12,3,U_TURN_HDG,AP_HDG_SEL_IMU,116.453,5.654,20.000,4,14,9,14,ROLL_LEFT
354,29.540604,0,-0.026,0.000,-0.026,-5.850,19.603,110.798,1.007,-0.112,0.112,-31.875,5.125,22.375,-3.230,-10.560,-29.630,0.111,-0.815,-0.552,0.138,1,-36.381,-2.919,-24.693,0.000,2,41.518986,-86.239632,0.000000,0.500,259.200012,10,40,51,56,12,3,U_TURN_HDG,AP_HDG_SEL_IMU,116.453,5.655,20.000,4,14,9,14,ROLL_LEFT
355,29.617422,0,0.103,0.359,-0.026,-5.854,19.597,110.798,0.224,0.000,0.000,-31.875,5.125,22.375,-3.230,-10.535,-29.630,0.111,-0.815,-0.552,0.138,1,-36.829,-2.927,-24.844,0.000,2,41.518986,-86.239632,0.000000,0.324,259.200012,10,40,51,64,12,3,U_TURN_HDG,AP_HDG_SEL_IMU,116.453,5.655,20.000,4,14,9,14,ROLL_LEFT
356,29.741880,0,0.103,0.487,-0.397,-5.856,19.607,110.797,0.000,0.000,0.000,-31.875,5.125,22.375,-3.230,-10.560,-29.630,0.111,-0.815,-0.552,0.138,1,-37.175,-2.883,-24.961,0.000,2,41.518986,-86.239632,0.000000,0.084,259.100006,10,40,51,76,12,3,U_TURN_HDG,AP_HDG_SEL_IMU,116.453,5.656,20.000,4,14,9,14,ROLL_LEFT
357,29.815819,0,-0.026,0.256,-0.154,-5.854,19.597,110.798,-0.448,0.112,-0.112,-31.875,5.125,22.375,-3.230,-10.560,-29.630,0.111,-0.815,-0.552,0.138,1,-36.960,-2.889,-24.888,0.000,2,41.518986,-86.239632,0.000000,0.238,259.100006,10,40,51,84,12,3,U_TURN_HDG,AP_HDG_SEL_IMU,116.453,5.655,20.000,4,14,9,14,ROLL_LEFT
358,29.895943,0,-0.026,-0.115,0.103,-5.853,19.613,110.803,0.448,-0.112,0.000,-31.875,5.125,22.375,-3.204,-10.586,-29.604,0.111,-0.815,-0.552,0.138,1,-36.820,-2.908,-24.841,0.000,2,41.518986,-86.239632,0.000000,0.182,259.100006,10,40,51,92,12,3,U_TURN_HDG,AP_HDG_SEL_IMU,116.453,5.650,20.000,4,14,9,14,ROLL_LEFT
359,29.953362,0,-0.051,-0.115,-0.051,-5.852,19.613,110.797,0.000,0.000,-0.112,-31.875,5.125,22.375,-3.204,-10.560,-29.604,0.111,-0.815,-0.552,0.138,1,-36.547,-2.951,-24.749,0.000,2,41.518986,-86.239632,0.000000,0.177,259.100006,10,40,51,96,12,3,U_TURN_HDG,AP_HDG_SEL_IMU,116.453,5.656,20.000,4,14,9,14,ROLL_LEFT
360,30.016941,0,-0.051,0.231,-0.026,-5.846,19.585,110.790,-0.336,0.112,-0.112,-31.875,5.125,22.375,-3.204,-10.535,-29.630,0.111,-0.815,-0.552,0.138,1,-37.166,-2.858,-24.957,0.000,2,41.518986,-86.239632,0.000000,0.159,259.100006,10,40,52,4,12,3,U_TURN_HDG,AP_HDG_SEL_IMU,116.453,5.663,20.000,4,14,9,14,ROLL_LEFT
361,30.095112,0,-0.026,0.103,-0.026,-5.839,19.580,110.786,0.112,0.000,0.000,-31.875,5.125,22.375,-3.230,-10.535,-29.630,0.111,-0.815,-0.552,0.138,1,-37.486,-2.905,-25.065,0.000,2,41.518986,-86.239632,0.000000,0.204,259.100006,10,40,52,12,12,3,U_TURN_HDG,AP_HDG_SEL_IMU,116.453,5.667,20.000,4,14,9,14,ROLL_LEFT
362,30.219830,0,-0.026,0.128,-0.026,-5.845,19.610,110.789,-0.448,0.000,0.000,-31.875,5.125,22.375,-3.230,-10.560,-29.630,0.111,-0.815,-0.552,0.138,1,-36.798,-2.869,-24.834,0.000,2,41.518986,-86.239632,0.000000,0.493,259.200012,10,40,52,24,12,3,U_TURN_HDG,AP_HDG_SEL_IMU,116.453,5.664,20.000,4,14,9,14,ROLL_LEFT
363,30.298389,0,-0.026,0.000,-0.026,-5.847,19.619,110.788,-0.336,-0.112,0.000,-31.875,5.125,22.375,-3.230,-10.560,-29.630,0.112,-0.815,-0.552,0.138,1,-37.252,-2.877,-24.986,0.000,2,41.518986,-86.239632,0.000000,0.631,259.200012,10,40,52,32,12,3,U_TURN_HDG,AP_HDG_SEL_IMU,116.453,5.665,20.000,4,14,9,14,ROLL_LEFT
364,30.379786,0,-0.051,0.128,-0.026,-5.841,19.615,110.789,-0.224,0.000,-0.112,-31.875,5.125,22.375,-3.204,-10.560,-29.630,0.112,-0.815,-0.552,0.138,1,-37.179,-2.888,-24.962,0.000,2,41.518986,-86.239632,0.000000,0.542,259.200012,10,40,52,40,12,3,U_TURN_HDG,AP_HDG_SEL_IMU,116.453,5.664,20.000,4,14,9,14,ROLL_LEFT
365,30.499874,0,-0.026,0.077,0.000,-5.841,19.615,110.789,-1.119,0.000,-0.112,-31.875,5.125,22.375,-3.230,-10.509,-29.656,0.112,-0.815,-0.552,0.138,1,-37.309,-2.852,-25.006,0.000,2,41.518986,-86.239632,0.000000,0.420,259.200012,10,40,52,52,12,3,U_TURN_HDG,AP_HDG_SEL_IMU,116.453,5.664,20.000,4,14,9,14,ROLL_LEFT
366,30.619890,0,-0.026,-0.051,-0.051,-5.840,19.590,110.785,0.671,0.000,0.000,-31.875,5.125,22.375,-3.230,-10.509,-29.604,0.111,-0.815,-0.552,0.138,1,-37.438,-2.951,-25.049,0.000,2,41.518986,-86.239632,0.000000,0.044,259.100006,10,40,52,64,12,3,U_TURN_HDG,AP_HDG_SEL_IMU,116.453,5.668,20.000,4,14,9,14,ROLL_LEFT
367,30.742794,0,-0.051,-0.167,0.103,-5.842,19.574,110.780,0.224,0.000,0.000,-31.875,5.125,22.375,-3.204,-10.509,-29.630,0.111,-0.815,-0.552,0.138,1,-36.989,-2.946,-24.898,0.000,2,41.518986,-86.239632,0.000000,0.199,259.100006,10,40,52,76,12,3,U_TURN_HDG,AP_HDG_SEL_IMU,116.453,5.673,20.000,4,14,9,14,ROLL_LEFT
368,30.802719,0,0.077,0.103,-0.026,-5.844,19.584,110.785,0.448,-0.112,0.224,-31.875,5.125,22.375,-3.230,-10.535,-29.604,0.111,-0.815,-0.552,0.138,1,-37.013,-2.851,-24.906,0.000,2,41.518986,-86.239632,0.000000,0.076,259.100006,10,40,52,80,12,3,U_TURN_HDG,AP_HDG_SEL_IMU,116.453,5.669,20.000,4,14,9,14,ROLL_LEFT
369,30.873150,0,0.103,0.577,-0.295,-5.846,19.594,110.784,-1.231,-0.112,-0.112,-31.875,5.125,22.375,-3.230,-10.535,-29.604,0.111,-0.815,-0.552,0.138,1,-37.449,-2.833,-25.052,0.000,2,41.518986,-86.239632,0.000000,0.115,259.100006,10,40,52,88,12,3,U_TURN_HDG,AP_HDG_SEL_IMU,116.453,5.669,20.000,4,14,9,14,ROLL_LEFT
370,30.955807,0,-0.026,-0.295,-0.051,-5.847,19.569,110.785,-1.343,0.000,-0.112,-31.875,5.125,22.375,-3.230,-10.509,-29.604,0.111,-0.815,-0.552,0.138,1,-37.055,-2.928,-24.920,0.000,2,41.518990,-86.239632,0.000000,0.275,259.000000,10,40,52,96,12,3,U_TURN_HDG,AP_HDG_SEL_IMU,116.453,5.668,20.000,4,14,9,14,ROLL_LEFT
371,31.062798,0,-0.026,-0.141,-0.051,-5.848,19.579,110.784,-0.560,0.000,-0.224,-31.875,5.125,22.375,-3.230,-10.535,-29.604,0.111,-0.815,-0.552,0.138,1,-37.094,-2.865,-24.933,0.000,2,41.518986,-86.239632,0.000000,0.402,259.000000,10,40,53,8,12,3,U_TURN_HDG,AP_HDG_SEL_IMU,116.453,5.669,20.000,4,14,9,14,ROLL_LEFT
372,31.145000,0,0.103,0.705,-0.372,-5.850,19.588,110.783,-4.141,0.336,-0.112,-31.875,5.125,22.375,-3.230,-10.509,-29.656,0.111,-0.815,-0.552,0.138,1,-37.123,-2.918,-24.943,0.000,2,41.518986,-86.239632,0.000000,0.380,258.899994,10,40,53,16,12,3,U_TURN_HDG,AP_HDG_SEL_IMU,116.453,5.670,20.000,4,14,9,14,ROLL_LEFT
373,31.256590,0,-0.026,-0.051,0.000,-5.852,19.573,110.784,-0.671,-0.112,0.000,-31.875,5.125,22.375,-3.230,-10.509,-29.656,0.111,-0.815,-0.552,0.138,1,-36.871,-2.867,-24.858,0.000,2,41.518990,-86.239632,0.000000,0.165,258.899994,10,40,53,28,12,3,U_TURN_HDG,AP_HDG_SEL_IMU,116.453,5.669,20.000,4,14,9,14,ROLL_LEFT
374,31.338053,0,0.103,0.051,-0.128,-5.857,19.552,110.778,0.224,0.112,0.000,-31.875,5.125,22.375,-3.230,-10.483,-29.656,0.111,-0.815,-0.552,0.138,1,-37.097,-2.871,-24.934,0.000,2,41.518990,-86.239632,0.000000,0.127,258.799988,10,40,53,36,12,3,U_TURN_HDG,AP_HDG_SEL_IMU,116.453,5.675,20.000,4,14,9,14,ROLL_LEFT
375,31.388510,0,-0.026,-0.051,0.128,-5.862,19.571,110.782,0.000,0.000,-0.112,-31.875,5.125,22.375,-3.230,-10.509,-29.656,0.111,-0.815,-0.552,0.138,1,-37.258,-2.896,-24.988,0.000,2,41.518990,-86.239632,0.000000,0.189,258.799988,10,40,53,40,12,3,U_TURN_HDG,AP_HDG_SEL_IMU,116.453,5.671,20.000,4,14,9,14,ROLL_LEFT
376,31.468006,0,0.103,-0.167,0.128,-5.863,19.572,110.788,-0.448,0.000,0.000,-31.875,5.125,22.375,-3.230,-10.509,-29.656,0.111,-0.815,-0.552,0.138,1,-36.732,-2.881,-24.811,0.000,2,41.518990,-86.239632,0.000000,0.170,258.899994,10,40,53,48,12,3,U_TURN_HDG,AP_HDG_SEL_IMU,116.453,5.665,20.000,4,14,9,14,ROLL_LEFT
377,31.542715,0,0.103,0.205,0.000,-5.860,19.535,110.782,-0.783,0.112,-0.112,-31.875,5.125,22.375,-3.230,-10.483,-29.630,0.111,-0.815,-0.552,0.138,1,-37.184,-2.898,-24.963,0.000,2,41.518990,-86.239632,0.000000,0.228,258.899994,10,40,53,56,12,3,U_TURN_HDG,AP_HDG_SEL_IMU,116.453,5.671,20.000,4,14,9,14,ROLL_LEFT
378,31.597511,0,0.103,0.051,-0.026,-5.861,19.546,110.778,3.133,-0.224,0.112,-31.875,5.125,22.375,-3.230,-10.509,-29.656,0.111,-0.815,-0.552,0.138,1,-36.516,-2.893,-24.738,0.000,2,41.518990,-86.239632,0.000000,0.272,258.899994,10,40,53,60,12,3,U_TURN_HDG,AP_HDG_SEL_IMU,116.453,5.675,20.000,4,14,9,14,ROLL_LEFT
379,31.667982,0,-0.026,-0.525,0.359,-5.863,19.556,110.777,-0.560,0.112,-0.112,-31.875,5.125,22.375,-3.230,-10.509,-29.630,0.111,-0.815,-0.552,0.138,1,-37.252,-2.882,-24.986,0.000,2,41.518990,-86.239632,0.000000,0.522,258.899994,10,40,53,68,12,3,U_TURN_HDG,AP_HDG_SEL_IMU,116.453,5.676,20.000,4,14,9,14,ROLL_LEFT
380,31.716511,0,0.103,0.384,-0.051,-5.856,19.551,110.772,-3.693,0.336,-0.112,-31.875,5.125,22.375,-3.204,-10.535,-29.630,0.111,-0.815,-0.552,0.138,1,-36.923,-2.822,-24.876,0.000,2,41.518990,-86.239632,0.000000,0.500,258.899994,10,40,53,72,12,3,U_TURN_HDG,AP_HDG_SEL_IMU,116.453,5.681,20.000,4,14,9,14,ROLL_LEFT
381,31.776222,0,0.077,0.961,-0.397,-5.854,19.593,110.772,1.790,0.000,0.112,-31.875,5.125,22.375,-3.230,-10.509,-29.630,0.111,-0.815,-0.552,0.138,1,-36.550,-2.820,-24.750,0.000,2,41.518990,-86.239632,0.000000,0.441,258.899994,10,40,53,80,12,3,U_TURN_HDG,AP_HDG_SEL_IMU,116.453,5.681,20.000,4,14,9,14,ROLL_LEFT
382,31.859528,0,-0.154,-0.423,0.103,-5.853,19.532,110.774,-0.112,0.000,0.112,-31.875,5.125,22.375,-3.204,-10.509,-29.630,0.111,-0.815,-0.552,0.138,1,-36.409,-2.836,-24.702,0.000,2,41.518990,-86.239632,0.000000,0.535,259.000000,10,40,53,88,12,3,U_TURN_HDG,AP_HDG_SEL_IMU,116.453,5.679,20.000,4,14,9,14,ROLL_LEFT
383,31.950106,0,0.077,0.333,-0.154,-5.851,19.522,110.775,-0.112,0.112,0.000,-31.875,5.125,22.375,-3.230,-10.483,-29.656,0.111,-0.815,-0.552,0.138,1,-36.851,-2.829,-24.851,0.000,2,41.518990,-86.239632,0.000000,0.430,259.000000,10,40,53,96,12,3,U_TURN_HDG,AP_HDG_SEL_IMU,116.453,5.678,20.000,4,14,9,14,ROLL_LEFT
384,32.026745,0,0.077,0.026,-0.103,-5.844,19.482,110.776,0.112,0.112,0.000,-31.875,5.125,22.375,-3.230,-10.483,-29.656,0.111,-0.815,-0.552,0.137,1,-36.941,-2.860,-24.882,0.000,2,41.518990,-86.239632,0.000000,0.270,259.000000,10,40,54,4,12,3,U_TURN_HDG,AP_HDG_SEL_IMU,116.453,5.677,20.000,4,14,9,14,ROLL_LEFT
385,32.139816,0,0.077,0.308,-0.128,-5.843,19.498,110.782,2.350,-0.112,0.000,-31.875,5.125,22.375,-3.204,-10.483,-29.656,0.111,-0.815,-0.552,0.137,1,-37.129,-2.791,-24.945,0.000,2,41.518990,-86.239632,0.000000,0.381,259.100006,10,40,54,16,12,3,U_TURN_HDG,AP_HDG_SEL_IMU,116.453,5.671,20.000,4,14,9,14,ROLL_LEFT
386,32.198013,0,-0.051,0.077,-0.026,-5.842,19.549,110.781,0.000,0.000,-0.112,-31.875,5.125,22.375,-3.204,-10.509,-29.630,0.111,-0.815,-0.552,0.138,1,-36.338,-2.842,-24.678,0.000,2,41.518990,-86.239632,0.000000,0.420,259.100006,10,40,54,20,12,3,U_TURN_HDG,AP_HDG_SEL_IMU,116.453,5.672,20.000,4,14,9,14,ROLL_LEFT
387,32.261868,0,-0.051,-0.051,0.103,-5.833,19.551,110.782,-0.112,0.000,-0.112,-31.875,5.125,22.375,-3.204,-10.509,-29.630,0.111,-0.815,-0.552,0.138,1,-37.023,-2.871,-24.909,0.000,2,41.518990,-86.239632,0.000000,0.265,259.100006,10,40,54,28,12,3,U_TURN_HDG,AP_HDG_SEL_IMU,116.453,5.671,20.000,4,14,9,14,ROLL_LEFT
388,32.319088,0,-0.026,-0.051,0.000,-5.834,19.561,110.782,0.112,0.000,0.000,-31.875,5.125,22.375,-3.230,-10.509,-29.656,0.111,-0.815,-0.552,0.138,1,-37.047,-2.774,-24.918,0.000,2,41.518990,-86.239632,0.000000,0.216,259.100006,10,40,54,32,12,3,U_TURN_HDG,AP_HDG_SEL_IMU,116.453,5.671,20.000,4,14,9,14,ROLL_LEFT
389,32.381866,0,0.103,-0.051,0.128,-5.840,19.565,110.780,0.336,0.000,0.112,-31.875,5.125,22.375,-3.230,-10.509,-29.656,0.111,-0.815,-0.552,0.138,1,-37.295,-2.822,-25.001,0.000,2,41.518993,-86.239632,0.000000,0.314,259.100006,10,40,54,40,12,3,U_TURN_HDG,AP_HDG_SEL_IMU,116.453,5.673,20.000,4,14,9,14,ROLL_LEFT
390,32.455509,0,-0.026,0.077,0.128,-5.840,19.565,110.780,-0.560,0.112,0.000,-31.875,5.125,22.375,-3.230,-10.509,-29.656,0.111,-0.815,-0.552,0.138,1,-36.772,-2.819,-24.825,0.000,2,41.518993,-86.239632,0.000000,0.204,259.100006,10,40,54,44,12,3,U_TURN_HDG,AP_HDG_SEL_IMU,116.453,5.673,20.000,4,14,9,14,ROLL_LEFT
391,32.511505,0,-0.026,-0.077,0.000,-5.849,19.552,110.789,0.112,-0.112,0.000,-31.875,5.125,22.375,-3.230,-10.483,-29.656,0.111,-0.815,-0.552,0.138,1,-36.946,-2.865,-24.884,0.000,2,41.518990,-86.239632,0.000000,0.007,259.000000,10,40,54,52,12,3,U_TURN_HDG,AP_HDG_SEL_IMU,116.453,5.664,20.000,4,14,9,14,ROLL_LEFT
392,32.625984,0,-0.026,0.077,0.000,-5.844,19.548,110.790,0.112,0.000,0.000,-31.875,5.125,22.375,-3.230,-10.509,-29.656,0.111,-0.815,-0.552,0.138,1,-36.706,-2.834,-24.803,0.000,2,41.518990,-86.239632,0.000000,0.224,259.100006,10,40,54,64,12,3,U_TURN_HDG,AP_HDG_SEL_IMU,116.453,5.663,20.000,4,14,9,14,ROLL_LEFT
393,32.701874,0,-0.026,0.103,-0.154,-5.847,19.568,110.789,0.783,0.000,0.000,-31.875,5.125,22.375,-3.230,-10.535,-29.630,0.111,-0.815,-0.552,0.138,1,-37.213,-2.809,-24.973,0.000,2,41.518990,-86.239632,0.000000,0.540,259.100006,10,40,54,72,12,3,U_TURN_HDG,AP_HDG_SEL_IMU,116.453,5.664,20.000,4,14,9,14,ROLL_LEFT
394,32.790421,0,0.103,0.205,-0.128,-5.848,19.543,110.790,0.336,0.000,0.224,-31.875,5.125,22.375,-3.230,-10.509,-29.656,0.111,-0.815,-0.552,0.138,1,-36.558,-2.836,-24.753,0.000,2,41.518990,-86.239632,0.000000,0.712,259.100006,10,40,54,80,12,3,U_TURN_HDG,AP_HDG_SEL_IMU,116.453,5.663,20.000,4,14,9,14,ROLL_LEFT
395,32.860867,0,-0.026,-0.026,0.103,-5.849,19.552,110.789,0.336,0.000,0.000,-31.875,5.125,22.375,-3.230,-10.535,-29.630,0.111,-0.815,-0.552,0.138,1,-36.489,-2.842,-24.729,0.000,2,41.518990,-86.239632,172.630005,0.893,259.100006,10,40,54,88,12,3,U_TURN_HDG,AP_HDG_SEL_IMU,116.453,5.664,20.000,4,14,9,14,ROLL_LEFT
396,32.927509,0,-0.026,0.103,-0.154,-5.855,19.583,110.789,0.000,0.000,0.112,-31.875,5.125,22.375,-3.230,-10.535,-29.630,0.111,-0.815,-0.552,0.138,1,-36.718,-2.859,-24.807,0.000,2,41.518990,-86.239632,172.389999,1.009,259.100006,10,40,54,92,12,3,U_TURN_HDG,AP_HDG_SEL_IMU,116.453,5.664,20.000,4,14,9,14,ROLL_LEFT
397,32.976498,0,0.000,-0.026,-0.051,-5.857,19.593,110.788,0.000,-0.112,0.000,-31.875,5.125,22.375,-3.255,-10.535,-29.604,0.111,-0.815,-0.552,0.138,1,-37.145,-2.823,-24.950,0.000,2,41.518990,-86.239632,171.690002,1.084,259.100006,10,40,54,96,12,3,U_TURN_HDG,AP_HDG_SEL_IMU,116.453,5.665,20.000,4,14,9,14,ROLL_LEFT
398,33.047714,0,0.103,-0.115,0.077,-5.861,19.587,110.787,-0.112,0.000,-0.224,-31.875,5.125,22.375,-3.230,-10.560,-29.604,0.111,-0.815,-0.552,0.138,1,-36.607,-2.792,-24.769,0.000,2,41.518990,-86.239632,171.970001,1.279,259.000000,10,40,55,4,12,3,U_TURN_HDG,AP_HDG_SEL_IMU,116.453,5.666,20.000,4,14,9,14,ROLL_LEFT
399,33.140259,0,-0.026,0.256,-0.026,-5.854,19.583,110.783,-0.112,0.000,0.000,-31.875,5.125,22.375,-3.230,-10.560,-29.630,0.111,-0.815,-0.552,0.138,1,-36.931,-2.836,-24.879,0.000,2,41.518990,-86.239632,178.250000,1.257,259.000000,10,40,55,16,12,3,U_TURN_HDG,AP_HDG_SEL_IMU,116.453,5.670,20.000,4,14,9,14,ROLL_LEFT
400,33.205502,0,-0.026,-0.115,0.103,-5.862,19.597,110.787,0.112,-0.112,0.112,-31.875,5.125,22.375,-3.230,-10.535,-29.630,0.111,-0.815,-0.552,0.138,1,-36.857,-2.836,-24.854,0.000,2,41.518990,-86.239632,179.229996,1.119,259.000000,10,40,55,20,12,3,U_TURN_HDG,AP_HDG_SEL_IMU,116.453,5.666,20.000,4,14,9,14,ROLL_LEFT
401,33.259346,0,-0.026,-0.026,-0.026,-5.860,19.612,110.786,0.560,-0.112,0.112,-31.875,5.125,22.375,-3.230,-10.535,-29.630,0.111,-0.815,-0.552,0.138,1,-37.134,-2.804,-24.947,0.000,2,41.518990,-86.239632,173.009995,1.057,259.100006,10,40,55,28,12,3,U_TURN_HDG,AP_HDG_SEL_IMU,116.453,5.667,20.000,4,14,9,14,ROLL_LEFT
402,33.325283,0,0.103,0.256,-0.128,-5.860,19.638,110.787,-0.560,0.000,0.000,-31.875,5.125,22.375,-3.230,-10.560,-29.630,0.112,-0.815,-0.552,0.138,1,-36.537,-2.793,-24.745,0.000,2,41.518990,-86.239632,176.369995,0.830,259.000000,10,40,55,32,12,3,U_TURN_HDG,AP_HDG_SEL_IMU,116.453,5.666,20.000,4,14,9,14,ROLL_LEFT
403,33.379169,0,-0.026,-0.115,0.103,-5.857,19.628,110.782,-0.560,0.000,0.000,-31.875,5.125,22.375,-3.230,-10.560,-29.630,0.112,-0.815,-0.552,0.138,1,-36.775,-2.822,-24.826,0.000,2,41.518990,-86.239632,0.000000,0.525,259.100006,10,40,55,40,12,3,U_TURN_HDG,AP_HDG_SEL_IMU,116.453,5.671,20.000,4,14,9,14,ROLL_LEFT
404,33.437370,0,-0.026,-0.141,0.128,-5.854,19.583,110.783,-0.224,0.000,-0.112,-31.875,5.125,22.375,-3.230,-10.535,-29.656,0.111,-0.815,-0.552,0.138,1,-36.533,-2.793,-24.744,0.000,2,41.518990,-86.239632,0.000000,0.390,259.100006,10,40,55,44,12,3,U_TURN_HDG,AP_HDG_SEL_IMU,116.453,5.670,20.000,4,14,9,14,ROLL_LEFT
405,33.499165,0,-0.026,-0.026,0.000,-5.854,19.583,110.783,0.560,-0.112,0.112,-31.875,5.125,22.375,-3.230,-10.535,-29.656,0.111,-0.815,-0.552,0.138,1,-37.517,-2.824,-25.075,0.000,2,41.518990,-86.239632,0.000000,0.170,259.100006,10,40,55,52,12,3,U_TURN_HDG,AP_HDG_SEL_IMU,116.453,5.670,20.000,4,14,9,14,ROLL_LEFT
406,33.557041,0,-0.026,-0.051,0.103,-5.854,19.583,110.783,-0.671,0.112,-0.112,-31.875,5.125,22.375,-3.230,-10.509,-29.630,0.111,-0.815,-0.552,0.138,1,-37.351,-2.788,-25.020,0.000,2,41.518990,-86.239632,0.000000,0.123,259.100006,10,40,55,56,12,3,U_TURN_HDG,AP_HDG_SEL_IMU,116.453,5.670,20.000,4,14,9,14,ROLL_LEFT
407,33.618805,0,-0.026,-0.051,-0.026,-5.850,19.588,110.783,0.336,0.000,-0.112,-31.875,5.125,22.375,-3.230,-10.509,-29.630,0.111,-0.815,-0.552,0.138,1,-36.827,-2.785,-24.843,0.000,2,41.518990,-86.239632,0.000000,0.187,259.100006,10,40,55,64,12,3,U_TURN_HDG,AP_HDG_SEL_IMU,116.453,5.670,20.000,4,14,9,14,ROLL_LEFT
408,33.734879,0,-0.026,0.077,0.103,-5.860,19.587,110.782,-0.336,0.000,-0.112,-31.875,5.125,22.375,-3.230,-10.509,-29.630,0.111,-0.815,-0.552,0.138,1,-37.221,-2.828,-24.976,0.000,2,41.518990,-86.239632,0.000000,0.253,259.100006,10,40,55,76,12,3,U_TURN_HDG,AP_HDG_SEL_IMU,116.453,5.671,20.000,4,14,9,14,ROLL_LEFT
409,33.819817,0,0.103,-0.051,-0.026,-5.857,19.577,110.777,0.224,0.112,0.000,-31.875,5.125,22.375,-3.255,-10.509,-29.630,0.111,-0.815,-0.552,0.138,1,-36.925,-2.827,-24.876,0.000,2,41.518990,-86.239632,0.000000,0.230,259.100006,10,40,55,84,12,3,U_TURN_HDG,AP_HDG_SEL_IMU,116.453,5.676,20.000,4,14,9,14,ROLL_LEFT
410,33.874516,0,-0.026,0.103,0.103,-5.860,19.587,110.782,0.000,0.000,0.112,-31.875,5.125,22.375,-3.230,-10.535,-29.630,0.111,-0.815,-0.552,0.138,1,-36.160,-2.789,-24.618,0.000,2,41.518990,-86.239632,0.000000,0.299,259.100006,10,40,55,88,12,3,U_TURN_HDG,AP_HDG_SEL_IMU,116.453,5.671,20.000,4,14,9,14,ROLL_LEFT
411,33.936878,0,-0.026,0.077,-0.026,-5.860,19.587,110.782,0.448,-0.112,0.000,-31.875,5.125,22.375,-3.230,-10.535,-29.630,0.111,-0.815,-0.552,0.138,1,-36.970,-2.771,-24.892,0.000,2,41.518990,-86.239632,0.000000,0.231,259.000000,10,40,55,92,12,3,U_TURN_HDG,AP_HDG_SEL_IMU,116.453,5.671,20.000,4,14,9,14,ROLL_LEFT
412,34.016369,0,-0.026,-0.026,-0.026,-5.864,19.581,110.781,-0.112,0.000,-0.112,-31.875,5.125,22.375,-3.230,-10.509,-29.630,0.111,-0.815,-0.552,0.138,1,-36.790,-2.856,-24.831,0.000,2,41.518990,-86.239632,0.000000,0.138,259.000000,10,40,56,0,12,3,U_TURN_HDG,AP_HDG_SEL_IMU,116.453,5.672,20.000,4,14,9,14,ROLL_LEFT
413,34.096970,0,-0.026,-0.167,0.103,-5.864,19.581,110.781,-0.112,-0.112,-0.112,-31.875,5.125,22.375,-3.230,-10.509,-29.630,0.111,-0.815,-0.552,0.138,1,-36.686,-2.800,-24.796,0.000,2,41.518990,-86.239632,0.000000,0.154,259.000000,10,40,56,8,12,3,U_TURN_HDG,AP_HDG_SEL_IMU,116.453,5.672,20.000,4,14,9,14,ROLL_LEFT
414,34.158978,0,0.103,-0.051,-0.026,-5.862,19.571,110.782,0.112,0.000,0.000,-31.875,5.125,22.375,-3.230,-10.509,-29.630,0.111,-0.815,-0.552,0.138,1,-36.772,-2.817,-24.825,0.000,2,41.518993,-86.239632,0.000000,0.128,258.899994,10,40,56,16,12,3,U_TURN_HDG,AP_HDG_SEL_IMU,116.453,5.671,20.000,4,14,9,14,ROLL_LEFT
415,34.213657,0,0.103,-0.051,-0.026,-5.868,19.575,110.781,-0.112,0.000,0.000,-31.875,5.125,22.375,-3.230,-10.509,-29.630,0.111,-0.815,-0.552,0.138,1,-37.311,-2.855,-25.006,0.000,2,41.518993,-86.239632,0.000000,0.157,258.899994,10,40,56,20,12,3,U_TURN_HDG,AP_HDG_SEL_IMU,116.453,5.672,20.000,4,14,9,14,ROLL_LEFT
416,34.276512,0,-0.026,0.077,-0.026,-5.865,19.565,110.776,-0.224,-0.112,-0.112,-31.875,5.125,22.375,-3.230,-10.509,-29.630,0.111,-0.815,-0.552,0.138,1,-36.095,-2.801,-24.595,0.000,2,41.518993,-86.239632,0.000000,0.076,258.899994,10,40,56,28,12,3,U_TURN_HDG,AP_HDG_SEL_IMU,116.453,5.677,20.000,4,14,9,14,ROLL_LEFT
417,34.376934,0,-0.026,-0.167,0.103,-5.869,19.560,110.776,0.224,-0.112,0.112,-31.875,5.125,22.375,-3.230,-10.509,-29.630,0.111,-0.815,-0.552,0.138,1,-36.893,-2.765,-24.866,0.000,2,41.518993,-86.239632,0.000000,0.407,258.899994,10,40,56,40,12,3,U_TURN_HDG,AP_HDG_SEL_IMU,116.453,5.677,20.000,4,14,9,14,ROLL_LEFT
418,34.456921,0,-0.026,-0.167,0.128,-5.869,19.560,110.776,-0.112,0.000,0.000,-31.875,5.125,22.375,-3.230,-10.509,-29.656,0.111,-0.815,-0.552,0.138,1,-36.619,-2.810,-24.773,0.000,2,41.518993,-86.239632,0.000000,0.471,258.899994,10,40,56,48,12,3,U_TURN_HDG,AP_HDG_SEL_IMU,116.453,5.677,20.000,4,14,9,14,ROLL_LEFT
419,34.511517,0,-0.026,-0.051,0.000,-5.871,19.544,110.776,-0.112,0.000,0.112,-31.875,5.125,22.375,-3.230,-10.509,-29.656,0.111,-0.815,-0.552,0.138,1,-37.943,-2.788,-25.217,0.000,2,41.518993,-86.239632,0.000000,0.489,258.899994,10,40,56,52,12,3,U_TURN_HDG,AP_HDG_SEL_IMU,116.453,5.677,20.000,4,14,9,14,ROLL_LEFT
420,34.624920,0,-0.026,0.077,0.000,-5.867,19.550,110.777,0.448,-0.112,0.000,-31.875,5.125,22.375,-3.230,-10.509,-29.656,0.111,-0.815,-0.552,0.138,1,-36.755,-2.791,-24.819,0.000,2,41.518993,-86.239632,0.000000,0.586,258.899994,10,40,56,64,12,3,U_TURN_HDG,AP_HDG_SEL_IMU,116.453,5.677,20.000,4,14,9,14,ROLL_LEFT
421,34.671513,0,0.000,0.077,-0.128,-5.870,19.560,110.781,-0.224,0.000,0.000,-31.875,5.125,22.375,-3.255,-10.509,-29.656,0.111,-0.815,-0.552,0.138,1,-37.504,-2.799,-25.071,0.000,2,41.518993,-86.239632,0.000000,0.589,258.899994,10,40,56,68,12,3,U_TURN_HDG,AP_HDG_SEL_IMU,116.453,5.672,20.000,4,14,9,14,ROLL_LEFT
422,34.745457,0,0.000,-0.141,0.128,-5.877,19.563,110.790,0.224,0.000,0.000,-31.875,5.125,22.375,-3.255,-10.509,-29.656,0.111,-0.815,-0.552,0.138,1,-36.578,-2.738,-24.759,0.000,2,41.518993,-86.239632,0.000000,0.603,258.899994,10,40,56,76,12,3,U_TURN_HDG,AP_HDG_SEL_IMU,116.453,5.663,20.000,4,14,9,14,ROLL_LEFT
423,34.821831,0,0.000,0.077,0.000,-5.877,19.563,110.790,-0.112,0.000,-0.112,-31.875,5.125,22.375,-3.255,-10.509,-29.656,0.111,-0.815,-0.552,0.138,1,-36.767,-2.807,-24.823,0.000,2,41.518993,-86.239632,0.000000,0.495,258.899994,10,40,56,84,12,3,U_TURN_HDG,AP_HDG_SEL_IMU,116.453,5.663,20.000,4,14,9,14,ROLL_LEFT
424,34.949944,0,-0.026,-0.051,0.128,-5.879,19.548,110.790,-0.224,0.224,-0.112,-31.875,5.125,22.375,-3.230,-10.509,-29.656,0.111,-0.815,-0.552,0.138,1,-36.981,-2.793,-24.895,0.000,2,41.518993,-86.239632,0.000000,0.461,259.000000,10,40,56,96,12,3,U_TURN_HDG,AP_HDG_SEL_IMU,116.453,5.663,20.000,4,14,9,14,ROLL_LEFT
425,35.020622,0,-0.026,-0.051,0.000,-5.872,19.543,110.786,-0.783,0.000,-0.224,-31.875,5.125,22.375,-3.230,-10.509,-29.656,0.111,-0.815,-0.552,0.138,1,-36.370,-2.757,-24.689,0.000,2,41.518993,-86.239632,0.000000,0.486,259.000000,10,40,57,4,12,3,U_TURN_HDG,AP_HDG_SEL_IMU,116.453,5.667,20.000,4,14,9,14,ROLL_LEFT
426,35.140606,0,-0.026,-0.051,0.128,-5.879,19.521,110.790,0.112,0.000,0.112,-31.875,5.125,22.375,-3.230,-10.509,-29.656,0.111,-0.815,-0.552,0.138,1,-36.552,-2.824,-24.750,0.000,2,41.518993,-86.239632,0.000000,0.581,259.000000,10,40,57,16,12,3,U_TURN_HDG,AP_HDG_SEL_IMU,116.453,5.663,20.000,4,14,9,14,ROLL_LEFT
427,35.217327,0,0.103,-0.051,-0.026,-5.879,19.521,110.790,0.224,-0.112,0.000,-31.875,5.125,22.375,-3.230,-10.509,-29.630,0.111,-0.815,-0.552,0.138,1,-37.055,-2.795,-24.920,0.000,2,41.518993,-86.239632,0.000000,0.773,259.000000,10,40,57,24,12,3,U_TURN_HDG,AP_HDG_SEL_IMU,116.453,5.663,20.000,4,14,9,14,ROLL_LEFT
428,35.343857,0,-0.051,-0.141,0.103,-5.879,19.548,110.790,0.448,0.000,0.112,-31.875,5.125,22.375,-3.204,-10.535,-29.630,0.111,-0.815,-0.552,0.138,1,-36.307,-2.780,-24.667,0.000,2,41.518993,-86.239632,0.000000,0.604,259.000000,10,40,57,36,12,3,U_TURN_HDG,AP_HDG_SEL_IMU,116.453,5.663,20.000,4,14,9,14,ROLL_LEFT
429,35.422802,0,-0.026,-0.243,0.103,-5.881,19.557,110.789,-0.671,0.000,0.000,-31.875,5.125,22.375,-3.230,-10.560,-29.630,0.111,-0.815,-0.552,0.138,1,-37.052,-2.789,-24.919,0.000,2,41.518993,-86.239632,0.000000,0.471,259.000000,10,40,57,44,12,3,U_TURN_HDG,AP_HDG_SEL_IMU,116.453,5.664,20.000,4,14,9,14,ROLL_LEFT
430,35.472511,0,-0.026,0.103,-0.026,-5.877,19.563,110.790,0.448,0.112,0.000,-31.875,5.125,22.375,-3.230,-10.535,-29.630,0.111,-0.815,-0.552,0.138,1,-36.082,-2.778,-24.591,0.000,2,41.518993,-86.239632,0.000000,0.385,259.000000,10,40,57,48,12,3,U_TURN_HDG,AP_HDG_SEL_IMU,116.453,5.663,20.000,4,14,9,14,ROLL_LEFT
431,35.544209,0,-0.026,0.231,-0.154,-5.874,19.553,110.785,0.112,-0.112,0.000,-31.875,5.125,22.375,-3.230,-10.535,-29.630,0.111,-0.815,-0.552,0.138,1,-36.455,-2.779,-24.718,0.000,2,41.518993,-86.239632,0.000000,0.184,259.000000,10,40,57,56,12,3,U_TURN_HDG,AP_HDG_SEL_IMU,116.453,5.668,20.000,4,14,9,14,ROLL_LEFT
432,35.589520,0,0.128,-0.026,0.128,-5.878,19.547,110.785,0.448,0.000,0.000,-31.875,5.125,22.375,-3.255,-10.535,-29.656,0.111,-0.815,-0.552,0.138,1,-37.049,-2.782,-24.918,0.000,2,41.518993,-86.239632,0.000000,0.213,259.100006,10,40,57,60,12,3,U_TURN_HDG,AP_HDG_SEL_IMU,116.453,5.668,20.000,4,14,9,14,ROLL_LEFT
433,35.664307,0,-0.026,0.077,-0.026,-5.881,19.557,110.789,0.112,0.000,0.000,-31.875,5.125,22.375,-3.230,-10.535,-29.630,0.111,-0.815,-0.552,0.138,1,-36.098,-2.807,-24.596,0.000,2,41.518993,-86.239632,0.000000,0.246,259.100006,10,40,57,68,12,3,U_TURN_HDG,AP_HDG_SEL_IMU,116.453,5.664,20.000,4,14,9,14,ROLL_LEFT
434,35.744556,0,-0.026,0.077,-0.026,-5.878,19.547,110.785,-0.112,-0.112,0.000,-31.875,5.125,22.375,-3.230,-10.509,-29.630,0.111,-0.815,-0.552,0.138,1,-36.761,-2.796,-24.821,0.000,2,41.518993,-86.239632,0.000000,0.157,259.100006,10,40,57,76,12,3,U_TURN_HDG,AP_HDG_SEL_IMU,116.453,5.668,20.000,4,14,9,14,ROLL_LEFT
435,35.803761,0,-0.026,0.205,-0.154,-5.866,19.514,110.783,0.448,0.000,0.000,-31.875,5.125,22.375,-3.230,-10.509,-29.656,0.111,-0.815,-0.552,0.138,1,-37.055,-2.791,-24.920,0.000,2,41.518993,-86.239632,0.000000,0.125,259.100006,10,40,57,80,12,3,U_TURN_HDG,AP_HDG_SEL_IMU,116.453,5.671,20.000,4,14,9,14,ROLL_LEFT
436,35.850510,0,-0.026,-0.026,-0.026,-5.874,19.553,110.785,0.112,-0.112,-0.112,-31.875,5.125,22.375,-3.230,-10.535,-29.630,0.111,-0.815,-0.552,0.138,1,-37.279,-2.793,-24.995,0.000,2,41.518993,-86.239632,0.000000,0.095,259.100006,10,40,57,84,12,3,U_TURN_HDG,AP_HDG_SEL_IMU,116.453,5.668,20.000,4,14,9,14,ROLL_LEFT
437,35.903278,0,-0.026,0.077,-0.026,-5.870,19.533,110.781,-0.448,0.112,0.000,-31.875,5.125,22.375,-3.230,-10.509,-29.630,0.111,-0.815,-0.552,0.138,1,-36.817,-2.765,-24.840,0.000,2,41.518993,-86.239632,0.000000,0.159,259.100006,10,40,57,92,12,3,U_TURN_HDG,AP_HDG_SEL_IMU,116.453,5.672,20.000,4,14,9,14,ROLL_LEFT
438,35.969521,0,0.103,-0.051,0.000,-5.870,19.533,110.781,-0.112,0.000,0.000,-31.875,5.125,22.375,-3.230,-10.509,-29.656,0.111,-0.815,-0.552,0.138,1,-37.134,-2.800,-24.947,0.000,2,41.518993,-86.239632,0.000000,0.218,259.100006,10,40,57,96,12,3,U_TURN_HDG,AP_HDG_SEL_IMU,116.453,5.672,20.000,4,14,9,14,ROLL_LEFT
439,36.032967,0,-0.026,0.077,0.000,-5.875,19.539,110.776,0.000,0.112,0.000,-31.875,5.125,22.375,-3.230,-10.509,-29.656,0.111,-0.815,-0.552,0.138,1,-36.597,-2.767,-24.766,0.000,2,41.518993,-86.239632,0.000000,0.457,259.000000,10,40,58,4,12,3,U_TURN_HDG,AP_HDG_SEL_IMU,116.453,5.677,20.000,4,14,9,14,ROLL_LEFT
440,36.179832,0,-0.026,-0.167,0.000,-5.868,19.524,110.782,-0.448,-0.112,0.000,-31.875,5.125,22.375,-3.230,-10.509,-29.656,0.111,-0.815,-0.552,0.138,1,-36.862,-2.712,-24.855,0.000,2,41.518993,-86.239632,180.919998,0.837,259.000000,10,40,58,20,12,3,U_TURN_HDG,AP_HDG_SEL_IMU,116.453,5.671,20.000,4,14,9,14,ROLL_LEFT
441,36.259296,0,-0.026,0.231,-0.026,-5.870,19.533,110.781,0.783,-0.112,0.000,-31.875,5.125,22.375,-3.230,-10.535,-29.630,0.111,-0.815,-0.552,0.138,1,-36.755,-2.791,-24.819,0.000,2,41.518993,-86.239632,176.589996,0.812,259.000000,10,40,58,28,12,3,U_TURN_HDG,AP_HDG_SEL_IMU,116.453,5.672,20.000,4,14,9,14,ROLL_LEFT
442,36.352539,0,-0.026,-0.051,-0.026,-5.871,19.544,110.776,-0.336,0.000,-0.112,-31.875,5.125,22.375,-3.230,-10.509,-29.656,0.111,-0.815,-0.552,0.138,1,-36.876,-2.738,-24.860,0.000,2,41.518993,-86.239632,0.000000,0.738,259.000000,10,40,58,32,12,3,U_TURN_HDG,AP_HDG_SEL_IMU,116.453,5.677,20.000,4,14,9,14,ROLL_LEFT
443,36.412144,0,-0.026,0.205,-0.154,-5.866,19.525,110.772,-0.336,-0.112,0.000,-31.875,5.125,22.375,-3.230,-10.509,-29.630,0.111,-0.815,-0.552,0.138,1,-36.896,-2.775,-24.867,0.000,2,41.518993,-86.239632,0.000000,0.547,259.000000,10,40,58,40,12,3,U_TURN_HDG,AP_HDG_SEL_IMU,116.453,5.681,20.000,4,14,9,14,ROLL_LEFT
444,36.458511,0,-0.026,-0.051,-0.026,-5.871,19.544,110.776,-0.112,0.112,0.000,-31.875,5.125,22.375,-3.230,-10.509,-29.630,0.111,-0.815,-0.552,0.138,1,-36.883,-2.745,-24.862,0.000,2,41.518993,-86.239632,0.000000,0.476,259.000000,10,40,58,44,12,3,U_TURN_HDG,AP_HDG_SEL_IMU,116.453,5.677,20.000,4,14,9,14,ROLL_LEFT
445,36.533504,0,-0.026,0.077,-0.128,-5.868,19.534,110.771,-0.336,0.000,0.000,-31.875,5.125,22.375,-3.230,-10.509,-29.630,0.111,-0.815,-0.552,0.138,1,-37.121,-2.776,-24.942,0.000,2,41.518993,-86.239632,0.000000,0.501,259.000000,10,40,58,52,12,3,U_TURN_HDG,AP_HDG_SEL_IMU,116.453,5.682,20.000,4,14,9,14,ROLL_LEFT
446,36.591572,0,-0.051,-0.077,0.026,-5.869,19.535,110.777,-0.224,0.000,0.000,-31.875,5.125,22.375,-3.204,-10.483,-29.681,0.111,-0.815,-0.552,0.138,1,-36.669,-2.765,-24.790,0.000,2,41.518993,-86.239632,0.000000,0.466,259.000000,10,40,58,60,12,3,U_TURN_HDG,AP_HDG_SEL_IMU,116.453,5.676,20.000,4,14,9,14,ROLL_LEFT
447,36.648510,0,0.103,0.051,0.000,-5.866,19.525,110.772,-0.224,0.112,0.000,-31.875,5.125,22.375,-3.230,-10.483,-29.656,0.111,-0.815,-0.552,0.138,1,-37.488,-2.767,-25.065,0.000,2,41.518993,-86.239632,0.000000,0.468,258.899994,10,40,58,64,12,3,U_TURN_HDG,AP_HDG_SEL_IMU,116.453,5.681,20.000,4,14,9,14,ROLL_LEFT
448,36.733223,0,0.103,0.179,0.000,-5.867,19.498,110.777,0.560,0.000,0.000,-31.875,5.125,22.375,-3.230,-10.458,-29.656,0.111,-0.815,-0.552,0.138,1,-37.101,-2.735,-24.936,0.000,2,41.518993,-86.239632,0.000000,0.321,258.899994,10,40,58,72,12,3,U_TURN_HDG,AP_HDG_SEL_IMU,116.453,5.676,20.000,4,14,9,14,ROLL_LEFT
449,36.802036,0,-0.026,0.051,-0.128,-5.875,19.512,110.775,0.783,0.000,0.224,-31.875,5.125,22.375,-3.230,-10.483,-29.656,0.111,-0.815,-0.552,0.138,1,-37.618,-2.733,-25.109,0.000,2,41.518993,-86.239632,0.000000,0.262,258.899994,10,40,58,80,12,3,U_TURN_HDG,AP_HDG_SEL_IMU,116.453,5.678,20.000,4,14,9,14,ROLL_LEFT
450,36.847511,0,-0.026,-0.167,0.103,-5.874,19.554,110.781,0.336,-0.112,-0.112,-31.875,5.125,22.375,-3.230,-10.509,-29.630,0.111,-0.815,-0.552,0.138,1,-37.257,-2.751,-24.988,0.000,2,41.518993,-86.239632,0.000000,0.228,258.899994,10,40,58,84,12,3,U_TURN_HDG,AP_HDG_SEL_IMU,116.453,5.672,20.000,4,14,9,14,ROLL_LEFT
451,36.941517,0,-0.026,0.077,-0.026,-5.873,19.554,110.775,-0.224,0.000,0.000,-31.875,5.125,22.375,-3.230,-10.509,-29.630,0.111,-0.815,-0.552,0.138,1,-36.780,-2.694,-24.828,0.000,2,41.518993,-86.239632,0.000000,0.370,258.899994,10,40,58,92,12,3,U_TURN_HDG,AP_HDG_SEL_IMU,116.453,5.678,20.000,4,14,9,14,ROLL_LEFT
452,37.002502,0,0.103,-0.051,-0.026,-5.871,19.544,110.776,0.000,0.000,0.000,-31.875,5.125,22.375,-3.230,-10.509,-29.630,0.111,-0.815,-0.552,0.138,1,-37.345,-2.781,-25.017,0.000,2,41.518993,-86.239632,0.000000,0.289,258.899994,10,40,59,0,12,3,U_TURN_HDG,AP_HDG_SEL_IMU,116.453,5.677,20.000,4,14,9,14,ROLL_LEFT
453,37.058506,0,-0.026,-0.051,-0.026,-5.871,19.544,110.776,0.000,0.000,0.000,-31.875,5.125,22.375,-3.230,-10.509,-29.630,0.111,-0.815,-0.552,0.138,1,-37.161,-2.709,-24.956,0.000,2,41.518993,-86.239632,0.000000,0.189,258.899994,10,40,59,4,12,3,U_TURN_HDG,AP_HDG_SEL_IMU,116.453,5.677,20.000,4,14,9,14,ROLL_LEFT
454,37.122166,0,-0.026,-0.141,0.103,-5.871,19.544,110.776,0.000,0.000,0.000,-31.875,5.125,22.375,-3.230,-10.535,-29.630,0.111,-0.815,-0.552,0.138,1,-36.648,-2.728,-24.783,0.000,2,41.518993,-86.239632,0.000000,0.122,258.899994,10,40,59,12,12,3,U_TURN_HDG,AP_HDG_SEL_IMU,116.453,5.677,20.000,4,14,9,14,ROLL_LEFT
455,37.177094,0,-0.026,-0.141,0.077,-5.871,19.544,110.776,0.000,0.000,0.000,-31.875,5.125,22.375,-3.230,-10.535,-29.604,0.111,-0.815,-0.552,0.138,1,-36.954,-2.742,-24.886,0.000,2,41.518993,-86.239632,0.000000,0.093,258.799988,10,40,59,20,12,3,U_TURN_HDG,AP_HDG_SEL_IMU,116.453,5.677,20.000,4,14,9,14,ROLL_LEFT
456,37.237511,0,-0.026,-0.026,-0.179,-5.871,19.544,110.776,0.000,0.000,0.000,-31.875,5.125,22.375,-3.230,-10.535,-29.604,0.111,-0.815,-0.552,0.138,1,-36.742,-2.762,-24.815,0.000,2,41.518993,-86.239632,0.000000,0.115,258.899994,10,40,59,24,12,3,U_TURN_HDG,AP_HDG_SEL_IMU,116.453,5.677,20.000,4,14,9,14,ROLL_LEFT
457,37.287506,0,-0.026,-0.026,0.103,-5.873,19.554,110.775,0.000,0.000,0.000,-31.875,5.125,22.375,-3.230,-10.535,-29.630,0.111,-0.815,-0.552,0.138,1,-36.533,-2.791,-24.744,0.000,2,41.518993,-86.239632,0.000000,0.275,258.899994,10,40,59,28,12,3,U_TURN_HDG,AP_HDG_SEL_IMU,116.453,5.678,20.000,4,14,9,14,ROLL_LEFT
458,37.361290,0,0.077,-0.051,-0.026,-5.873,19.554,110.775,0.000,0.000,0.000,-31.875,5.125,22.375,-3.204,-10.509,-29.630,0.111,-0.815,-0.552,0.138,1,-36.870,-2.719,-24.858,0.000,2,41.518993,-86.239632,0.000000,0.106,258.799988,10,40,59,36,12,3,U_TURN_HDG,AP_HDG_SEL_IMU,116.453,5.678,20.000,4,14,9,14,ROLL_LEFT
459,37.407127,0,-0.051,0.205,-0.154,-5.865,19.540,110.777,0.448,-0.112,0.000,-31.875,5.125,22.375,-3.204,-10.509,-29.630,0.111,-0.815,-0.552,0.138,1,-36.632,-2.694,-24.778,0.000,2,41.518993,-86.239632,0.000000,0.017,258.799988,10,40,59,40,12,3,U_TURN_HDG,AP_HDG_SEL_IMU,116.453,5.676,20.000,4,14,9,14,ROLL_LEFT
460,37.469505,0,-0.051,-0.192,0.103,-5.867,19.550,110.777,0.112,0.000,0.112,-31.875,5.125,22.375,-3.204,-10.483,-29.630,0.111,-0.815,-0.552,0.138,1,-37.452,-2.700,-25.053,0.000,2,41.518997,-86.239632,0.000000,0.300,258.799988,10,40,59,48,12,3,U_TURN_HDG,AP_HDG_SEL_IMU,116.453,5.677,20.000,4,14,9,14,ROLL_LEFT
461,37.524071,0,-0.051,-0.192,0.103,-5.860,19.536,110.778,0.224,0.000,0.112,-31.875,5.125,22.375,-3.204,-10.483,-29.630,0.111,-0.815,-0.552,0.138,1,-36.591,-2.762,-24.764,0.000,2,41.518997,-86.239632,0.000000,0.282,258.700012,10,40,59,52,12,3,U_TURN_HDG,AP_HDG_SEL_IMU,116.453,5.675,20.000,4,14,9,14,ROLL_LEFT
462,37.590248,0,-0.051,0.077,-0.026,-5.865,19.540,110.777,0.224,-0.112,0.000,-31.875,5.125,22.375,-3.204,-10.509,-29.630,0.111,-0.815,-0.552,0.138,1,-36.629,-2.689,-24.777,0.000,2,41.518997,-86.239632,0.000000,0.154,258.700012,10,40,59,60,12,3,U_TURN_HDG,AP_HDG_SEL_IMU,116.453,5.676,20.000,4,14,9,14,ROLL_LEFT
463,37.699810,0,-0.051,-0.051,-0.026,-5.856,19.542,110.779,0.783,-0.112,0.000,-31.875,5.125,22.375,-3.204,-10.509,-29.630,0.111,-0.815,-0.552,0.138,1,-37.023,-2.730,-24.909,0.000,2,41.518997,-86.239632,0.000000,0.262,258.600006,10,40,59,72,12,3,U_TURN_HDG,AP_HDG_SEL_IMU,116.453,5.674,20.000,4,14,9,14,ROLL_LEFT
464,37.818844,0,-0.026,-0.051,0.128,-5.856,19.542,110.779,-0.224,0.000,0.000,-31.875,5.125,22.375,-3.204,-10.509,-29.630,0.111,-0.815,-0.552,0.138,1,-37.000,-2.687,-24.902,0.000,2,41.518997,-86.239632,0.000000,0.425,258.500000,10,40,59,84,12,3,U_TURN_HDG,AP_HDG_SEL_IMU,116.453,5.674,20.000,4,14,9,14,ROLL_LEFT
465,37.946808,0,-0.026,-0.167,0.000,-5.852,19.548,110.779,0.560,-0.112,-0.112,-31.875,5.125,22.375,-3.230,-10.509,-29.656,0.111,-0.815,-0.552,0.138,1,-37.089,-2.717,-24.932,0.000,2,41.518997,-86.239632,0.000000,0.285,258.399994,10,40,59,96,12,3,U_TURN_HDG,AP_HDG_SEL_IMU,116.453,5.674,20.000,4,14,9,14,ROLL_LEFT
466,38.023869,0,-0.026,-0.051,0.000,-5.853,19.557,110.778,-0.112,0.000,0.000,-31.875,5.125,22.375,-3.230,-10.509,-29.656,0.111,-0.815,-0.552,0.138,1,-37.023,-2.733,-24.909,0.000,2,41.518997,-86.239632,0.000000,0.326,258.299988,10,41,0,4,12,3,U_TURN_HDG,AP_HDG_SEL_IMU,116.453,5.675,20.000,4,14,9,14,ROLL_LEFT
467,38.129539,0,-0.026,-0.051,-0.128,-5.855,19.542,110.773,-0.671,-0.112,0.000,-31.875,5.125,22.375,-3.230,-10.509,-29.656,0.111,-0.815,-0.552,0.138,1,-37.483,-2.760,-25.064,0.000,2,41.519001,-86.239632,0.000000,0.420,258.200012,10,41,0,12,12,3,U_TURN_HDG,AP_HDG_SEL_IMU,116.453,5.680,20.000,4,14,9,14,ROLL_LEFT
468,38.215988,0,0.000,-0.051,0.103,-5.863,19.556,110.777,0.112,0.000,0.000,-31.875,5.125,22.375,-3.255,-10.509,-29.630,0.111,-0.815,-0.552,0.138,1,-37.102,-2.742,-24.936,0.000,2,41.519001,-86.239632,0.000000,0.503,258.000000,10,41,0,24,12,3,U_TURN_HDG,AP_HDG_SEL_IMU,116.453,5.676,20.000,4,14,9,14,ROLL_LEFT
469,38.295155,0,0.128,-0.051,-0.026,-5.859,19.561,110.777,0.000,0.000,-0.112,-31.875,5.125,22.375,-3.255,-10.509,-29.630,0.111,-0.815,-0.552,0.138,1,-37.010,-2.708,-24.905,0.000,2,41.519001,-86.239632,0.000000,0.530,258.000000,10,41,0,32,12,3,U_TURN_HDG,AP_HDG_SEL_IMU,116.453,5.676,20.000,4,14,9,14,ROLL_LEFT
470,38.345131,0,0.103,0.179,-0.128,-5.864,19.540,110.772,0.448,0.000,0.112,-31.875,5.125,22.375,-3.230,-10.483,-29.656,0.111,-0.815,-0.552,0.138,1,-36.775,-2.680,-24.826,0.000,2,41.519001,-86.239632,0.000000,0.565,258.000000,10,41,0,36,12,3,U_TURN_HDG,AP_HDG_SEL_IMU,116.453,5.681,20.000,4,14,9,14,ROLL_LEFT
471,38.419827,0,-0.026,-0.295,0.128,-5.865,19.565,110.776,1.455,0.000,0.000,-31.875,5.125,22.375,-3.204,-10.509,-29.656,0.111,-0.815,-0.552,0.138,1,-36.944,-2.720,-24.883,0.000,2,41.519001,-86.239632,0.000000,0.549,257.899994,10,41,0,44,12,3,U_TURN_HDG,AP_HDG_SEL_IMU,116.453,5.677,20.000,4,14,9,14,ROLL_LEFT
472,38.505520,0,-0.026,-0.141,0.205,-5.865,19.565,110.776,-1.343,0.112,0.000,-31.875,5.125,22.375,-3.230,-10.535,-29.604,0.111,-0.815,-0.552,0.138,1,-36.823,-2.774,-24.842,0.000,2,41.519001,-86.239632,0.000000,0.619,257.899994,10,41,0,52,12,3,U_TURN_HDG,AP_HDG_SEL_IMU,116.453,5.677,20.000,4,14,9,14,ROLL_LEFT
473,38.555099,0,-0.026,0.051,-0.154,-5.857,19.475,110.774,-0.560,0.112,0.112,-31.875,5.125,22.375,-3.230,-10.483,-29.630,0.110,-0.815,-0.552,0.137,1,-36.126,-2.720,-24.606,0.000,2,41.519001,-86.239632,0.000000,0.397,257.899994,10,41,0,56,12,3,U_TURN_HDG,AP_HDG_SEL_IMU,116.453,5.679,20.000,4,14,9,14,ROLL_LEFT
474,38.628510,0,-0.026,-0.051,0.103,-5.860,19.495,110.769,0.560,0.000,0.000,-31.875,5.125,22.375,-3.230,-10.535,-29.630,0.111,-0.815,-0.552,0.138,1,-37.018,-2.722,-24.908,0.000,2,41.519001,-86.239632,0.000000,0.567,257.899994,10,41,0,64,12,3,U_TURN_HDG,AP_HDG_SEL_IMU,116.453,5.684,20.000,4,14,9,14,ROLL_LEFT
475,38.685104,0,-0.026,-0.167,0.103,-5.861,19.521,110.773,0.224,0.000,0.000,-31.875,5.125,22.375,-3.230,-10.509,-29.630,0.111,-0.815,-0.552,0.138,1,-36.963,-2.759,-24.889,0.000,2,41.519001,-86.239632,0.000000,0.466,257.899994,10,41,0,68,12,3,U_TURN_HDG,AP_HDG_SEL_IMU,116.453,5.680,20.000,4,14,9,14,ROLL_LEFT
476,38.738426,0,-0.026,-0.295,0.077,-5.862,19.530,110.772,1.119,-0.224,-0.224,-31.875,5.125,22.375,-3.230,-10.509,-29.604,0.111,-0.815,-0.552,0.138,1,-36.981,-2.790,-24.895,0.000,2,41.519001,-86.239632,0.000000,0.427,257.799988,10,41,0,76,12,3,U_TURN_HDG,AP_HDG_SEL_IMU,116.453,5.681,20.000,4,14,9,14,ROLL_LEFT
477,38.858013,0,0.103,0.577,-0.269,-5.862,19.505,110.768,-2.574,0.112,-0.112,-31.875,5.125,22.375,-3.204,-10.509,-29.630,0.111,-0.815,-0.552,0.138,1,-36.312,-2.791,-24.669,0.000,2,41.519001,-86.239632,0.000000,0.154,257.799988,10,41,0,88,12,3,U_TURN_HDG,AP_HDG_SEL_IMU,116.453,5.685,20.000,4,14,9,14,ROLL_LEFT
478,38.944935,0,-0.026,0.051,-0.128,-5.856,19.501,110.769,0.224,-0.112,0.000,-31.875,5.125,22.375,-3.230,-10.483,-29.656,0.111,-0.815,-0.552,0.138,1,-36.716,-2.713,-24.806,0.000,2,41.519001,-86.239632,0.000000,0.329,257.799988,10,41,0,96,12,3,U_TURN_HDG,AP_HDG_SEL_IMU,116.453,5.684,20.000,4,14,9,14,ROLL_LEFT
479,39.007366,0,0.103,0.179,0.026,-5.862,19.530,110.772,0.783,0.112,0.224,-31.875,5.125,22.375,-3.204,-10.509,-29.656,0.111,-0.815,-0.552,0.138,1,-36.898,-2.777,-24.868,0.000,2,41.519001,-86.239632,0.000000,0.360,257.700012,10,41,1,0,12,3,U_TURN_HDG,AP_HDG_SEL_IMU,116.453,5.681,20.000,4,14,9,14,ROLL_LEFT
480,39.059822,0,0.103,0.154,-0.103,-5.854,19.516,110.769,0.224,0.000,-0.112,-31.875,5.125,22.375,-3.230,-10.458,-29.681,0.111,-0.815,-0.552,0.138,1,-36.572,-2.726,-24.757,0.000,2,41.519001,-86.239632,0.000000,0.400,257.700012,10,41,1,8,12,3,U_TURN_HDG,AP_HDG_SEL_IMU,116.453,5.684,20.000,4,14,9,14,ROLL_LEFT
481,39.141876,0,-0.051,0.308,-0.128,-5.854,19.516,110.769,1.343,-0.112,0.112,-31.875,5.125,22.375,-3.230,-10.483,-29.656,0.111,-0.815,-0.552,0.138,1,-37.383,-2.709,-25.030,0.000,2,41.519001,-86.239632,0.000000,0.501,257.799988,10,41,1,16,12,3,U_TURN_HDG,AP_HDG_SEL_IMU,116.453,5.684,20.000,4,14,9,14,ROLL_LEFT
482,39.218319,0,0.103,0.051,0.000,-5.844,19.493,110.766,-0.112,0.112,0.000,-31.875,5.125,22.375,-3.204,-10.509,-29.656,0.111,-0.815,-0.552,0.137,1,-37.147,-2.686,-24.951,0.000,2,41.519001,-86.239632,0.000000,0.508,257.700012,10,41,1,24,12,3,U_TURN_HDG,AP_HDG_SEL_IMU,116.453,5.687,20.000,4,14,9,14,ROLL_LEFT
483,39.265137,0,0.077,0.154,-0.128,-5.843,19.482,110.771,0.112,0.000,0.000,-31.875,5.125,22.375,-3.204,-10.458,-29.656,0.111,-0.815,-0.552,0.137,1,-36.785,-2.703,-24.829,0.000,2,41.519001,-86.239632,0.000000,0.532,257.700012,10,41,1,28,12,3,U_TURN_HDG,AP_HDG_SEL_IMU,116.453,5.682,20.000,4,14,9,14,ROLL_LEFT
484,39.338425,0,-0.051,0.179,-0.128,-5.843,19.534,110.776,0.000,0.000,0.112,-31.875,5.125,22.375,-3.204,-10.483,-29.630,0.111,-0.815,-0.552,0.138,1,-37.378,-2.701,-25.028,0.000,2,41.519001,-86.239632,0.000000,0.476,257.700012,10,41,1,36,12,3,U_TURN_HDG,AP_HDG_SEL_IMU,116.453,5.677,20.000,4,14,9,14,ROLL_LEFT
485,39.455723,0,-0.179,-0.551,0.103,-5.844,19.559,110.780,0.560,0.000,-0.112,-31.875,5.125,22.375,-3.204,-10.509,-29.630,0.111,-0.815,-0.552,0.138,1,-36.415,-2.709,-24.704,0.000,2,41.519001,-86.239632,0.000000,0.135,257.600006,10,41,1,48,12,3,U_TURN_HDG,AP_HDG_SEL_IMU,116.453,5.673,20.000,4,14,9,14,ROLL_LEFT
486,39.540928,0,0.103,-0.077,0.154,-5.835,19.495,110.773,-0.112,0.112,0.000,-31.875,5.125,22.375,-3.230,-10.483,-29.681,0.111,-0.815,-0.552,0.137,1,-37.494,-2.781,-25.068,0.000,2,41.519001,-86.239632,0.000000,0.241,257.600006,10,41,1,56,12,3,U_TURN_HDG,AP_HDG_SEL_IMU,116.453,5.680,20.000,4,14,9,14,ROLL_LEFT
487,39.603947,0,-0.051,-0.192,0.128,-5.830,19.464,110.774,1.567,-0.112,0.112,-31.875,5.125,22.375,-3.204,-10.483,-29.656,0.110,-0.815,-0.552,0.137,1,-36.862,-2.707,-24.855,0.000,2,41.519001,-86.239632,0.000000,0.250,257.600006,10,41,1,60,12,3,U_TURN_HDG,AP_HDG_SEL_IMU,116.453,5.679,20.000,4,14,9,14,ROLL_LEFT
488,39.661983,0,-0.051,-0.077,0.026,-5.829,19.490,110.769,1.231,-0.112,-0.112,-31.875,5.125,22.375,-3.178,-10.483,-29.681,0.111,-0.815,-0.552,0.137,1,-36.424,-2.728,-24.707,0.000,2,41.519001,-86.239632,0.000000,0.459,257.500000,10,41,1,68,12,3,U_TURN_HDG,AP_HDG_SEL_IMU,116.453,5.684,20.000,4,14,9,14,ROLL_LEFT
489,39.733818,0,0.077,0.179,-0.103,-5.831,19.500,110.773,-0.448,-0.112,-0.112,-31.875,5.125,22.375,-3.204,-10.483,-29.681,0.111,-0.815,-0.552,0.137,1,-36.728,-2.736,-24.810,0.000,2,41.519001,-86.239632,0.000000,0.381,257.500000,10,41,1,72,12,3,U_TURN_HDG,AP_HDG_SEL_IMU,116.453,5.680,20.000,4,14,9,14,ROLL_LEFT
490,39.826599,0,-0.026,-0.103,0.128,-5.830,19.500,110.768,1.343,-0.224,0.112,-31.875,5.125,22.375,-3.204,-10.483,-29.681,0.111,-0.815,-0.552,0.137,1,-36.859,-2.705,-24.854,0.000,2,41.519001,-86.239632,0.000000,0.300,257.500000,10,41,1,80,12,3,U_TURN_HDG,AP_HDG_SEL_IMU,116.453,5.685,20.000,4,14,9,14,ROLL_LEFT
491,39.906357,0,-0.051,0.026,0.000,-5.837,19.479,110.768,0.224,0.112,0.000,-31.875,5.125,22.375,-3.204,-10.483,-29.656,0.111,-0.815,-0.552,0.137,1,-36.404,-2.686,-24.700,0.000,2,41.519001,-86.239632,0.000000,0.319,257.500000,10,41,1,88,12,3,U_TURN_HDG,AP_HDG_SEL_IMU,116.453,5.685,20.000,4,14,9,14,ROLL_LEFT
492,39.969639,0,0.077,-0.218,0.128,-5.837,19.504,110.772,-0.448,0.112,-0.112,-31.875,5.125,22.375,-3.230,-10.458,-29.656,0.111,-0.815,-0.552,0.137,1,-37.833,-2.716,-25.180,0.000,2,41.519001,-86.239632,0.000000,0.299,257.399994,10,41,1,96,12,3,U_TURN_HDG,AP_HDG_SEL_IMU,116.453,5.681,20.000,4,14,9,14,ROLL_LEFT
493,40.042511,0,0.051,0.628,-0.577,-5.823,19.435,110.771,-7.050,0.560,-0.112,-31.875,5.125,22.375,-3.178,-10.330,-29.707,0.110,-0.815,-0.552,0.137,1,-37.079,-2.695,-24.928,0.000,2,41.519001,-86.239632,0.000000,0.376,257.299988,10,41,2,4,12,3,U_TURN_HDG,AP_HDG_SEL_IMU,116.453,5.683,20.000,4,14,9,14,ROLL_LEFT
494,40.104691,0,-0.077,0.026,0.051,-5.801,19.214,110.768,1.231,0.000,-0.112,-31.875,5.125,22.375,-3.204,-10.330,-29.707,0.109,-0.815,-0.552,0.136,1,-36.703,-2.691,-24.802,0.000,2,41.519001,-86.239632,0.000000,0.380,257.299988,10,41,2,8,12,3,U_TURN_HDG,AP_HDG_SEL_IMU,116.453,5.685,20.000,4,14,9,14,ROLL_LEFT
495,40.156902,0,0.077,0.026,-0.077,-5.793,19.175,110.766,4.476,-0.336,0.112,-31.875,5.125,22.375,-3.178,-10.330,-29.707,0.109,-0.815,-0.552,0.135,1,-37.147,-2.687,-24.951,0.000,2,41.519001,-86.239632,0.000000,0.478,257.200012,10,41,2,16,12,3,U_TURN_HDG,AP_HDG_SEL_IMU,116.453,5.687,20.000,4,13,8,13,ROLL_LEFT
496,40.216843,0,-0.205,0.026,0.077,-5.793,19.200,110.765,0.112,-0.112,-0.112,-31.875,5.125,22.375,-3.178,-10.330,-29.733,0.109,-0.815,-0.552,0.136,1,-37.227,-2.699,-24.978,0.000,2,41.519001,-86.239632,0.000000,0.545,257.200012,10,41,2,24,12,3,U_TURN_HDG,AP_HDG_SEL_IMU,116.453,5.688,20.000,4,14,9,14,ROLL_LEFT
497,40.296055,0,0.051,0.026,0.077,-5.795,19.185,110.765,0.560,0.000,0.000,-31.875,5.125,22.375,-3.178,-10.304,-29.733,0.109,-0.815,-0.552,0.136,1,-37.071,-2.683,-24.926,0.000,2,41.519001,-86.239632,0.000000,0.638,257.200012,10,41,2,32,12,3,U_TURN_HDG,AP_HDG_SEL_IMU,116.453,5.688,20.000,4,13,8,13,ROLL_LEFT
498,40.354179,0,0.154,0.654,-0.449,-5.791,19.190,110.765,-1.119,0.000,-0.224,-31.875,5.125,22.375,-3.178,-10.330,-29.733,0.109,-0.815,-0.552,0.136,1,-36.492,-2.711,-24.730,0.000,2,41.519001,-86.239632,0.000000,0.489,257.100006,10,41,2,36,12,3,U_TURN_HDG,AP_HDG_SEL_IMU,116.453,5.688,20.000,4,14,9,14,ROLL_LEFT
499,40.416824,0,-0.205,0.026,0.205,-5.786,19.221,110.765,-1.343,0.112,-0.112,-31.875,5.125,22.375,-3.178,-10.330,-29.707,0.109,-0.815,-0.552,0.136,1,-37.605,-2.710,-25.105,0.000,2,41.519001,-86.239632,0.000000,0.415,257.100006,10,41,2,44,12,3,U_TURN_HDG,AP_HDG_SEL_IMU,116.453,5.688,20.000,4,14,9,14,ROLL_LEFT
500,40.535980,0,0.026,-0.474,0.333,-5.781,19.217,110.766,-2.798,0.000,-0.112,-31.875,5.125,22.375,-3.153,-10.330,-29.733,0.109,-0.815,-0.552,0.136,1,-36.679,-2.644,-24.793,0.000,2,41.519001,-86.239632,0.000000,0.466,257.100006,10,41,2,56,12,3,U_TURN_HDG,AP_HDG_SEL_IMU,116.453,5.687,20.000,4,14,9,14,ROLL_LEFT
501,40.601234,0,0.026,0.256,-0.141,-5.775,19.163,110.764,-0.783,0.000,0.000,-31.875,5.125,22.375,-3.153,-10.330,-29.758,0.109,-0.815,-0.553,0.135,1,-36.497,-2.720,-24.732,0.000,2,41.519001,-86.239632,0.000000,0.263,257.100006,10,41,2,60,12,3,U_TURN_HDG,AP_HDG_SEL_IMU,116.453,5.689,20.000,4,13,8,13,ROLL_LEFT
502,40.658695,0,0.026,0.128,-0.141,-5.763,19.154,110.760,0.671,0.000,0.112,-31.875,5.125,22.375,-3.153,-10.304,-29.758,0.109,-0.815,-0.553,0.135,1,-36.829,-2.650,-24.844,0.000,2,41.519005,-86.239632,0.000000,0.076,257.100006,10,41,2,68,12,3,U_TURN_HDG,AP_HDG_SEL_IMU,116.453,5.693,20.000,4,13,8,13,ROLL_LEFT
503,40.738735,0,0.026,0.282,-0.051,-5.765,19.189,110.764,0.895,-0.112,0.000,-31.875,5.125,22.375,-3.153,-10.330,-29.733,0.109,-0.815,-0.553,0.135,1,-36.698,-2.682,-24.800,0.000,2,41.519005,-86.239632,0.000000,0.044,257.100006,10,41,2,76,12,3,U_TURN_HDG,AP_HDG_SEL_IMU,116.453,5.689,20.000,4,14,9,14,ROLL_LEFT
504,40.791828,0,0.026,-0.474,0.205,-5.764,19.214,110.763,0.895,-0.112,0.112,-31.875,5.125,22.375,-3.153,-10.330,-29.733,0.109,-0.815,-0.553,0.135,1,-36.936,-2.707,-24.880,0.000,2,41.519005,-86.239632,0.000000,0.127,257.100006,10,41,2,80,12,3,U_TURN_HDG,AP_HDG_SEL_IMU,116.453,5.690,20.000,4,14,9,14,ROLL_LEFT
505,40.857800,0,-0.103,0.026,0.077,-5.755,19.191,110.766,0.895,0.000,-0.112,-31.875,5.125,22.375,-3.153,-10.330,-29.733,0.109,-0.815,-0.553,0.135,1,-37.137,-2.667,-24.948,0.000,2,41.519005,-86.239632,0.000000,0.120,257.100006,10,41,2,88,12,3,U_TURN_HDG,AP_HDG_SEL_IMU,116.453,5.687,20.000,4,14,9,14,ROLL_LEFT
506,40.945538,0,0.026,-0.474,0.205,-5.749,19.162,110.762,1.567,-0.112,0.112,-31.875,5.125,22.375,-3.153,-10.330,-29.733,0.109,-0.815,-0.553,0.135,1,-36.764,-2.663,-24.822,0.000,2,41.519005,-86.239632,0.000000,0.253,257.000000,10,41,2,96,12,3,U_TURN_HDG,AP_HDG_SEL_IMU,116.453,5.691,20.000,4,13,8,13,ROLL_LEFT
507,41.001514,0,-0.103,-0.205,0.333,-5.752,19.232,110.760,3.581,-0.112,0.000,-31.875,5.125,22.375,-3.153,-10.355,-29.733,0.109,-0.815,-0.553,0.135,1,-36.923,-2.682,-24.876,0.000,2,41.519005,-86.239632,0.000000,0.343,257.000000,10,41,3,0,12,3,U_TURN_HDG,AP_HDG_SEL_IMU,116.453,5.693,20.000,4,14,9,14,ROLL_LEFT
508,41.146103,0,0.026,0.026,-0.295,-5.750,19.197,110.756,-0.783,0.000,-0.112,-31.875,5.125,22.375,-3.153,-10.330,-29.733,0.109,-0.815,-0.553,0.135,1,-37.282,-2.664,-24.997,0.000,2,41.519001,-86.239632,180.479996,0.795,256.899994,10,41,3,16,12,3,U_TURN_HDG,AP_HDG_SEL_IMU,116.453,5.697,20.000,4,14,9,14,ROLL_LEFT
509,41.256752,0,-0.077,-0.205,0.051,-5.748,19.188,110.757,-0.112,0.112,0.000,-31.875,5.125,22.375,-3.178,-10.355,-29.707,0.109,-0.815,-0.553,0.135,1,-36.893,-2.630,-24.866,0.000,2,41.519001,-86.239632,0.000000,0.668,256.899994,10,41,3,28,12,3,U_TURN_HDG,AP_HDG_SEL_IMU,116.453,5.696,20.000,4,13,8,13,ROLL_LEFT
510,41.379677,0,-0.205,-0.077,0.308,-5.748,19.188,110.757,-0.112,0.000,-0.112,-31.875,5.125,22.375,-3.178,-10.355,-29.707,0.109,-0.815,-0.553,0.135,1,-37.274,-2.646,-24.994,0.000,2,41.519001,-86.239632,0.000000,0.596,256.899994,10,41,3,40,12,3,U_TURN_HDG,AP_HDG_SEL_IMU,116.453,5.696,20.000,4,13,8,13,ROLL_LEFT
511,41.460529,0,-0.051,-0.295,0.179,-5.749,19.224,110.751,0.671,0.000,0.000,-31.875,5.125,22.375,-3.204,-10.381,-29.707,0.109,-0.815,-0.553,0.135,1,-36.849,-2.681,-24.851,0.000,2,41.519001,-86.239632,0.000000,0.695,256.899994,10,41,3,48,12,3,U_TURN_HDG,AP_HDG_SEL_IMU,116.453,5.702,20.000,4,14,9,14,ROLL_LEFT
512,41.537216,0,0.205,-0.577,0.179,-5.757,19.186,110.750,1.007,-0.112,-0.112,-31.875,5.125,22.375,-3.204,-10.355,-29.707,0.109,-0.815,-0.553,0.135,1,-37.137,-2.670,-24.948,0.000,2,41.519001,-86.239632,0.000000,0.685,256.899994,10,41,3,56,12,3,U_TURN_HDG,AP_HDG_SEL_IMU,116.453,5.703,20.000,4,13,8,13,ROLL_LEFT
513,41.589939,0,-0.179,-0.551,0.410,-5.759,19.222,110.750,0.112,0.000,0.000,-31.875,5.125,22.375,-3.204,-10.381,-29.681,0.109,-0.815,-0.553,0.135,1,-37.295,-2.686,-25.001,0.000,2,41.519001,-86.239632,0.000000,0.348,256.899994,10,41,3,60,12,3,U_TURN_HDG,AP_HDG_SEL_IMU,116.453,5.703,20.000,4,14,9,14,ROLL_LEFT
514,41.699421,0,0.179,-0.423,0.308,-5.761,19.205,110.754,-0.895,0.000,-0.112,-31.875,5.125,22.375,-3.178,-10.381,-29.707,0.109,-0.815,-0.553,0.135,1,-37.322,-2.733,-25.010,0.000,2,41.519005,-86.239632,0.000000,0.228,256.799988,10,41,3,72,12,3,U_TURN_HDG,AP_HDG_SEL_IMU,116.453,5.699,20.000,4,14,9,14,ROLL_LEFT
515,41.821987,0,-0.103,0.449,-0.077,-5.759,19.170,110.750,-0.224,0.112,0.000,-31.875,5.125,22.375,-3.153,-10.406,-29.707,0.109,-0.815,-0.553,0.135,1,-37.057,-2.660,-24.921,0.000,2,41.519005,-86.239632,0.000000,0.164,256.799988,10,41,3,84,12,3,U_TURN_HDG,AP_HDG_SEL_IMU,116.453,5.703,20.000,4,13,8,13,ROLL_LEFT
516,41.949478,0,0.154,0.051,0.026,-5.757,19.238,110.755,1.231,-0.112,0.112,-31.875,5.125,22.375,-3.153,-10.355,-29.681,0.109,-0.815,-0.553,0.136,1,-36.785,-2.705,-24.829,0.000,2,41.519001,-86.239632,0.000000,0.343,256.799988,10,41,3,96,12,3,U_TURN_HDG,AP_HDG_SEL_IMU,116.453,5.698,20.000,4,14,9,14,ROLL_LEFT
517,42.100586,0,0.051,-0.269,0.051,-5.748,19.213,110.756,-2.462,0.112,-0.112,-31.875,5.125,22.375,-3.153,-10.381,-29.707,0.109,-0.815,-0.553,0.135,1,-37.459,-2.715,-25.056,0.000,2,41.519005,-86.239632,0.000000,0.419,256.700012,10,41,4,12,12,3,U_TURN_HDG,AP_HDG_SEL_IMU,116.453,5.697,20.000,4,14,9,14,ROLL_LEFT
518,42.149513,0,0.051,0.256,-0.077,-5.744,19.218,110.756,0.224,0.000,0.112,-31.875,5.125,22.375,-3.178,-10.432,-29.707,0.109,-0.815,-0.553,0.135,1,-37.299,-2.687,-25.002,0.000,2,41.519005,-86.239632,0.000000,0.368,256.700012,10,41,4,16,12,3,U_TURN_HDG,AP_HDG_SEL_IMU,116.453,5.697,20.000,4,14,9,14,ROLL_LEFT
519,42.229439,0,-0.103,-0.026,0.179,-5.741,19.235,110.752,1.567,-0.112,0.112,-31.875,5.125,22.375,-3.178,-10.406,-29.707,0.109,-0.815,-0.553,0.135,1,-36.701,-2.684,-24.801,0.000,2,41.519005,-86.239632,0.000000,0.135,256.700012,10,41,4,24,12,3,U_TURN_HDG,AP_HDG_SEL_IMU,116.453,5.701,20.000,4,14,9,14,ROLL_LEFT
520,42.321621,0,0.051,-0.449,0.205,-5.743,19.244,110.751,0.560,0.000,0.112,-31.875,5.125,22.375,-3.178,-10.355,-29.707,0.109,-0.815,-0.553,0.135,1,-36.843,-2.676,-24.849,0.000,2,41.519005,-86.239632,0.000000,0.125,256.700012,10,41,4,28,12,3,U_TURN_HDG,AP_HDG_SEL_IMU,116.453,5.702,20.000,4,14,9,14,ROLL_LEFT
521,42.381516,0,-0.077,0.154,-0.051,-5.745,19.255,110.756,-0.895,-0.112,0.000,-31.875,5.125,22.375,-3.178,-10.330,-29.733,0.109,-0.815,-0.553,0.136,1,-36.923,-2.681,-24.876,0.000,2,41.519005,-86.239632,0.000000,0.068,256.600006,10,41,4,36,12,3,U_TURN_HDG,AP_HDG_SEL_IMU,116.453,5.697,20.000,4,14,9,14,ROLL_LEFT
522,42.432499,0,-0.077,0.154,-0.051,-5.743,19.244,110.751,1.231,-0.112,0.112,-31.875,5.125,22.375,-3.178,-10.330,-29.733,0.109,-0.815,-0.553,0.135,1,-36.949,-2.733,-24.885,0.000,2,41.519005,-86.239632,0.000000,0.311,256.600006,10,41,4,44,12,3,U_TURN_HDG,AP_HDG_SEL_IMU,116.453,5.702,20.000,4,14,9,14,ROLL_LEFT
523,42.500504,0,-0.051,0.154,-0.051,-5.745,19.229,110.752,-1.790,0.112,0.000,-31.875,5.125,22.375,-3.178,-10.330,-29.733,0.109,-0.815,-0.553,0.135,1,-36.308,-2.646,-24.668,0.000,2,41.519005,-86.239632,0.000000,0.147,256.600006,10,41,4,48,12,3,U_TURN_HDG,AP_HDG_SEL_IMU,116.453,5.701,20.000,4,14,9,14,ROLL_LEFT
524,42.575932,0,0.077,-0.205,0.205,-5.751,19.233,110.750,-0.112,-0.112,0.000,-31.875,5.125,22.375,-3.204,-10.355,-29.733,0.109,-0.815,-0.553,0.135,1,-37.139,-2.673,-24.949,0.000,2,41.519005,-86.239632,0.000000,0.079,256.500000,10,41,4,60,12,3,U_TURN_HDG,AP_HDG_SEL_IMU,116.453,5.703,20.000,4,14,9,14,ROLL_LEFT
525,42.656048,0,-0.077,-0.295,0.179,-5.753,19.217,110.755,2.014,-0.112,0.000,-31.875,5.125,22.375,-3.178,-10.381,-29.707,0.109,-0.815,-0.553,0.135,1,-36.708,-2.702,-24.803,0.000,2,41.519005,-86.239632,0.000000,0.152,256.500000,10,41,4,68,12,3,U_TURN_HDG,AP_HDG_SEL_IMU,116.453,5.698,20.000,4,14,9,14,ROLL_LEFT
526,42.778721,0,0.051,0.205,-0.192,-5.755,19.226,110.754,-0.448,-0.112,0.112,-31.875,5.125,22.375,-3.178,-10.381,-29.707,0.109,-0.815,-0.553,0.135,1,-37.295,-2.690,-25.001,0.000,2,41.519005,-86.239632,0.000000,0.108,256.500000,10,41,4,80,12,3,U_TURN_HDG,AP_HDG_SEL_IMU,116.453,5.699,20.000,4,14,9,14,ROLL_LEFT
527,42.857437,0,0.077,0.077,-0.103,-5.757,19.238,110.755,-0.560,0.112,0.000,-31.875,5.125,22.375,-3.204,-10.381,-29.681,0.109,-0.815,-0.553,0.136,1,-36.843,-2.674,-24.849,0.000,2,41.519005,-86.239632,0.000000,0.164,256.399994,10,41,4,88,12,3,U_TURN_HDG,AP_HDG_SEL_IMU,116.453,5.698,20.000,4,14,9,14,ROLL_LEFT
528,42.941868,0,-0.051,-0.051,0.026,-5.771,19.280,110.756,-2.014,0.112,-0.224,-31.875,5.125,22.375,-3.204,-10.406,-29.681,0.109,-0.815,-0.552,0.136,1,-37.245,-2.731,-24.984,0.000,2,41.519005,-86.239632,0.000000,0.160,256.500000,10,41,4,96,12,3,U_TURN_HDG,AP_HDG_SEL_IMU,116.453,5.697,20.000,4,14,9,14,ROLL_LEFT
529,43.013920,0,-0.051,0.308,-0.192,-5.766,19.235,110.748,-1.231,0.112,-0.112,-31.875,5.125,22.375,-3.204,-10.381,-29.681,0.109,-0.815,-0.553,0.136,1,-36.690,-2.662,-24.797,0.000,2,41.519005,-86.239632,0.000000,0.245,256.399994,10,41,5,4,12,3,U_TURN_HDG,AP_HDG_SEL_IMU,116.453,5.705,20.000,4,14,9,14,ROLL_LEFT
530,43.136974,0,-0.026,-0.077,0.051,-5.773,19.240,110.752,-0.560,-0.112,-0.112,-31.875,5.125,22.375,-3.204,-10.355,-29.681,0.109,-0.815,-0.553,0.136,1,-37.373,-2.687,-25.027,0.000,2,41.519005,-86.239632,0.000000,0.442,256.399994,10,41,5,16,12,3,U_TURN_HDG,AP_HDG_SEL_IMU,116.453,5.701,20.000,4,14,9,14,ROLL_LEFT
531,43.190006,0,-0.077,0.051,-0.077,-5.782,19.263,110.749,-0.224,-0.112,0.000,-31.875,5.125,22.375,-3.178,-10.355,-29.707,0.109,-0.815,-0.553,0.136,1,-36.612,-2.658,-24.771,0.000,2,41.519005,-86.239632,0.000000,0.414,256.399994,10,41,5,20,12,3,U_TURN_HDG,AP_HDG_SEL_IMU,116.453,5.704,20.000,4,14,9,14,ROLL_LEFT
532,43.260555,0,0.077,0.051,0.051,-5.786,19.284,110.750,0.224,0.000,0.224,-31.875,5.125,22.375,-3.178,-10.355,-29.707,0.109,-0.815,-0.552,0.136,1,-36.841,-2.669,-24.848,0.000,2,41.519005,-86.239632,0.000000,0.383,256.399994,10,41,5,28,12,3,U_TURN_HDG,AP_HDG_SEL_IMU,116.453,5.703,20.000,4,14,9,14,ROLL_LEFT
533,43.327202,0,0.077,0.179,-0.103,-5.784,19.273,110.754,0.000,0.000,0.000,-31.875,5.125,22.375,-3.204,-10.355,-29.681,0.109,-0.815,-0.552,0.136,1,-37.047,-2.636,-24.918,0.000,2,41.519005,-86.239632,0.000000,0.403,256.299988,10,41,5,32,12,3,U_TURN_HDG,AP_HDG_SEL_IMU,116.453,5.699,20.000,4,14,9,14,ROLL_LEFT
534,43.400505,0,-0.077,-0.077,-0.077,-5.784,19.273,110.754,-0.336,0.000,0.112,-31.875,5.125,22.375,-3.178,-10.355,-29.707,0.109,-0.815,-0.552,0.136,1,-36.653,-2.594,-24.785,0.000,2,41.519005,-86.239632,0.000000,0.236,256.299988,10,41,5,40,12,3,U_TURN_HDG,AP_HDG_SEL_IMU,116.453,5.699,20.000,4,14,9,14,ROLL_LEFT
535,43.462372,0,0.077,-0.103,0.077,-5.783,19.263,110.755,-0.112,0.000,-0.112,-31.875,5.125,22.375,-3.204,-10.330,-29.733,0.109,-0.815,-0.552,0.136,1,-37.174,-2.597,-24.960,0.000,2,41.519005,-86.239632,0.000000,0.214,256.299988,10,41,5,48,12,3,U_TURN_HDG,AP_HDG_SEL_IMU,116.453,5.698,20.000,4,14,9,14,ROLL_LEFT
536,43.575031,0,-0.077,-0.077,-0.077,-5.788,19.267,110.754,0.448,-0.112,0.000,-31.875,5.125,22.375,-3.178,-10.355,-29.707,0.109,-0.815,-0.552,0.136,1,-36.909,-2.660,-24.871,0.000,2,41.519005,-86.239632,0.000000,0.272,256.299988,10,41,5,60,12,3,U_TURN_HDG,AP_HDG_SEL_IMU,116.453,5.699,20.000,4,14,9,14,ROLL_LEFT
537,43.636978,0,0.077,0.154,-0.192,-5.786,19.206,110.750,-0.336,0.000,0.000,-31.875,5.125,22.375,-3.204,-10.330,-29.707,0.109,-0.815,-0.553,0.136,1,-37.123,-2.644,-24.943,0.000,2,41.519005,-86.239632,0.000000,0.130,256.200012,10,41,5,64,12,3,U_TURN_HDG,AP_HDG_SEL_IMU,116.453,5.703,20.000,4,14,9,14,ROLL_LEFT
538,43.685520,0,0.077,0.026,0.051,-5.791,19.211,110.745,0.224,0.000,0.000,-31.875,5.125,22.375,-3.204,-10.330,-29.707,0.109,-0.815,-0.553,0.136,1,-36.370,-2.619,-24.689,0.000,2,41.519005,-86.239632,0.000000,0.177,256.200012,10,41,5,68,12,3,U_TURN_HDG,AP_HDG_SEL_IMU,116.453,5.708,20.000,4,14,9,14,ROLL_LEFT
539,43.739120,0,0.077,0.026,-0.077,-5.795,19.205,110.744,-0.671,0.000,-0.224,-31.875,5.125,22.375,-3.204,-10.330,-29.707,0.109,-0.815,-0.553,0.136,1,-36.812,-2.614,-24.838,0.000,2,41.519005,-86.239632,0.000000,0.108,256.200012,10,41,5,72,12,3,U_TURN_HDG,AP_HDG_SEL_IMU,116.453,5.709,20.000,4,13,8,13,ROLL_LEFT
540,43.800522,0,0.077,-0.346,0.051,-5.795,19.205,110.744,0.448,0.000,0.112,-31.875,5.125,22.375,-3.204,-10.330,-29.707,0.109,-0.815,-0.553,0.136,1,-36.764,-2.666,-24.822,0.000,2,41.519009,-86.239632,0.000000,0.149,256.200012,10,41,5,80,12,3,U_TURN_HDG,AP_HDG_SEL_IMU,116.453,5.709,20.000,4,13,8,13,ROLL_LEFT
541,43.848953,0,-0.051,0.256,-0.051,-5.795,19.205,110.744,0.783,0.000,0.112,-31.875,5.125,22.375,-3.204,-10.330,-29.733,0.109,-0.815,-0.553,0.136,1,-36.966,-2.623,-24.890,0.000,2,41.519009,-86.239632,0.000000,0.211,256.200012,10,41,5,84,12,3,U_TURN_HDG,AP_HDG_SEL_IMU,116.453,5.709,20.000,4,13,8,13,ROLL_LEFT
542,43.919510,0,-0.051,0.128,-0.051,-5.797,19.189,110.743,0.783,0.000,0.112,-31.875,5.125,22.375,-3.204,-10.304,-29.733,0.109,-0.815,-0.553,0.136,1,-37.139,-2.667,-24.949,0.000,2,41.519009,-86.239632,0.000000,0.407,256.200012,10,41,5,92,12,3,U_TURN_HDG,AP_HDG_SEL_IMU,116.453,5.710,20.000,4,13,8,13,ROLL_LEFT
543,44.001511,0,0.051,0.128,-0.051,-5.793,19.221,110.744,-0.783,0.000,0.112,-31.875,5.125,22.375,-3.178,-10.304,-29.733,0.109,-0.815,-0.553,0.136,1,-37.118,-2.629,-24.941,0.000,2,41.519009,-86.239632,0.000000,0.670,256.100006,10,41,6,0,12,3,U_TURN_HDG,AP_HDG_SEL_IMU,116.453,5.709,20.000,4,14,9,14,ROLL_LEFT
544,44.106068,0,-0.051,-0.282,0.077,-5.793,19.210,110.754,-0.560,-0.112,0.112,-31.875,5.125,22.375,-3.178,-10.304,-29.733,0.109,-0.815,-0.553,0.136,1,-36.970,-2.633,-24.892,0.000,2,41.519009,-86.239632,332.440002,0.910,256.200012,10,41,6,12,12,3,U_TURN_HDG,AP_HDG_SEL_IMU,116.453,5.699,20.000,4,14,9,14,ROLL_LEFT
545,44.157112,0,-0.051,-0.231,0.077,-5.794,19.195,110.749,1.119,0.000,0.000,-31.875,5.125,22.375,-3.204,-10.330,-29.733,0.109,-0.815,-0.553,0.136,1,-36.300,-2.633,-24.665,0.000,2,41.519009,-86.239632,348.149994,0.916,256.200012,10,41,6,16,12,3,U_TURN_HDG,AP_HDG_SEL_IMU,116.453,5.704,20.000,4,13,8,13,ROLL_LEFT
546,44.219063,0,0.308,0.154,-0.077,-5.794,19.195,110.749,1.567,0.000,0.000,-31.875,5.125,22.375,-3.178,-10.330,-29.707,0.109,-0.815,-0.553,0.136,1,-36.888,-2.618,-24.864,0.000,2,41.519009,-86.239632,5.960000,0.938,256.200012,10,41,6,24,12,3,U_TURN_HDG,AP_HDG_SEL_IMU,116.453,5.704,20.000,4,13,8,13,ROLL_LEFT
547,44.274376,0,-0.103,0.077,0.179,-5.795,19.230,110.743,1.231,-0.224,0.000,-31.875,5.125,22.375,-3.153,-10.381,-29.707,0.109,-0.815,-0.553,0.136,1,-37.123,-2.642,-24.943,0.000,2,41.519009,-86.239632,7.050000,0.837,256.200012,10,41,6,28,12,3,U_TURN_HDG,AP_HDG_SEL_IMU,116.453,5.710,20.000,4,14,9,14,ROLL_LEFT
548,44.358589,0,-0.077,0.282,-0.077,-5.793,19.221,110.744,-3.021,0.112,-0.224,-31.875,5.125,22.375,-3.204,-10.355,-29.707,0.109,-0.815,-0.553,0.136,1,-37.570,-2.642,-25.093,0.000,2,41.519009,-86.239632,2.160000,0.768,256.100006,10,41,6,36,12,3,U_TURN_HDG,AP_HDG_SEL_IMU,116.453,5.709,20.000,4,14,9,14,ROLL_LEFT
549,44.421120,0,0.051,-0.103,0.051,-5.782,19.172,110.736,0.783,-0.224,0.112,-31.875,5.125,22.375,-3.178,-10.330,-29.707,0.109,-0.815,-0.553,0.135,1,-36.629,-2.691,-24.777,0.000,2,41.519009,-86.239632,3.850000,0.775,256.100006,10,41,6,44,12,3,U_TURN_HDG,AP_HDG_SEL_IMU,116.453,5.717,20.000,4,13,8,13,ROLL_LEFT
550,44.475117,0,-0.205,-0.602,0.410,-5.785,19.182,110.741,0.783,-0.224,0.000,-31.875,5.125,22.375,-3.178,-10.330,-29.681,0.109,-0.815,-0.553,0.135,1,-37.499,-2.650,-25.069,0.000,2,41.519009,-86.239632,0.000000,0.687,256.100006,10,41,6,48,12,3,U_TURN_HDG,AP_HDG_SEL_IMU,116.453,5.712,20.000,4,13,8,13,ROLL_LEFT
551,44.549126,0,-0.077,-0.077,0.051,-5.781,19.162,110.737,0.224,0.000,0.112,-31.875,5.125,22.375,-3.178,-10.355,-29.707,0.109,-0.815,-0.553,0.135,1,-36.634,-2.558,-24.778,0.000,2,41.519009,-86.239632,0.000000,0.618,256.100006,10,41,6,56,12,3,U_TURN_HDG,AP_HDG_SEL_IMU,116.453,5.716,20.000,4,13,8,13,ROLL_LEFT
552,44.594509,0,0.051,0.077,0.051,-5.786,19.191,110.735,-0.560,-0.112,-0.112,-31.875,5.125,22.375,-3.178,-10.381,-29.707,0.109,-0.815,-0.553,0.136,1,-37.682,-2.572,-25.130,0.000,2,41.519009,-86.239632,0.000000,0.589,256.100006,10,41,6,60,12,3,U_TURN_HDG,AP_HDG_SEL_IMU,116.453,5.718,20.000,4,13,8,13,ROLL_LEFT
553,44.655087,0,0.051,0.051,-0.077,-5.780,19.214,110.737,-0.112,0.000,-0.112,-31.875,5.125,22.375,-3.178,-10.355,-29.707,0.109,-0.815,-0.553,0.136,1,-37.179,-2.604,-24.962,0.000,2,41.519009,-86.239632,0.000000,0.543,256.100006,10,41,6,68,12,3,U_TURN_HDG,AP_HDG_SEL_IMU,116.453,5.717,20.000,4,13,8,13,ROLL_LEFT
554,44.727604,0,0.051,0.077,-0.077,-5.782,19.223,110.736,-0.112,0.000,0.000,-31.875,5.125,22.375,-3.178,-10.381,-29.707,0.109,-0.815,-0.553,0.136,1,-36.656,-2.598,-24.786,0.000,2,41.519009,-86.239632,0.000000,0.417,256.100006,10,41,6,72,12,3,U_TURN_HDG,AP_HDG_SEL_IMU,116.453,5.717,20.000,4,14,9,14,ROLL_LEFT
555,44.788502,0,-0.077,0.333,-0.077,-5.776,19.219,110.737,0.000,0.112,0.112,-31.875,5.125,22.375,-3.178,-10.355,-29.707,0.109,-0.815,-0.553,0.136,1,-37.121,-2.638,-24.942,0.000,2,41.519009,-86.239632,0.000000,0.211,256.100006,10,41,6,80,12,3,U_TURN_HDG,AP_HDG_SEL_IMU,116.453,5.716,20.000,4,14,9,14,ROLL_LEFT
556,44.847446,0,-0.077,-0.320,0.205,-5.775,19.219,110.731,-0.560,0.000,-0.112,-31.875,5.125,22.375,-3.178,-10.355,-29.733,0.109,-0.815,-0.553,0.136,1,-37.422,-2.643,-25.043,0.000,2,41.519009,-86.239632,0.000000,0.228,256.000000,10,41,6,84,12,3,U_TURN_HDG,AP_HDG_SEL_IMU,116.453,5.722,20.000,4,13,8,13,ROLL_LEFT
557,44.908096,0,-0.077,-0.320,0.308,-5.777,19.229,110.730,1.902,-0.224,0.000,-31.875,5.125,22.375,-3.178,-10.355,-29.707,0.109,-0.815,-0.553,0.136,1,-36.748,-2.638,-24.817,0.000,2,41.519009,-86.239632,0.000000,0.122,256.000000,10,41,6,92,12,3,U_TURN_HDG,AP_HDG_SEL_IMU,116.453,5.723,20.000,4,14,9,14,ROLL_LEFT
558,44.964512,0,-0.103,-0.205,0.179,-5.771,19.251,110.732,-0.112,0.112,0.000,-31.875,5.125,22.375,-3.153,-10.355,-29.707,0.109,-0.815,-0.553,0.136,1,-36.859,-2.567,-24.854,0.000,2,41.519009,-86.239632,0.000000,0.095,255.899994,10,41,6,96,12,3,U_TURN_HDG,AP_HDG_SEL_IMU,116.453,5.721,20.000,4,14,9,14,ROLL_LEFT
559,45.021152,0,-0.077,0.051,-0.077,-5.766,19.246,110.737,-0.224,0.112,0.000,-31.875,5.125,22.375,-3.178,-10.355,-29.707,0.109,-0.815,-0.553,0.136,1,-37.182,-2.612,-24.963,0.000,2,41.519009,-86.239632,0.000000,0.049,255.899994,10,41,7,4,12,3,U_TURN_HDG,AP_HDG_SEL_IMU,116.453,5.716,20.000,4,14,9,14,ROLL_LEFT
560,45.099895,0,0.051,0.051,-0.077,-5.765,19.221,110.733,-1.790,0.112,-0.112,-31.875,5.125,22.375,-3.178,-10.355,-29.707,0.109,-0.815,-0.553,0.136,1,-36.963,-2.617,-24.889,0.000,2,41.519009,-86.239632,0.000000,0.280,255.800003,10,41,7,12,12,3,U_TURN_HDG,AP_HDG_SEL_IMU,116.453,5.720,20.000,4,14,9,14,ROLL_LEFT
561,45.155071,0,0.051,0.179,-0.077,-5.765,19.221,110.733,-0.224,0.000,0.000,-31.875,5.125,22.375,-3.178,-10.355,-29.707,0.109,-0.815,-0.553,0.136,1,-37.023,-2.596,-24.909,0.000,2,41.519009,-86.239632,0.000000,0.309,255.800003,10,41,7,16,12,3,U_TURN_HDG,AP_HDG_SEL_IMU,116.453,5.720,20.000,4,14,9,14,ROLL_LEFT
562,45.223007,0,-0.077,0.077,-0.077,-5.769,19.215,110.732,0.112,0.112,0.000,-31.875,5.125,22.375,-3.178,-10.355,-29.707,0.109,-0.815,-0.553,0.136,1,-36.430,-2.599,-24.709,0.000,2,41.519009,-86.239632,0.000000,0.466,255.800003,10,41,7,24,12,3,U_TURN_HDG,AP_HDG_SEL_IMU,116.453,5.721,20.000,4,13,8,13,ROLL_LEFT
563,45.415089,0,0.179,-0.051,0.051,-5.767,19.231,110.728,0.671,0.000,0.000,-31.875,5.125,22.375,-3.178,-10.381,-29.707,0.109,-0.815,-0.553,0.136,1,-36.806,-2.605,-24.836,0.000,2,41.519009,-86.239632,0.000000,0.405,255.800003,10,41,7,44,12,3,U_TURN_HDG,AP_HDG_SEL_IMU,116.453,5.725,20.000,4,14,9,14,ROLL_LEFT
564,45.461933,0,0.308,-0.051,-0.103,-5.762,19.237,110.723,-0.671,0.112,0.000,-31.875,5.125,22.375,-3.178,-10.381,-29.681,0.109,-0.815,-0.553,0.136,1,-37.166,-2.584,-24.957,0.000,2,41.519009,-86.239632,0.000000,0.331,255.800003,10,41,7,48,12,3,U_TURN_HDG,AP_HDG_SEL_IMU,116.453,5.730,20.000,4,14,9,14,ROLL_LEFT
565,45.537910,0,-0.103,-0.154,0.051,-5.763,19.246,110.722,0.112,0.000,0.112,-31.875,5.125,22.375,-3.178,-10.381,-29.681,0.109,-0.815,-0.553,0.136,1,-37.000,-2.549,-24.902,0.000,2,41.519009,-86.239632,0.000000,0.321,255.699997,10,41,7,56,12,3,U_TURN_HDG,AP_HDG_SEL_IMU,116.453,5.731,20.000,4,14,9,14,ROLL_LEFT
566,45.612514,0,-0.103,0.051,0.051,-5.756,19.233,110.724,-1.007,0.000,0.000,-31.875,5.125,22.375,-3.153,-10.381,-29.707,0.109,-0.815,-0.553,0.136,1,-36.497,-2.582,-24.732,0.000,2,41.519009,-86.239632,0.000000,0.294,255.699997,10,41,7,60,12,3,U_TURN_HDG,AP_HDG_SEL_IMU,116.453,5.729,20.000,4,14,9,14,ROLL_LEFT
567,45.666935,0,0.051,-0.077,0.205,-5.760,19.227,110.724,3.581,-0.224,0.224,-31.875,5.125,22.375,-3.178,-10.355,-29.733,0.109,-0.815,-0.553,0.136,1,-36.960,-2.612,-24.888,0.000,2,41.519009,-86.239632,0.000000,0.235,255.699997,10,41,7,68,12,3,U_TURN_HDG,AP_HDG_SEL_IMU,116.453,5.730,20.000,4,13,8,13,ROLL_LEFT
568,45.725468,0,-0.103,0.077,0.077,-5.762,19.237,110.723,1.790,-0.224,0.000,-31.875,5.125,22.375,-3.153,-10.381,-29.733,0.109,-0.815,-0.553,0.136,1,-36.740,-2.620,-24.814,0.000,2,41.519009,-86.239632,0.000000,0.208,255.699997,10,41,7,72,12,3,U_TURN_HDG,AP_HDG_SEL_IMU,116.453,5.730,20.000,4,14,9,14,ROLL_LEFT
569,45.784515,0,-0.103,0.551,-0.192,-5.761,19.263,110.718,-0.783,0.112,0.000,-31.875,5.125,22.375,-3.153,-10.355,-29.707,0.109,-0.815,-0.553,0.136,1,-36.196,-2.574,-24.630,0.000,2,41.519009,-86.239632,0.000000,0.285,255.699997,10,41,7,80,12,3,U_TURN_HDG,AP_HDG_SEL_IMU,116.453,5.735,20.000,4,14,9,14,ROLL_LEFT
570,45.857170,0,0.051,-0.051,-0.077,-5.768,19.276,110.716,0.671,-0.112,0.000,-31.875,5.125,22.375,-3.178,-10.381,-29.707,0.109,-0.815,-0.553,0.136,1,-36.708,-2.560,-24.803,0.000,2,41.519009,-86.239632,0.000000,0.187,255.699997,10,41,7,88,12,3,U_TURN_HDG,AP_HDG_SEL_IMU,116.453,5.737,20.000,4,14,9,14,ROLL_LEFT
571,45.933151,0,-0.077,-0.320,0.205,-5.768,19.276,110.716,1.455,-0.224,0.000,-31.875,5.125,22.375,-3.178,-10.381,-29.707,0.109,-0.815,-0.553,0.136,1,-37.162,-2.580,-24.956,0.000,2,41.519009,-86.239632,0.000000,0.314,255.600006,10,41,7,92,12,3,U_TURN_HDG,AP_HDG_SEL_IMU,116.453,5.737,20.000,4,14,9,14,ROLL_LEFT
572,45.981510,0,-0.103,0.026,-0.051,-5.761,19.186,110.714,-0.224,0.000,0.000,-31.875,5.125,22.375,-3.153,-10.330,-29.733,0.109,-0.815,-0.553,0.135,1,-37.322,-2.594,-25.010,0.000,2,41.519009,-86.239632,0.000000,0.277,255.600006,10,41,7,96,12,3,U_TURN_HDG,AP_HDG_SEL_IMU,116.453,5.739,20.000,4,13,8,13,ROLL_LEFT
573,46.064362,0,0.179,0.884,-0.192,-5.765,19.257,110.717,-3.133,0.112,0.000,-31.875,5.125,22.375,-3.204,-10.355,-29.707,0.109,-0.815,-0.553,0.136,1,-36.718,-2.582,-24.807,0.000,2,41.519009,-86.239632,0.000000,0.510,255.600006,10,41,8,8,12,3,U_TURN_HDG,AP_HDG_SEL_IMU,116.453,5.736,20.000,4,14,9,14,ROLL_LEFT
574,46.183533,0,0.051,-0.346,0.154,-5.760,19.161,110.709,0.448,-0.224,0.000,-31.875,5.125,22.375,-3.178,-10.304,-29.733,0.109,-0.815,-0.553,0.135,1,-36.796,-2.581,-24.833,0.000,2,41.519009,-86.239632,100.680000,0.839,255.500000,10,41,8,20,12,3,U_TURN_HDG,AP_HDG_SEL_IMU,116.453,5.744,20.000,4,13,8,13,ROLL_LEFT
575,46.299812,0,0.179,0.551,-0.218,-5.764,19.205,110.712,0.448,-0.112,0.112,-31.875,5.125,22.375,-3.178,-10.381,-29.681,0.109,-0.815,-0.553,0.135,1,-37.472,-2.598,-25.060,0.000,2,41.519009,-86.239632,0.000000,0.582,255.500000,10,41,8,32,12,3,U_TURN_HDG,AP_HDG_SEL_IMU,116.453,5.741,20.000,4,13,8,13,ROLL_LEFT
576,46.383888,0,0.051,0.051,-0.103,-5.769,19.210,110.707,0.000,0.112,-0.112,-31.875,5.125,22.375,-3.153,-10.355,-29.707,0.109,-0.815,-0.553,0.136,1,-37.400,-2.597,-25.036,0.000,2,41.519009,-86.239632,0.000000,0.441,255.399994,10,41,8,40,12,3,U_TURN_HDG,AP_HDG_SEL_IMU,116.453,5.746,20.000,4,13,8,13,ROLL_LEFT
577,46.460178,0,0.051,0.051,-0.103,-5.761,19.222,110.708,0.783,-0.112,0.000,-31.875,5.125,22.375,-3.178,-10.355,-29.681,0.109,-0.815,-0.553,0.136,1,-36.775,-2.544,-24.826,0.000,2,41.519009,-86.239632,0.000000,0.351,255.399994,10,41,8,48,12,3,U_TURN_HDG,AP_HDG_SEL_IMU,116.453,5.745,20.000,4,13,8,13,ROLL_LEFT
578,46.534275,0,-0.077,-0.205,0.154,-5.767,19.226,110.707,-1.343,0.112,-0.112,-31.875,5.125,22.375,-3.178,-10.355,-29.681,0.109,-0.815,-0.553,0.136,1,-36.478,-2.546,-24.725,0.000,2,41.519009,-86.239632,0.000000,0.194,255.399994,10,41,8,52,12,3,U_TURN_HDG,AP_HDG_SEL_IMU,116.453,5.746,20.000,4,13,8,13,ROLL_LEFT
579,46.614506,0,0.051,-0.077,0.026,-5.767,19.226,110.707,0.336,0.000,0.000,-31.875,5.125,22.375,-3.178,-10.355,-29.681,0.109,-0.815,-0.553,0.136,1,-36.890,-2.624,-24.865,0.000,2,41.519009,-86.239632,0.000000,0.368,255.399994,10,41,8,60,12,3,U_TURN_HDG,AP_HDG_SEL_IMU,116.453,5.746,20.000,4,13,8,13,ROLL_LEFT
580,46.685501,0,-0.103,-0.103,0.077,-5.758,19.161,110.700,0.895,-0.112,0.000,-31.875,5.125,22.375,-3.153,-10.304,-29.733,0.109,-0.815,-0.553,0.135,1,-37.027,-2.601,-24.911,0.000,2,41.519009,-86.239632,0.000000,0.292,255.399994,10,41,8,68,12,3,U_TURN_HDG,AP_HDG_SEL_IMU,116.453,5.753,20.000,4,13,8,13,ROLL_LEFT
581,46.765499,0,0.051,0.154,-0.077,-5.759,19.187,110.704,0.224,-0.112,-0.112,-31.875,5.125,22.375,-3.178,-10.330,-29.707,0.109,-0.815,-0.553,0.135,1,-36.871,-2.589,-24.858,0.000,2,41.519009,-86.239632,0.000000,0.223,255.399994,10,41,8,76,12,3,U_TURN_HDG,AP_HDG_SEL_IMU,116.453,5.749,20.000,4,13,8,13,ROLL_LEFT
582,46.823990,0,-0.077,0.026,0.051,-5.762,19.181,110.698,0.671,0.000,0.000,-31.875,5.125,22.375,-3.178,-10.330,-29.707,0.109,-0.815,-0.553,0.135,1,-37.406,-2.614,-25.038,0.000,2,41.519009,-86.239632,0.000000,0.177,255.399994,10,41,8,80,12,3,U_TURN_HDG,AP_HDG_SEL_IMU,116.453,5.755,20.000,4,13,8,13,ROLL_LEFT
583,46.884502,0,-0.051,-0.231,0.051,-5.762,19.181,110.698,0.671,0.112,0.000,-31.875,5.125,22.375,-3.178,-10.330,-29.707,0.109,-0.815,-0.553,0.135,1,-37.327,-2.606,-25.011,0.000,2,41.519009,-86.239632,0.000000,0.331,255.399994,10,41,8,88,12,3,U_TURN_HDG,AP_HDG_SEL_IMU,116.453,5.755,20.000,4,13,8,13,ROLL_LEFT
584,46.929508,0,-0.077,-0.103,0.051,-5.765,19.191,110.703,0.000,0.000,-0.112,-31.875,5.125,22.375,-3.178,-10.330,-29.707,0.109,-0.815,-0.553,0.135,1,-36.456,-2.509,-24.718,0.000,2,41.519009,-86.239632,0.000000,0.282,255.300003,10,41,8,92,12,3,U_TURN_HDG,AP_HDG_SEL_IMU,116.453,5.750,20.000,4,13,8,13,ROLL_LEFT
585,47.004509,0,-0.077,-0.103,0.051,-5.770,19.195,110.702,0.000,0.000,0.000,-31.875,5.125,22.375,-3.178,-10.330,-29.707,0.109,-0.815,-0.553,0.135,1,-37.287,-2.530,-24.998,0.000,2,41.519009,-86.239632,0.000000,0.155,255.300003,10,41,9,0,12,3,U_TURN_HDG,AP_HDG_SEL_IMU,116.453,5.751,20.000,4,13,8,13,ROLL_LEFT
586,47.087505,0,0.077,0.179,0.051,-5.773,19.215,110.696,0.112,0.000,-0.112,-31.875,5.125,22.375,-3.204,-10.355,-29.707,0.109,-0.815,-0.553,0.136,1,-36.870,-2.584,-24.858,0.000,2,41.519009,-86.239632,0.000000,0.103,255.300003,10,41,9,8,12,3,U_TURN_HDG,AP_HDG_SEL_IMU,116.453,5.757,20.000,4,13,8,13,ROLL_LEFT
587,47.180763,0,-0.051,0.026,-0.077,-5.777,19.210,110.696,0.448,0.112,0.112,-31.875,5.125,22.375,-3.178,-10.330,-29.707,0.109,-0.815,-0.553,0.136,1,-37.316,-2.585,-25.008,0.000,2,41.519012,-86.239632,0.000000,0.149,255.300003,10,41,9,20,12,3,U_TURN_HDG,AP_HDG_SEL_IMU,116.453,5.757,20.000,4,13,8,13,ROLL_LEFT
588,47.239723,0,-0.077,0.128,0.051,-5.776,19.199,110.701,0.560,0.000,0.000,-31.875,5.125,22.375,-3.178,-10.304,-29.707,0.109,-0.815,-0.553,0.136,1,-37.018,-2.586,-24.908,0.000,2,41.519012,-86.239632,0.000000,0.201,255.199997,10,41,9,24,12,3,U_TURN_HDG,AP_HDG_SEL_IMU,116.453,5.752,20.000,4,13,8,13,ROLL_LEFT
589,47.301632,0,-0.077,-0.256,0.051,-5.780,19.193,110.700,0.000,0.000,0.000,-31.875,5.125,22.375,-3.178,-10.304,-29.707,0.109,-0.815,-0.553,0.136,1,-37.166,-2.582,-24.957,0.000,2,41.519012,-86.239632,0.000000,0.304,255.199997,10,41,9,32,12,3,U_TURN_HDG,AP_HDG_SEL_IMU,116.453,5.753,20.000,4,13,8,13,ROLL_LEFT
590,47.358517,0,-0.077,-0.128,0.051,-5.780,19.193,110.700,0.000,0.000,0.000,-31.875,5.125,22.375,-3.178,-10.304,-29.707,0.109,-0.815,-0.553,0.136,1,-37.526,-2.561,-25.078,0.000,2,41.519012,-86.239632,0.000000,0.295,255.199997,10,41,9,36,12,3,U_TURN_HDG,AP_HDG_SEL_IMU,116.453,5.753,20.000,4,13,8,13,ROLL_LEFT
591,47.409508,0,0.051,0.026,-0.077,-5.775,19.173,110.696,-0.448,0.112,0.000,-31.875,5.125,22.375,-3.178,-10.304,-29.707,0.109,-0.815,-0.553,0.135,1,-36.864,-2.575,-24.856,0.000,2,41.519012,-86.239632,0.000000,0.194,255.199997,10,41,9,40,12,3,U_TURN_HDG,AP_HDG_SEL_IMU,116.453,5.757,20.000,4,13,8,13,ROLL_LEFT
592,47.542503,0,0.077,0.282,-0.077,-5.774,19.164,110.697,0.560,0.000,0.000,-31.875,5.125,22.375,-3.178,-10.330,-29.707,0.109,-0.815,-0.553,0.135,1,-36.346,-2.576,-24.681,0.000,2,41.519012,-86.239632,0.000000,0.150,255.199997,10,41,9,56,12,3,U_TURN_HDG,AP_HDG_SEL_IMU,116.453,5.756,20.000,4,13,8,13,ROLL_LEFT
593,47.617489,0,0.051,0.026,0.051,-5.779,19.168,110.696,0.671,-0.112,0.000,-31.875,5.125,22.375,-3.178,-10.304,-29.707,0.109,-0.815,-0.553,0.135,1,-36.578,-2.596,-24.759,0.000,2,41.519012,-86.239632,0.000000,0.120,255.199997,10,41,9,64,12,3,U_TURN_HDG,AP_HDG_SEL_IMU,116.453,5.757,20.000,4,13,8,13,ROLL_LEFT
594,47.739521,0,-0.077,0.000,-0.051,-5.776,19.199,110.701,0.112,0.000,0.112,-31.875,5.125,22.375,-3.178,-10.304,-29.733,0.109,-0.815,-0.553,0.136,1,-36.572,-2.585,-24.757,0.000,2,41.519012,-86.239632,0.000000,0.128,255.199997,10,41,9,76,12,3,U_TURN_HDG,AP_HDG_SEL_IMU,116.453,5.752,20.000,4,13,8,13,ROLL_LEFT
595,47.813961,0,0.051,0.000,-0.051,-5.774,19.189,110.701,-0.112,-0.112,0.000,-31.875,5.125,22.375,-3.178,-10.330,-29.733,0.109,-0.815,-0.553,0.135,1,-36.963,-2.622,-24.889,0.000,2,41.519012,-86.239632,0.000000,0.003,255.100006,10,41,9,84,12,3,U_TURN_HDG,AP_HDG_SEL_IMU,116.453,5.752,20.000,4,13,8,13,ROLL_LEFT
596,47.897419,0,0.051,-0.077,-0.077,-5.773,19.179,110.702,0.000,-0.112,0.000,-31.875,5.125,22.375,-3.178,-10.355,-29.707,0.109,-0.815,-0.553,0.135,1,-37.603,-2.562,-25.104,0.000,2,41.519012,-86.239632,0.000000,0.100,255.100006,10,41,9,92,12,3,U_TURN_HDG,AP_HDG_SEL_IMU,116.453,5.751,20.000,4,13,8,13,ROLL_LEFT
597,47.982658,0,-0.077,-0.103,-0.051,-5.780,19.183,110.711,0.000,0.000,0.000,-31.875,5.125,22.375,-3.178,-10.330,-29.733,0.109,-0.815,-0.553,0.135,1,-37.340,-2.629,-25.016,0.000,2,41.519012,-86.239632,0.000000,0.155,255.100006,10,41,10,0,12,3,U_TURN_HDG,AP_HDG_SEL_IMU,116.453,5.742,20.000,4,13,8,13,ROLL_LEFT
598,48.038792,0,0.077,0.051,0.077,-5.776,19.188,110.711,-0.112,0.112,-0.112,-31.875,5.125,22.375,-3.204,-10.355,-29.733,0.109,-0.815,-0.553,0.135,1,-37.400,-2.603,-25.036,0.000,2,41.519012,-86.239632,0.000000,0.116,255.100006,10,41,10,4,12,3,U_TURN_HDG,AP_HDG_SEL_IMU,116.453,5.742,20.000,4,13,8,13,ROLL_LEFT
599,48.101204,0,-0.051,0.051,0.077,-5.781,19.193,110.706,-0.560,0.000,-0.112,-31.875,5.125,22.375,-3.204,-10.355,-29.733,0.109,-0.815,-0.553,0.136,1,-37.316,-2.590,-25.008,0.000,2,41.519012,-86.239632,0.000000,0.113,255.100006,10,41,10,8,12,3,U_TURN_HDG,AP_HDG_SEL_IMU,116.453,5.747,20.000,4,13,8,13,ROLL_LEFT
600,48.177734,0,0.077,0.179,-0.077,-5.781,19.167,110.705,0.448,0.000,0.000,-31.875,5.125,22.375,-3.204,-10.355,-29.707,0.109,-0.815,-0.553,0.135,1,-36.494,-2.580,-24.731,0.000,2,41.519012,-86.239632,0.000000,0.083,255.000000,10,41,10,20,12,3,U_TURN_HDG,AP_HDG_SEL_IMU,116.453,5.748,20.000,4,13,8,13,ROLL_LEFT
601,48.302689,0,0.051,0.051,-0.077,-5.777,19.173,110.706,0.560,0.000,0.112,-31.875,5.125,22.375,-3.178,-10.355,-29.707,0.109,-0.815,-0.553,0.135,1,-36.862,-2.569,-24.855,0.000,2,41.519012,-86.239639,0.000000,0.130,255.000000,10,41,10,32,12,3,U_TURN_HDG,AP_HDG_SEL_IMU,116.453,5.747,20.000,4,13,8,13,ROLL_LEFT
602,48.377293,0,0.077,-0.051,0.051,-5.774,19.189,110.701,-0.112,0.000,-0.112,-31.875,5.125,22.375,-3.204,-10.381,-29.707,0.109,-0.815,-0.553,0.135,1,-37.087,-2.574,-24.931,0.000,2,41.519012,-86.239639,0.000000,0.025,255.100006,10,41,10,40,12,3,U_TURN_HDG,AP_HDG_SEL_IMU,116.453,5.752,20.000,4,13,8,13,ROLL_LEFT
603,48.499161,0,-0.051,-0.051,-0.077,-5.784,19.213,110.704,-0.895,0.000,0.000,-31.875,5.125,22.375,-3.204,-10.381,-29.707,0.109,-0.815,-0.553,0.136,1,-37.324,-2.597,-25.011,0.000,2,41.519012,-86.239639,0.000000,0.160,255.000000,10,41,10,52,12,3,U_TURN_HDG,AP_HDG_SEL_IMU,116.453,5.749,20.000,4,13,8,13,ROLL_LEFT
604,48.622036,0,0.077,0.051,0.077,-5.780,19.218,110.705,0.224,0.112,-0.112,-31.875,5.125,22.375,-3.204,-10.355,-29.733,0.109,-0.815,-0.553,0.136,1,-37.293,-2.544,-25.000,0.000,2,41.519012,-86.239639,0.000000,0.267,255.100006,10,41,10,64,12,3,U_TURN_HDG,AP_HDG_SEL_IMU,116.453,5.748,20.000,4,13,8,13,ROLL_LEFT
605,48.700630,0,0.051,0.205,-0.077,-5.786,19.224,110.700,0.783,0.000,0.000,-31.875,5.125,22.375,-3.178,-10.381,-29.707,0.109,-0.815,-0.553,0.136,1,-37.092,-2.587,-24.933,0.000,2,41.519012,-86.239639,0.000000,0.489,255.100006,10,41,10,72,12,3,U_TURN_HDG,AP_HDG_SEL_IMU,116.453,5.753,20.000,4,13,8,13,ROLL_LEFT
606,48.822632,0,-0.077,0.051,-0.077,-5.783,19.214,110.695,0.560,0.000,0.000,-31.875,5.125,22.375,-3.178,-10.355,-29.707,0.109,-0.815,-0.553,0.136,1,-37.158,-2.569,-24.955,0.000,2,41.519012,-86.239639,0.000000,0.655,255.100006,10,41,10,84,12,3,U_TURN_HDG,AP_HDG_SEL_IMU,116.453,5.758,20.000,4,13,8,13,ROLL_LEFT
607,48.947380,0,0.051,0.077,0.051,-5.782,19.229,110.700,-0.783,0.000,-0.112,-31.875,5.125,22.375,-3.178,-10.381,-29.707,0.109,-0.815,-0.553,0.136,1,-36.566,-2.573,-24.755,0.000,2,41.519012,-86.239639,0.000000,0.631,255.100006,10,41,10,96,12,3,U_TURN_HDG,AP_HDG_SEL_IMU,116.453,5.753,20.000,4,13,8,13,ROLL_LEFT
608,49.099407,0,0.051,0.051,-0.077,-5.783,19.239,110.699,0.560,0.000,-0.112,-31.875,5.125,22.375,-3.178,-10.355,-29.707,0.109,-0.815,-0.553,0.136,1,-36.931,-2.561,-24.879,0.000,2,41.519012,-86.239639,0.000000,0.027,255.100006,10,41,11,12,12,3,U_TURN_HDG,AP_HDG_SEL_IMU,116.453,5.754,20.000,4,13,8,13,ROLL_LEFT
609,49.216370,0,0.077,0.051,-0.051,-5.778,19.235,110.700,-0.224,0.112,-0.112,-31.875,5.125,22.375,-3.204,-10.355,-29.733,0.109,-0.815,-0.553,0.136,1,-36.804,-2.601,-24.836,0.000,2,41.519012,-86.239639,0.000000,0.116,255.100006,10,41,11,24,12,3,U_TURN_HDG,AP_HDG_SEL_IMU,116.453,5.753,20.000,4,13,8,13,ROLL_LEFT
610,49.265568,0,-0.051,-0.077,0.077,-5.783,19.239,110.699,-0.112,0.000,0.112,-31.875,5.125,22.375,-3.204,-10.355,-29.733,0.109,-0.815,-0.553,0.136,1,-37.168,-2.587,-24.958,0.000,2,41.519012,-86.239639,0.000000,0.353,255.100006,10,41,11,28,12,3,U_TURN_HDG,AP_HDG_SEL_IMU,116.453,5.754,20.000,4,13,8,13,ROLL_LEFT
611,49.342041,0,0.077,0.179,-0.051,-5.782,19.228,110.704,0.224,0.112,0.112,-31.875,5.125,22.375,-3.204,-10.355,-29.733,0.109,-0.815,-0.553,0.136,1,-36.991,-2.534,-24.899,0.000,2,41.519012,-86.239639,0.000000,0.508,255.100006,10,41,11,36,12,3,U_TURN_HDG,AP_HDG_SEL_IMU,116.453,5.749,20.000,4,13,8,13,ROLL_LEFT
612,49.416512,0,-0.051,0.051,-0.051,-5.782,19.229,110.700,0.448,-0.112,0.000,-31.875,5.125,22.375,-3.204,-10.355,-29.733,0.109,-0.815,-0.553,0.136,1,-36.698,-2.539,-24.800,0.000,2,41.519012,-86.239639,0.000000,0.619,255.000000,10,41,11,40,12,3,U_TURN_HDG,AP_HDG_SEL_IMU,116.453,5.753,20.000,4,13,8,13,ROLL_LEFT
613,49.472706,0,-0.051,0.051,-0.167,-5.783,19.239,110.699,0.224,-0.112,-0.112,-31.875,5.125,22.375,-3.204,-10.355,-29.733,0.109,-0.815,-0.553,0.136,1,-36.703,-2.552,-24.802,0.000,2,41.519012,-86.239639,148.990005,0.815,255.000000,10,41,11,48,12,3,U_TURN_HDG,AP_HDG_SEL_IMU,116.453,5.754,20.000,4,13,8,13,ROLL_LEFT
614,49.579792,0,0.077,0.051,-0.051,-5.783,19.239,110.699,0.000,0.000,0.000,-31.875,5.125,22.375,-3.204,-10.355,-29.733,0.109,-0.815,-0.553,0.136,1,-36.718,-2.583,-24.807,0.000,2,41.519012,-86.239639,0.000000,0.550,255.000000,10,41,11,60,12,3,U_TURN_HDG,AP_HDG_SEL_IMU,116.453,5.754,20.000,4,13,8,13,ROLL_LEFT
615,49.626511,0,0.077,0.051,-0.051,-5.786,19.233,110.693,-0.224,0.112,-0.112,-31.875,5.125,22.375,-3.204,-10.355,-29.733,0.109,-0.815,-0.553,0.136,1,-37.145,-2.543,-24.950,0.000,2,41.519012,-86.239639,0.000000,0.360,255.000000,10,41,11,64,12,3,U_TURN_HDG,AP_HDG_SEL_IMU,116.453,5.760,20.000,4,13,8,13,ROLL_LEFT
616,49.695507,0,0.051,0.051,-0.051,-5.790,19.227,110.693,-0.112,0.000,0.000,-31.875,5.125,22.375,-3.178,-10.355,-29.733,0.109,-0.815,-0.553,0.136,1,-36.997,-2.543,-24.901,0.000,2,41.519012,-86.239639,0.000000,0.236,255.000000,10,41,11,68,12,3,U_TURN_HDG,AP_HDG_SEL_IMU,116.453,5.760,20.000,4,13,8,13,ROLL_LEFT
617,49.770512,0,-0.077,0.051,0.051,-5.790,19.227,110.693,0.112,0.000,0.000,-31.875,5.125,22.375,-3.178,-10.355,-29.707,0.109,-0.815,-0.553,0.136,1,-37.306,-2.566,-25.005,0.000,2,41.519012,-86.239639,0.000000,0.240,255.000000,10,41,11,76,12,3,U_TURN_HDG,AP_HDG_SEL_IMU,116.453,5.760,20.000,4,13,8,13,ROLL_LEFT
618,49.837723,0,0.077,0.051,-0.051,-5.786,19.233,110.693,-0.224,0.000,-0.112,-31.875,5.125,22.375,-3.178,-10.330,-29.707,0.109,-0.815,-0.553,0.136,1,-37.295,-2.548,-25.001,0.000,2,41.519012,-86.239639,0.000000,0.008,255.000000,10,41,11,84,12,3,U_TURN_HDG,AP_HDG_SEL_IMU,116.453,5.760,20.000,4,13,8,13,ROLL_LEFT
619,49.897442,0,0.051,0.026,-0.077,-5.790,19.227,110.693,0.000,-0.112,0.000,-31.875,5.125,22.375,-3.178,-10.330,-29.707,0.109,-0.815,-0.553,0.136,1,-37.005,-2.557,-24.904,0.000,2,41.519012,-86.239639,0.000000,0.187,255.000000,10,41,11,92,12,3,U_TURN_HDG,AP_HDG_SEL_IMU,116.453,5.760,20.000,4,13,8,13,ROLL_LEFT
620,49.945633,0,0.051,0.026,-0.077,-5.790,19.227,110.693,0.112,0.000,0.000,-31.875,5.125,22.375,-3.178,-10.355,-29.707,0.109,-0.815,-0.553,0.136,1,-37.249,-2.598,-24.985,0.000,2,41.519012,-86.239639,0.000000,0.331,255.000000,10,41,11,96,12,3,U_TURN_HDG,AP_HDG_SEL_IMU,116.453,5.760,20.000,4,13,8,13,ROLL_LEFT
621,50.063221,0,-0.077,0.051,0.051,-5.782,19.213,110.689,-0.560,0.112,-0.112,-31.875,5.125,22.375,-3.178,-10.355,-29.707,0.109,-0.815,-0.553,0.136,1,-36.764,-2.526,-24.822,0.000,2,41.519016,-86.239639,0.000000,0.297,254.899994,10,41,12,8,12,3,U_TURN_HDG,AP_HDG_SEL_IMU,116.453,5.764,20.000,4,13,8,13,ROLL_LEFT
622,50.125511,0,-0.077,0.154,-0.077,-5.779,19.228,110.689,0.560,-0.112,0.112,-31.875,5.125,22.375,-3.178,-10.330,-29.707,0.109,-0.815,-0.553,0.136,1,-36.782,-2.560,-24.828,0.000,2,41.519016,-86.239639,0.000000,0.241,254.899994,10,41,12,12,12,3,U_TURN_HDG,AP_HDG_SEL_IMU,116.453,5.764,20.000,4,13,8,13,ROLL_LEFT
623,50.224606,0,0.051,0.026,-0.077,-5.782,19.213,110.689,0.560,-0.112,0.112,-31.875,5.125,22.375,-3.178,-10.330,-29.707,0.109,-0.815,-0.553,0.136,1,-37.081,-2.563,-24.929,0.000,2,41.519016,-86.239639,0.000000,0.434,254.899994,10,41,12,24,12,3,U_TURN_HDG,AP_HDG_SEL_IMU,116.453,5.764,20.000,4,13,8,13,ROLL_LEFT
624,50.297047,0,0.051,-0.077,0.051,-5.776,19.209,110.690,0.448,-0.112,0.000,-31.875,5.125,22.375,-3.178,-10.355,-29.707,0.109,-0.815,-0.553,0.136,1,-36.603,-2.498,-24.768,0.000,2,41.519016,-86.239639,0.000000,0.456,254.899994,10,41,12,32,12,3,U_TURN_HDG,AP_HDG_SEL_IMU,116.453,5.763,20.000,4,13,8,13,ROLL_LEFT
625,50.382587,0,-0.077,-0.103,0.051,-5.774,19.210,110.681,-0.224,0.000,0.000,-31.875,5.125,22.375,-3.178,-10.330,-29.707,0.109,-0.815,-0.553,0.136,1,-36.545,-2.530,-24.748,0.000,2,41.519016,-86.239639,0.000000,0.400,254.800003,10,41,12,40,12,3,U_TURN_HDG,AP_HDG_SEL_IMU,116.453,5.772,20.000,4,13,8,13,ROLL_LEFT
626,50.435516,0,-0.077,0.026,-0.077,-5.778,19.204,110.680,-0.112,0.000,0.000,-31.875,5.125,22.375,-3.204,-10.330,-29.707,0.109,-0.815,-0.553,0.136,1,-37.139,-2.534,-24.949,0.000,2,41.519016,-86.239639,0.000000,0.422,254.800003,10,41,12,44,12,3,U_TURN_HDG,AP_HDG_SEL_IMU,116.453,5.773,20.000,4,13,8,13,ROLL_LEFT
627,50.501080,0,0.077,-0.103,0.051,-5.774,19.210,110.681,0.560,0.000,0.000,-31.875,5.125,22.375,-3.204,-10.330,-29.707,0.109,-0.815,-0.553,0.136,1,-36.612,-2.520,-24.771,0.000,2,41.519016,-86.239639,0.000000,0.332,254.899994,10,41,12,52,12,3,U_TURN_HDG,AP_HDG_SEL_IMU,116.453,5.772,20.000,4,13,8,13,ROLL_LEFT
628,50.579132,0,0.051,0.026,-0.051,-5.777,19.195,110.681,0.560,0.000,0.112,-31.875,5.125,22.375,-3.178,-10.330,-29.707,0.109,-0.815,-0.553,0.136,1,-36.920,-2.537,-24.875,0.000,2,41.519016,-86.239639,0.000000,0.218,254.899994,10,41,12,60,12,3,U_TURN_HDG,AP_HDG_SEL_IMU,116.453,5.772,20.000,4,13,8,13,ROLL_LEFT
629,50.740231,0,0.051,0.154,-0.051,-5.776,19.194,110.675,-0.783,0.112,0.000,-31.875,5.125,22.375,-3.178,-10.330,-29.733,0.109,-0.815,-0.553,0.136,1,-37.203,-2.511,-24.970,0.000,2,41.519016,-86.239639,0.000000,0.586,254.899994,10,41,12,76,12,3,U_TURN_HDG,AP_HDG_SEL_IMU,116.453,5.778,20.000,4,13,8,13,ROLL_LEFT
630,50.826626,0,0.077,-0.077,0.051,-5.772,19.175,110.677,-0.224,0.000,-0.112,-31.875,5.125,22.375,-3.204,-10.355,-29.707,0.109,-0.815,-0.553,0.135,1,-36.767,-2.527,-24.823,0.000,2,41.519016,-86.239639,94.610001,0.722,254.899994,10,41,12,80,12,3,U_TURN_HDG,AP_HDG_SEL_IMU,116.453,5.776,20.000,4,13,8,13,ROLL_LEFT
631,50.876511,0,-0.051,0.051,-0.077,-5.778,19.179,110.676,-0.112,-0.112,-0.112,-31.875,5.125,22.375,-3.204,-10.355,-29.707,0.109,-0.815,-0.553,0.135,1,-37.068,-2.541,-24.925,0.000,2,41.519016,-86.239639,0.000000,0.677,254.899994,10,41,12,88,12,3,U_TURN_HDG,AP_HDG_SEL_IMU,116.453,5.777,20.000,4,13,8,13,ROLL_LEFT
632,50.923508,0,-0.051,-0.205,0.154,-5.785,19.193,110.674,0.112,0.000,0.000,-31.875,5.125,22.375,-3.204,-10.355,-29.681,0.109,-0.815,-0.553,0.136,1,-36.542,-2.524,-24.747,0.000,2,41.519016,-86.239639,45.290001,0.741,254.899994,10,41,12,92,12,3,U_TURN_HDG,AP_HDG_SEL_IMU,116.453,5.779,20.000,4,13,8,13,ROLL_LEFT
633,51.001236,0,-0.051,0.051,0.026,-5.787,19.202,110.673,-0.448,0.000,0.000,-31.875,5.125,22.375,-3.204,-10.355,-29.681,0.109,-0.815,-0.553,0.136,1,-37.507,-2.524,-25.072,0.000,2,41.519016,-86.239639,8.160000,1.008,254.899994,10,41,13,0,12,3,U_TURN_HDG,AP_HDG_SEL_IMU,116.453,5.780,20.000,4,13,8,13,ROLL_LEFT
634,51.100113,0,-0.051,0.051,0.026,-5.791,19.197,110.673,-0.112,0.112,0.112,-31.875,5.125,22.375,-3.204,-10.355,-29.681,0.109,-0.815,-0.553,0.136,1,-36.690,-2.527,-24.797,0.000,2,41.519016,-86.239639,0.830000,0.765,254.899994,10,41,13,12,12,3,U_TURN_HDG,AP_HDG_SEL_IMU,116.453,5.780,20.000,4,13,8,13,ROLL_LEFT
635,51.179863,0,0.051,0.308,-0.051,-5.795,19.191,110.672,0.000,0.000,0.000,-31.875,5.125,22.375,-3.178,-10.355,-29.733,0.109,-0.815,-0.553,0.136,1,-37.044,-2.495,-24.917,0.000,2,41.519016,-86.239639,0.000000,0.606,254.800003,10,41,13,20,12,3,U_TURN_HDG,AP_HDG_SEL_IMU,116.453,5.781,20.000,4,13,8,13,ROLL_LEFT
636,51.242069,0,0.051,-0.205,0.077,-5.791,19.197,110.673,0.000,0.000,0.000,-31.875,5.125,22.375,-3.178,-10.330,-29.707,0.109,-0.815,-0.553,0.136,1,-36.870,-2.585,-24.858,0.000,2,41.519016,-86.239639,0.000000,0.434,254.899994,10,41,13,24,12,3,U_TURN_HDG,AP_HDG_SEL_IMU,116.453,5.780,20.000,4,13,8,13,ROLL_LEFT
637,51.297489,0,-0.077,-0.103,0.051,-5.791,19.197,110.673,0.000,0.000,0.000,-31.875,5.125,22.375,-3.178,-10.355,-29.733,0.109,-0.815,-0.553,0.136,1,-37.345,-2.501,-25.017,0.000,2,41.519016,-86.239639,0.000000,0.339,254.800003,10,41,13,32,12,3,U_TURN_HDG,AP_HDG_SEL_IMU,116.453,5.780,20.000,4,13,8,13,ROLL_LEFT
638,51.375900,0,-0.077,0.051,0.077,-5.785,19.193,110.674,0.000,0.000,0.000,-31.875,5.125,22.375,-3.178,-10.355,-29.733,0.109,-0.815,-0.553,0.136,1,-37.227,-2.561,-24.978,0.000,2,41.519016,-86.239639,0.000000,0.483,254.800003,10,41,13,40,12,3,U_TURN_HDG,AP_HDG_SEL_IMU,116.453,5.779,20.000,4,13,8,13,ROLL_LEFT
639,51.435883,0,0.077,0.051,0.051,-5.785,19.193,110.674,0.000,0.000,0.000,-31.875,5.125,22.375,-3.204,-10.355,-29.707,0.109,-0.815,-0.553,0.136,1,-37.126,-2.509,-24.944,0.000,2,41.519016,-86.239639,0.000000,0.425,254.800003,10,41,13,44,12,3,U_TURN_HDG,AP_HDG_SEL_IMU,116.453,5.779,20.000,4,13,8,13,ROLL_LEFT
640,51.495956,0,-0.051,-0.077,0.051,-5.791,19.197,110.673,0.000,0.000,0.000,-31.875,5.125,22.375,-3.204,-10.355,-29.707,0.109,-0.815,-0.553,0.136,1,-36.923,-2.545,-24.876,0.000,2,41.519016,-86.239639,0.000000,0.353,254.800003,10,41,13,52,12,3,U_TURN_HDG,AP_HDG_SEL_IMU,116.453,5.780,20.000,4,13,8,13,ROLL_LEFT
641,51.622608,0,-0.051,0.051,0.026,-5.790,19.198,110.669,0.000,0.000,0.000,-31.875,5.125,22.375,-3.204,-10.355,-29.681,0.109,-0.815,-0.553,0.136,1,-36.994,-2.541,-24.900,0.000,2,41.519016,-86.239639,0.000000,0.262,254.800003,10,41,13,64,12,3,U_TURN_HDG,AP_HDG_SEL_IMU,116.453,5.784,20.000,4,13,8,13,ROLL_LEFT
642,51.695141,0,-0.051,0.051,0.026,-5.796,19.202,110.667,0.000,0.000,0.000,-31.875,5.125,22.375,-3.204,-10.355,-29.681,0.109,-0.815,-0.553,0.136,1,-37.200,-2.510,-24.969,0.000,2,41.519016,-86.239639,0.000000,0.169,254.800003,10,41,13,72,12,3,U_TURN_HDG,AP_HDG_SEL_IMU,116.453,5.786,20.000,4,13,8,13,ROLL_LEFT
643,51.752159,0,-0.051,-0.077,0.026,-5.796,19.202,110.667,0.000,0.000,0.000,-31.875,5.125,22.375,-3.204,-10.355,-29.681,0.109,-0.815,-0.553,0.136,1,-37.018,-2.583,-24.908,0.000,2,41.519016,-86.239639,0.000000,0.091,254.800003,10,41,13,76,12,3,U_TURN_HDG,AP_HDG_SEL_IMU,116.453,5.786,20.000,4,13,8,13,ROLL_LEFT
644,51.815083,0,0.077,-0.077,0.026,-5.798,19.211,110.667,0.000,0.000,0.000,-31.875,5.125,22.375,-3.204,-10.355,-29.681,0.109,-0.815,-0.553,0.136,1,-37.816,-2.547,-25.175,0.000,2,41.519016,-86.239639,0.000000,0.069,254.800003,10,41,13,80,12,3,U_TURN_HDG,AP_HDG_SEL_IMU,116.453,5.786,20.000,4,13,8,13,ROLL_LEFT
645,51.866508,0,-0.051,-0.077,0.026,-5.798,19.211,110.667,0.000,0.000,0.000,-31.875,5.125,22.375,-3.204,-10.355,-29.681,0.109,-0.815,-0.553,0.136,1,-37.252,-2.463,-24.986,0.000,2,41.519016,-86.239639,0.000000,0.068,254.800003,10,41,13,88,12,3,U_TURN_HDG,AP_HDG_SEL_IMU,116.453,5.786,20.000,4,13,8,13,ROLL_LEFT
646,51.973740,0,-0.077,0.051,0.077,-5.798,19.211,110.667,0.000,0.000,0.000,-31.875,5.125,22.375,-3.178,-10.355,-29.733,0.109,-0.815,-0.553,0.136,1,-37.340,-2.493,-25.016,0.000,2,41.519016,-86.239639,0.000000,0.079,254.800003,10,41,13,96,12,3,U_TURN_HDG,AP_HDG_SEL_IMU,116.453,5.786,20.000,4,13,8,13,ROLL_LEFT
647,52.059872,0,-0.077,-0.077,0.077,-5.792,19.207,110.668,0.000,0.000,0.000,-31.875,5.125,22.375,-3.178,-10.355,-29.733,0.109,-0.815,-0.553,0.136,1,-37.184,-2.480,-24.963,0.000,2,41.519016,-86.239639,0.000000,0.371,254.800003,10,41,14,8,12,3,U_TURN_HDG,AP_HDG_SEL_IMU,116.453,5.785,20.000,4,13,8,13,ROLL_LEFT
648,52.137138,0,0.051,0.051,-0.051,-5.792,19.207,110.668,0.000,0.000,0.000,-31.875,5.125,22.375,-3.178,-10.355,-29.733,0.109,-0.815,-0.553,0.136,1,-36.893,-2.489,-24.866,0.000,2,41.519016,-86.239639,0.000000,0.216,254.800003,10,41,14,16,12,3,U_TURN_HDG,AP_HDG_SEL_IMU,116.453,5.785,20.000,4,13,8,13,ROLL_LEFT
649,52.191513,0,-0.051,0.051,-0.077,-5.792,19.207,110.668,0.000,0.000,0.000,-31.875,5.125,22.375,-3.204,-10.355,-29.707,0.109,-0.815,-0.553,0.136,1,-37.409,-2.479,-25.039,0.000,2,41.519016,-86.239639,0.000000,0.275,254.800003,10,41,14,20,12,3,U_TURN_HDG,AP_HDG_SEL_IMU,116.453,5.785,20.000,4,13,8,13,ROLL_LEFT
650,52.265507,0,-0.051,0.051,0.051,-5.792,19.207,110.668,0.000,0.000,0.000,-31.875,5.125,22.375,-3.204,-10.355,-29.707,0.109,-0.815,-0.553,0.136,1,-37.361,-2.530,-25.023,0.000,2,41.519016,-86.239639,0.000000,0.626,254.800003,10,41,14,28,12,3,U_TURN_HDG,AP_HDG_SEL_IMU,116.453,5.785,20.000,4,13,8,13,ROLL_LEFT
651,52.340511,0,0.077,0.051,0.051,-5.792,19.207,110.668,0.000,0.000,0.000,-31.875,5.125,22.375,-3.204,-10.355,-29.707,0.109,-0.815,-0.553,0.136,1,-36.642,-2.439,-24.781,0.000,2,41.519016,-86.239639,0.000000,0.609,254.800003,10,41,14,32,12,3,U_TURN_HDG,AP_HDG_SEL_IMU,116.453,5.785,20.000,4,13,8,13,ROLL_LEFT
652,52.403687,0,0.077,-0.077,0.051,-5.798,19.211,110.667,0.000,0.000,0.000,-31.875,5.125,22.375,-3.204,-10.355,-29.707,0.109,-0.815,-0.553,0.136,1,-36.669,-2.486,-24.790,0.000,2,41.519016,-86.239639,0.000000,0.726,254.699997,10,41,14,40,12,3,U_TURN_HDG,AP_HDG_SEL_IMU,116.453,5.786,20.000,4,13,8,13,ROLL_LEFT
653,52.464066,0,-0.077,-0.077,-0.051,-5.798,19.211,110.667,0.000,0.000,0.000,-31.875,5.125,22.375,-3.178,-10.355,-29.733,0.109,-0.815,-0.553,0.136,1,-36.685,-2.518,-24.795,0.000,2,41.519016,-86.239639,0.000000,0.633,254.699997,10,41,14,44,12,3,U_TURN_HDG,AP_HDG_SEL_IMU,116.453,5.786,20.000,4,13,8,13,ROLL_LEFT
654,52.514282,0,0.051,0.051,-0.051,-5.798,19.211,110.667,0.000,0.000,0.000,-31.875,5.125,22.375,-3.178,-10.355,-29.733,0.109,-0.815,-0.553,0.136,1,-36.233,-2.501,-24.642,0.000,2,41.519016,-86.239639,0.000000,0.716,254.699997,10,41,14,52,12,3,U_TURN_HDG,AP_HDG_SEL_IMU,116.453,5.786,20.000,4,13,8,13,ROLL_LEFT
655,52.587406,0,0.051,0.051,0.051,-5.792,19.207,110.668,0.000,0.000,0.000,-31.875,5.125,22.375,-3.178,-10.355,-29.707,0.109,-0.815,-0.553,0.136,1,-36.750,-2.499,-24.818,0.000,2,41.519016,-86.239639,0.000000,0.603,254.699997,10,41,14,60,12,3,U_TURN_HDG,AP_HDG_SEL_IMU,116.453,5.785,20.000,4,13,8,13,ROLL_LEFT
656,52.657997,0,-0.077,0.051,-0.077,-5.792,19.207,110.668,0.000,0.000,0.000,-31.875,5.125,22.375,-3.178,-10.355,-29.707,0.109,-0.815,-0.553,0.136,1,-36.817,-2.485,-24.840,0.000,2,41.519016,-86.239639,0.000000,0.371,254.699997,10,41,14,68,12,3,U_TURN_HDG,AP_HDG_SEL_IMU,116.453,5.785,20.000,4,13,8,13,ROLL_LEFT
657,52.776978,0,-0.077,-0.077,0.077,-5.788,19.213,110.668,0.000,0.000,0.000,-31.875,5.125,22.375,-3.178,-10.355,-29.733,0.109,-0.815,-0.553,0.136,1,-36.901,-2.502,-24.868,0.000,2,41.519016,-86.239639,0.000000,0.257,254.699997,10,41,14,80,12,3,U_TURN_HDG,AP_HDG_SEL_IMU,116.453,5.785,20.000,4,13,8,13,ROLL_LEFT
658,52.893978,0,0.051,-0.077,-0.051,-5.788,19.213,110.668,0.000,0.000,0.000,-31.875,5.125,22.375,-3.178,-10.355,-29.733,0.109,-0.815,-0.553,0.136,1,-37.055,-2.515,-24.920,0.000,2,41.519016,-86.239639,0.000000,0.035,254.800003,10,41,14,92,12,3,U_TURN_HDG,AP_HDG_SEL_IMU,116.453,5.785,20.000,4,13,8,13,ROLL_LEFT
659,53.064762,0,-0.077,0.051,0.077,-5.783,19.209,110.669,0.000,0.000,0.000,-31.875,5.125,22.375,-3.178,-10.355,-29.733,0.109,-0.815,-0.553,0.136,1,-36.788,-2.433,-24.830,0.000,2,41.519016,-86.239639,0.000000,0.221,254.699997,10,41,15,8,12,3,U_TURN_HDG,AP_HDG_SEL_IMU,116.453,5.784,20.000,4,13,8,13,ROLL_LEFT
660,53.175613,0,-0.077,-0.077,-0.051,-5.783,19.209,110.669,0.000,0.000,0.000,-31.875,5.125,22.375,-3.178,-10.355,-29.733,0.109,-0.815,-0.553,0.136,1,-36.983,-2.519,-24.896,0.000,2,41.519016,-86.239639,0.000000,0.262,254.699997,10,41,15,20,12,3,U_TURN_HDG,AP_HDG_SEL_IMU,116.453,5.784,20.000,4,13,8,13,ROLL_LEFT
661,53.249813,0,0.051,0.051,-0.051,-5.777,19.205,110.671,0.000,0.000,0.000,-31.875,5.125,22.375,-3.178,-10.355,-29.733,0.109,-0.815,-0.553,0.136,1,-36.983,-2.522,-24.896,0.000,2,41.519016,-86.239639,0.000000,0.317,254.699997,10,41,15,24,12,3,U_TURN_HDG,AP_HDG_SEL_IMU,116.453,5.782,20.000,4,13,8,13,ROLL_LEFT
662,53.302200,0,-0.077,0.051,-0.077,-5.776,19.205,110.665,0.000,0.000,0.000,-31.875,5.125,22.375,-3.178,-10.355,-29.707,0.109,-0.815,-0.553,0.136,1,-36.823,-2.495,-24.842,0.000,2,41.519016,-86.239639,0.000000,0.294,254.800003,10,41,15,32,12,3,U_TURN_HDG,AP_HDG_SEL_IMU,116.453,5.788,20.000,4,13,8,13,ROLL_LEFT
663,53.368183,0,0.051,0.051,0.077,-5.776,19.205,110.665,0.000,0.000,0.000,-31.875,5.125,22.375,-3.178,-10.355,-29.733,0.109,-0.815,-0.553,0.136,1,-36.686,-2.523,-24.796,0.000,2,41.519016,-86.239639,0.000000,0.218,254.699997,10,41,15,36,12,3,U_TURN_HDG,AP_HDG_SEL_IMU,116.453,5.788,20.000,4,13,8,13,ROLL_LEFT
664,53.425243,0,0.077,-0.077,0.051,-5.776,19.205,110.665,0.000,0.000,0.000,-31.875,5.125,22.375,-3.204,-10.355,-29.707,0.109,-0.815,-0.553,0.136,1,-36.966,-2.482,-24.890,0.000,2,41.519020,-86.239639,0.000000,0.184,254.699997,10,41,15,44,12,3,U_TURN_HDG,AP_HDG_SEL_IMU,116.453,5.788,20.000,4,13,8,13,ROLL_LEFT
665,53.482273,0,0.077,-0.077,-0.077,-5.776,19.205,110.665,0.000,0.000,0.000,-31.875,5.125,22.375,-3.178,-10.355,-29.733,0.109,-0.815,-0.553,0.136,1,-37.335,-2.482,-25.014,0.000,2,41.519020,-86.239639,0.000000,0.062,254.699997,10,41,15,48,12,3,U_TURN_HDG,AP_HDG_SEL_IMU,116.453,5.788,20.000,4,13,8,13,ROLL_LEFT
666,53.534824,0,0.051,0.051,-0.051,-5.777,19.205,110.671,0.000,0.000,0.000,-31.875,5.125,22.375,-3.178,-10.355,-29.733,0.109,-0.815,-0.553,0.136,1,-37.618,-2.457,-25.109,0.000,2,41.519020,-86.239639,0.000000,0.197,254.699997,10,41,15,56,12,3,U_TURN_HDG,AP_HDG_SEL_IMU,116.453,5.782,20.000,4,13,8,13,ROLL_LEFT
667,53.656006,0,-0.077,-0.077,-0.051,-5.777,19.205,110.671,0.000,0.000,0.000,-31.875,5.125,22.375,-3.178,-10.355,-29.733,0.109,-0.815,-0.553,0.136,1,-37.023,-2.454,-24.909,0.000,2,41.519020,-86.239639,0.000000,0.014,254.699997,10,41,15,68,12,3,U_TURN_HDG,AP_HDG_SEL_IMU,116.453,5.782,20.000,4,13,8,13,ROLL_LEFT
668,53.733978,0,-0.077,0.051,0.077,-5.776,19.205,110.665,0.000,0.000,0.000,-31.875,5.125,22.375,-3.178,-10.355,-29.733,0.109,-0.815,-0.553,0.136,1,-36.958,-2.470,-24.887,0.000,2,41.519020,-86.239639,0.000000,0.170,254.699997,10,41,15,76,12,3,U_TURN_HDG,AP_HDG_SEL_IMU,116.453,5.788,20.000,4,13,8,13,ROLL_LEFT
669,53.797985,0,0.051,-0.077,0.077,-5.776,19.205,110.665,0.000,0.000,0.000,-31.875,5.125,22.375,-3.178,-10.355,-29.733,0.109,-0.815,-0.553,0.136,1,-36.460,-2.510,-24.719,0.000,2,41.519020,-86.239639,0.000000,0.073,254.699997,10,41,15,80,12,3,U_TURN_HDG,AP_HDG_SEL_IMU,116.453,5.788,20.000,4,13,8,13,ROLL_LEFT
670,53.854134,0,0.077,0.051,-0.077,-5.776,19.205,110.665,0.000,0.000,0.000,-31.875,5.125,22.375,-3.204,-10.355,-29.707,0.109,-0.815,-0.553,0.136,1,-36.824,-2.498,-24.843,0.000,2,41.519020,-86.239639,0.000000,0.292,254.699997,10,41,15,88,12,3,U_TURN_HDG,AP_HDG_SEL_IMU,116.453,5.788,20.000,4,13,8,13,ROLL_LEFT
671,53.918911,0,-0.051,0.026,0.026,-5.776,19.205,110.665,0.000,0.000,0.000,-31.875,5.125,22.375,-3.204,-10.330,-29.681,0.109,-0.815,-0.553,0.136,1,-37.480,-2.477,-25.063,0.000,2,41.519020,-86.239639,0.000000,0.300,254.699997,10,41,15,92,12,3,U_TURN_HDG,AP_HDG_SEL_IMU,116.453,5.788,20.000,4,13,8,13,ROLL_LEFT
672,53.968517,0,-0.051,0.026,0.026,-5.777,19.205,110.671,0.000,0.000,0.000,-31.875,5.125,22.375,-3.204,-10.330,-29.681,0.109,-0.815,-0.553,0.136,1,-36.966,-2.483,-24.890,0.000,2,41.519020,-86.239639,0.000000,0.219,254.699997,10,41,15,96,12,3,U_TURN_HDG,AP_HDG_SEL_IMU,116.453,5.782,20.000,4,13,8,13,ROLL_LEFT
673,54.042507,0,0.077,-0.103,-0.077,-5.787,19.203,110.669,0.000,0.000,0.000,-31.875,5.125,22.375,-3.204,-10.330,-29.681,0.109,-0.815,-0.553,0.136,1,-37.168,-2.447,-24.958,0.000,2,41.519020,-86.239639,0.000000,0.223,254.699997,10,41,16,4,12,3,U_TURN_HDG,AP_HDG_SEL_IMU,116.453,5.784,20.000,4,13,8,13,ROLL_LEFT
674,54.122513,0,-0.051,0.026,-0.077,-5.787,19.203,110.669,0.000,0.000,0.000,-31.875,5.125,22.375,-3.204,-10.330,-29.707,0.109,-0.815,-0.553,0.136,1,-37.205,-2.515,-24.971,0.000,2,41.519020,-86.239639,0.000000,0.154,254.699997,10,41,16,12,12,3,U_TURN_HDG,AP_HDG_SEL_IMU,116.453,5.784,20.000,4,13,8,13,ROLL_LEFT
675,54.187237,0,-0.051,0.026,0.051,-5.790,19.198,110.669,0.000,0.000,0.000,-31.875,5.125,22.375,-3.204,-10.330,-29.707,0.109,-0.815,-0.553,0.136,1,-37.261,-2.483,-24.989,0.000,2,41.519020,-86.239639,0.000000,0.343,254.699997,10,41,16,20,12,3,U_TURN_HDG,AP_HDG_SEL_IMU,116.453,5.784,20.000,4,13,8,13,ROLL_LEFT
676,54.237785,0,-0.051,0.026,0.051,-5.791,19.197,110.673,0.000,0.000,0.000,-31.875,5.125,22.375,-3.204,-10.330,-29.707,0.109,-0.815,-0.553,0.136,1,-36.497,-2.444,-24.732,0.000,2,41.519020,-86.239639,0.000000,0.522,254.699997,10,41,16,24,12,3,U_TURN_HDG,AP_HDG_SEL_IMU,116.453,5.780,20.000,4,13,8,13,ROLL_LEFT
677,54.301937,0,-0.051,-0.103,-0.077,-5.791,19.197,110.673,0.000,0.000,0.000,-31.875,5.125,22.375,-3.204,-10.330,-29.707,0.109,-0.815,-0.553,0.136,1,-36.796,-2.448,-24.833,0.000,2,41.519020,-86.239639,0.000000,0.277,254.699997,10,41,16,32,12,3,U_TURN_HDG,AP_HDG_SEL_IMU,116.453,5.780,20.000,4,13,8,13,ROLL_LEFT
678,54.381943,0,-0.051,0.026,-0.077,-5.795,19.191,110.672,0.000,0.000,0.000,-31.875,5.125,22.375,-3.204,-10.330,-29.707,0.109,-0.815,-0.553,0.136,1,-37.367,-2.401,-25.025,0.000,2,41.519020,-86.239639,0.000000,0.402,254.699997,10,41,16,40,12,3,U_TURN_HDG,AP_HDG_SEL_IMU,116.453,5.781,20.000,4,13,8,13,ROLL_LEFT
679,54.437511,0,0.077,-0.103,0.051,-5.795,19.191,110.672,0.000,0.000,0.000,-31.875,5.125,22.375,-3.204,-10.330,-29.707,0.109,-0.815,-0.553,0.136,1,-37.182,-2.474,-24.963,0.000,2,41.519020,-86.239639,0.000000,0.501,254.699997,10,41,16,44,12,3,U_TURN_HDG,AP_HDG_SEL_IMU,116.453,5.781,20.000,4,13,8,13,ROLL_LEFT
680,54.508980,0,0.077,0.051,-0.077,-5.795,19.191,110.672,0.000,0.000,0.000,-31.875,5.125,22.375,-3.204,-10.355,-29.707,0.109,-0.815,-0.553,0.136,1,-36.640,-2.432,-24.780,0.000,2,41.519020,-86.239639,0.000000,0.616,254.699997,10,41,16,52,12,3,U_TURN_HDG,AP_HDG_SEL_IMU,116.453,5.781,20.000,4,13,8,13,ROLL_LEFT
681,54.557178,0,0.077,0.051,0.051,-5.800,19.195,110.671,0.000,0.000,0.000,-31.875,5.125,22.375,-3.204,-10.355,-29.707,0.109,-0.815,-0.553,0.136,1,-36.968,-2.488,-24.891,0.000,2,41.519020,-86.239632,0.000000,0.641,254.800003,10,41,16,56,12,3,U_TURN_HDG,AP_HDG_SEL_IMU,116.453,5.782,20.000,4,13,8,13,ROLL_LEFT
682,54.619957,0,-0.051,0.051,0.051,-5.800,19.195,110.671,0.000,0.000,0.000,-31.875,5.125,22.375,-3.204,-10.355,-29.707,0.109,-0.815,-0.553,0.136,1,-37.392,-2.446,-25.033,0.000,2,41.519020,-86.239639,0.000000,0.581,254.800003,10,41,16,64,12,3,U_TURN_HDG,AP_HDG_SEL_IMU,116.453,5.782,20.000,4,13,8,13,ROLL_LEFT
683,54.677742,0,-0.051,0.051,-0.077,-5.800,19.195,110.671,0.000,-0.112,0.000,-31.875,5.125,22.375,-3.204,-10.355,-29.707,0.109,-0.815,-0.553,0.136,1,-36.732,-2.467,-24.811,0.000,2,41.519020,-86.239639,0.000000,0.527,254.699997,10,41,16,68,12,3,U_TURN_HDG,AP_HDG_SEL_IMU,116.453,5.782,20.000,4,13,8,13,ROLL_LEFT
684,54.741982,0,0.077,0.051,-0.077,-5.804,19.189,110.671,-0.224,0.000,0.000,-31.875,5.125,22.375,-3.204,-10.355,-29.707,0.109,-0.815,-0.553,0.136,1,-37.076,-2.416,-24.927,0.000,2,41.519020,-86.239639,0.000000,0.414,254.800003,10,41,16,76,12,3,U_TURN_HDG,AP_HDG_SEL_IMU,116.453,5.782,20.000,4,13,8,13,ROLL_LEFT
685,54.796509,0,-0.051,0.051,0.051,-5.803,19.190,110.661,-0.112,0.000,0.000,-31.875,5.125,22.375,-3.204,-10.355,-29.707,0.109,-0.815,-0.553,0.136,1,-37.179,-2.467,-24.962,0.000,2,41.519020,-86.239639,0.000000,0.398,254.699997,10,41,16,80,12,3,U_TURN_HDG,AP_HDG_SEL_IMU,116.453,5.792,20.000,4,13,8,13,ROLL_LEFT
686,54.866177,0,0.077,0.026,-0.077,-5.805,19.200,110.660,-0.112,0.112,-0.112,-31.875,5.125,22.375,-3.204,-10.355,-29.707,0.109,-0.815,-0.553,0.136,1,-37.258,-2.476,-24.988,0.000,2,41.519020,-86.239632,0.000000,0.314,254.800003,10,41,16,88,12,3,U_TURN_HDG,AP_HDG_SEL_IMU,116.453,5.793,20.000,4,13,8,13,ROLL_LEFT
687,54.915951,0,0.077,-0.103,0.051,-5.805,19.200,110.660,0.112,0.000,0.112,-31.875,5.125,22.375,-3.204,-10.330,-29.707,0.109,-0.815,-0.553,0.136,1,-36.854,-2.416,-24.853,0.000,2,41.519020,-86.239639,0.000000,0.214,254.699997,10,41,16,92,12,3,U_TURN_HDG,AP_HDG_SEL_IMU,116.453,5.793,20.000,4,13,8,13,ROLL_LEFT
688,54.968437,0,0.077,0.026,-0.077,-5.804,19.189,110.671,-0.224,-0.112,0.000,-31.875,5.125,22.375,-3.178,-10.330,-29.707,0.109,-0.815,-0.553,0.136,1,-36.862,-2.432,-24.855,0.000,2,41.519020,-86.239639,0.000000,0.042,254.699997,10,41,16,96,12,3,U_TURN_HDG,AP_HDG_SEL_IMU,116.453,5.782,20.000,4,13,8,13,ROLL_LEFT
689,55.016510,0,0.051,-0.103,0.051,-5.804,19.189,110.671,-0.112,0.000,0.000,-31.875,5.125,22.375,-3.178,-10.330,-29.707,0.109,-0.815,-0.553,0.136,1,-36.182,-2.412,-24.625,0.000,2,41.519020,-86.239639,0.000000,0.145,254.699997,10,41,17,0,12,3,U_TURN_HDG,AP_HDG_SEL_IMU,116.453,5.782,20.000,4,13,8,13,ROLL_LEFT
690,55.100620,0,0.051,0.026,0.051,-5.799,19.185,110.672,0.112,0.000,0.000,-31.875,5.125,22.375,-3.178,-10.330,-29.707,0.109,-0.815,-0.553,0.136,1,-37.147,-2.409,-24.951,0.000,2,41.519020,-86.239639,0.000000,0.253,254.699997,10,41,17,12,12,3,U_TURN_HDG,AP_HDG_SEL_IMU,116.453,5.781,20.000,4,13,8,13,ROLL_LEFT
691,55.156658,0,-0.077,0.026,-0.077,-5.799,19.185,110.672,0.000,0.112,0.000,-31.875,5.125,22.375,-3.178,-10.330,-29.707,0.109,-0.815,-0.553,0.136,1,-37.052,-2.372,-24.919,0.000,2,41.519020,-86.239639,0.000000,0.181,254.699997,10,41,17,16,12,3,U_TURN_HDG,AP_HDG_SEL_IMU,116.453,5.781,20.000,4,13,8,13,ROLL_LEFT
692,55.221622,0,-0.077,-0.103,-0.077,-5.793,19.181,110.673,-0.112,0.000,0.000,-31.875,5.125,22.375,-3.178,-10.330,-29.707,0.109,-0.815,-0.553,0.136,1,-37.079,-2.419,-24.928,0.000,2,41.519020,-86.239639,0.000000,0.236,254.699997,10,41,17,24,12,3,U_TURN_HDG,AP_HDG_SEL_IMU,116.453,5.780,20.000,4,13,8,13,ROLL_LEFT
693,55.295631,0,0.077,-0.103,0.051,-5.792,19.181,110.667,0.000,-0.112,0.000,-31.875,5.125,22.375,-3.204,-10.330,-29.707,0.109,-0.815,-0.553,0.136,1,-36.782,-2.421,-24.828,0.000,2,41.519020,-86.239639,0.000000,0.224,254.800003,10,41,17,32,12,3,U_TURN_HDG,AP_HDG_SEL_IMU,116.453,5.786,20.000,4,13,8,13,ROLL_LEFT
694,55.345638,0,0.051,0.026,-0.103,-5.792,19.181,110.667,0.112,-0.112,0.000,-31.875,5.125,22.375,-3.178,-10.330,-29.681,0.109,-0.815,-0.553,0.136,1,-36.755,-2.374,-24.819,0.000,2,41.519020,-86.239639,0.000000,0.179,254.800003,10,41,17,36,12,3,U_TURN_HDG,AP_HDG_SEL_IMU,116.453,5.786,20.000,4,13,8,13,ROLL_LEFT
695,55.420021,0,-0.051,-0.103,0.026,-5.796,19.176,110.663,0.224,0.000,0.112,-31.875,5.125,22.375,-3.204,-10.330,-29.681,0.108,-0.815,-0.553,0.136,1,-36.851,-2.408,-24.851,0.000,2,41.519020,-86.239632,0.000000,0.103,254.800003,10,41,17,44,12,3,U_TURN_HDG,AP_HDG_SEL_IMU,116.453,5.790,20.000,4,13,8,13,ROLL_LEFT
696,55.488094,0,-0.077,0.026,0.026,-5.797,19.186,110.662,0.112,-0.112,0.112,-31.875,5.125,22.375,-3.178,-10.330,-29.681,0.109,-0.815,-0.553,0.136,1,-37.597,-2.414,-25.102,0.000,2,41.519020,-86.239639,0.000000,0.059,254.800003,10,41,17,48,12,3,U_TURN_HDG,AP_HDG_SEL_IMU,116.453,5.791,20.000,4,13,8,13,ROLL_LEFT
697,55.582623,0,0.051,0.026,-0.103,-5.793,19.192,110.663,-0.336,0.000,0.000,-31.875,5.125,22.375,-3.178,-10.330,-29.681,0.109,-0.815,-0.553,0.136,1,-37.081,-2.423,-24.929,0.000,2,41.519024,-86.239639,0.000000,0.365,254.800003,10,41,17,60,12,3,U_TURN_HDG,AP_HDG_SEL_IMU,116.453,5.790,20.000,4,13,8,13,ROLL_LEFT
698,55.666832,0,0.051,-0.103,-0.077,-5.792,19.182,110.663,-0.336,0.112,-0.112,-31.875,5.125,22.375,-3.178,-10.330,-29.707,0.109,-0.815,-0.553,0.136,1,-37.139,-2.396,-24.949,0.000,2,41.519024,-86.239639,0.000000,0.437,254.800003,10,41,17,68,12,3,U_TURN_HDG,AP_HDG_SEL_IMU,116.453,5.790,20.000,4,13,8,13,ROLL_LEFT
699,55.715511,0,-0.077,0.026,-0.077,-5.789,19.172,110.658,0.000,0.000,0.000,-31.875,5.125,22.375,-3.178,-10.330,-29.707,0.108,-0.815,-0.553,0.136,1,-37.230,-2.423,-24.979,0.000,2,41.519024,-86.239632,0.000000,0.427,254.800003,10,41,17,72,12,3,U_TURN_HDG,AP_HDG_SEL_IMU,116.453,5.795,20.000,4,13,8,13,ROLL_LEFT
700,55.785683,0,-0.077,0.051,0.179,-5.785,19.178,110.659,0.000,0.000,0.000,-31.875,5.125,22.375,-3.178,-10.355,-29.707,0.109,-0.815,-0.553,0.136,1,-37.322,-2.456,-25.010,0.000,2,41.519024,-86.239639,0.000000,0.459,254.800003,10,41,17,80,12,3,U_TURN_HDG,AP_HDG_SEL_IMU,116.453,5.794,20.000,4,13,8,13,ROLL_LEFT
701,55.864761,0,-0.077,0.051,0.077,-5.779,19.174,110.660,0.000,0.000,0.000,-31.875,5.125,22.375,-3.178,-10.355,-29.733,0.109,-0.815,-0.553,0.135,1,-36.126,-2.445,-24.606,0.000,2,41.519024,-86.239639,0.000000,0.435,254.800003,10,41,17,88,12,3,U_TURN_HDG,AP_HDG_SEL_IMU,116.453,5.793,20.000,4,13,8,13,ROLL_LEFT
702,55.947506,0,-0.077,-0.077,0.077,-5.785,19.178,110.659,0.000,0.000,0.000,-31.875,5.125,22.375,-3.178,-10.355,-29.733,0.109,-0.815,-0.553,0.136,1,-37.131,-2.378,-24.946,0.000,2,41.519024,-86.239632,0.000000,0.273,254.800003,10,41,17,96,12,3,U_TURN_HDG,AP_HDG_SEL_IMU,116.453,5.794,20.000,4,13,8,13,ROLL_LEFT
703,56.024734,0,0.051,0.051,-0.051,-5.781,19.183,110.659,0.000,0.000,0.000,-31.875,5.125,22.375,-3.178,-10.355,-29.733,0.109,-0.815,-0.553,0.136,1,-37.007,-2.426,-24.904,0.000,2,41.519024,-86.239632,0.000000,0.147,254.899994,10,41,18,4,12,3,U_TURN_HDG,AP_HDG_SEL_IMU,116.453,5.794,20.000,4,13,8,13,ROLL_LEFT
704,56.104099,0,-0.077,0.051,0.051,-5.781,19.183,110.659,0.000,0.000,0.000,-31.875,5.125,22.375,-3.178,-10.355,-29.707,0.109,-0.815,-0.553,0.136,1,-37.065,-2.391,-24.924,0.000,2,41.519024,-86.239632,0.000000,0.253,254.899994,10,41,18,12,12,3,U_TURN_HDG,AP_HDG_SEL_IMU,116.453,5.794,20.000,4,13,8,13,ROLL_LEFT
705,56.175625,0,-0.077,0.051,-0.077,-5.781,19.183,110.659,0.000,0.000,0.000,-31.875,5.125,22.375,-3.178,-10.355,-29.707,0.109,-0.815,-0.553,0.136,1,-37.235,-2.433,-24.981,0.000,2,41.519024,-86.239632,0.000000,0.226,254.899994,10,41,18,16,12,3,U_TURN_HDG,AP_HDG_SEL_IMU,116.453,5.794,20.000,4,13,8,13,ROLL_LEFT
706,56.239952,0,-0.077,-0.077,-0.077,-5.777,19.189,110.660,0.000,0.000,0.000,-31.875,5.125,22.375,-3.178,-10.355,-29.707,0.109,-0.815,-0.553,0.136,1,-36.611,-2.376,-24.770,0.000,2,41.519024,-86.239632,0.000000,0.312,254.899994,10,41,18,24,12,3,U_TURN_HDG,AP_HDG_SEL_IMU,116.453,5.793,20.000,4,13,8,13,ROLL_LEFT
707,56.308804,0,-0.051,-0.103,0.051,-5.777,19.190,110.656,0.000,0.000,0.000,-31.875,5.125,22.375,-3.204,-10.330,-29.707,0.109,-0.815,-0.553,0.136,1,-37.161,-2.432,-24.956,0.000,2,41.519024,-86.239639,0.000000,0.360,254.899994,10,41,18,32,12,3,U_TURN_HDG,AP_HDG_SEL_IMU,116.453,5.797,20.000,4,13,8,13,ROLL_LEFT
708,56.423546,0,-0.051,0.026,-0.077,-5.777,19.190,110.656,0.000,0.000,0.000,-31.875,5.125,22.375,-3.178,-10.355,-29.707,0.109,-0.815,-0.553,0.136,1,-37.380,-2.429,-25.029,0.000,2,41.519024,-86.239632,0.000000,0.395,254.899994,10,41,18,44,12,3,U_TURN_HDG,AP_HDG_SEL_IMU,116.453,5.797,20.000,4,13,8,13,ROLL_LEFT
709,56.544014,0,0.051,0.051,-0.077,-5.782,19.194,110.654,0.000,0.000,0.000,-31.875,5.125,22.375,-3.204,-10.355,-29.707,0.109,-0.815,-0.553,0.136,1,-37.089,-2.441,-24.932,0.000,2,41.519024,-86.239632,0.000000,0.709,254.899994,10,41,18,56,12,3,U_TURN_HDG,AP_HDG_SEL_IMU,116.453,5.799,20.000,4,13,8,13,ROLL_LEFT
710,56.613503,0,-0.051,-0.051,0.051,-5.778,19.200,110.655,0.000,0.000,0.000,-31.875,5.125,22.375,-3.204,-10.381,-29.707,0.109,-0.815,-0.553,0.136,1,-37.544,-2.454,-25.084,0.000,2,41.519024,-86.239632,357.220001,0.721,254.899994,10,41,18,60,12,3,U_TURN_HDG,AP_HDG_SEL_IMU,116.453,5.798,20.000,4,13,8,13,ROLL_LEFT
711,56.672840,0,0.077,0.077,-0.077,-5.784,19.204,110.654,0.000,0.000,0.000,-31.875,5.125,22.375,-3.204,-10.381,-29.707,0.109,-0.815,-0.553,0.136,1,-37.459,-2.436,-25.056,0.000,2,41.519024,-86.239632,0.000000,0.692,255.000000,10,41,18,68,12,3,U_TURN_HDG,AP_HDG_SEL_IMU,116.453,5.799,20.000,4,13,8,13,ROLL_LEFT
712,56.736603,0,0.051,-0.077,0.051,-5.784,19.204,110.654,-0.224,0.000,-0.224,-31.875,5.125,22.375,-3.178,-10.355,-29.707,0.109,-0.815,-0.553,0.136,1,-36.492,-2.433,-24.730,0.000,2,41.519024,-86.239632,0.000000,0.493,254.899994,10,41,18,76,12,3,U_TURN_HDG,AP_HDG_SEL_IMU,116.453,5.799,20.000,4,13,8,13,ROLL_LEFT
713,56.793510,0,-0.103,0.051,-0.103,-5.784,19.204,110.654,-0.112,0.000,0.000,-31.875,5.125,22.375,-3.153,-10.355,-29.681,0.109,-0.815,-0.553,0.136,1,-36.708,-2.420,-24.803,0.000,2,41.519024,-86.239632,0.000000,0.228,254.899994,10,41,18,80,12,3,U_TURN_HDG,AP_HDG_SEL_IMU,116.453,5.799,20.000,4,13,8,13,ROLL_LEFT
714,56.873219,0,0.051,-0.077,0.026,-5.784,19.204,110.654,0.000,0.000,-0.112,-31.875,5.125,22.375,-3.178,-10.355,-29.681,0.109,-0.815,-0.553,0.136,1,-36.555,-2.413,-24.751,0.000,2,41.519024,-86.239632,0.000000,0.230,254.899994,10,41,18,88,12,3,U_TURN_HDG,AP_HDG_SEL_IMU,116.453,5.799,20.000,4,13,8,13,ROLL_LEFT
715,57.142708,0,-0.077,-0.077,0.154,-5.786,19.213,110.653,0.000,0.000,0.000,-31.875,5.125,22.375,-3.178,-10.355,-29.681,0.109,-0.815,-0.553,0.136,1,-36.545,-2.392,-24.748,0.000,2,41.519024,-86.239639,0.000000,0.125,254.800003,10,41,19,16,12,3,U_TURN_HDG,AP_HDG_SEL_IMU,116.453,5.800,20.000,4,13,8,13,ROLL_LEFT
716,57.202515,0,-0.077,0.026,-0.077,-5.786,19.213,110.653,-0.448,-0.112,-0.112,-31.875,5.125,22.375,-3.178,-10.355,-29.707,0.109,-0.815,-0.553,0.136,1,-36.637,-2.429,-24.779,0.000,2,41.519024,-86.239639,0.000000,0.064,254.800003,10,41,19,20,12,3,U_TURN_HDG,AP_HDG_SEL_IMU,116.453,5.800,20.000,4,13,8,13,ROLL_LEFT
717,57.256439,0,-0.077,0.051,-0.077,-5.781,19.209,110.664,-0.336,0.000,0.000,-31.875,5.125,22.375,-3.178,-10.355,-29.707,0.109,-0.815,-0.553,0.136,1,-37.435,-2.391,-25.048,0.000,2,41.519024,-86.239632,0.000000,0.216,254.800003,10,41,19,28,12,3,U_TURN_HDG,AP_HDG_SEL_IMU,116.453,5.789,20.000,4,13,8,13,ROLL_LEFT
718,57.340923,0,-0.077,0.026,0.077,-5.779,19.199,110.659,0.224,0.000,-0.112,-31.875,5.125,22.375,-3.178,-10.330,-29.733,0.109,-0.815,-0.553,0.136,1,-36.983,-2.380,-24.896,0.000,2,41.519024,-86.239639,0.000000,0.285,254.699997,10,41,19,36,12,3,U_TURN_HDG,AP_HDG_SEL_IMU,116.453,5.794,20.000,4,13,8,13,ROLL_LEFT
719,57.405228,0,0.051,0.026,-0.051,-5.779,19.199,110.659,0.000,0.000,-0.112,-31.875,5.125,22.375,-3.178,-10.330,-29.733,0.109,-0.815,-0.553,0.136,1,-37.235,-2.430,-24.981,0.000,2,41.519024,-86.239639,0.000000,0.319,254.699997,10,41,19,40,12,3,U_TURN_HDG,AP_HDG_SEL_IMU,116.453,5.794,20.000,4,13,8,13,ROLL_LEFT
720,57.465248,0,-0.051,0.026,-0.051,-5.777,19.189,110.660,0.671,0.000,0.000,-31.875,5.125,22.375,-3.204,-10.330,-29.733,0.109,-0.815,-0.553,0.136,1,-37.455,-2.425,-25.054,0.000,2,41.519024,-86.239639,0.000000,0.479,254.699997,10,41,19,48,12,3,U_TURN_HDG,AP_HDG_SEL_IMU,116.453,5.793,20.000,4,13,8,13,ROLL_LEFT
721,57.543785,0,0.103,-0.103,0.077,-5.781,19.183,110.659,-0.336,0.000,0.000,-31.875,5.125,22.375,-3.230,-10.330,-29.733,0.109,-0.815,-0.553,0.136,1,-37.227,-2.418,-24.978,0.000,2,41.519024,-86.239639,0.000000,0.591,254.699997,10,41,19,52,12,3,U_TURN_HDG,AP_HDG_SEL_IMU,116.453,5.794,20.000,4,13,8,13,ROLL_LEFT
722,57.606503,0,0.103,0.026,-0.051,-5.792,19.182,110.663,0.336,0.000,0.000,-31.875,5.125,22.375,-3.230,-10.330,-29.733,0.109,-0.815,-0.553,0.136,1,-37.324,-2.464,-25.011,0.000,2,41.519024,-86.239639,0.000000,0.658,254.600006,10,41,19,60,12,3,U_TURN_HDG,AP_HDG_SEL_IMU,116.453,5.790,20.000,4,13,8,13,ROLL_LEFT
723,57.689499,0,-0.026,0.051,-0.051,-5.797,19.186,110.662,0.000,0.000,0.000,-31.875,5.125,22.375,-3.230,-10.355,-29.733,0.109,-0.815,-0.553,0.136,1,-37.277,-2.374,-24.995,0.000,2,41.519024,-86.239639,231.539993,0.756,254.600006,10,41,19,68,12,3,U_TURN_HDG,AP_HDG_SEL_IMU,116.453,5.791,20.000,4,13,8,13,ROLL_LEFT
724,57.784489,0,-0.026,0.026,-0.077,-5.802,19.179,110.666,-0.112,0.000,-0.112,-31.875,5.125,22.375,-3.230,-10.330,-29.733,0.108,-0.815,-0.553,0.136,1,-36.412,-2.421,-24.703,0.000,2,41.519024,-86.239639,189.520004,1.099,254.500000,10,41,19,76,12,3,U_TURN_HDG,AP_HDG_SEL_IMU,116.453,5.787,20.000,4,13,8,13,ROLL_LEFT
725,57.846508,0,0.103,0.026,0.051,-5.808,19.184,110.670,0.000,0.000,0.000,-31.875,5.125,22.375,-3.230,-10.330,-29.707,0.108,-0.815,-0.553,0.136,1,-37.361,-2.389,-25.023,0.000,2,41.519024,-86.239639,186.949997,0.932,254.600006,10,41,19,84,12,3,U_TURN_HDG,AP_HDG_SEL_IMU,116.453,5.783,20.000,4,13,8,13,ROLL_LEFT
726,57.903992,0,-0.051,-0.103,0.051,-5.808,19.184,110.670,0.000,0.000,0.000,-31.875,5.125,22.375,-3.204,-10.330,-29.707,0.108,-0.815,-0.553,0.136,1,-36.896,-2.359,-24.867,0.000,2,41.519024,-86.239639,187.919998,0.972,254.500000,10,41,19,88,12,3,U_TURN_HDG,AP_HDG_SEL_IMU,116.453,5.783,20.000,4,13,8,13,ROLL_LEFT
727,57.951504,0,0.077,-0.103,0.179,-5.808,19.184,110.670,0.000,0.000,0.000,-31.875,5.125,22.375,-3.204,-10.330,-29.707,0.108,-0.815,-0.553,0.136,1,-36.857,-2.420,-24.854,0.000,2,41.519024,-86.239639,184.309998,0.989,254.500000,10,41,19,92,12,3,U_TURN_HDG,AP_HDG_SEL_IMU,116.453,5.783,20.000,4,13,8,13,ROLL_LEFT
728,58.005501,0,0.077,0.026,-0.077,-5.808,19.184,110.670,0.000,0.000,0.000,-31.875,5.125,22.375,-3.204,-10.330,-29.707,0.108,-0.815,-0.553,0.136,1,-37.306,-2.428,-25.005,0.000,2,41.519024,-86.239639,181.479996,0.862,254.500000,10,41,20,0,12,3,U_TURN_HDG,AP_HDG_SEL_IMU,116.453,5.783,20.000,4,13,8,13,ROLL_LEFT
729,58.103413,0,-0.051,0.026,0.051,-5.808,19.184,110.670,0.000,0.000,0.000,-31.875,5.125,22.375,-3.204,-10.330,-29.707,0.108,-0.815,-0.553,0.136,1,-37.175,-2.460,-24.961,0.000,2,41.519024,-86.239639,182.179993,0.842,254.500000,10,41,20,12,12,3,U_TURN_HDG,AP_HDG_SEL_IMU,116.453,5.783,20.000,4,13,8,13,ROLL_LEFT
730,58.186279,0,-0.051,-0.103,0.051,-5.812,19.178,110.670,0.000,0.000,0.000,-31.875,5.125,22.375,-3.204,-10.330,-29.707,0.108,-0.815,-0.553,0.136,1,-36.753,-2.367,-24.818,0.000,2,41.519024,-86.239639,176.789993,0.842,254.500000,10,41,20,20,12,3,U_TURN_HDG,AP_HDG_SEL_IMU,116.453,5.783,20.000,4,13,8,13,ROLL_LEFT
731,58.255966,0,0.077,0.026,0.051,-5.812,19.178,110.670,0.000,0.000,0.000,-31.875,5.125,22.375,-3.204,-10.330,-29.707,0.108,-0.815,-0.553,0.136,1,-37.005,-2.423,-24.904,0.000,2,41.519024,-86.239639,0.000000,0.439,254.500000,10,41,20,28,12,3,U_TURN_HDG,AP_HDG_SEL_IMU,116.453,5.783,20.000,4,13,8,13,ROLL_LEFT
732,58.333538,0,-0.077,0.026,0.051,-5.812,19.178,110.670,0.000,0.000,0.000,-31.875,5.125,22.375,-3.178,-10.330,-29.707,0.108,-0.815,-0.553,0.136,1,-36.764,-2.385,-24.822,0.000,2,41.519024,-86.239639,0.000000,0.461,254.500000,10,41,20,32,12,3,U_TURN_HDG,AP_HDG_SEL_IMU,116.453,5.783,20.000,4,13,8,13,ROLL_LEFT
733,58.383759,0,0.051,0.026,-0.077,-5.808,19.184,110.670,0.000,0.000,0.000,-31.875,5.125,22.375,-3.178,-10.330,-29.707,0.108,-0.815,-0.553,0.136,1,-37.052,-2.369,-24.919,0.000,2,41.519024,-86.239639,0.000000,0.402,254.500000,10,41,20,36,12,3,U_TURN_HDG,AP_HDG_SEL_IMU,116.453,5.783,20.000,4,13,8,13,ROLL_LEFT
734,58.452942,0,-0.077,-0.103,-0.077,-5.803,19.180,110.671,0.000,0.000,0.000,-31.875,5.125,22.375,-3.178,-10.330,-29.707,0.108,-0.815,-0.553,0.136,1,-37.642,-2.357,-25.117,0.000,2,41.519024,-86.239639,0.000000,0.275,254.500000,10,41,20,44,12,3,U_TURN_HDG,AP_HDG_SEL_IMU,116.453,5.782,20.000,4,13,8,13,ROLL_LEFT
735,58.514282,0,-0.077,0.154,-0.077,-5.802,19.179,110.666,0.000,0.000,0.000,-31.875,5.125,22.375,-3.178,-10.330,-29.707,0.108,-0.815,-0.553,0.136,1,-36.994,-2.399,-24.900,0.000,2,41.519024,-86.239639,0.000000,0.294,254.500000,10,41,20,52,12,3,U_TURN_HDG,AP_HDG_SEL_IMU,116.453,5.787,20.000,4,13,8,13,ROLL_LEFT
736,58.569511,0,-0.077,0.026,0.051,-5.797,19.150,110.668,0.000,0.000,-0.112,-31.875,5.125,22.375,-3.178,-10.330,-29.707,0.108,-0.815,-0.553,0.135,1,-37.378,-2.423,-25.028,0.000,2,41.519024,-86.239639,0.000000,0.265,254.500000,10,41,20,56,12,3,U_TURN_HDG,AP_HDG_SEL_IMU,116.453,5.785,20.000,4,13,8,13,ROLL_LEFT
737,58.619511,0,-0.077,0.026,0.051,-5.796,19.175,110.667,0.112,0.000,0.112,-31.875,5.125,22.375,-3.178,-10.330,-29.707,0.108,-0.815,-0.553,0.136,1,-37.647,-2.370,-25.119,0.000,2,41.519024,-86.239639,0.000000,0.167,254.500000,10,41,20,60,12,3,U_TURN_HDG,AP_HDG_SEL_IMU,116.453,5.786,20.000,4,13,8,13,ROLL_LEFT
738,58.672768,0,-0.051,-0.077,0.026,-5.796,19.201,110.671,1.007,-0.112,0.112,-31.875,5.125,22.375,-3.204,-10.355,-29.681,0.109,-0.815,-0.553,0.136,1,-37.607,-2.433,-25.105,0.000,2,41.519024,-86.239639,0.000000,0.073,254.399994,10,41,20,68,12,3,U_TURN_HDG,AP_HDG_SEL_IMU,116.453,5.782,20.000,4,13,8,13,ROLL_LEFT
739,58.734104,0,-0.051,0.051,-0.103,-5.798,19.211,110.667,-0.336,0.000,-0.112,-31.875,5.125,22.375,-3.204,-10.355,-29.681,0.109,-0.815,-0.553,0.136,1,-37.644,-2.368,-25.117,0.000,2,41.519024,-86.239639,0.000000,0.184,254.399994,10,41,20,76,12,3,U_TURN_HDG,AP_HDG_SEL_IMU,116.453,5.786,20.000,4,13,8,13,ROLL_LEFT
740,58.812500,0,0.077,0.525,-0.295,-5.803,19.215,110.666,0.000,0.000,0.112,-31.875,5.125,22.375,-3.204,-10.330,-29.733,0.109,-0.815,-0.553,0.136,1,-37.079,-2.417,-24.928,0.000,2,41.519024,-86.239639,0.000000,0.219,254.500000,10,41,20,80,12,3,U_TURN_HDG,AP_HDG_SEL_IMU,116.453,5.788,20.000,4,13,8,13,ROLL_LEFT
741,58.863392,0,-0.051,-0.346,0.205,-5.799,19.196,110.661,-2.462,0.224,-0.224,-31.875,5.125,22.375,-3.204,-10.330,-29.733,0.109,-0.815,-0.553,0.136,1,-36.446,-2.351,-24.715,0.000,2,41.519024,-86.239639,0.000000,0.194,254.500000,10,41,20,88,12,3,U_TURN_HDG,AP_HDG_SEL_IMU,116.453,5.792,20.000,4,13,8,13,ROLL_LEFT
742,58.938511,0,0.077,0.026,0.077,-5.801,19.180,110.662,-0.671,0.112,0.000,-31.875,5.125,22.375,-3.204,-10.330,-29.733,0.108,-0.815,-0.553,0.136,1,-36.817,-2.348,-24.840,0.000,2,41.519024,-86.239639,0.000000,0.302,254.500000,10,41,20,92,12,3,U_TURN_HDG,AP_HDG_SEL_IMU,116.453,5.791,20.000,4,13,8,13,ROLL_LEFT
743,59.002476,0,-0.051,0.000,-0.077,-5.799,19.196,110.661,0.224,-0.112,0.000,-31.875,5.125,22.375,-3.204,-10.330,-29.733,0.109,-0.815,-0.553,0.136,1,-36.753,-2.368,-24.818,0.000,2,41.519024,-86.239639,0.000000,0.400,254.500000,10,41,21,0,12,3,U_TURN_HDG,AP_HDG_SEL_IMU,116.453,5.792,20.000,4,13,8,13,ROLL_LEFT
744,59.051624,0,0.077,-0.103,-0.077,-5.807,19.210,110.665,-0.671,0.000,0.112,-31.875,5.125,22.375,-3.204,-10.330,-29.707,0.109,-0.815,-0.553,0.136,1,-36.997,-2.404,-24.901,0.000,2,41.519024,-86.239639,0.000000,0.579,254.500000,10,41,21,4,12,3,U_TURN_HDG,AP_HDG_SEL_IMU,116.453,5.788,20.000,4,13,8,13,ROLL_LEFT
745,59.102142,0,-0.051,-0.103,0.051,-5.803,19.215,110.666,0.895,-0.112,0.000,-31.875,5.125,22.375,-3.204,-10.330,-29.707,0.109,-0.815,-0.553,0.136,1,-37.414,-2.351,-25.041,0.000,2,41.519024,-86.239639,0.000000,0.466,254.500000,10,41,21,12,12,3,U_TURN_HDG,AP_HDG_SEL_IMU,116.453,5.788,20.000,4,13,8,13,ROLL_LEFT
746,59.176247,0,-0.077,-0.077,0.077,-5.805,19.225,110.665,0.000,0.000,0.000,-31.875,5.125,22.375,-3.178,-10.355,-29.733,0.109,-0.815,-0.553,0.136,1,-37.211,-2.390,-24.973,0.000,2,41.519024,-86.239639,0.000000,0.522,254.500000,10,41,21,20,12,3,U_TURN_HDG,AP_HDG_SEL_IMU,116.453,5.788,20.000,4,13,8,13,ROLL_LEFT
747,59.228062,0,0.051,0.051,-0.077,-5.803,19.215,110.666,-0.224,0.000,0.000,-31.875,5.125,22.375,-3.178,-10.355,-29.707,0.109,-0.815,-0.553,0.136,1,-37.134,-2.384,-24.947,0.000,2,41.519024,-86.239639,0.000000,0.592,254.500000,10,41,21,24,12,3,U_TURN_HDG,AP_HDG_SEL_IMU,116.453,5.788,20.000,4,13,8,13,ROLL_LEFT
748,59.303493,0,0.051,0.051,-0.077,-5.798,19.211,110.667,-0.224,0.112,-0.112,-31.875,5.125,22.375,-3.178,-10.355,-29.707,0.109,-0.815,-0.553,0.136,1,-37.118,-2.354,-24.941,0.000,2,41.519028,-86.239639,54.410000,0.797,254.500000,10,41,21,32,12,3,U_TURN_HDG,AP_HDG_SEL_IMU,116.453,5.786,20.000,4,13,8,13,ROLL_LEFT
749,59.380566,0,0.077,0.051,0.077,-5.799,19.196,110.661,0.000,0.000,0.112,-31.875,5.125,22.375,-3.204,-10.355,-29.733,0.109,-0.815,-0.553,0.136,1,-37.007,-2.424,-24.904,0.000,2,41.519028,-86.239639,13.720000,0.814,254.500000,10,41,21,40,12,3,U_TURN_HDG,AP_HDG_SEL_IMU,116.453,5.792,20.000,4,13,8,13,ROLL_LEFT
750,59.497131,0,-0.051,0.051,0.051,-5.795,19.201,110.662,-0.448,0.000,-0.112,-31.875,5.125,22.375,-3.204,-10.355,-29.707,0.109,-0.815,-0.553,0.136,1,-36.843,-2.392,-24.849,0.000,2,41.519028,-86.239639,0.000000,0.733,254.500000,10,41,21,52,12,3,U_TURN_HDG,AP_HDG_SEL_IMU,116.453,5.791,20.000,4,13,8,13,ROLL_LEFT
751,59.549511,0,-0.103,0.051,0.051,-5.793,19.192,110.663,0.112,-0.112,0.112,-31.875,5.125,22.375,-3.153,-10.355,-29.707,0.109,-0.815,-0.553,0.136,1,-37.189,-2.348,-24.965,0.000,2,41.519028,-86.239639,0.000000,0.631,254.500000,10,41,21,56,12,3,U_TURN_HDG,AP_HDG_SEL_IMU,116.453,5.790,20.000,4,13,8,13,ROLL_LEFT
752,59.619648,0,0.026,0.026,-0.077,-5.780,19.199,110.665,-0.112,0.000,0.000,-31.875,5.125,22.375,-3.153,-10.355,-29.707,0.109,-0.815,-0.553,0.136,1,-37.420,-2.365,-25.043,0.000,2,41.519028,-86.239639,0.000000,0.498,254.500000,10,41,21,64,12,3,U_TURN_HDG,AP_HDG_SEL_IMU,116.453,5.789,20.000,4,13,8,13,ROLL_LEFT
753,59.701992,0,-0.103,0.051,0.051,-5.778,19.189,110.665,0.112,0.000,0.000,-31.875,5.125,22.375,-3.153,-10.330,-29.707,0.109,-0.815,-0.553,0.136,1,-37.131,-2.378,-24.946,0.000,2,41.519028,-86.239639,0.000000,0.621,254.500000,10,41,21,72,12,3,U_TURN_HDG,AP_HDG_SEL_IMU,116.453,5.788,20.000,4,13,8,13,ROLL_LEFT
754,59.778019,0,0.026,0.026,0.051,-5.772,19.210,110.665,0.336,0.000,0.000,-31.875,5.125,22.375,-3.153,-10.330,-29.707,0.109,-0.815,-0.553,0.136,1,-37.118,-2.350,-24.941,0.000,2,41.519028,-86.239639,0.000000,0.464,254.399994,10,41,21,80,12,3,U_TURN_HDG,AP_HDG_SEL_IMU,116.453,5.788,20.000,4,13,8,13,ROLL_LEFT
755,59.862076,0,0.051,0.051,0.051,-5.766,19.206,110.666,0.671,0.000,0.000,-31.875,5.125,22.375,-3.178,-10.355,-29.707,0.109,-0.815,-0.553,0.136,1,-37.200,-2.368,-24.969,0.000,2,41.519028,-86.239639,0.000000,0.349,254.399994,10,41,21,88,12,3,U_TURN_HDG,AP_HDG_SEL_IMU,116.453,5.787,20.000,4,13,8,13,ROLL_LEFT
756,59.982662,0,0.077,0.026,0.077,-5.770,19.201,110.666,-0.448,-0.112,-0.112,-31.875,5.125,22.375,-3.204,-10.330,-29.733,0.109,-0.815,-0.553,0.136,1,-36.524,-2.352,-24.741,0.000,2,41.519028,-86.239639,0.000000,0.667,254.399994,10,41,22,0,12,3,U_TURN_HDG,AP_HDG_SEL_IMU,116.453,5.787,20.000,4,13,8,13,ROLL_LEFT
757,60.065098,0,0.077,0.282,-0.167,-5.771,19.185,110.661,-0.448,0.000,-0.112,-31.875,5.125,22.375,-3.204,-10.330,-29.733,0.109,-0.815,-0.553,0.135,1,-36.558,-2.415,-24.753,0.000,2,41.519028,-86.239639,0.000000,0.577,254.399994,10,41,22,8,12,3,U_TURN_HDG,AP_HDG_SEL_IMU,116.453,5.792,20.000,4,13,8,13,ROLL_LEFT
758,60.217243,0,0.051,0.423,-0.077,-5.775,19.179,110.660,0.560,-0.112,0.000,-31.875,5.125,22.375,-3.204,-10.330,-29.733,0.109,-0.815,-0.553,0.135,1,-37.340,-2.354,-25.016,0.000,2,41.519028,-86.239639,0.000000,0.437,254.399994,10,41,22,24,12,3,U_TURN_HDG,AP_HDG_SEL_IMU,116.453,5.793,20.000,4,13,8,13,ROLL_LEFT
759,60.345181,0,0.051,0.026,-0.077,-5.777,19.190,110.656,0.224,0.000,-0.112,-31.875,5.125,22.375,-3.178,-10.330,-29.707,0.109,-0.815,-0.553,0.136,1,-37.221,-2.410,-24.976,0.000,2,41.519028,-86.239639,0.000000,0.125,254.300003,10,41,22,36,12,3,U_TURN_HDG,AP_HDG_SEL_IMU,116.453,5.797,20.000,4,13,8,13,ROLL_LEFT
760,60.396511,0,0.051,0.026,0.051,-5.771,19.160,110.656,-0.336,-0.112,-0.112,-31.875,5.125,22.375,-3.178,-10.330,-29.707,0.108,-0.815,-0.553,0.135,1,-37.345,-2.362,-25.017,0.000,2,41.519028,-86.239632,0.000000,0.329,254.300003,10,41,22,40,12,3,U_TURN_HDG,AP_HDG_SEL_IMU,116.453,5.797,20.000,4,13,8,13,ROLL_LEFT
761,60.465134,0,0.051,0.026,0.051,-5.772,19.169,110.656,0.000,-0.112,0.000,-31.875,5.125,22.375,-3.178,-10.330,-29.707,0.109,-0.815,-0.553,0.135,1,-37.139,-2.394,-24.949,0.000,2,41.519028,-86.239632,0.000000,0.314,254.399994,10,41,22,48,12,3,U_TURN_HDG,AP_HDG_SEL_IMU,116.453,5.798,20.000,4,13,8,13,ROLL_LEFT
762,60.519245,0,0.051,0.282,-0.192,-5.772,19.170,110.652,-0.224,-0.112,0.000,-31.875,5.125,22.375,-3.178,-10.304,-29.733,0.109,-0.815,-0.553,0.135,1,-36.599,-2.358,-24.767,0.000,2,41.519032,-86.239632,0.000000,0.442,254.399994,10,41,22,52,12,3,U_TURN_HDG,AP_HDG_SEL_IMU,116.453,5.801,20.000,4,13,8,13,ROLL_LEFT
763,60.585136,0,0.026,0.128,-0.051,-5.772,19.170,110.652,-0.560,0.000,0.000,-31.875,5.125,22.375,-3.153,-10.304,-29.733,0.109,-0.815,-0.553,0.135,1,-37.200,-2.366,-24.969,0.000,2,41.519032,-86.239639,0.000000,0.699,254.399994,10,41,22,60,12,3,U_TURN_HDG,AP_HDG_SEL_IMU,116.453,5.801,20.000,4,13,8,13,ROLL_LEFT
764,60.700169,0,0.051,0.256,-0.051,-5.768,19.176,110.652,0.336,0.112,0.000,-31.875,5.125,22.375,-3.153,-10.304,-29.733,0.109,-0.815,-0.553,0.135,1,-36.968,-2.347,-24.891,0.000,2,41.519032,-86.239632,1.520000,0.862,254.399994,10,41,22,72,12,3,U_TURN_HDG,AP_HDG_SEL_IMU,116.453,5.801,20.000,4,13,8,13,ROLL_LEFT
765,60.806519,0,-0.077,0.026,-0.077,-5.770,19.186,110.651,0.112,0.112,0.000,-31.875,5.125,22.375,-3.153,-10.304,-29.733,0.109,-0.815,-0.553,0.135,1,-37.063,-2.388,-24.923,0.000,2,41.519032,-86.239639,0.000000,0.712,254.300003,10,41,22,80,12,3,U_TURN_HDG,AP_HDG_SEL_IMU,116.453,5.802,20.000,4,13,8,13,ROLL_LEFT
766,60.855999,0,-0.077,-0.231,0.051,-5.768,19.176,110.652,-0.560,0.000,-0.112,-31.875,5.125,22.375,-3.178,-10.330,-29.707,0.109,-0.815,-0.553,0.135,1,-37.110,-2.343,-24.939,0.000,2,41.519032,-86.239632,0.000000,0.682,254.300003,10,41,22,84,12,3,U_TURN_HDG,AP_HDG_SEL_IMU,116.453,5.801,20.000,4,13,8,13,ROLL_LEFT
767,60.920509,0,0.051,0.026,-0.077,-5.764,19.182,110.652,-1.231,0.000,0.000,-31.875,5.125,22.375,-3.178,-10.330,-29.707,0.109,-0.815,-0.553,0.135,1,-36.893,-2.352,-24.866,0.000,2,41.519032,-86.239632,5.290000,0.748,254.300003,10,41,22,92,12,3,U_TURN_HDG,AP_HDG_SEL_IMU,116.453,5.801,20.000,4,13,8,13,ROLL_LEFT
768,60.999500,0,0.077,0.026,-0.077,-5.765,19.166,110.647,0.000,0.000,0.000,-31.875,5.125,22.375,-3.204,-10.330,-29.733,0.109,-0.815,-0.553,0.135,1,-37.187,-2.342,-24.965,0.000,2,41.519032,-86.239632,0.000000,0.623,254.300003,10,41,23,0,12,3,U_TURN_HDG,AP_HDG_SEL_IMU,116.453,5.806,20.000,4,13,8,13,ROLL_LEFT
769,61.055511,0,0.077,-0.103,0.179,-5.772,19.145,110.647,0.000,0.000,0.000,-31.875,5.125,22.375,-3.204,-10.330,-29.707,0.108,-0.815,-0.553,0.135,1,-36.849,-2.405,-24.851,0.000,2,41.519032,-86.239639,0.000000,0.560,254.300003,10,41,23,4,12,3,U_TURN_HDG,AP_HDG_SEL_IMU,116.453,5.806,20.000,4,13,8,13,ROLL_LEFT
770,61.120010,0,-0.077,0.154,0.051,-5.774,19.139,110.641,-0.224,0.000,-0.112,-31.875,5.125,22.375,-3.178,-10.330,-29.707,0.108,-0.815,-0.553,0.135,1,-37.464,-2.305,-25.057,0.000,2,41.519032,-86.239639,0.000000,0.456,254.300003,10,41,23,12,12,3,U_TURN_HDG,AP_HDG_SEL_IMU,116.453,5.812,20.000,4,13,8,13,ROLL_LEFT
771,61.200508,0,0.051,0.026,0.051,-5.769,19.135,110.642,0.448,0.000,0.000,-31.875,5.125,22.375,-3.178,-10.330,-29.707,0.108,-0.815,-0.553,0.135,1,-37.327,-2.326,-25.011,0.000,2,41.519032,-86.239639,0.000000,0.473,254.199997,10,41,23,20,12,3,U_TURN_HDG,AP_HDG_SEL_IMU,116.453,5.811,20.000,4,13,8,13,ROLL_LEFT
772,61.265240,0,-0.077,-0.103,0.051,-5.768,19.161,110.637,0.112,0.112,0.000,-31.875,5.125,22.375,-3.178,-10.330,-29.707,0.108,-0.815,-0.553,0.135,1,-37.642,-2.361,-25.117,0.000,2,41.519032,-86.239639,0.000000,0.351,254.199997,10,41,23,28,12,3,U_TURN_HDG,AP_HDG_SEL_IMU,116.453,5.816,20.000,4,13,8,13,ROLL_LEFT
773,61.337887,0,0.051,0.179,-0.077,-5.768,19.161,110.637,0.336,0.112,-0.112,-31.875,5.125,22.375,-3.178,-10.355,-29.707,0.108,-0.815,-0.553,0.135,1,-37.322,-2.319,-25.010,0.000,2,41.519032,-86.239639,0.000000,0.535,254.199997,10,41,23,36,12,3,U_TURN_HDG,AP_HDG_SEL_IMU,116.453,5.816,20.000,4,13,8,13,ROLL_LEFT
774,61.420868,0,0.051,-0.205,0.051,-5.769,19.171,110.636,0.448,0.000,0.112,-31.875,5.125,22.375,-3.178,-10.355,-29.707,0.109,-0.815,-0.553,0.135,1,-37.023,-2.315,-24.909,0.000,2,41.519032,-86.239639,3.500000,0.814,254.199997,10,41,23,44,12,3,U_TURN_HDG,AP_HDG_SEL_IMU,116.453,5.817,20.000,4,13,8,13,ROLL_LEFT
775,61.476109,0,0.077,0.051,0.179,-5.773,19.165,110.636,-0.112,0.000,0.000,-31.875,5.125,22.375,-3.178,-10.355,-29.707,0.108,-0.815,-0.553,0.135,1,-37.486,-2.343,-25.065,0.000,2,41.519032,-86.239639,2.950000,0.866,254.199997,10,41,23,48,12,3,U_TURN_HDG,AP_HDG_SEL_IMU,116.453,5.817,20.000,4,13,8,13,ROLL_LEFT
776,61.525513,0,0.051,-0.077,0.051,-5.775,19.175,110.635,0.336,0.000,0.112,-31.875,5.125,22.375,-3.178,-10.355,-29.707,0.109,-0.815,-0.553,0.135,1,-36.944,-2.307,-24.883,0.000,2,41.519032,-86.239639,3.010000,0.886,254.199997,10,41,23,52,12,3,U_TURN_HDG,AP_HDG_SEL_IMU,116.453,5.818,20.000,4,13,8,13,ROLL_LEFT
777,61.585697,0,0.051,0.051,-0.077,-5.775,19.175,110.635,-0.112,0.112,-0.112,-31.875,5.125,22.375,-3.178,-10.355,-29.707,0.109,-0.815,-0.553,0.135,1,-37.073,-2.270,-24.926,0.000,2,41.519032,-86.239639,2.470000,0.937,254.199997,10,41,23,60,12,3,U_TURN_HDG,AP_HDG_SEL_IMU,116.453,5.818,20.000,4,13,8,13,ROLL_LEFT
778,61.698139,0,0.051,-0.077,-0.077,-5.777,19.185,110.634,0.336,0.000,0.000,-31.875,5.125,22.375,-3.204,-10.355,-29.707,0.109,-0.815,-0.553,0.136,1,-37.110,-2.343,-24.939,0.000,2,41.519032,-86.239639,2.110000,0.984,254.199997,10,41,23,72,12,3,U_TURN_HDG,AP_HDG_SEL_IMU,116.453,5.819,20.000,4,13,8,13,ROLL_LEFT
779,61.817669,0,-0.077,-0.077,0.051,-5.777,19.185,110.634,-0.112,0.000,-0.112,-31.875,5.125,22.375,-3.178,-10.355,-29.707,0.109,-0.815,-0.553,0.136,1,-36.373,-2.351,-24.690,0.000,2,41.519032,-86.239639,357.589996,0.866,254.199997,10,41,23,84,12,3,U_TURN_HDG,AP_HDG_SEL_IMU,116.453,5.819,20.000,4,13,8,13,ROLL_LEFT
780,61.904999,0,0.077,0.179,0.077,-5.770,19.180,110.630,-0.448,0.000,-0.112,-31.875,5.125,22.375,-3.204,-10.355,-29.733,0.109,-0.815,-0.554,0.135,1,-36.820,-2.349,-24.841,0.000,2,41.519035,-86.239639,358.339996,0.916,254.199997,10,41,23,92,12,3,U_TURN_HDG,AP_HDG_SEL_IMU,116.453,5.823,20.000,4,13,8,13,ROLL_LEFT
781,61.969326,0,-0.077,0.026,-0.077,-5.779,19.180,110.624,0.224,-0.112,0.000,-31.875,5.125,22.375,-3.178,-10.330,-29.707,0.109,-0.815,-0.554,0.136,1,-36.742,-2.345,-24.815,0.000,2,41.519035,-86.239639,2.040000,0.923,254.199997,10,41,23,96,12,3,U_TURN_HDG,AP_HDG_SEL_IMU,116.453,5.829,20.000,4,13,8,13,ROLL_LEFT
782,62.065674,0,0.051,0.051,0.051,-5.779,19.180,110.624,0.000,0.000,0.000,-31.875,5.125,22.375,-3.178,-10.330,-29.707,0.109,-0.815,-0.554,0.136,1,-37.782,-2.343,-25.164,0.000,2,41.519035,-86.239639,4.770000,0.879,254.199997,10,41,24,8,12,3,U_TURN_HDG,AP_HDG_SEL_IMU,116.453,5.829,20.000,4,13,8,13,ROLL_LEFT
783,62.139473,0,-0.077,0.051,0.051,-5.779,19.180,110.624,0.000,0.000,0.000,-31.875,5.125,22.375,-3.178,-10.355,-29.707,0.109,-0.815,-0.554,0.136,1,-37.388,-2.301,-25.032,0.000,2,41.519035,-86.239632,7.580000,0.911,254.199997,10,41,24,16,12,3,U_TURN_HDG,AP_HDG_SEL_IMU,116.453,5.829,20.000,4,13,8,13,ROLL_LEFT
784,62.193775,0,0.051,0.026,-0.077,-5.779,19.180,110.624,0.000,0.000,0.000,-31.875,5.125,22.375,-3.178,-10.330,-29.707,0.109,-0.815,-0.554,0.136,1,-37.200,-2.228,-24.969,0.000,2,41.519035,-86.239639,4.390000,0.773,254.199997,10,41,24,20,12,3,U_TURN_HDG,AP_HDG_SEL_IMU,116.453,5.829,20.000,4,13,8,13,ROLL_LEFT
785,62.257160,0,0.051,0.026,-0.051,-5.779,19.180,110.624,0.000,0.000,0.000,-31.875,5.125,22.375,-3.178,-10.330,-29.707,0.109,-0.815,-0.554,0.136,1,-37.264,-2.347,-24.990,0.000,2,41.519035,-86.239639,4.240000,0.724,254.199997,10,41,24,24,12,3,U_TURN_HDG,AP_HDG_SEL_IMU,116.453,5.829,20.000,4,13,8,13,ROLL_LEFT
786,62.307575,0,-0.077,-0.346,0.205,-5.779,19.180,110.624,-0.336,0.000,-0.112,-31.875,5.125,22.375,-3.178,-10.330,-29.733,0.109,-0.815,-0.554,0.136,1,-37.182,-2.335,-24.963,0.000,2,41.519035,-86.239639,0.000000,0.397,254.199997,10,41,24,32,12,3,U_TURN_HDG,AP_HDG_SEL_IMU,116.453,5.829,20.000,4,13,8,13,ROLL_LEFT
787,62.381710,0,0.077,0.000,0.077,-5.777,19.170,110.625,-0.336,0.000,0.000,-31.875,5.125,22.375,-3.204,-10.304,-29.733,0.108,-0.815,-0.554,0.135,1,-37.219,-2.264,-24.975,0.000,2,41.519035,-86.239639,0.000000,0.250,254.100006,10,41,24,40,12,3,U_TURN_HDG,AP_HDG_SEL_IMU,116.453,5.828,20.000,4,13,8,13,ROLL_LEFT
788,62.499752,0,0.051,0.179,-0.077,-5.780,19.205,110.629,-0.560,0.112,0.000,-31.875,5.125,22.375,-3.178,-10.355,-29.707,0.109,-0.815,-0.553,0.136,1,-37.401,-2.328,-25.036,0.000,2,41.519035,-86.239639,0.000000,0.535,254.100006,10,41,24,52,12,3,U_TURN_HDG,AP_HDG_SEL_IMU,116.453,5.824,20.000,4,13,8,13,ROLL_LEFT
789,62.578232,0,-0.077,-0.295,0.179,-5.781,19.215,110.628,-0.448,0.000,0.000,-31.875,5.125,22.375,-3.178,-10.381,-29.707,0.109,-0.815,-0.553,0.136,1,-37.007,-2.282,-24.904,0.000,2,41.519035,-86.239639,0.000000,0.508,254.100006,10,41,24,60,12,3,U_TURN_HDG,AP_HDG_SEL_IMU,116.453,5.825,20.000,4,13,8,13,ROLL_LEFT
790,62.659233,0,0.051,0.577,-0.192,-5.779,19.231,110.624,-1.231,0.112,0.000,-31.875,5.125,22.375,-3.178,-10.381,-29.707,0.109,-0.814,-0.553,0.136,1,-37.245,-2.316,-24.984,0.000,2,41.519035,-86.239639,0.000000,0.549,254.100006,10,41,24,68,12,3,U_TURN_HDG,AP_HDG_SEL_IMU,116.453,5.829,20.000,4,13,8,13,ROLL_LEFT
791,62.712521,0,0.051,0.423,-0.077,-5.778,19.206,110.619,-0.783,0.112,0.000,-31.875,5.125,22.375,-3.178,-10.355,-29.707,0.109,-0.814,-0.554,0.136,1,-36.418,-2.296,-24.705,0.000,2,41.519035,-86.239639,0.000000,0.415,254.100006,10,41,24,72,12,3,U_TURN_HDG,AP_HDG_SEL_IMU,116.453,5.834,20.000,4,13,8,13,ROLL_LEFT
792,62.786385,0,0.051,-0.103,-0.077,-5.768,19.181,110.620,-0.448,0.000,-0.112,-31.875,5.125,22.375,-3.178,-10.330,-29.707,0.109,-0.815,-0.554,0.135,1,-37.027,-2.325,-24.911,0.000,2,41.519035,-86.239639,0.000000,0.258,254.100006,10,41,24,80,12,3,U_TURN_HDG,AP_HDG_SEL_IMU,116.453,5.833,20.000,4,13,8,13,ROLL_LEFT
793,62.866154,0,-0.077,-0.346,0.179,-5.770,19.192,110.615,-0.560,0.000,-0.112,-31.875,5.125,22.375,-3.178,-10.330,-29.707,0.109,-0.814,-0.554,0.136,1,-35.986,-2.321,-24.558,0.000,2,41.519035,-86.239639,0.000000,0.263,254.000000,10,41,24,88,12,3,U_TURN_HDG,AP_HDG_SEL_IMU,116.453,5.838,20.000,4,13,8,13,ROLL_LEFT
794,62.944683,0,0.051,-0.103,0.051,-5.764,19.188,110.617,0.000,0.000,0.000,-31.875,5.125,22.375,-3.178,-10.330,-29.707,0.109,-0.814,-0.554,0.135,1,-36.669,-2.343,-24.790,0.000,2,41.519035,-86.239639,0.000000,0.128,254.000000,10,41,24,96,12,3,U_TURN_HDG,AP_HDG_SEL_IMU,116.453,5.836,20.000,4,13,8,13,ROLL_LEFT
795,63.061069,0,0.051,0.154,-0.077,-5.770,19.192,110.615,-0.336,0.000,0.000,-31.875,5.125,22.375,-3.178,-10.330,-29.707,0.109,-0.814,-0.554,0.136,1,-36.991,-2.259,-24.899,0.000,2,41.519035,-86.239639,0.000000,0.165,254.000000,10,41,25,8,12,3,U_TURN_HDG,AP_HDG_SEL_IMU,116.453,5.838,20.000,4,13,8,13,ROLL_LEFT
796,63.142235,0,-0.077,0.154,-0.077,-5.764,19.188,110.617,0.112,0.000,0.000,-31.875,5.125,22.375,-3.178,-10.330,-29.707,0.109,-0.814,-0.554,0.135,1,-37.536,-2.302,-25.082,0.000,2,41.519035,-86.239639,0.000000,0.191,253.899994,10,41,25,16,12,3,U_TURN_HDG,AP_HDG_SEL_IMU,116.453,5.836,20.000,4,13,8,13,ROLL_LEFT
797,63.215343,0,-0.051,0.051,-0.051,-5.768,19.182,110.616,0.112,0.000,0.112,-31.875,5.125,22.375,-3.178,-10.355,-29.707,0.109,-0.814,-0.554,0.135,1,-37.007,-2.283,-24.904,0.000,2,41.519035,-86.239639,0.000000,0.089,253.899994,10,41,25,24,12,3,U_TURN_HDG,AP_HDG_SEL_IMU,116.453,5.837,20.000,4,13,8,13,ROLL_LEFT
798,63.314899,0,0.051,0.026,-0.051,-5.772,19.176,110.616,-0.224,0.112,-0.112,-31.875,5.125,22.375,-3.178,-10.330,-29.733,0.109,-0.814,-0.554,0.135,1,-37.383,-2.294,-25.030,0.000,2,41.519035,-86.239639,0.000000,0.231,253.899994,10,41,25,28,12,3,U_TURN_HDG,AP_HDG_SEL_IMU,116.453,5.837,20.000,4,13,8,13,ROLL_LEFT
799,63.375397,0,-0.077,-0.103,0.051,-5.768,19.182,110.616,0.112,-0.112,0.112,-31.875,5.125,22.375,-3.178,-10.330,-29.733,0.109,-0.814,-0.554,0.135,1,-36.941,-2.300,-24.882,0.000,2,41.519035,-86.239639,0.000000,0.209,253.899994,10,41,25,36,12,3,U_TURN_HDG,AP_HDG_SEL_IMU,116.453,5.837,20.000,4,13,8,13,ROLL_LEFT
800,63.462082,0,0.051,0.026,0.051,-5.774,19.186,110.615,-0.336,-0.112,0.000,-31.875,5.125,22.375,-3.178,-10.330,-29.707,0.109,-0.814,-0.554,0.136,1,-36.404,-2.268,-24.700,0.000,2,41.519035,-86.239639,0.000000,0.066,253.899994,10,41,25,48,12,3,U_TURN_HDG,AP_HDG_SEL_IMU,116.453,5.838,20.000,4,13,8,13,ROLL_LEFT
801,63.541019,0,0.051,0.154,-0.192,-5.771,19.176,110.610,0.336,0.000,0.000,-31.875,5.125,22.375,-3.178,-10.330,-29.707,0.109,-0.814,-0.554,0.135,1,-37.084,-2.289,-24.930,0.000,2,41.519035,-86.239639,0.000000,0.324,253.800003,10,41,25,56,12,3,U_TURN_HDG,AP_HDG_SEL_IMU,116.453,5.843,20.000,4,13,8,13,ROLL_LEFT
802,63.614086,0,0.051,-0.077,-0.051,-5.773,19.160,110.615,0.448,0.000,0.000,-31.875,5.125,22.375,-3.178,-10.330,-29.733,0.108,-0.815,-0.554,0.135,1,-37.018,-2.307,-24.908,0.000,2,41.519035,-86.239639,0.000000,0.640,253.800003,10,41,25,64,12,3,U_TURN_HDG,AP_HDG_SEL_IMU,116.453,5.839,20.000,4,13,8,13,ROLL_LEFT
803,63.701069,0,0.051,-0.077,-0.077,-5.775,19.170,110.610,0.448,0.000,0.000,-31.875,5.125,22.375,-3.178,-10.355,-29.707,0.108,-0.814,-0.554,0.135,1,-37.380,-2.286,-25.029,0.000,2,41.519035,-86.239639,0.000000,0.587,253.699997,10,41,25,72,12,3,U_TURN_HDG,AP_HDG_SEL_IMU,116.453,5.843,20.000,4,13,8,13,ROLL_LEFT
804,63.775482,0,-0.077,0.179,-0.077,-5.772,19.186,110.609,0.671,-0.112,0.000,-31.875,5.125,22.375,-3.178,-10.355,-29.707,0.109,-0.814,-0.554,0.136,1,-36.404,-2.271,-24.700,0.000,2,41.519035,-86.239639,275.519989,0.765,253.699997,10,41,25,80,12,3,U_TURN_HDG,AP_HDG_SEL_IMU,116.453,5.844,20.000,4,13,8,13,ROLL_LEFT
805,63.857197,0,0.077,-0.051,-0.051,-5.774,19.197,110.605,-1.119,0.000,-0.112,-31.875,5.125,22.375,-3.178,-10.355,-29.707,0.109,-0.814,-0.554,0.136,1,-37.170,-2.313,-24.959,0.000,2,41.519035,-86.239639,0.000000,0.724,253.699997,10,41,25,88,12,3,U_TURN_HDG,AP_HDG_SEL_IMU,116.453,5.848,20.000,4,13,8,13,ROLL_LEFT
806,63.948875,0,0.051,-0.026,-0.077,-5.773,19.221,110.603,0.112,-0.112,0.000,-31.875,5.125,22.375,-3.178,-10.406,-29.707,0.109,-0.814,-0.554,0.136,1,-36.876,-2.321,-24.860,0.000,2,41.519035,-86.239639,0.000000,0.486,253.699997,10,41,25,96,12,3,U_TURN_HDG,AP_HDG_SEL_IMU,116.453,5.850,20.000,4,13,8,13,ROLL_LEFT
807,64.020065,0,0.051,0.308,-0.051,-5.775,19.206,110.604,0.112,0.000,0.000,-31.875,5.125,22.375,-3.178,-10.355,-29.733,0.109,-0.814,-0.554,0.136,1,-36.857,-2.282,-24.854,0.000,2,41.519035,-86.239639,0.000000,0.184,253.699997,10,41,26,4,12,3,U_TURN_HDG,AP_HDG_SEL_IMU,116.453,5.849,20.000,4,13,8,13,ROLL_LEFT
808,64.134239,0,0.077,-0.320,0.051,-5.775,19.206,110.604,-0.671,0.112,-0.112,-31.875,5.125,22.375,-3.178,-10.355,-29.707,0.109,-0.814,-0.554,0.136,1,-37.158,-2.287,-24.955,0.000,2,41.519035,-86.239639,0.000000,0.140,253.699997,10,41,26,16,12,3,U_TURN_HDG,AP_HDG_SEL_IMU,116.453,5.849,20.000,4,13,8,13,ROLL_LEFT
809,64.220047,0,0.051,0.026,-0.077,-5.777,19.190,110.599,0.224,0.000,-0.112,-31.875,5.125,22.375,-3.178,-10.330,-29.707,0.109,-0.814,-0.554,0.136,1,-37.583,-2.252,-25.097,0.000,2,41.519039,-86.239639,0.000000,0.392,253.699997,10,41,26,24,12,3,U_TURN_HDG,AP_HDG_SEL_IMU,116.453,5.854,20.000,4,13,8,13,ROLL_LEFT
810,64.302254,0,-0.077,-0.103,-0.077,-5.775,19.181,110.599,0.224,-0.112,0.112,-31.875,5.125,22.375,-3.178,-10.304,-29.707,0.109,-0.814,-0.554,0.136,1,-37.227,-2.277,-24.978,0.000,2,41.519039,-86.239639,0.000000,0.397,253.699997,10,41,26,32,12,3,U_TURN_HDG,AP_HDG_SEL_IMU,116.453,5.854,20.000,4,13,8,13,ROLL_LEFT
811,64.359711,0,-0.077,-0.205,0.179,-5.778,19.191,110.604,1.007,0.000,0.000,-31.875,5.125,22.375,-3.178,-10.355,-29.707,0.109,-0.814,-0.554,0.136,1,-37.203,-2.234,-24.970,0.000,2,41.519039,-86.239639,0.000000,0.358,253.699997,10,41,26,36,12,3,U_TURN_HDG,AP_HDG_SEL_IMU,116.453,5.849,20.000,4,13,8,13,ROLL_LEFT
812,64.423950,0,0.077,0.051,-0.167,-5.784,19.229,110.601,0.448,-0.112,0.112,-31.875,5.125,22.375,-3.204,-10.355,-29.733,0.109,-0.814,-0.554,0.136,1,-37.523,-2.275,-25.077,0.000,2,41.519039,-86.239639,0.000000,0.361,253.699997,10,41,26,44,12,3,U_TURN_HDG,AP_HDG_SEL_IMU,116.453,5.852,20.000,4,13,8,13,ROLL_LEFT
813,64.479507,0,-0.051,0.077,-0.077,-5.787,19.239,110.606,-0.671,0.000,-0.112,-31.875,5.125,22.375,-3.204,-10.381,-29.707,0.109,-0.814,-0.554,0.136,1,-37.150,-2.272,-24.952,0.000,2,41.519039,-86.239639,0.000000,0.277,253.699997,10,41,26,48,12,3,U_TURN_HDG,AP_HDG_SEL_IMU,116.453,5.847,20.000,4,13,8,13,ROLL_LEFT
814,64.542061,0,0.051,0.077,0.051,-5.784,19.179,110.598,0.895,0.000,-0.112,-31.875,5.125,22.375,-3.178,-10.381,-29.707,0.108,-0.814,-0.554,0.136,1,-36.920,-2.262,-24.875,0.000,2,41.519039,-86.239639,0.000000,0.393,253.699997,10,41,26,52,12,3,U_TURN_HDG,AP_HDG_SEL_IMU,116.453,5.855,20.000,4,13,8,13,ROLL_LEFT
815,64.602165,0,0.051,0.333,-0.192,-5.783,19.220,110.602,-0.895,-0.112,0.000,-31.875,5.125,22.375,-3.178,-10.381,-29.707,0.109,-0.814,-0.554,0.136,1,-37.348,-2.230,-25.019,0.000,2,41.519039,-86.239639,0.000000,0.368,253.699997,10,41,26,60,12,3,U_TURN_HDG,AP_HDG_SEL_IMU,116.453,5.851,20.000,4,13,8,13,ROLL_LEFT
816,64.661026,0,0.051,-0.320,0.179,-5.779,19.175,110.599,2.238,-0.112,0.224,-31.875,5.125,22.375,-3.178,-10.355,-29.733,0.108,-0.814,-0.554,0.136,1,-37.269,-2.220,-24.992,0.000,2,41.519039,-86.239639,0.000000,0.410,253.699997,10,41,26,64,12,3,U_TURN_HDG,AP_HDG_SEL_IMU,116.453,5.854,20.000,4,13,8,13,ROLL_LEFT
817,64.713516,0,0.051,0.308,-0.167,-5.783,19.195,110.603,-1.119,0.112,-0.112,-31.875,5.125,22.375,-3.178,-10.330,-29.707,0.109,-0.814,-0.554,0.136,1,-37.060,-2.244,-24.922,0.000,2,41.519039,-86.239639,0.000000,0.697,253.699997,10,41,26,72,12,3,U_TURN_HDG,AP_HDG_SEL_IMU,116.453,5.850,20.000,4,13,8,13,ROLL_LEFT
818,64.776505,0,-0.077,-0.128,0.051,-5.779,19.175,110.599,-0.336,-0.112,0.000,-31.875,5.125,22.375,-3.178,-10.304,-29.707,0.108,-0.814,-0.554,0.136,1,-37.221,-2.267,-24.976,0.000,2,41.519039,-86.239639,0.000000,0.677,253.699997,10,41,26,80,12,3,U_TURN_HDG,AP_HDG_SEL_IMU,116.453,5.854,20.000,4,13,8,13,ROLL_LEFT
819,64.861412,0,-0.077,-0.103,0.051,-5.779,19.175,110.599,-0.336,0.000,0.000,-31.875,5.125,22.375,-3.178,-10.304,-29.707,0.108,-0.814,-0.554,0.136,1,-37.491,-2.215,-25.066,0.000,2,41.519039,-86.239639,0.000000,0.677,253.699997,10,41,26,84,12,3,U_TURN_HDG,AP_HDG_SEL_IMU,116.453,5.854,20.000,4,13,8,13,ROLL_LEFT
820,64.924652,0,0.051,0.026,0.051,-5.779,19.200,110.603,0.448,0.000,0.112,-31.875,5.125,22.375,-3.178,-10.330,-29.707,0.109,-0.814,-0.554,0.136,1,-36.775,-2.268,-24.826,0.000,2,41.519039,-86.239639,0.000000,0.503,253.699997,10,41,26,92,12,3,U_TURN_HDG,AP_HDG_SEL_IMU,116.453,5.850,20.000,4,13,8,13,ROLL_LEFT
821,64.993507,0,0.051,0.128,-0.077,-5.782,19.184,110.608,0.224,-0.112,0.000,-31.875,5.125,22.375,-3.178,-10.330,-29.707,0.109,-0.814,-0.554,0.136,1,-36.923,-2.266,-24.876,0.000,2,41.519039,-86.239639,0.000000,0.505,253.699997,10,41,27,0,12,3,U_TURN_HDG,AP_HDG_SEL_IMU,116.453,5.845,20.000,4,13,8,13,ROLL_LEFT
822,65.060730,0,0.051,0.128,-0.077,-5.770,19.151,110.606,-0.895,0.000,0.112,-31.875,5.125,22.375,-3.178,-10.304,-29.707,0.108,-0.814,-0.554,0.135,1,-36.917,-2.258,-24.874,0.000,2,41.519039,-86.239639,0.000000,0.596,253.800003,10,41,27,4,12,3,U_TURN_HDG,AP_HDG_SEL_IMU,116.453,5.847,20.000,4,13,8,13,ROLL_LEFT
823,65.141441,0,0.051,0.179,-0.077,-5.770,19.125,110.601,0.671,0.000,0.112,-31.875,5.125,22.375,-3.178,-10.304,-29.707,0.108,-0.814,-0.554,0.135,1,-37.115,-2.209,-24.940,0.000,2,41.519039,-86.239639,0.000000,0.594,253.699997,10,41,27,12,12,3,U_TURN_HDG,AP_HDG_SEL_IMU,116.453,5.852,20.000,4,13,8,13,ROLL_LEFT
824,65.193436,0,0.051,0.179,-0.077,-5.772,19.160,110.605,-1.567,0.000,0.000,-31.875,5.125,22.375,-3.178,-10.355,-29.707,0.108,-0.814,-0.554,0.135,1,-36.777,-2.271,-24.827,0.000,2,41.519039,-86.239639,0.000000,0.505,253.699997,10,41,27,20,12,3,U_TURN_HDG,AP_HDG_SEL_IMU,116.453,5.848,20.000,4,13,8,13,ROLL_LEFT
825,65.298798,0,-0.077,-0.103,0.077,-5.774,19.145,110.605,-1.679,0.112,-0.112,-31.875,5.125,22.375,-3.178,-10.330,-29.707,0.108,-0.814,-0.554,0.135,1,-37.443,-2.267,-25.050,0.000,2,41.519039,-86.239639,0.000000,0.402,253.699997,10,41,27,32,12,3,U_TURN_HDG,AP_HDG_SEL_IMU,116.453,5.848,20.000,4,13,8,13,ROLL_LEFT
826,65.381096,0,-0.077,0.154,-0.051,-5.769,19.141,110.606,0.560,0.000,0.000,-31.875,5.125,22.375,-3.178,-10.330,-29.733,0.108,-0.814,-0.554,0.135,1,-37.383,-2.294,-25.030,0.000,2,41.519039,-86.239639,0.000000,0.295,253.699997,10,41,27,40,12,3,U_TURN_HDG,AP_HDG_SEL_IMU,116.453,5.847,20.000,4,13,8,13,ROLL_LEFT
827,65.438232,0,0.051,0.154,-0.051,-5.770,19.151,110.606,0.783,0.000,0.000,-31.875,5.125,22.375,-3.178,-10.330,-29.733,0.108,-0.814,-0.554,0.135,1,-36.648,-2.309,-24.783,0.000,2,41.519039,-86.239639,0.000000,0.095,253.699997,10,41,27,44,12,3,U_TURN_HDG,AP_HDG_SEL_IMU,116.453,5.847,20.000,4,13,8,13,ROLL_LEFT
828,65.539162,0,0.051,0.026,-0.051,-5.769,19.166,110.611,-1.455,0.112,0.000,-31.875,5.125,22.375,-3.178,-10.304,-29.707,0.108,-0.814,-0.554,0.135,1,-37.360,-2.245,-25.022,0.000,2,41.519039,-86.239639,0.000000,0.326,253.800003,10,41,27,56,12,3,U_TURN_HDG,AP_HDG_SEL_IMU,116.453,5.842,20.000,4,13,8,13,ROLL_LEFT
829,65.621132,0,-0.077,0.000,0.077,-5.771,19.176,110.610,1.455,-0.112,0.000,-31.875,5.125,22.375,-3.178,-10.330,-29.707,0.109,-0.814,-0.554,0.135,1,-36.829,-2.228,-24.844,0.000,2,41.519039,-86.239639,0.000000,0.385,253.800003,10,41,27,64,12,3,U_TURN_HDG,AP_HDG_SEL_IMU,116.453,5.843,20.000,4,13,8,13,ROLL_LEFT
830,65.676506,0,0.051,-0.128,-0.077,-5.770,19.140,110.616,-1.119,0.112,-0.112,-31.875,5.125,22.375,-3.178,-10.304,-29.733,0.108,-0.815,-0.554,0.135,1,-37.438,-2.253,-25.049,0.000,2,41.519039,-86.239639,0.000000,0.425,253.800003,10,41,27,68,12,3,U_TURN_HDG,AP_HDG_SEL_IMU,116.453,5.837,20.000,4,13,8,13,ROLL_LEFT
831,65.747177,0,-0.077,-0.256,0.205,-5.774,19.135,110.616,0.000,0.000,0.000,-31.875,5.125,22.375,-3.178,-10.304,-29.707,0.108,-0.815,-0.554,0.135,1,-36.866,-2.300,-24.857,0.000,2,41.519039,-86.239639,0.000000,0.559,253.800003,10,41,27,76,12,3,U_TURN_HDG,AP_HDG_SEL_IMU,116.453,5.837,20.000,4,13,8,13,ROLL_LEFT
832,65.821190,0,0.026,-0.256,0.205,-5.768,19.131,110.617,0.000,0.000,0.000,-31.875,5.125,22.375,-3.153,-10.304,-29.733,0.108,-0.815,-0.554,0.135,1,-37.137,-2.251,-24.948,0.000,2,41.519039,-86.239639,0.000000,0.415,253.800003,10,41,27,84,12,3,U_TURN_HDG,AP_HDG_SEL_IMU,116.453,5.836,20.000,4,13,8,13,ROLL_LEFT
833,65.875954,0,0.026,0.128,-0.051,-5.767,19.130,110.611,0.000,0.000,0.000,-31.875,5.125,22.375,-3.178,-10.304,-29.758,0.108,-0.815,-0.554,0.135,1,-36.989,-2.248,-24.898,0.000,2,41.519039,-86.239639,0.000000,0.317,253.800003,10,41,27,88,12,3,U_TURN_HDG,AP_HDG_SEL_IMU,116.453,5.842,20.000,4,13,8,13,ROLL_LEFT
834,65.950706,0,0.051,0.372,-0.192,-5.767,19.130,110.611,0.000,0.000,0.000,-31.875,5.125,22.375,-3.178,-10.304,-29.758,0.108,-0.815,-0.554,0.135,1,-36.901,-2.225,-24.868,0.000,2,41.519039,-86.239639,0.000000,0.675,253.800003,10,41,27,96,12,3,U_TURN_HDG,AP_HDG_SEL_IMU,116.453,5.842,20.000,4,13,8,13,ROLL_LEFT
835,66.022133,0,-0.077,-0.256,0.051,-5.768,19.131,110.617,1.007,0.000,0.112,-31.875,5.125,22.375,-3.178,-10.304,-29.733,0.108,-0.815,-0.554,0.135,1,-37.343,-2.217,-25.017,0.000,2,41.519039,-86.239639,0.000000,0.508,253.800003,10,41,28,4,12,3,U_TURN_HDG,AP_HDG_SEL_IMU,116.453,5.836,20.000,4,13,8,13,ROLL_LEFT
836,66.141151,0,0.051,-0.256,0.077,-5.765,19.136,110.617,-0.336,0.112,0.112,-31.875,5.125,22.375,-3.178,-10.304,-29.733,0.108,-0.815,-0.554,0.135,1,-37.427,-2.239,-25.045,0.000,2,41.519039,-86.239639,0.000000,0.565,253.899994,10,41,28,16,12,3,U_TURN_HDG,AP_HDG_SEL_IMU,116.453,5.836,20.000,4,13,8,13,ROLL_LEFT
837,66.217514,0,-0.077,-0.128,0.051,-5.767,19.157,110.612,0.448,0.000,0.112,-31.875,5.125,22.375,-3.178,-10.304,-29.707,0.108,-0.814,-0.554,0.135,1,-37.360,-2.247,-25.022,0.000,2,41.519039,-86.239639,0.000000,0.685,253.899994,10,41,28,20,12,3,U_TURN_HDG,AP_HDG_SEL_IMU,116.453,5.841,20.000,4,13,8,13,ROLL_LEFT
838,66.271507,0,0.077,0.000,0.051,-5.764,19.161,110.616,0.112,0.000,0.000,-31.875,5.125,22.375,-3.204,-10.304,-29.707,0.108,-0.815,-0.554,0.135,1,-37.113,-2.204,-24.940,0.000,2,41.519039,-86.239639,0.000000,0.619,253.899994,10,41,28,28,12,3,U_TURN_HDG,AP_HDG_SEL_IMU,116.453,5.837,20.000,4,13,8,13,ROLL_LEFT
839,66.329018,0,-0.051,0.026,-0.077,-5.771,19.166,110.621,-0.112,0.000,-0.112,-31.875,5.125,22.375,-3.204,-10.330,-29.707,0.108,-0.815,-0.554,0.135,1,-36.817,-2.207,-24.840,0.000,2,41.519039,-86.239639,0.000000,0.624,253.899994,10,41,28,32,12,3,U_TURN_HDG,AP_HDG_SEL_IMU,116.453,5.832,20.000,4,13,8,13,ROLL_LEFT
840,66.382561,0,-0.051,0.000,-0.077,-5.773,19.160,110.615,-0.560,0.112,-0.112,-31.875,5.125,22.375,-3.204,-10.304,-29.707,0.108,-0.815,-0.554,0.135,1,-36.748,-2.217,-24.817,0.000,2,41.519043,-86.239639,345.619995,0.832,253.899994,10,41,28,40,12,3,U_TURN_HDG,AP_HDG_SEL_IMU,116.453,5.839,20.000,4,13,8,13,ROLL_LEFT
841,66.456505,0,0.051,0.000,0.077,-5.776,19.144,110.615,0.560,0.000,0.112,-31.875,5.125,22.375,-3.178,-10.304,-29.733,0.108,-0.815,-0.554,0.135,1,-36.755,-2.231,-24.819,0.000,2,41.519043,-86.239639,353.079987,0.925,253.899994,10,41,28,44,12,3,U_TURN_HDG,AP_HDG_SEL_IMU,116.453,5.838,20.000,4,13,8,13,ROLL_LEFT
842,66.520561,0,-0.077,-0.256,0.077,-5.768,19.131,110.617,-0.783,0.112,-0.112,-31.875,5.125,22.375,-3.178,-10.304,-29.758,0.108,-0.815,-0.554,0.135,1,-36.389,-2.238,-24.695,0.000,2,41.519043,-86.239639,1.990000,1.016,254.000000,10,41,28,52,12,3,U_TURN_HDG,AP_HDG_SEL_IMU,116.453,5.836,20.000,4,13,8,13,ROLL_LEFT
843,66.582352,0,-0.077,0.128,-0.026,-5.764,19.111,110.613,-0.448,0.000,0.000,-31.875,5.125,22.375,-3.178,-10.304,-29.733,0.108,-0.815,-0.554,0.135,1,-36.949,-2.311,-24.885,0.000,2,41.519043,-86.239639,2.350000,1.033,254.000000,10,41,28,60,12,3,U_TURN_HDG,AP_HDG_SEL_IMU,116.453,5.840,20.000,4,13,8,13,ROLL_LEFT
844,66.655510,0,-0.077,0.000,0.077,-5.766,19.121,110.612,0.783,-0.112,0.000,-31.875,5.125,22.375,-3.178,-10.304,-29.733,0.108,-0.815,-0.554,0.135,1,-36.907,-2.237,-24.870,0.000,2,41.519043,-86.239639,4.440000,1.095,254.000000,10,41,28,64,12,3,U_TURN_HDG,AP_HDG_SEL_IMU,116.453,5.841,20.000,4,13,8,13,ROLL_LEFT
845,66.710922,0,-0.077,0.000,-0.051,-5.774,19.135,110.616,0.000,-0.112,0.000,-31.875,5.125,22.375,-3.178,-10.304,-29.733,0.108,-0.815,-0.554,0.135,1,-37.348,-2.225,-25.019,0.000,2,41.519043,-86.239639,4.900000,1.072,254.000000,10,41,28,72,12,3,U_TURN_HDG,AP_HDG_SEL_IMU,116.453,5.837,20.000,4,13,8,13,ROLL_LEFT
846,66.828743,0,0.051,0.000,0.051,-5.773,19.134,110.610,0.000,0.000,0.000,-31.875,5.125,22.375,-3.178,-10.304,-29.733,0.108,-0.815,-0.554,0.135,1,-36.518,-2.208,-24.739,0.000,2,41.519043,-86.239639,0.570000,1.060,254.100006,10,41,28,84,12,3,U_TURN_HDG,AP_HDG_SEL_IMU,116.453,5.843,20.000,4,13,8,13,ROLL_LEFT
847,66.905357,0,-0.077,-0.026,0.077,-5.777,19.129,110.610,0.224,-0.112,0.000,-31.875,5.125,22.375,-3.178,-10.278,-29.733,0.108,-0.815,-0.554,0.135,1,-37.353,-2.235,-25.020,0.000,2,41.519043,-86.239639,4.070000,1.038,254.100006,10,41,28,92,12,3,U_TURN_HDG,AP_HDG_SEL_IMU,116.453,5.843,20.000,4,13,8,13,ROLL_LEFT
848,66.957893,0,-0.077,0.103,-0.077,-5.768,19.115,110.606,-0.112,0.000,-0.112,-31.875,5.125,22.375,-3.178,-10.278,-29.707,0.108,-0.815,-0.554,0.135,1,-37.269,-2.215,-24.992,0.000,2,41.519043,-86.239639,2.590000,1.045,254.100006,10,41,28,96,12,3,U_TURN_HDG,AP_HDG_SEL_IMU,116.453,5.847,20.000,4,13,8,13,ROLL_LEFT
849,67.021332,0,0.051,0.231,-0.077,-5.767,19.105,110.607,0.000,0.000,0.000,-31.875,5.125,22.375,-3.178,-10.278,-29.707,0.108,-0.815,-0.554,0.135,1,-37.170,-2.175,-24.959,0.000,2,41.519043,-86.239639,2.760000,0.856,254.100006,10,41,29,4,12,3,U_TURN_HDG,AP_HDG_SEL_IMU,116.453,5.846,20.000,4,13,8,13,ROLL_LEFT
850,67.145370,0,0.051,0.103,-0.077,-5.767,19.105,110.607,0.000,0.000,0.000,-31.875,5.125,22.375,-3.178,-10.278,-29.707,0.108,-0.815,-0.554,0.135,1,-37.433,-2.249,-25.047,0.000,2,41.519043,-86.239639,3.610000,0.726,254.100006,10,41,29,16,12,3,U_TURN_HDG,AP_HDG_SEL_IMU,116.453,5.846,20.000,4,13,8,13,ROLL_LEFT
851,67.204941,0,-0.077,-0.026,-0.051,-5.767,19.105,110.607,0.000,0.000,0.000,-31.875,5.125,22.375,-3.178,-10.278,-29.733,0.108,-0.815,-0.554,0.135,1,-36.983,-2.239,-24.896,0.000,2,41.519043,-86.239639,0.000000,0.581,254.100006,10,41,29,20,12,3,U_TURN_HDG,AP_HDG_SEL_IMU,116.453,5.846,20.000,4,13,8,13,ROLL_LEFT
852,67.259201,0,-0.077,-0.026,0.051,-5.771,19.099,110.606,0.000,0.000,0.000,-31.875,5.125,22.375,-3.178,-10.278,-29.707,0.108,-0.815,-0.554,0.135,1,-36.991,-2.255,-24.899,0.000,2,41.519043,-86.239639,0.000000,0.527,254.100006,10,41,29,28,12,3,U_TURN_HDG,AP_HDG_SEL_IMU,116.453,5.847,20.000,4,13,8,13,ROLL_LEFT
853,67.304733,0,-0.077,-0.026,-0.077,-5.771,19.099,110.606,0.000,0.000,0.000,-31.875,5.125,22.375,-3.178,-10.278,-29.707,0.108,-0.815,-0.554,0.135,1,-36.742,-2.206,-24.815,0.000,2,41.519043,-86.239639,0.000000,0.478,254.100006,10,41,29,32,12,3,U_TURN_HDG,AP_HDG_SEL_IMU,116.453,5.847,20.000,4,13,8,13,ROLL_LEFT
854,67.382248,0,-0.051,0.103,0.051,-5.771,19.099,110.606,0.000,0.000,0.000,-31.875,5.125,22.375,-3.178,-10.278,-29.707,0.108,-0.815,-0.554,0.135,1,-37.192,-2.215,-24.966,0.000,2,41.519043,-86.239639,0.000000,0.648,254.100006,10,41,29,40,12,3,U_TURN_HDG,AP_HDG_SEL_IMU,116.453,5.847,20.000,4,13,8,13,ROLL_LEFT
855,67.445061,0,0.077,-0.026,0.051,-5.771,19.099,110.606,0.000,0.000,0.000,-31.875,5.125,22.375,-3.204,-10.278,-29.707,0.108,-0.815,-0.554,0.135,1,-37.340,-2.211,-25.016,0.000,2,41.519043,-86.239639,0.000000,0.614,254.100006,10,41,29,44,12,3,U_TURN_HDG,AP_HDG_SEL_IMU,116.453,5.847,20.000,4,13,8,13,ROLL_LEFT
856,67.495506,0,0.077,-0.154,0.051,-5.775,19.094,110.606,0.000,0.000,0.000,-31.875,5.125,22.375,-3.204,-10.278,-29.707,0.108,-0.815,-0.554,0.135,1,-37.343,-2.216,-25.017,0.000,2,41.519043,-86.239639,0.000000,0.635,254.100006,10,41,29,48,12,3,U_TURN_HDG,AP_HDG_SEL_IMU,116.453,5.847,20.000,4,13,8,13,ROLL_LEFT
857,67.556778,0,-0.077,0.000,-0.077,-5.780,19.098,110.605,0.000,0.000,0.000,-31.875,5.125,22.375,-3.178,-10.304,-29.707,0.108,-0.815,-0.554,0.135,1,-36.931,-2.280,-24.879,0.000,2,41.519047,-86.239639,0.000000,0.657,254.100006,10,41,29,56,12,3,U_TURN_HDG,AP_HDG_SEL_IMU,116.453,5.848,20.000,4,13,8,13,ROLL_LEFT
858,67.619911,0,0.051,0.000,0.051,-5.780,19.098,110.605,0.000,0.000,0.000,-31.875,5.125,22.375,-3.178,-10.304,-29.707,0.108,-0.815,-0.554,0.135,1,-37.427,-2.236,-25.045,0.000,2,41.519047,-86.239639,0.000000,0.570,254.000000,10,41,29,64,12,3,U_TURN_HDG,AP_HDG_SEL_IMU,116.453,5.848,20.000,4,13,8,13,ROLL_LEFT
859,67.683640,0,0.051,0.128,-0.077,-5.776,19.103,110.605,0.000,0.000,0.000,-31.875,5.125,22.375,-3.178,-10.304,-29.707,0.108,-0.815,-0.554,0.135,1,-37.032,-2.196,-24.913,0.000,2,41.519047,-86.239639,0.000000,0.496,254.000000,10,41,29,68,12,3,U_TURN_HDG,AP_HDG_SEL_IMU,116.453,5.848,20.000,4,13,8,13,ROLL_LEFT
860,67.740791,0,-0.077,-0.256,0.051,-5.776,19.103,110.605,1.007,-0.112,0.000,-31.875,5.125,22.375,-3.178,-10.304,-29.707,0.108,-0.815,-0.554,0.135,1,-37.708,-2.205,-25.139,0.000,2,41.519047,-86.239639,0.000000,0.562,254.000000,10,41,29,76,12,3,U_TURN_HDG,AP_HDG_SEL_IMU,116.453,5.848,20.000,4,13,8,13,ROLL_LEFT
861,67.858131,0,0.051,0.000,0.051,-5.778,19.113,110.604,-0.448,0.112,-0.112,-31.875,5.125,22.375,-3.178,-10.304,-29.707,0.108,-0.815,-0.554,0.135,1,-37.264,-2.207,-24.990,0.000,2,41.519047,-86.239639,0.000000,0.326,254.000000,10,41,29,88,12,3,U_TURN_HDG,AP_HDG_SEL_IMU,116.453,5.849,20.000,4,13,8,13,ROLL_LEFT
862,67.923248,0,0.051,0.000,0.051,-5.778,19.113,110.604,0.336,0.000,0.000,-31.875,5.125,22.375,-3.178,-10.304,-29.707,0.108,-0.815,-0.554,0.135,1,-37.081,-2.284,-24.929,0.000,2,41.519047,-86.239639,0.000000,0.349,254.000000,10,41,29,92,12,3,U_TURN_HDG,AP_HDG_SEL_IMU,116.453,5.849,20.000,4,13,8,13,ROLL_LEFT
863,67.992706,0,-0.077,0.000,0.077,-5.778,19.113,110.604,0.000,-0.112,0.000,-31.875,5.125,22.375,-3.178,-10.304,-29.733,0.108,-0.815,-0.554,0.135,1,-37.345,-2.224,-25.017,0.000,2,41.519047,-86.239639,0.000000,0.523,254.000000,10,41,30,0,12,3,U_TURN_HDG,AP_HDG_SEL_IMU,116.453,5.849,20.000,4,13,8,13,ROLL_LEFT
864,68.066872,0,0.051,0.000,0.077,-5.779,19.113,110.610,0.112,0.000,0.000,-31.875,5.125,22.375,-3.178,-10.304,-29.733,0.108,-0.815,-0.554,0.135,1,-36.658,-2.190,-24.787,0.000,2,41.519047,-86.239639,0.000000,0.528,253.899994,10,41,30,8,12,3,U_TURN_HDG,AP_HDG_SEL_IMU,116.453,5.843,20.000,4,13,8,13,ROLL_LEFT
865,68.139603,0,-0.077,0.000,0.077,-5.778,19.113,110.604,0.112,0.112,0.000,-31.875,5.125,22.375,-3.178,-10.304,-29.733,0.108,-0.815,-0.554,0.135,1,-36.994,-2.257,-24.900,0.000,2,41.519047,-86.239639,0.000000,0.366,253.899994,10,41,30,16,12,3,U_TURN_HDG,AP_HDG_SEL_IMU,116.453,5.849,20.000,4,13,8,13,ROLL_LEFT
866,68.233315,0,-0.077,0.000,-0.077,-5.778,19.113,110.604,0.336,0.000,-0.112,-31.875,5.125,22.375,-3.178,-10.304,-29.733,0.108,-0.815,-0.554,0.135,1,-36.893,-2.214,-24.866,0.000,2,41.519047,-86.239639,0.000000,0.130,253.899994,10,41,30,24,12,3,U_TURN_HDG,AP_HDG_SEL_IMU,116.453,5.849,20.000,4,13,8,13,ROLL_LEFT
867,68.282509,0,-0.077,0.000,-0.077,-5.785,19.128,110.598,0.000,0.000,0.000,-31.875,5.125,22.375,-3.178,-10.304,-29.707,0.108,-0.814,-0.554,0.135,1,-36.727,-2.176,-24.810,0.000,2,41.519047,-86.239639,0.000000,0.214,253.899994,10,41,30,28,12,3,U_TURN_HDG,AP_HDG_SEL_IMU,116.453,5.855,20.000,4,13,8,13,ROLL_LEFT
868,68.356514,0,0.051,0.000,0.077,-5.785,19.128,110.598,-0.336,0.000,-0.112,-31.875,5.125,22.375,-3.178,-10.304,-29.707,0.108,-0.814,-0.554,0.135,1,-37.000,-2.272,-24.902,0.000,2,41.519047,-86.239639,0.000000,0.164,253.899994,10,41,30,36,12,3,U_TURN_HDG,AP_HDG_SEL_IMU,116.453,5.855,20.000,4,13,8,13,ROLL_LEFT
869,68.436508,0,0.077,0.000,-0.051,-5.778,19.123,110.594,0.000,0.000,-0.112,-31.875,5.125,22.375,-3.178,-10.304,-29.733,0.108,-0.814,-0.554,0.135,1,-36.456,-2.229,-24.718,0.000,2,41.519047,-86.239639,0.000000,0.258,253.800003,10,41,30,44,12,3,U_TURN_HDG,AP_HDG_SEL_IMU,116.453,5.859,20.000,4,13,8,13,ROLL_LEFT
870,68.516182,0,0.077,-0.128,0.077,-5.782,19.118,110.594,-0.224,0.112,0.112,-31.875,5.125,22.375,-3.204,-10.304,-29.733,0.108,-0.814,-0.554,0.135,1,-36.759,-2.234,-24.820,0.000,2,41.519047,-86.239639,0.000000,0.017,253.699997,10,41,30,52,12,3,U_TURN_HDG,AP_HDG_SEL_IMU,116.453,5.859,20.000,4,13,8,13,ROLL_LEFT
871,68.581070,0,-0.051,0.000,0.077,-5.789,19.122,110.598,0.000,0.000,-0.112,-31.875,5.125,22.375,-3.204,-10.304,-29.733,0.108,-0.814,-0.554,0.135,1,-36.599,-2.220,-24.767,0.000,2,41.519047,-86.239639,0.000000,0.186,253.699997,10,41,30,60,12,3,U_TURN_HDG,AP_HDG_SEL_IMU,116.453,5.855,20.000,4,13,8,13,ROLL_LEFT
872,68.665955,0,0.077,0.128,0.077,-5.789,19.122,110.598,-0.112,-0.112,-0.112,-31.875,5.125,22.375,-3.178,-10.330,-29.707,0.108,-0.814,-0.554,0.135,1,-37.293,-2.263,-25.000,0.000,2,41.519047,-86.239639,0.000000,0.125,253.699997,10,41,30,68,12,3,U_TURN_HDG,AP_HDG_SEL_IMU,116.453,5.855,20.000,4,13,8,13,ROLL_LEFT
873,68.784058,0,0.051,0.026,0.051,-5.785,19.128,110.598,0.000,-0.112,0.000,-31.875,5.125,22.375,-3.178,-10.304,-29.733,0.108,-0.814,-0.554,0.135,1,-37.257,-2.195,-24.988,0.000,2,41.519047,-86.239639,0.000000,0.194,253.699997,10,41,30,80,12,3,U_TURN_HDG,AP_HDG_SEL_IMU,116.453,5.855,20.000,4,13,8,13,ROLL_LEFT
874,68.865128,0,-0.077,0.000,0.077,-5.785,19.128,110.598,0.000,0.000,0.000,-31.875,5.125,22.375,-3.153,-10.330,-29.733,0.108,-0.814,-0.554,0.135,1,-37.412,-2.207,-25.040,0.000,2,41.519047,-86.239639,0.000000,0.248,253.699997,10,41,30,88,12,3,U_TURN_HDG,AP_HDG_SEL_IMU,116.453,5.855,20.000,4,13,8,13,ROLL_LEFT
875,68.945282,0,0.051,0.000,-0.077,-5.784,19.127,110.593,0.000,0.000,0.000,-31.875,5.125,22.375,-3.178,-10.304,-29.733,0.108,-0.814,-0.554,0.135,1,-37.486,-2.208,-25.065,0.000,2,41.519047,-86.239639,0.000000,0.243,253.699997,10,41,30,96,12,3,U_TURN_HDG,AP_HDG_SEL_IMU,116.453,5.860,20.000,4,13,8,13,ROLL_LEFT
876,69.015549,0,0.051,-0.026,0.051,-5.778,19.123,110.594,0.000,0.000,0.000,-31.875,5.125,22.375,-3.178,-10.304,-29.707,0.108,-0.814,-0.554,0.135,1,-36.580,-2.183,-24.760,0.000,2,41.519047,-86.239639,0.000000,0.167,253.699997,10,41,31,4,12,3,U_TURN_HDG,AP_HDG_SEL_IMU,116.453,5.859,20.000,4,13,8,13,ROLL_LEFT
877,69.184074,0,0.077,-0.026,-0.051,-5.782,19.118,110.594,0.000,0.000,0.000,-31.875,5.125,22.375,-3.178,-10.278,-29.707,0.108,-0.814,-0.554,0.135,1,-37.039,-2.204,-24.915,0.000,2,41.519047,-86.239639,0.000000,0.186,253.699997,10,41,31,20,12,3,U_TURN_HDG,AP_HDG_SEL_IMU,116.453,5.859,20.000,4,13,8,13,ROLL_LEFT
878,69.264069,0,0.077,-0.128,-0.051,-5.789,19.122,110.598,0.560,-0.112,0.112,-31.875,5.125,22.375,-3.178,-10.304,-29.707,0.108,-0.814,-0.554,0.135,1,-36.928,-2.276,-24.878,0.000,2,41.519047,-86.239639,0.000000,0.047,253.600006,10,41,31,28,12,3,U_TURN_HDG,AP_HDG_SEL_IMU,116.453,5.855,20.000,4,13,8,13,ROLL_LEFT
879,69.320511,0,0.051,-0.128,0.077,-5.789,19.122,110.598,-0.336,0.000,0.000,-31.875,5.125,22.375,-3.178,-10.304,-29.733,0.108,-0.814,-0.554,0.135,1,-36.912,-2.245,-24.872,0.000,2,41.519047,-86.239639,0.000000,0.069,253.600006,10,41,31,32,12,3,U_TURN_HDG,AP_HDG_SEL_IMU,116.453,5.855,20.000,4,13,8,13,ROLL_LEFT
880,69.381134,0,0.051,0.256,-0.051,-5.783,19.118,110.599,0.112,0.000,-0.112,-31.875,5.125,22.375,-3.178,-10.304,-29.733,0.108,-0.814,-0.554,0.135,1,-37.245,-2.173,-24.984,0.000,2,41.519047,-86.239639,0.000000,0.257,253.600006,10,41,31,40,12,3,U_TURN_HDG,AP_HDG_SEL_IMU,116.453,5.854,20.000,4,13,8,13,ROLL_LEFT
881,69.456673,0,0.026,0.000,-0.051,-5.774,19.120,110.601,0.000,0.000,0.000,-31.875,5.125,22.375,-3.153,-10.304,-29.733,0.108,-0.814,-0.554,0.135,1,-36.761,-2.241,-24.821,0.000,2,41.519047,-86.239639,0.000000,0.392,253.600006,10,41,31,48,12,3,U_TURN_HDG,AP_HDG_SEL_IMU,116.453,5.852,20.000,4,13,8,13,ROLL_LEFT
882,69.511093,0,0.026,0.000,0.077,-5.771,19.110,110.596,0.000,-0.112,0.000,-31.875,5.125,22.375,-3.153,-10.304,-29.733,0.108,-0.814,-0.554,0.135,1,-36.679,-2.226,-24.793,0.000,2,41.519047,-86.239639,0.000000,0.506,253.500000,10,41,31,52,12,3,U_TURN_HDG,AP_HDG_SEL_IMU,116.453,5.857,20.000,4,13,8,13,ROLL_LEFT
883,69.577454,0,0.026,0.103,-0.167,-5.765,19.106,110.597,0.000,0.112,0.112,-31.875,5.125,22.375,-3.153,-10.278,-29.733,0.108,-0.814,-0.554,0.135,1,-36.970,-2.211,-24.892,0.000,2,41.519047,-86.239639,0.000000,0.491,253.500000,10,41,31,60,12,3,U_TURN_HDG,AP_HDG_SEL_IMU,116.453,5.856,20.000,4,13,8,13,ROLL_LEFT
884,69.630508,0,0.026,-0.026,0.077,-5.756,19.107,110.599,-0.224,-0.112,0.000,-31.875,5.125,22.375,-3.153,-10.278,-29.733,0.108,-0.814,-0.554,0.135,1,-36.823,-2.220,-24.842,0.000,2,41.519047,-86.239639,0.000000,0.468,253.500000,10,41,31,64,12,3,U_TURN_HDG,AP_HDG_SEL_IMU,116.453,5.854,20.000,4,13,8,13,ROLL_LEFT
885,69.706245,0,0.026,0.000,0.077,-5.754,19.098,110.599,-0.336,0.112,-0.112,-31.875,5.125,22.375,-3.153,-10.304,-29.733,0.108,-0.814,-0.554,0.135,1,-36.810,-2.189,-24.838,0.000,2,41.519047,-86.239639,0.000000,0.633,253.399994,10,41,31,72,12,3,U_TURN_HDG,AP_HDG_SEL_IMU,116.453,5.854,20.000,4,13,8,13,ROLL_LEFT
886,69.784950,0,-0.103,0.026,0.077,-5.749,19.119,110.605,0.336,-0.112,0.000,-31.875,5.125,22.375,-3.153,-10.330,-29.733,0.108,-0.814,-0.554,0.135,1,-36.893,-2.214,-24.866,0.000,2,41.519047,-86.239639,0.000000,0.623,253.399994,10,41,31,80,12,3,U_TURN_HDG,AP_HDG_SEL_IMU,116.453,5.848,20.000,4,13,8,13,ROLL_LEFT
887,69.843346,0,0.026,0.000,-0.051,-5.748,19.119,110.599,-0.112,-0.112,0.112,-31.875,5.125,22.375,-3.153,-10.304,-29.733,0.108,-0.814,-0.554,0.135,1,-36.233,-2.230,-24.642,0.000,2,41.519047,-86.239639,0.000000,0.667,253.399994,10,41,31,84,12,3,U_TURN_HDG,AP_HDG_SEL_IMU,116.453,5.854,20.000,4,13,8,13,ROLL_LEFT
888,69.892624,0,-0.077,0.000,-0.077,-5.755,19.123,110.604,0.112,-0.224,0.000,-31.875,5.125,22.375,-3.178,-10.304,-29.707,0.108,-0.814,-0.554,0.135,1,-36.989,-2.251,-24.898,0.000,2,41.519047,-86.239639,0.000000,0.491,253.300003,10,41,31,88,12,3,U_TURN_HDG,AP_HDG_SEL_IMU,116.453,5.849,20.000,4,13,8,13,ROLL_LEFT
889,69.946236,0,-0.077,0.000,0.051,-5.749,19.128,110.599,0.000,-0.112,0.000,-31.875,5.125,22.375,-3.178,-10.304,-29.707,0.108,-0.814,-0.554,0.135,1,-36.591,-2.205,-24.764,0.000,2,41.519047,-86.239639,0.000000,0.538,253.399994,10,41,31,96,12,3,U_TURN_HDG,AP_HDG_SEL_IMU,116.453,5.854,20.000,4,13,8,13,ROLL_LEFT
890,70.018509,0,0.051,0.000,0.051,-5.753,19.123,110.598,-0.112,-0.112,0.000,-31.875,5.125,22.375,-3.178,-10.304,-29.707,0.108,-0.814,-0.554,0.135,1,-36.761,-2.241,-24.821,0.000,2,41.519047,-86.239639,0.000000,0.469,253.300003,10,41,32,0,12,3,U_TURN_HDG,AP_HDG_SEL_IMU,116.453,5.855,20.000,4,13,8,13,ROLL_LEFT
891,70.073509,0,0.051,0.000,0.051,-5.755,19.123,110.604,0.224,0.112,0.000,-31.875,5.125,22.375,-3.178,-10.304,-29.707,0.108,-0.814,-0.554,0.135,1,-37.486,-2.207,-25.065,0.000,2,41.519047,-86.239639,0.000000,0.405,253.399994,10,41,32,8,12,3,U_TURN_HDG,AP_HDG_SEL_IMU,116.453,5.849,20.000,4,13,8,13,ROLL_LEFT
892,70.144348,0,-0.077,0.000,-0.077,-5.753,19.123,110.598,-0.448,-0.112,0.112,-31.875,5.125,22.375,-3.178,-10.304,-29.707,0.108,-0.814,-0.554,0.135,1,-36.883,-2.195,-24.862,0.000,2,41.519047,-86.239639,0.000000,0.444,253.399994,10,41,32,16,12,3,U_TURN_HDG,AP_HDG_SEL_IMU,116.453,5.855,20.000,4,13,8,13,ROLL_LEFT
893,70.217598,0,0.051,0.000,0.051,-5.755,19.123,110.604,0.112,0.000,-0.224,-31.875,5.125,22.375,-3.178,-10.304,-29.707,0.108,-0.814,-0.554,0.135,1,-37.187,-2.202,-24.965,0.000,2,41.519047,-86.239639,0.000000,0.422,253.300003,10,41,32,24,12,3,U_TURN_HDG,AP_HDG_SEL_IMU,116.453,5.849,20.000,4,13,8,13,ROLL_LEFT
894,70.269508,0,-0.077,0.000,0.077,-5.753,19.123,110.598,-0.112,0.000,-0.224,-31.875,5.125,22.375,-3.178,-10.304,-29.733,0.108,-0.814,-0.554,0.135,1,-37.123,-2.224,-24.943,0.000,2,41.519047,-86.239639,0.000000,0.390,253.399994,10,41,32,28,12,3,U_TURN_HDG,AP_HDG_SEL_IMU,116.453,5.855,20.000,4,13,8,13,ROLL_LEFT
895,70.347702,0,0.051,0.000,0.077,-5.757,19.117,110.598,0.000,0.000,0.000,-31.875,5.125,22.375,-3.178,-10.304,-29.733,0.108,-0.814,-0.554,0.135,1,-36.827,-2.225,-24.843,0.000,2,41.519047,-86.239639,0.000000,0.349,253.300003,10,41,32,36,12,3,U_TURN_HDG,AP_HDG_SEL_IMU,116.453,5.855,20.000,4,13,8,13,ROLL_LEFT
896,70.442390,0,-0.077,0.000,-0.051,-5.757,19.117,110.598,0.000,0.000,0.000,-31.875,5.125,22.375,-3.178,-10.304,-29.733,0.108,-0.814,-0.554,0.135,1,-36.829,-2.232,-24.844,0.000,2,41.519047,-86.239639,0.000000,0.449,253.300003,10,41,32,40,12,3,U_TURN_HDG,AP_HDG_SEL_IMU,116.453,5.855,20.000,4,13,8,13,ROLL_LEFT
897,70.502518,0,0.051,0.000,0.077,-5.757,19.117,110.598,0.000,0.000,0.000,-31.875,5.125,22.375,-3.178,-10.304,-29.733,0.108,-0.814,-0.554,0.135,1,-36.607,-2.237,-24.769,0.000,2,41.519047,-86.239639,0.000000,0.479,253.199997,10,41,32,48,12,3,U_TURN_HDG,AP_HDG_SEL_IMU,116.453,5.855,20.000,4,13,8,13,ROLL_LEFT
898,70.566498,0,-0.077,-0.128,0.077,-5.757,19.117,110.598,0.000,0.000,0.000,-31.875,5.125,22.375,-3.178,-10.304,-29.733,0.108,-0.814,-0.554,0.135,1,-36.827,-2.230,-24.843,0.000,2,41.519047,-86.239639,0.000000,0.584,253.199997,10,41,32,56,12,3,U_TURN_HDG,AP_HDG_SEL_IMU,116.453,5.855,20.000,4,13,8,13,ROLL_LEFT
899,70.623383,0,0.051,0.000,-0.051,-5.757,19.117,110.598,0.000,0.000,0.000,-31.875,5.125,22.375,-3.178,-10.304,-29.733,0.108,-0.814,-0.554,0.135,1,-37.187,-2.202,-24.965,0.000,2,41.519047,-86.239639,0.000000,0.557,253.100006,10,41,32,64,12,3,U_TURN_HDG,AP_HDG_SEL_IMU,116.453,5.855,20.000,4,13,8,13,ROLL_LEFT
900,70.681190,0,-0.103,-0.128,-0.051,-5.757,19.117,110.598,0.000,0.000,0.000,-31.875,5.125,22.375,-3.153,-10.304,-29.733,0.108,-0.814,-0.554,0.135,1,-37.174,-2.181,-24.960,0.000,2,41.519047,-86.239639,0.000000,0.673,253.100006,10,41,32,68,12,3,U_TURN_HDG,AP_HDG_SEL_IMU,116.453,5.855,20.000,4,13,8,13,ROLL_LEFT
901,70.743103,0,0.051,0.000,-0.051,-5.757,19.117,110.598,0.000,0.000,0.000,-31.875,5.125,22.375,-3.178,-10.304,-29.733,0.108,-0.814,-0.554,0.135,1,-36.954,-2.184,-24.886,0.000,2,41.519047,-86.239639,138.289993,0.889,253.000000,10,41,32,76,12,3,U_TURN_HDG,AP_HDG_SEL_IMU,116.453,5.855,20.000,4,13,8,13,ROLL_LEFT
902,70.809502,0,0.051,-0.128,0.103,-5.757,19.117,110.598,0.000,0.000,0.000,-31.875,5.125,22.375,-3.178,-10.304,-29.758,0.108,-0.814,-0.554,0.135,1,-36.619,-2.112,-24.773,0.000,2,41.519047,-86.239639,157.669998,0.913,253.000000,10,41,32,80,12,3,U_TURN_HDG,AP_HDG_SEL_IMU,116.453,5.855,20.000,4,13,8,13,ROLL_LEFT
903,70.865700,0,0.051,0.000,0.103,-5.757,19.117,110.598,0.000,0.000,0.000,-31.875,5.125,22.375,-3.178,-10.304,-29.758,0.108,-0.814,-0.554,0.135,1,-36.354,-2.177,-24.684,0.000,2,41.519047,-86.239639,179.520004,0.841,253.100006,10,41,32,88,12,3,U_TURN_HDG,AP_HDG_SEL_IMU,116.453,5.855,20.000,4,13,8,13,ROLL_LEFT
904,70.949821,0,0.051,0.000,0.103,-5.757,19.117,110.598,0.000,0.000,0.000,-31.875,5.125,22.375,-3.178,-10.304,-29.758,0.108,-0.814,-0.554,0.135,1,-36.796,-2.168,-24.833,0.000,2,41.519047,-86.239639,0.000000,0.324,253.100006,10,41,32,96,12,3,U_TURN_HDG,AP_HDG_SEL_IMU,116.453,5.855,20.000,4,13,8,13,ROLL_LEFT
905,71.020279,0,0.051,0.000,0.103,-5.761,19.111,110.597,0.000,0.000,0.000,-31.875,5.125,22.375,-3.178,-10.304,-29.758,0.108,-0.814,-0.554,0.135,1,-37.184,-2.200,-24.963,0.000,2,41.519047,-86.239639,0.000000,0.299,253.100006,10,41,33,4,12,3,U_TURN_HDG,AP_HDG_SEL_IMU,116.453,5.856,20.000,4,13,8,13,ROLL_LEFT
906,71.102592,0,-0.077,0.128,-0.051,-5.761,19.111,110.597,0.000,0.000,0.000,-31.875,5.125,22.375,-3.178,-10.304,-29.758,0.108,-0.814,-0.554,0.135,1,-36.703,-2.137,-24.802,0.000,2,41.519047,-86.239639,0.000000,0.213,253.199997,10,41,33,12,12,3,U_TURN_HDG,AP_HDG_SEL_IMU,116.453,5.856,20.000,4,13,8,13,ROLL_LEFT
907,71.177269,0,0.051,0.000,-0.051,-5.761,19.111,110.597,0.000,0.000,0.000,-31.875,5.125,22.375,-3.178,-10.304,-29.733,0.108,-0.814,-0.554,0.135,1,-36.586,-2.193,-24.762,0.000,2,41.519047,-86.239639,0.000000,0.150,253.199997,10,41,33,20,12,3,U_TURN_HDG,AP_HDG_SEL_IMU,116.453,5.856,20.000,4,13,8,13,ROLL_LEFT
908,71.247284,0,-0.077,0.000,0.077,-5.761,19.111,110.597,0.000,0.000,0.000,-31.875,5.125,22.375,-3.178,-10.304,-29.733,0.108,-0.814,-0.554,0.135,1,-37.330,-2.194,-25.013,0.000,2,41.519047,-86.239639,0.000000,0.052,253.199997,10,41,33,24,12,3,U_TURN_HDG,AP_HDG_SEL_IMU,116.453,5.856,20.000,4,13,8,13,ROLL_LEFT
909,71.309242,0,-0.077,0.000,0.077,-5.761,19.111,110.597,0.000,0.000,0.000,-31.875,5.125,22.375,-3.178,-10.304,-29.733,0.108,-0.814,-0.554,0.135,1,-36.986,-2.106,-24.897,0.000,2,41.519047,-86.239639,0.000000,0.143,253.300003,10,41,33,32,12,3,U_TURN_HDG,AP_HDG_SEL_IMU,116.453,5.856,20.000,4,13,8,13,ROLL_LEFT
910,71.361816,0,0.051,0.000,0.077,-5.761,19.111,110.597,0.000,0.000,0.000,-31.875,5.125,22.375,-3.178,-10.304,-29.733,0.108,-0.814,-0.554,0.135,1,-37.023,-2.176,-24.909,0.000,2,41.519047,-86.239639,0.000000,0.228,253.300003,10,41,33,36,12,3,U_TURN_HDG,AP_HDG_SEL_IMU,116.453,5.856,20.000,4,13,8,13,ROLL_LEFT
911,71.429611,0,-0.077,0.000,-0.051,-5.761,19.111,110.597,0.000,0.000,0.000,-31.875,5.125,22.375,-3.178,-10.304,-29.733,0.108,-0.814,-0.554,0.135,1,-37.018,-2.169,-24.908,0.000,2,41.519047,-86.239639,0.000000,0.354,253.300003,10,41,33,44,12,3,U_TURN_HDG,AP_HDG_SEL_IMU,116.453,5.856,20.000,4,13,8,13,ROLL_LEFT
912,71.500000,0,0.051,0.000,-0.051,-5.761,19.111,110.597,0.000,0.000,0.000,-31.875,5.125,22.375,-3.178,-10.304,-29.733,0.108,-0.814,-0.554,0.135,1,-37.026,-2.181,-24.910,0.000,2,41.519047,-86.239639,0.000000,0.407,253.399994,10,41,33,52,12,3,U_TURN_HDG,AP_HDG_SEL_IMU,116.453,5.856,20.000,4,13,8,13,ROLL_LEFT
913,71.557564,0,-0.077,0.026,0.077,-5.761,19.111,110.597,0.000,0.000,0.000,-31.875,5.125,22.375,-3.178,-10.330,-29.733,0.108,-0.814,-0.554,0.135,1,-37.853,-2.196,-25.187,0.000,2,41.519047,-86.239639,0.000000,0.285,253.399994,10,41,33,56,12,3,U_TURN_HDG,AP_HDG_SEL_IMU,116.453,5.856,20.000,4,13,8,13,ROLL_LEFT
914,71.623253,0,-0.077,0.026,-0.167,-5.761,19.111,110.597,0.000,0.000,0.000,-31.875,5.125,22.375,-3.204,-10.330,-29.758,0.108,-0.814,-0.554,0.135,1,-36.790,-2.155,-24.831,0.000,2,41.519047,-86.239639,0.000000,0.135,253.399994,10,41,33,64,12,3,U_TURN_HDG,AP_HDG_SEL_IMU,116.453,5.856,20.000,4,13,8,13,ROLL_LEFT
915,71.677513,0,-0.051,0.026,-0.141,-5.768,19.116,110.602,0.000,0.000,0.000,-31.875,5.125,22.375,-3.204,-10.330,-29.758,0.108,-0.814,-0.554,0.135,1,-37.010,-2.149,-24.905,0.000,2,41.519047,-86.239639,0.000000,0.128,253.399994,10,41,33,68,12,3,U_TURN_HDG,AP_HDG_SEL_IMU,116.453,5.851,20.000,4,13,8,13,ROLL_LEFT
916,71.743248,0,0.077,0.026,-0.026,-5.768,19.116,110.602,0.000,0.000,0.000,-31.875,5.125,22.375,-3.204,-10.330,-29.758,0.108,-0.814,-0.554,0.135,1,-37.316,-2.168,-25.008,0.000,2,41.519047,-86.239639,0.000000,0.292,253.399994,10,41,33,76,12,3,U_TURN_HDG,AP_HDG_SEL_IMU,116.453,5.851,20.000,4,13,8,13,ROLL_LEFT
917,71.806511,0,-0.051,-0.103,0.103,-5.774,19.120,110.601,0.000,0.000,0.000,-31.875,5.125,22.375,-3.204,-10.330,-29.758,0.108,-0.814,-0.554,0.135,1,-36.344,-2.154,-24.680,0.000,2,41.519047,-86.239632,0.000000,0.381,253.399994,10,41,33,80,12,3,U_TURN_HDG,AP_HDG_SEL_IMU,116.453,5.852,20.000,4,13,8,13,ROLL_LEFT
918,71.861046,0,0.077,0.026,0.103,-5.774,19.120,110.601,0.000,0.000,0.000,-31.875,5.125,22.375,-3.204,-10.330,-29.758,0.108,-0.814,-0.554,0.135,1,-37.378,-2.141,-25.028,0.000,2,41.519047,-86.239639,0.000000,0.368,253.399994,10,41,33,88,12,3,U_TURN_HDG,AP_HDG_SEL_IMU,116.453,5.852,20.000,4,13,8,13,ROLL_LEFT
919,71.956085,0,0.051,0.026,0.103,-5.779,19.124,110.600,0.000,0.000,0.000,-31.875,5.125,22.375,-3.178,-10.330,-29.758,0.108,-0.814,-0.554,0.135,1,-37.443,-2.128,-25.050,0.000,2,41.519047,-86.239639,0.000000,0.218,253.399994,10,41,33,96,12,3,U_TURN_HDG,AP_HDG_SEL_IMU,116.453,5.853,20.000,4,13,8,13,ROLL_LEFT
920,72.005249,0,-0.077,0.000,0.103,-5.779,19.124,110.600,0.000,0.000,0.000,-31.875,5.125,22.375,-3.178,-10.304,-29.758,0.108,-0.814,-0.554,0.135,1,-37.005,-2.143,-24.904,0.000,2,41.519047,-86.239639,0.000000,0.197,253.399994,10,41,34,0,12,3,U_TURN_HDG,AP_HDG_SEL_IMU,116.453,5.853,20.000,4,13,8,13,ROLL_LEFT
921,72.086250,0,0.026,0.000,-0.051,-5.774,19.120,110.601,0.000,0.000,0.000,-31.875,5.125,22.375,-3.153,-10.304,-29.733,0.108,-0.814,-0.554,0.135,1,-36.679,-2.091,-24.793,0.000,2,41.519047,-86.239632,0.000000,0.255,253.399994,10,41,34,8,12,3,U_TURN_HDG,AP_HDG_SEL_IMU,116.453,5.852,20.000,4,13,8,13,ROLL_LEFT
922,72.160034,0,0.026,0.000,0.077,-5.770,19.125,110.601,0.000,0.000,0.000,-31.875,5.125,22.375,-3.153,-10.304,-29.733,0.108,-0.814,-0.554,0.135,1,-37.523,-2.135,-25.077,0.000,2,41.519047,-86.239639,0.000000,0.395,253.399994,10,41,34,16,12,3,U_TURN_HDG,AP_HDG_SEL_IMU,116.453,5.852,20.000,4,13,8,13,ROLL_LEFT
923,72.237076,0,-0.103,0.000,0.077,-5.764,19.121,110.602,0.000,0.000,0.000,-31.875,5.125,22.375,-3.153,-10.304,-29.733,0.108,-0.814,-0.554,0.135,1,-36.925,-2.131,-24.876,0.000,2,41.519047,-86.239639,0.000000,0.336,253.399994,10,41,34,24,12,3,U_TURN_HDG,AP_HDG_SEL_IMU,116.453,5.851,20.000,4,13,8,13,ROLL_LEFT
924,72.288795,0,0.026,0.026,-0.051,-5.759,19.127,110.597,0.112,-0.224,0.000,-31.875,5.125,22.375,-3.153,-10.304,-29.733,0.108,-0.814,-0.554,0.135,1,-37.153,-2.139,-24.953,0.000,2,41.519047,-86.239639,0.000000,0.329,253.399994,10,41,34,28,12,3,U_TURN_HDG,AP_HDG_SEL_IMU,116.453,5.856,20.000,4,13,8,13,ROLL_LEFT
925,72.384819,0,0.026,0.026,-0.051,-5.759,19.128,110.593,0.112,0.000,-0.112,-31.875,5.125,22.375,-3.153,-10.304,-29.733,0.108,-0.814,-0.554,0.135,1,-37.237,-2.163,-24.981,0.000,2,41.519047,-86.239632,0.000000,0.292,253.399994,10,41,34,40,12,3,U_TURN_HDG,AP_HDG_SEL_IMU,116.453,5.860,20.000,4,13,8,13,ROLL_LEFT
926,72.459457,0,0.026,0.000,0.077,-5.755,19.133,110.593,0.000,0.000,0.112,-31.875,5.125,22.375,-3.153,-10.304,-29.733,0.108,-0.814,-0.554,0.135,1,-36.859,-2.147,-24.854,0.000,2,41.519047,-86.239632,0.000000,0.241,253.399994,10,41,34,48,12,3,U_TURN_HDG,AP_HDG_SEL_IMU,116.453,5.860,20.000,4,13,8,13,ROLL_LEFT
927,72.539909,0,0.026,0.026,-0.051,-5.749,19.130,110.595,0.112,0.000,0.112,-31.875,5.125,22.375,-3.153,-10.330,-29.733,0.108,-0.814,-0.554,0.135,1,-37.853,-2.199,-25.187,0.000,2,41.519047,-86.239639,0.000000,0.309,253.300003,10,41,34,56,12,3,U_TURN_HDG,AP_HDG_SEL_IMU,116.453,5.858,20.000,4,13,8,13,ROLL_LEFT
928,72.594238,0,0.026,0.000,0.077,-5.748,19.129,110.589,0.224,0.000,0.000,-31.875,5.125,22.375,-3.153,-10.304,-29.733,0.108,-0.814,-0.554,0.135,1,-37.369,-2.128,-25.026,0.000,2,41.519047,-86.239639,0.000000,0.332,253.300003,10,41,34,60,12,3,U_TURN_HDG,AP_HDG_SEL_IMU,116.453,5.864,20.000,4,13,8,13,ROLL_LEFT
929,72.660309,0,0.026,0.000,-0.051,-5.748,19.129,110.589,-0.112,0.000,0.000,-31.875,5.125,22.375,-3.153,-10.330,-29.733,0.108,-0.814,-0.554,0.135,1,-36.552,-2.130,-24.750,0.000,2,41.519047,-86.239639,0.000000,0.216,253.300003,10,41,34,68,12,3,U_TURN_HDG,AP_HDG_SEL_IMU,116.453,5.864,20.000,4,13,8,13,ROLL_LEFT
930,72.737259,0,-0.077,0.000,0.077,-5.748,19.129,110.589,0.000,0.112,-0.112,-31.875,5.125,22.375,-3.178,-10.304,-29.733,0.108,-0.814,-0.554,0.135,1,-36.782,-2.141,-24.828,0.000,2,41.519047,-86.239639,0.000000,0.130,253.199997,10,41,34,76,12,3,U_TURN_HDG,AP_HDG_SEL_IMU,116.453,5.864,20.000,4,13,8,13,ROLL_LEFT
931,72.859131,0,-0.077,-0.128,0.051,-5.746,19.119,110.590,0.000,0.000,0.000,-31.875,5.125,22.375,-3.178,-10.304,-29.707,0.108,-0.814,-0.554,0.135,1,-37.224,-2.137,-24.977,0.000,2,41.519047,-86.239632,0.000000,0.133,253.199997,10,41,34,88,12,3,U_TURN_HDG,AP_HDG_SEL_IMU,116.453,5.863,20.000,4,13,8,13,ROLL_LEFT
932,72.914192,0,0.051,0.026,0.051,-5.746,19.119,110.590,0.224,-0.112,0.112,-31.875,5.125,22.375,-3.178,-10.330,-29.707,0.108,-0.814,-0.554,0.135,1,-36.966,-2.206,-24.890,0.000,2,41.519047,-86.239639,0.000000,0.086,253.199997,10,41,34,92,12,3,U_TURN_HDG,AP_HDG_SEL_IMU,116.453,5.863,20.000,4,13,8,13,ROLL_LEFT
933,72.964516,0,0.051,0.026,-0.077,-5.751,19.139,110.594,0.112,-0.224,0.000,-31.875,5.125,22.375,-3.178,-10.330,-29.707,0.108,-0.814,-0.554,0.135,1,-37.607,-2.156,-25.105,0.000,2,41.519047,-86.239639,0.000000,0.172,253.199997,10,41,34,96,12,3,U_TURN_HDG,AP_HDG_SEL_IMU,116.453,5.859,20.000,4,13,8,13,ROLL_LEFT
934,73.038544,0,0.051,-0.103,0.179,-5.758,19.153,110.592,-0.336,0.000,0.000,-31.875,5.125,22.375,-3.178,-10.330,-29.707,0.108,-0.814,-0.554,0.135,1,-36.893,-2.210,-24.866,0.000,2,41.519047,-86.239632,0.000000,0.346,253.199997,10,41,35,4,12,3,U_TURN_HDG,AP_HDG_SEL_IMU,116.453,5.861,20.000,4,13,8,13,ROLL_LEFT
935,73.094734,0,0.051,0.026,-0.077,-5.762,19.147,110.592,-0.112,-0.112,0.000,-31.875,5.125,22.375,-3.178,-10.330,-29.707,0.108,-0.814,-0.554,0.135,1,-37.079,-2.142,-24.928,0.000,2,41.519047,-86.239632,0.000000,0.393,253.199997,10,41,35,8,12,3,U_TURN_HDG,AP_HDG_SEL_IMU,116.453,5.862,20.000,4,13,8,13,ROLL_LEFT
936,73.149513,0,0.026,0.000,-0.051,-5.756,19.143,110.593,0.000,0.112,-0.112,-31.875,5.125,22.375,-3.153,-10.304,-29.733,0.108,-0.814,-0.554,0.135,1,-36.497,-2.166,-24.732,0.000,2,41.519047,-86.239632,0.000000,0.412,253.199997,10,41,35,16,12,3,U_TURN_HDG,AP_HDG_SEL_IMU,116.453,5.860,20.000,4,13,8,13,ROLL_LEFT
937,73.223915,0,-0.077,0.000,-0.051,-5.751,19.139,110.594,0.112,0.000,-0.112,-31.875,5.125,22.375,-3.178,-10.304,-29.733,0.108,-0.814,-0.554,0.135,1,-37.388,-2.162,-25.032,0.000,2,41.519047,-86.239632,0.000000,0.476,253.199997,10,41,35,24,12,3,U_TURN_HDG,AP_HDG_SEL_IMU,116.453,5.859,20.000,4,13,8,13,ROLL_LEFT
938,73.300934,0,-0.077,0.000,0.077,-5.756,19.133,110.603,-0.112,0.000,0.000,-31.875,5.125,22.375,-3.178,-10.304,-29.733,0.108,-0.814,-0.554,0.135,1,-36.857,-2.142,-24.854,0.000,2,41.519047,-86.239632,0.000000,0.425,253.199997,10,41,35,32,12,3,U_TURN_HDG,AP_HDG_SEL_IMU,116.453,5.850,20.000,4,13,8,13,ROLL_LEFT
939,73.355515,0,-0.077,-0.128,0.077,-5.759,19.127,110.597,0.000,0.000,0.000,-31.875,5.125,22.375,-3.153,-10.304,-29.733,0.108,-0.814,-0.554,0.135,1,-37.240,-2.161,-24.982,0.000,2,41.519047,-86.239632,0.000000,0.375,253.199997,10,41,35,36,12,3,U_TURN_HDG,AP_HDG_SEL_IMU,116.453,5.856,20.000,4,13,8,13,ROLL_LEFT
940,73.428505,0,-0.103,-0.128,0.077,-5.755,19.133,110.593,-0.112,0.000,-0.112,-31.875,5.125,22.375,-3.153,-10.304,-29.733,0.108,-0.814,-0.554,0.135,1,-37.316,-2.169,-25.008,0.000,2,41.519047,-86.239632,0.000000,0.338,253.199997,10,41,35,44,12,3,U_TURN_HDG,AP_HDG_SEL_IMU,116.453,5.860,20.000,4,13,8,13,ROLL_LEFT
941,73.497147,0,0.051,0.128,-0.026,-5.752,19.113,110.599,-0.783,0.112,-0.112,-31.875,5.125,22.375,-3.153,-10.278,-29.758,0.108,-0.814,-0.554,0.135,1,-36.624,-2.125,-24.775,0.000,2,41.519047,-86.239632,0.000000,0.262,253.199997,10,41,35,52,12,3,U_TURN_HDG,AP_HDG_SEL_IMU,116.453,5.854,20.000,4,13,8,13,ROLL_LEFT
942,73.556519,0,0.051,-0.154,-0.026,-5.746,19.084,110.596,-0.783,0.112,0.112,-31.875,5.125,22.375,-3.178,-10.278,-29.758,0.108,-0.814,-0.554,0.135,1,-37.249,-2.178,-24.985,0.000,2,41.519047,-86.239632,0.000000,0.272,253.199997,10,41,35,56,12,3,U_TURN_HDG,AP_HDG_SEL_IMU,116.453,5.857,20.000,4,13,8,13,ROLL_LEFT
943,73.627510,0,0.051,0.103,-0.026,-5.746,19.084,110.596,0.000,0.000,-0.112,-31.875,5.125,22.375,-3.178,-10.278,-29.733,0.108,-0.814,-0.554,0.135,1,-36.775,-2.130,-24.826,0.000,2,41.519047,-86.239632,0.000000,0.145,253.199997,10,41,35,64,12,3,U_TURN_HDG,AP_HDG_SEL_IMU,116.453,5.857,20.000,4,13,8,13,ROLL_LEFT
944,73.676414,0,-0.077,0.346,-0.141,-5.743,19.074,110.591,1.231,-0.112,0.000,-31.875,5.125,22.375,-3.153,-10.278,-29.758,0.108,-0.814,-0.554,0.135,1,-37.014,-2.162,-24.907,0.000,2,41.519047,-86.239632,0.000000,0.122,253.100006,10,41,35,68,12,3,U_TURN_HDG,AP_HDG_SEL_IMU,116.453,5.862,20.000,4,13,8,13,ROLL_LEFT
945,73.742981,0,0.026,-0.026,0.103,-5.744,19.083,110.590,1.343,0.000,0.000,-31.875,5.125,22.375,-3.153,-10.278,-29.758,0.108,-0.814,-0.554,0.135,1,-37.142,-2.119,-24.949,0.000,2,41.519047,-86.239632,0.000000,0.199,253.100006,10,41,35,76,12,3,U_TURN_HDG,AP_HDG_SEL_IMU,116.453,5.863,20.000,4,13,8,13,ROLL_LEFT
946,73.807320,0,0.026,0.103,-0.026,-5.739,19.079,110.591,0.560,-0.112,0.000,-31.875,5.125,22.375,-3.178,-10.278,-29.758,0.108,-0.814,-0.554,0.135,1,-37.166,-2.164,-24.957,0.000,2,41.519047,-86.239632,0.000000,0.201,253.100006,10,41,35,80,12,3,U_TURN_HDG,AP_HDG_SEL_IMU,116.453,5.862,20.000,4,13,8,13,ROLL_LEFT
947,73.866272,0,0.026,-0.026,-0.026,-5.739,19.079,110.591,0.112,0.000,0.000,-31.875,5.125,22.375,-3.153,-10.278,-29.758,0.108,-0.814,-0.554,0.135,1,-37.102,-2.185,-24.936,0.000,2,41.519047,-86.239632,0.000000,0.282,253.100006,10,41,35,88,12,3,U_TURN_HDG,AP_HDG_SEL_IMU,116.453,5.862,20.000,4,13,8,13,ROLL_LEFT
948,73.945297,0,0.026,-0.026,0.103,-5.739,19.079,110.591,0.000,0.000,-0.112,-31.875,5.125,22.375,-3.153,-10.278,-29.758,0.108,-0.814,-0.554,0.135,1,-37.378,-2.143,-25.028,0.000,2,41.519047,-86.239632,0.000000,0.176,253.000000,10,41,35,96,12,3,U_TURN_HDG,AP_HDG_SEL_IMU,116.453,5.862,20.000,4,13,8,13,ROLL_LEFT
949,73.992218,0,0.026,-0.026,-0.026,-5.739,19.079,110.591,0.112,0.000,-0.112,-31.875,5.125,22.375,-3.153,-10.278,-29.758,0.108,-0.814,-0.554,0.135,1,-37.464,-2.169,-25.057,0.000,2,41.519047,-86.239632,0.000000,0.400,253.000000,10,41,36,0,12,3,U_TURN_HDG,AP_HDG_SEL_IMU,116.453,5.862,20.000,4,13,8,13,ROLL_LEFT
950,74.065308,0,-0.103,-0.026,0.103,-5.739,19.079,110.591,0.000,0.112,0.000,-31.875,5.125,22.375,-3.178,-10.278,-29.758,0.108,-0.814,-0.554,0.135,1,-37.145,-2.125,-24.950,0.000,2,41.519047,-86.239632,0.000000,0.321,253.000000,10,41,36,8,12,3,U_TURN_HDG,AP_HDG_SEL_IMU,116.453,5.862,20.000,4,13,8,13,ROLL_LEFT
951,74.137909,0,0.051,-0.026,-0.051,-5.736,19.085,110.597,0.000,0.000,0.000,-31.875,5.125,22.375,-3.178,-10.278,-29.733,0.108,-0.814,-0.554,0.135,1,-37.597,-2.135,-25.102,0.000,2,41.519047,-86.239632,0.000000,0.192,252.899994,10,41,36,16,12,3,U_TURN_HDG,AP_HDG_SEL_IMU,116.453,5.856,20.000,4,13,8,13,ROLL_LEFT
952,74.257545,0,-0.077,0.000,0.051,-5.734,19.076,110.598,0.224,0.112,-0.112,-31.875,5.125,22.375,-3.178,-10.278,-29.707,0.108,-0.814,-0.554,0.135,1,-37.092,-2.165,-24.933,0.000,2,41.519047,-86.239632,0.000000,0.383,252.899994,10,41,36,28,12,3,U_TURN_HDG,AP_HDG_SEL_IMU,116.453,5.855,20.000,4,13,8,13,ROLL_LEFT
953,74.332512,0,0.077,0.103,-0.077,-5.740,19.080,110.597,0.000,0.000,0.000,-31.875,5.125,22.375,-3.204,-10.278,-29.707,0.108,-0.814,-0.554,0.135,1,-37.733,-2.109,-25.147,0.000,2,41.519047,-86.239632,0.000000,0.251,252.899994,10,41,36,32,12,3,U_TURN_HDG,AP_HDG_SEL_IMU,116.453,5.856,20.000,4,13,8,13,ROLL_LEFT
954,74.386513,0,0.077,-0.026,0.051,-5.751,19.088,110.595,-0.112,0.000,0.000,-31.875,5.125,22.375,-3.204,-10.278,-29.707,0.108,-0.814,-0.554,0.135,1,-37.685,-2.159,-25.131,0.000,2,41.519047,-86.239632,0.000000,0.155,252.899994,10,41,36,40,12,3,U_TURN_HDG,AP_HDG_SEL_IMU,116.453,5.859,20.000,4,13,8,13,ROLL_LEFT
955,74.452507,0,0.051,0.000,-0.103,-5.748,19.078,110.590,0.112,0.000,0.112,-31.875,5.125,22.375,-3.178,-10.304,-29.681,0.108,-0.814,-0.554,0.135,1,-37.293,-2.127,-25.000,0.000,2,41.519047,-86.239632,0.000000,0.154,253.000000,10,41,36,44,12,3,U_TURN_HDG,AP_HDG_SEL_IMU,116.453,5.863,20.000,4,13,8,13,ROLL_LEFT
956,74.584488,0,0.051,0.000,0.026,-5.757,19.092,110.593,0.000,0.000,0.000,-31.875,5.125,22.375,-3.178,-10.304,-29.681,0.108,-0.814,-0.554,0.135,1,-37.523,-2.136,-25.077,0.000,2,41.519047,-86.239632,0.000000,0.170,253.000000,10,41,36,60,12,3,U_TURN_HDG,AP_HDG_SEL_IMU,116.453,5.860,20.000,4,13,8,13,ROLL_LEFT
957,74.651520,0,-0.077,0.000,0.051,-5.762,19.096,110.592,0.112,0.000,0.000,-31.875,5.125,22.375,-3.178,-10.304,-29.681,0.108,-0.814,-0.554,0.135,1,-37.936,-2.074,-25.215,0.000,2,41.519047,-86.239632,0.000000,0.248,253.000000,10,41,36,64,12,3,U_TURN_HDG,AP_HDG_SEL_IMU,116.453,5.861,20.000,4,13,8,13,ROLL_LEFT
958,74.704475,0,-0.051,0.026,0.051,-5.764,19.106,110.587,-0.112,0.000,0.000,-31.875,5.125,22.375,-3.204,-10.330,-29.707,0.108,-0.814,-0.554,0.135,1,-37.205,-2.100,-24.971,0.000,2,41.519047,-86.239632,0.000000,0.133,253.000000,10,41,36,72,12,3,U_TURN_HDG,AP_HDG_SEL_IMU,116.453,5.866,20.000,4,13,8,13,ROLL_LEFT
959,74.770515,0,0.077,0.000,0.077,-5.764,19.106,110.587,0.000,-0.112,0.000,-31.875,5.125,22.375,-3.204,-10.304,-29.733,0.108,-0.814,-0.554,0.135,1,-37.195,-2.081,-24.967,0.000,2,41.519047,-86.239632,0.000000,0.088,253.000000,10,41,36,76,12,3,U_TURN_HDG,AP_HDG_SEL_IMU,116.453,5.866,20.000,4,13,8,13,ROLL_LEFT
960,74.833839,0,-0.051,0.026,-0.051,-5.765,19.116,110.587,0.224,0.000,0.112,-31.875,5.125,22.375,-3.204,-10.330,-29.733,0.108,-0.814,-0.554,0.135,1,-37.509,-2.113,-25.072,0.000,2,41.519047,-86.239632,0.000000,0.091,253.000000,10,41,36,80,12,3,U_TURN_HDG,AP_HDG_SEL_IMU,116.453,5.866,20.000,4,13,8,13,ROLL_LEFT
961,74.894501,0,0.077,0.154,-0.051,-5.777,19.124,110.584,0.000,0.000,0.000,-31.875,5.125,22.375,-3.204,-10.330,-29.733,0.108,-0.814,-0.554,0.135,1,-37.110,-2.063,-24.939,0.000,2,41.519047,-86.239632,0.000000,0.181,253.000000,10,41,36,88,12,3,U_TURN_HDG,AP_HDG_SEL_IMU,116.453,5.869,20.000,4,13,8,13,ROLL_LEFT
962,74.956696,0,-0.051,-0.128,0.077,-5.777,19.124,110.584,-1.119,0.112,0.000,-31.875,5.125,22.375,-3.204,-10.304,-29.707,0.108,-0.814,-0.554,0.135,1,-37.938,-2.080,-25.215,0.000,2,41.519047,-86.239632,0.000000,0.230,252.899994,10,41,36,96,12,3,U_TURN_HDG,AP_HDG_SEL_IMU,116.453,5.869,20.000,4,13,8,13,ROLL_LEFT
963,75.023254,0,-0.051,-0.026,-0.077,-5.779,19.109,110.585,-0.560,0.000,0.112,-31.875,5.125,22.375,-3.204,-10.278,-29.707,0.108,-0.814,-0.554,0.135,1,-37.197,-2.083,-24.968,0.000,2,41.519047,-86.239632,0.000000,0.020,253.000000,10,41,37,4,12,3,U_TURN_HDG,AP_HDG_SEL_IMU,116.453,5.868,20.000,4,13,8,13,ROLL_LEFT
964,75.103271,0,0.077,-0.026,-0.051,-5.779,19.109,110.585,0.895,-0.112,0.224,-31.875,5.125,22.375,-3.204,-10.278,-29.707,0.108,-0.814,-0.554,0.135,1,-37.007,-2.145,-24.904,0.000,2,41.519047,-86.239632,0.000000,0.029,252.899994,10,41,37,12,12,3,U_TURN_HDG,AP_HDG_SEL_IMU,116.453,5.868,20.000,4,13,8,13,ROLL_LEFT
965,75.171303,0,0.051,0.103,-0.026,-5.779,19.109,110.585,0.224,-0.112,0.112,-31.875,5.125,22.375,-3.178,-10.278,-29.758,0.108,-0.814,-0.554,0.135,1,-36.925,-2.131,-24.876,0.000,2,41.519047,-86.239632,0.000000,0.155,252.899994,10,41,37,16,12,3,U_TURN_HDG,AP_HDG_SEL_IMU,116.453,5.868,20.000,4,13,8,13,ROLL_LEFT
966,75.224396,0,0.051,0.103,-0.026,-5.781,19.108,110.594,0.224,0.000,0.000,-31.875,5.125,22.375,-3.178,-10.278,-29.758,0.108,-0.814,-0.554,0.135,1,-37.293,-2.121,-25.000,0.000,2,41.519047,-86.239632,0.000000,0.100,252.899994,10,41,37,24,12,3,U_TURN_HDG,AP_HDG_SEL_IMU,116.453,5.859,20.000,4,13,8,13,ROLL_LEFT
967,75.310120,0,0.077,-0.026,0.103,-5.781,19.108,110.594,0.224,0.000,0.000,-31.875,5.125,22.375,-3.204,-10.278,-29.758,0.108,-0.814,-0.554,0.135,1,-37.174,-2.181,-24.960,0.000,2,41.519047,-86.239632,0.000000,0.327,253.000000,10,41,37,32,12,3,U_TURN_HDG,AP_HDG_SEL_IMU,116.453,5.859,20.000,4,13,8,13,ROLL_LEFT
968,75.383659,0,0.077,-0.026,-0.026,-5.781,19.108,110.594,0.112,0.000,-0.224,-31.875,5.125,22.375,-3.204,-10.278,-29.758,0.108,-0.814,-0.554,0.135,1,-37.195,-2.080,-24.967,0.000,2,41.519047,-86.239632,0.000000,0.159,253.000000,10,41,37,36,12,3,U_TURN_HDG,AP_HDG_SEL_IMU,116.453,5.859,20.000,4,13,8,13,ROLL_LEFT
969,75.446136,0,-0.077,0.000,-0.026,-5.785,19.102,110.594,0.000,0.000,0.000,-31.875,5.125,22.375,-3.178,-10.304,-29.758,0.108,-0.814,-0.554,0.135,1,-37.065,-2.112,-24.924,0.000,2,41.519047,-86.239632,0.000000,0.120,252.899994,10,41,37,44,12,3,U_TURN_HDG,AP_HDG_SEL_IMU,116.453,5.859,20.000,4,13,8,13,ROLL_LEFT
970,75.538887,0,0.051,-0.026,-0.051,-5.785,19.102,110.594,0.224,0.112,0.000,-31.875,5.125,22.375,-3.178,-10.278,-29.733,0.108,-0.814,-0.554,0.135,1,-36.701,-2.126,-24.801,0.000,2,41.519051,-86.239632,0.000000,0.228,253.000000,10,41,37,56,12,3,U_TURN_HDG,AP_HDG_SEL_IMU,116.453,5.859,20.000,4,13,8,13,ROLL_LEFT
971,75.599281,0,0.051,0.128,-0.026,-5.785,19.102,110.594,-0.112,0.112,0.000,-31.875,5.125,22.375,-3.178,-10.304,-29.758,0.108,-0.814,-0.554,0.135,1,-37.063,-2.109,-24.923,0.000,2,41.519047,-86.239632,0.000000,0.182,253.000000,10,41,37,60,12,3,U_TURN_HDG,AP_HDG_SEL_IMU,116.453,5.859,20.000,4,13,8,13,ROLL_LEFT
972,75.662239,0,-0.051,0.000,-0.026,-5.779,19.098,110.595,0.000,0.000,0.112,-31.875,5.125,22.375,-3.204,-10.304,-29.758,0.108,-0.814,-0.554,0.135,1,-37.301,-2.139,-25.003,0.000,2,41.519051,-86.239632,0.000000,0.191,253.000000,10,41,37,68,12,3,U_TURN_HDG,AP_HDG_SEL_IMU,116.453,5.858,20.000,4,13,8,13,ROLL_LEFT
973,75.735085,0,0.077,0.000,-0.026,-5.788,19.097,110.594,0.000,-0.112,0.000,-31.875,5.125,22.375,-3.230,-10.304,-29.733,0.108,-0.814,-0.554,0.135,1,-37.224,-2.132,-24.977,0.000,2,41.519051,-86.239632,0.000000,0.123,253.000000,10,41,37,76,12,3,U_TURN_HDG,AP_HDG_SEL_IMU,116.453,5.859,20.000,4,13,8,13,ROLL_LEFT
974,75.792397,0,0.051,0.026,-0.051,-5.794,19.090,110.603,0.336,-0.112,0.000,-31.875,5.125,22.375,-3.178,-10.330,-29.733,0.108,-0.815,-0.554,0.135,1,-37.960,-2.119,-25.223,0.000,2,41.519051,-86.239632,0.000000,0.012,253.000000,10,41,37,80,12,3,U_TURN_HDG,AP_HDG_SEL_IMU,116.453,5.850,20.000,4,13,8,13,ROLL_LEFT
975,75.872025,0,-0.077,0.000,-0.051,-5.788,19.097,110.594,-0.448,-0.112,0.112,-31.875,5.125,22.375,-3.178,-10.304,-29.733,0.108,-0.814,-0.554,0.135,1,-37.026,-2.044,-24.910,0.000,2,41.519051,-86.239632,0.000000,0.137,253.000000,10,41,37,88,12,3,U_TURN_HDG,AP_HDG_SEL_IMU,116.453,5.859,20.000,4,13,8,13,ROLL_LEFT
976,75.918816,0,0.051,-0.128,-0.051,-5.794,19.101,110.592,-0.224,0.112,0.000,-31.875,5.125,22.375,-3.178,-10.304,-29.733,0.108,-0.814,-0.554,0.135,1,-37.065,-2.115,-24.924,0.000,2,41.519051,-86.239632,0.000000,0.260,253.000000,10,41,37,92,12,3,U_TURN_HDG,AP_HDG_SEL_IMU,116.453,5.861,20.000,4,13,8,13,ROLL_LEFT
977,76.020004,0,0.026,0.128,-0.051,-5.790,19.106,110.593,0.000,0.112,-0.112,-31.875,5.125,22.375,-3.153,-10.304,-29.733,0.108,-0.814,-0.554,0.135,1,-37.002,-2.134,-24.902,0.000,2,41.519051,-86.239632,0.000000,0.311,253.100006,10,41,38,4,12,3,U_TURN_HDG,AP_HDG_SEL_IMU,116.453,5.860,20.000,4,13,8,13,ROLL_LEFT
978,76.137115,0,0.026,0.000,0.077,-5.786,19.112,110.593,0.000,0.000,0.000,-31.875,5.125,22.375,-3.153,-10.304,-29.733,0.108,-0.814,-0.554,0.135,1,-37.443,-2.130,-25.050,0.000,2,41.519051,-86.239632,0.000000,0.478,253.100006,10,41,38,16,12,3,U_TURN_HDG,AP_HDG_SEL_IMU,116.453,5.860,20.000,4,13,8,13,ROLL_LEFT
979,76.198517,0,0.026,-0.128,0.077,-5.777,19.114,110.595,0.000,0.000,0.000,-31.875,5.125,22.375,-3.153,-10.304,-29.733,0.108,-0.814,-0.554,0.135,1,-37.055,-2.096,-24.920,0.000,2,41.519051,-86.239632,0.000000,0.498,253.100006,10,41,38,20,12,3,U_TURN_HDG,AP_HDG_SEL_IMU,116.453,5.858,20.000,4,13,8,13,ROLL_LEFT
980,76.262100,0,0.026,0.000,0.077,-5.767,19.115,110.596,0.000,0.000,0.000,-31.875,5.125,22.375,-3.153,-10.304,-29.733,0.108,-0.814,-0.554,0.135,1,-36.545,-2.118,-24.748,0.000,2,41.519051,-86.239632,0.000000,0.305,253.100006,10,41,38,28,12,3,U_TURN_HDG,AP_HDG_SEL_IMU,116.453,5.857,20.000,4,13,8,13,ROLL_LEFT
981,76.317505,0,-0.103,0.128,-0.051,-5.767,19.117,110.592,0.000,0.000,0.000,-31.875,5.125,22.375,-3.153,-10.304,-29.733,0.108,-0.814,-0.554,0.135,1,-36.915,-2.109,-24.873,0.000,2,41.519051,-86.239632,0.000000,0.294,253.100006,10,41,38,32,12,3,U_TURN_HDG,AP_HDG_SEL_IMU,116.453,5.861,20.000,4,13,8,13,ROLL_LEFT
982,76.402206,0,0.051,-0.128,0.077,-5.761,19.113,110.593,0.000,0.000,0.000,-31.875,5.125,22.375,-3.153,-10.304,-29.733,0.108,-0.814,-0.554,0.135,1,-37.189,-2.070,-24.965,0.000,2,41.519051,-86.239632,0.000000,0.078,253.000000,10,41,38,40,12,3,U_TURN_HDG,AP_HDG_SEL_IMU,116.453,5.860,20.000,4,13,8,13,ROLL_LEFT
983,76.491684,0,-0.077,0.000,-0.051,-5.760,19.112,110.588,0.000,0.000,0.000,-31.875,5.125,22.375,-3.153,-10.304,-29.733,0.108,-0.814,-0.554,0.135,1,-37.007,-2.147,-24.904,0.000,2,41.519051,-86.239632,0.000000,0.127,253.000000,10,41,38,44,12,3,U_TURN_HDG,AP_HDG_SEL_IMU,116.453,5.865,20.000,4,13,8,13,ROLL_LEFT
984,76.568497,0,-0.077,0.000,0.077,-5.756,19.118,110.588,0.000,0.000,0.000,-31.875,5.125,22.375,-3.178,-10.304,-29.733,0.108,-0.814,-0.554,0.135,1,-36.555,-2.137,-24.751,0.000,2,41.519051,-86.239632,0.000000,0.321,252.899994,10,41,38,56,12,3,U_TURN_HDG,AP_HDG_SEL_IMU,116.453,5.865,20.000,4,13,8,13,ROLL_LEFT
985,76.651085,0,-0.077,0.000,-0.051,-5.756,19.118,110.588,0.000,0.000,0.000,-31.875,5.125,22.375,-3.178,-10.304,-29.733,0.108,-0.814,-0.554,0.135,1,-37.360,-2.106,-25.022,0.000,2,41.519051,-86.239632,0.000000,0.125,252.899994,10,41,38,64,12,3,U_TURN_HDG,AP_HDG_SEL_IMU,116.453,5.865,20.000,4,13,8,13,ROLL_LEFT
986,76.737129,0,-0.077,0.026,0.077,-5.760,19.112,110.588,0.000,0.000,0.000,-31.875,5.125,22.375,-3.178,-10.304,-29.733,0.108,-0.814,-0.554,0.135,1,-37.438,-2.121,-25.049,0.000,2,41.519051,-86.239632,0.000000,0.224,253.000000,10,41,38,76,12,3,U_TURN_HDG,AP_HDG_SEL_IMU,116.453,5.865,20.000,4,13,8,13,ROLL_LEFT
987,76.817192,0,0.026,0.000,0.077,-5.756,19.118,110.588,0.000,0.000,0.000,-31.875,5.125,22.375,-3.153,-10.304,-29.733,0.108,-0.814,-0.554,0.135,1,-36.672,-2.071,-24.791,0.000,2,41.519051,-86.239632,0.000000,0.231,253.000000,10,41,38,84,12,3,U_TURN_HDG,AP_HDG_SEL_IMU,116.453,5.865,20.000,4,13,8,13,ROLL_LEFT
988,76.867508,0,-0.103,0.000,-0.051,-5.756,19.118,110.588,0.000,0.000,0.000,-31.875,5.125,22.375,-3.153,-10.304,-29.733,0.108,-0.814,-0.554,0.135,1,-36.820,-2.074,-24.841,0.000,2,41.519051,-86.239632,0.000000,0.297,253.000000,10,41,38,88,12,3,U_TURN_HDG,AP_HDG_SEL_IMU,116.453,5.865,20.000,4,13,8,13,ROLL_LEFT
989,76.917900,0,-0.103,0.000,0.077,-5.756,19.118,110.588,0.000,0.000,0.000,-31.875,5.125,22.375,-3.153,-10.304,-29.733,0.108,-0.814,-0.554,0.135,1,-36.829,-2.095,-24.844,0.000,2,41.519051,-86.239632,0.000000,0.322,253.000000,10,41,38,92,12,3,U_TURN_HDG,AP_HDG_SEL_IMU,116.453,5.865,20.000,4,13,8,13,ROLL_LEFT
990,76.989510,0,0.051,0.000,0.077,-5.756,19.118,110.588,0.000,0.000,0.000,-31.875,5.125,22.375,-3.178,-10.304,-29.733,0.108,-0.814,-0.554,0.135,1,-36.555,-2.134,-24.751,0.000,2,41.519051,-86.239632,0.000000,0.282,253.000000,10,41,39,0,12,3,U_TURN_HDG,AP_HDG_SEL_IMU,116.453,5.865,20.000,4,13,8,13,ROLL_LEFT
991,77.049965,0,0.051,0.000,-0.051,-5.756,19.118,110.588,0.000,0.000,0.000,-31.875,5.125,22.375,-3.178,-10.304,-29.733,0.108,-0.814,-0.554,0.135,1,-37.205,-2.100,-24.971,0.000,2,41.519051,-86.239632,0.000000,0.066,253.100006,10,41,39,4,12,3,U_TURN_HDG,AP_HDG_SEL_IMU,116.453,5.865,20.000,4,13,8,13,ROLL_LEFT
992,77.110268,0,-0.077,-0.128,0.077,-5.756,19.118,110.588,0.000,0.000,0.000,-31.875,5.125,22.375,-3.178,-10.304,-29.733,0.108,-0.814,-0.554,0.135,1,-37.433,-2.111,-25.047,0.000,2,41.519051,-86.239632,0.000000,0.106,253.100006,10,41,39,12,12,3,U_TURN_HDG,AP_HDG_SEL_IMU,116.453,5.865,20.000,4,13,8,13,ROLL_LEFT
993,77.169769,0,0.051,0.128,-0.051,-5.756,19.118,110.588,0.000,0.000,0.000,-31.875,5.125,22.375,-3.178,-10.304,-29.733,0.108,-0.814,-0.554,0.135,1,-36.981,-2.097,-24.895,0.000,2,41.519051,-86.239632,0.000000,0.083,253.000000,10,41,39,16,12,3,U_TURN_HDG,AP_HDG_SEL_IMU,116.453,5.865,20.000,4,13,8,13,ROLL_LEFT
994,77.231514,0,0.077,-0.154,0.103,-5.760,19.112,110.588,0.000,0.000,0.000,-31.875,5.125,22.375,-3.204,-10.278,-29.758,0.108,-0.814,-0.554,0.135,1,-36.656,-2.044,-24.786,0.000,2,41.519051,-86.239632,0.000000,0.289,253.000000,10,41,39,24,12,3,U_TURN_HDG,AP_HDG_SEL_IMU,116.453,5.865,20.000,4,13,8,13,ROLL_LEFT
995,77.301971,0,-0.103,0.000,0.077,-5.760,19.111,110.592,0.000,0.000,0.000,-31.875,5.125,22.375,-3.153,-10.304,-29.733,0.108,-0.814,-0.554,0.135,1,-37.115,-2.069,-24.940,0.000,2,41.519051,-86.239632,0.000000,0.430,253.000000,10,41,39,32,12,3,U_TURN_HDG,AP_HDG_SEL_IMU,116.453,5.861,20.000,4,13,8,13,ROLL_LEFT
996,77.369385,0,0.051,0.000,-0.051,-5.760,19.112,110.588,0.000,0.000,0.000,-31.875,5.125,22.375,-3.178,-10.304,-29.733,0.108,-0.814,-0.554,0.135,1,-37.401,-2.049,-25.036,0.000,2,41.519051,-86.239632,0.000000,0.503,253.000000,10,41,39,36,12,3,U_TURN_HDG,AP_HDG_SEL_IMU,116.453,5.865,20.000,4,13,8,13,ROLL_LEFT
997,77.431168,0,0.051,0.128,-0.051,-5.760,19.112,110.588,0.000,0.000,0.000,-31.875,5.125,22.375,-3.178,-10.304,-29.733,0.108,-0.814,-0.554,0.135,1,-37.195,-2.078,-24.967,0.000,2,41.519054,-86.239632,0.000000,0.495,253.000000,10,41,39,44,12,3,U_TURN_HDG,AP_HDG_SEL_IMU,116.453,5.865,20.000,4,13,8,13,ROLL_LEFT
998,77.489723,0,0.051,-0.128,0.077,-5.760,19.112,110.588,0.000,0.000,0.000,-31.875,5.125,22.375,-3.178,-10.304,-29.733,0.108,-0.814,-0.554,0.135,1,-37.414,-2.073,-25.041,0.000,2,41.519054,-86.239632,0.000000,0.481,253.000000,10,41,39,48,12,3,U_TURN_HDG,AP_HDG_SEL_IMU,116.453,5.865,20.000,4,13,8,13,ROLL_LEFT
999,77.541107,0,-0.077,0.000,-0.051,-5.760,19.112,110.588,0.000,0.000,0.000,-31.875,5.125,22.375,-3.178,-10.304,-29.733,0.108,-0.814,-0.554,0.135,1,-37.340,-2.072,-25.016,0.000,2,41.519054,-86.239632,0.000000,0.294,253.000000,10,41,39,56,12,3,U_TURN_HDG,AP_HDG_SEL_IMU,116.453,5.865,20.000,4,13,8,13,ROLL_LEFT
1000,77.599564,0,-0.077,0.000,-0.051,-5.760,19.111,110.592,-0.336,0.000,-0.112,-31.875,5.125,22.375,-3.178,-10.304,-29.733,0.108,-0.814,-0.554,0.135,1,-37.414,-2.071,-25.041,0.000,2,41.519054,-86.239632,0.000000,0.199,253.000000,10,41,39,60,12,3,U_TURN_HDG,AP_HDG_SEL_IMU,116.453,5.861,20.000,4,13,8,13,ROLL_LEFT
1001,77.661148,0,0.026,0.128,-0.051,-5.760,19.112,110.588,0.224,0.000,0.000,-31.875,5.125,22.375,-3.153,-10.304,-29.733,0.108,-0.814,-0.554,0.135,1,-37.353,-2.096,-25.020,0.000,2,41.519054,-86.239632,0.000000,0.255,253.000000,10,41,39,68,12,3,U_TURN_HDG,AP_HDG_SEL_IMU,116.453,5.865,20.000,4,13,8,13,ROLL_LEFT
1002,77.715660,0,-0.103,0.000,0.077,-5.754,19.108,110.589,0.000,-0.112,0.000,-31.875,5.125,22.375,-3.178,-10.304,-29.733,0.108,-0.814,-0.554,0.135,1,-37.121,-2.077,-24.942,0.000,2,41.519054,-86.239632,0.000000,0.088,252.899994,10,41,39,72,12,3,U_TURN_HDG,AP_HDG_SEL_IMU,116.453,5.864,20.000,4,13,8,13,ROLL_LEFT
1003,77.777107,0,0.051,-0.128,-0.051,-5.750,19.114,110.589,0.000,0.000,0.000,-31.875,5.125,22.375,-3.178,-10.304,-29.733,0.108,-0.814,-0.554,0.135,1,-37.026,-2.042,-24.910,0.000,2,41.519051,-86.239632,0.000000,0.425,252.899994,10,41,39,80,12,3,U_TURN_HDG,AP_HDG_SEL_IMU,116.453,5.864,20.000,4,13,8,13,ROLL_LEFT
1004,77.859558,0,0.051,0.000,0.077,-5.750,19.114,110.589,-0.112,0.112,-0.112,-31.875,5.125,22.375,-3.178,-10.304,-29.733,0.108,-0.814,-0.554,0.135,1,-37.049,-2.085,-24.918,0.000,2,41.519051,-86.239632,0.000000,0.522,252.800003,10,41,39,88,12,3,U_TURN_HDG,AP_HDG_SEL_IMU,116.453,5.864,20.000,4,13,8,13,ROLL_LEFT
1005,77.916031,0,0.051,0.000,-0.051,-5.750,19.114,110.589,-0.336,0.000,0.000,-31.875,5.125,22.375,-3.178,-10.304,-29.733,0.108,-0.814,-0.554,0.135,1,-37.277,-2.095,-24.995,0.000,2,41.519051,-86.239632,0.000000,0.638,252.800003,10,41,39,92,12,3,U_TURN_HDG,AP_HDG_SEL_IMU,116.453,5.864,20.000,4,13,8,13,ROLL_LEFT
1006,77.975510,0,0.051,0.000,-0.051,-5.760,19.112,110.588,0.224,0.000,0.112,-31.875,5.125,22.375,-3.178,-10.304,-29.733,0.108,-0.814,-0.554,0.135,1,-37.644,-2.083,-25.117,0.000,2,41.519051,-86.239632,0.000000,0.684,252.800003,10,41,39,96,12,3,U_TURN_HDG,AP_HDG_SEL_IMU,116.453,5.865,20.000,4,13,8,13,ROLL_LEFT
1007,78.030510,0,-0.077,0.000,-0.051,-5.754,19.108,110.589,0.112,-0.112,0.112,-31.875,5.125,22.375,-3.178,-10.304,-29.733,0.108,-0.814,-0.554,0.135,1,-37.264,-2.072,-24.990,0.000,2,41.519051,-86.239632,180.580002,0.760,252.800003,10,41,40,4,12,3,U_TURN_HDG,AP_HDG_SEL_IMU,116.453,5.864,20.000,4,13,8,13,ROLL_LEFT
1008,78.183380,0,0.051,0.000,-0.051,-5.754,19.108,110.589,0.112,0.000,-0.112,-31.875,5.125,22.375,-3.178,-10.304,-29.733,0.108,-0.814,-0.554,0.135,1,-37.406,-2.055,-25.038,0.000,2,41.519051,-86.239632,173.080002,0.771,252.699997,10,41,40,20,12,3,U_TURN_HDG,AP_HDG_SEL_IMU,116.453,5.864,20.000,4,13,8,13,ROLL_LEFT
1009,78.265060,0,0.051,0.000,0.077,-5.756,19.118,110.588,0.000,-0.112,0.000,-31.875,5.125,22.375,-3.178,-10.304,-29.733,0.108,-0.814,-0.554,0.135,1,-37.647,-2.091,-25.119,0.000,2,41.519051,-86.239632,0.000000,0.638,252.699997,10,41,40,28,12,3,U_TURN_HDG,AP_HDG_SEL_IMU,116.453,5.865,20.000,4,13,8,13,ROLL_LEFT
1010,78.318375,0,0.051,0.000,-0.051,-5.759,19.112,110.582,-0.224,0.000,-0.112,-31.875,5.125,22.375,-3.178,-10.304,-29.733,0.108,-0.814,-0.554,0.135,1,-37.392,-2.029,-25.033,0.000,2,41.519051,-86.239632,0.000000,0.631,252.699997,10,41,40,32,12,3,U_TURN_HDG,AP_HDG_SEL_IMU,116.453,5.871,20.000,4,13,8,13,ROLL_LEFT
1011,78.380501,0,0.051,0.000,-0.051,-5.763,19.106,110.582,0.000,0.000,-0.112,-31.875,5.125,22.375,-3.178,-10.304,-29.733,0.108,-0.814,-0.554,0.135,1,-36.953,-2.043,-24.886,0.000,2,41.519051,-86.239632,178.550003,0.839,252.699997,10,41,40,40,12,3,U_TURN_HDG,AP_HDG_SEL_IMU,116.453,5.871,20.000,4,13,8,13,ROLL_LEFT
1012,78.438011,0,-0.077,0.000,-0.051,-5.763,19.106,110.582,0.224,0.000,0.000,-31.875,5.125,22.375,-3.178,-10.304,-29.733,0.108,-0.814,-0.554,0.135,1,-37.388,-2.024,-25.032,0.000,2,41.519051,-86.239632,0.000000,0.663,252.699997,10,41,40,44,12,3,U_TURN_HDG,AP_HDG_SEL_IMU,116.453,5.871,20.000,4,13,8,13,ROLL_LEFT
1013,78.525246,0,0.051,0.000,-0.051,-5.763,19.106,110.582,-0.336,0.000,0.000,-31.875,5.125,22.375,-3.178,-10.304,-29.733,0.108,-0.814,-0.554,0.135,1,-37.010,-2.011,-24.905,0.000,2,41.519051,-86.239632,0.000000,0.305,252.699997,10,41,40,52,12,3,U_TURN_HDG,AP_HDG_SEL_IMU,116.453,5.871,20.000,4,13,8,13,ROLL_LEFT
1014,78.574249,0,-0.077,0.000,-0.051,-5.760,19.112,110.588,0.000,0.000,0.112,-31.875,5.125,22.375,-3.178,-10.304,-29.733,0.108,-0.814,-0.554,0.135,1,-37.187,-2.064,-24.965,0.000,2,41.519051,-86.239632,0.000000,0.270,252.699997,10,41,40,56,12,3,U_TURN_HDG,AP_HDG_SEL_IMU,116.453,5.865,20.000,4,13,8,13,ROLL_LEFT
1015,78.649254,0,0.051,0.000,0.077,-5.760,19.112,110.588,0.000,0.000,0.000,-31.875,5.125,22.375,-3.178,-10.304,-29.733,0.108,-0.814,-0.554,0.135,1,-37.546,-2.042,-25.085,0.000,2,41.519051,-86.239632,0.000000,0.118,252.699997,10,41,40,64,12,3,U_TURN_HDG,AP_HDG_SEL_IMU,116.453,5.865,20.000,4,13,8,13,ROLL_LEFT
1016,78.730499,0,-0.077,-0.128,0.077,-5.760,19.112,110.588,0.000,0.000,0.000,-31.875,5.125,22.375,-3.178,-10.330,-29.733,0.108,-0.814,-0.554,0.135,1,-37.340,-2.075,-25.016,0.000,2,41.519051,-86.239632,0.000000,0.162,252.800003,10,41,40,72,12,3,U_TURN_HDG,AP_HDG_SEL_IMU,116.453,5.865,20.000,4,13,8,13,ROLL_LEFT
1017,78.807503,0,-0.051,0.000,0.051,-5.760,19.112,110.588,0.000,0.000,0.000,-31.875,5.125,22.375,-3.178,-10.304,-29.733,0.108,-0.814,-0.554,0.135,1,-37.032,-2.056,-24.913,0.000,2,41.519051,-86.239632,0.000000,0.019,252.699997,10,41,40,80,12,3,U_TURN_HDG,AP_HDG_SEL_IMU,116.453,5.865,20.000,4,13,8,13,ROLL_LEFT
1018,78.868172,0,0.077,0.000,-0.077,-5.765,19.116,110.587,0.000,0.000,0.000,-31.875,5.125,22.375,-3.204,-10.304,-29.707,0.108,-0.814,-0.554,0.135,1,-37.404,-2.051,-25.037,0.000,2,41.519051,-86.239632,0.000000,0.192,252.800003,10,41,40,88,12,3,U_TURN_HDG,AP_HDG_SEL_IMU,116.453,5.866,20.000,4,13,8,13,ROLL_LEFT
1019,78.924515,0,0.051,0.256,-0.167,-5.765,19.116,110.587,0.000,0.000,0.000,-31.875,5.125,22.375,-3.178,-10.304,-29.733,0.108,-0.814,-0.554,0.135,1,-37.433,-2.111,-25.047,0.000,2,41.519051,-86.239632,0.000000,0.101,252.800003,10,41,40,92,12,3,U_TURN_HDG,AP_HDG_SEL_IMU,116.453,5.866,20.000,4,13,8,13,ROLL_LEFT
1020,78.973503,0,0.051,0.128,-0.051,-5.769,19.110,110.586,0.224,0.000,0.112,-31.875,5.125,22.375,-3.178,-10.304,-29.733,0.108,-0.814,-0.554,0.135,1,-37.692,-2.037,-25.133,0.000,2,41.519051,-86.239632,0.000000,0.035,252.800003,10,41,40,96,12,3,U_TURN_HDG,AP_HDG_SEL_IMU,116.453,5.867,20.000,4,13,8,13,ROLL_LEFT
1021,79.095139,0,0.051,0.103,-0.051,-5.768,19.101,110.587,-0.448,-0.112,0.112,-31.875,5.125,22.375,-3.178,-10.278,-29.733,0.108,-0.814,-0.554,0.135,1,-36.823,-2.079,-24.842,0.000,2,41.519054,-86.239632,0.000000,0.186,252.800003,10,41,41,12,12,3,U_TURN_HDG,AP_HDG_SEL_IMU,116.453,5.866,20.000,4,13,8,13,ROLL_LEFT
1022,79.180771,0,0.051,0.000,0.077,-5.768,19.101,110.587,0.336,-0.112,0.000,-31.875,5.125,22.375,-3.178,-10.304,-29.733,0.108,-0.814,-0.554,0.135,1,-37.110,-2.061,-24.939,0.000,2,41.519054,-86.239632,0.000000,0.071,252.800003,10,41,41,20,12,3,U_TURN_HDG,AP_HDG_SEL_IMU,116.453,5.866,20.000,4,13,8,13,ROLL_LEFT
1023,79.243515,0,-0.077,0.128,-0.051,-5.773,19.105,110.586,-0.112,0.000,0.112,-31.875,5.125,22.375,-3.178,-10.304,-29.733,0.108,-0.814,-0.554,0.135,1,-37.335,-2.061,-25.014,0.000,2,41.519054,-86.239632,0.000000,0.125,252.800003,10,41,41,24,12,3,U_TURN_HDG,AP_HDG_SEL_IMU,116.453,5.867,20.000,4,13,8,13,ROLL_LEFT
1024,79.297867,0,0.051,0.231,-0.051,-5.772,19.095,110.587,0.336,0.000,0.000,-31.875,5.125,22.375,-3.178,-10.278,-29.733,0.108,-0.814,-0.554,0.135,1,-36.370,-2.068,-24.689,0.000,2,41.519054,-86.239632,0.000000,0.170,252.800003,10,41,41,32,12,3,U_TURN_HDG,AP_HDG_SEL_IMU,116.453,5.866,20.000,4,13,8,13,ROLL_LEFT
1025,79.376762,0,-0.077,-0.128,0.077,-5.772,19.095,110.587,-0.448,0.000,-0.112,-31.875,5.125,22.375,-3.178,-10.278,-29.733,0.108,-0.814,-0.554,0.135,1,-37.483,-2.063,-25.064,0.000,2,41.519054,-86.239632,0.000000,0.088,252.800003,10,41,41,40,12,3,U_TURN_HDG,AP_HDG_SEL_IMU,116.453,5.866,20.000,4,13,8,13,ROLL_LEFT
1026,79.465965,0,-0.077,0.026,-0.051,-5.775,19.114,110.585,-0.112,0.000,0.112,-31.875,5.125,22.375,-3.178,-10.330,-29.707,0.108,-0.814,-0.554,0.135,1,-36.871,-2.033,-24.858,0.000,2,41.519054,-86.239632,0.000000,0.100,252.800003,10,41,41,44,12,3,U_TURN_HDG,AP_HDG_SEL_IMU,116.453,5.868,20.000,4,13,8,13,ROLL_LEFT
1027,79.525528,0,-0.051,0.128,0.077,-5.779,19.109,110.585,-0.112,0.000,0.000,-31.875,5.125,22.375,-3.204,-10.330,-29.733,0.108,-0.814,-0.554,0.135,1,-36.824,-2.080,-24.843,0.000,2,41.519054,-86.239632,0.000000,0.081,252.800003,10,41,41,52,12,3,U_TURN_HDG,AP_HDG_SEL_IMU,116.453,5.868,20.000,4,13,8,13,ROLL_LEFT
1028,79.597580,0,0.077,-0.103,0.077,-5.779,19.109,110.585,-0.224,0.000,0.000,-31.875,5.125,22.375,-3.204,-10.330,-29.733,0.108,-0.814,-0.554,0.135,1,-36.732,-2.049,-24.811,0.000,2,41.519054,-86.239632,0.000000,0.142,252.699997,10,41,41,60,12,3,U_TURN_HDG,AP_HDG_SEL_IMU,116.453,5.868,20.000,4,13,8,13,ROLL_LEFT
1029,79.679466,0,0.077,0.154,-0.167,-5.779,19.109,110.585,0.560,-0.112,0.112,-31.875,5.125,22.375,-3.178,-10.304,-29.707,0.108,-0.814,-0.554,0.135,1,-37.430,-2.102,-25.046,0.000,2,41.519054,-86.239632,0.000000,0.051,252.800003,10,41,41,68,12,3,U_TURN_HDG,AP_HDG_SEL_IMU,116.453,5.868,20.000,4,13,8,13,ROLL_LEFT
1030,79.742172,0,0.051,0.026,-0.077,-5.785,19.113,110.584,0.671,-0.112,0.112,-31.875,5.125,22.375,-3.178,-10.330,-29.707,0.108,-0.814,-0.554,0.135,1,-36.589,-2.063,-24.763,0.000,2,41.519054,-86.239632,0.000000,0.186,252.800003,10,41,41,76,12,3,U_TURN_HDG,AP_HDG_SEL_IMU,116.453,5.869,20.000,4,13,8,13,ROLL_LEFT
1031,79.820312,0,-0.077,0.026,0.051,-5.783,19.128,110.589,0.224,-0.112,0.112,-31.875,5.125,22.375,-3.178,-10.330,-29.707,0.108,-0.814,-0.554,0.135,1,-36.578,-2.041,-24.759,0.000,2,41.519054,-86.239632,0.000000,0.262,252.800003,10,41,41,84,12,3,U_TURN_HDG,AP_HDG_SEL_IMU,116.453,5.864,20.000,4,13,8,13,ROLL_LEFT
1032,79.872284,0,-0.077,-0.256,0.051,-5.783,19.128,110.589,0.671,-0.112,0.112,-31.875,5.125,22.375,-3.178,-10.304,-29.707,0.108,-0.814,-0.554,0.135,1,-37.049,-2.087,-24.918,0.000,2,41.519054,-86.239632,0.000000,0.189,252.800003,10,41,41,88,12,3,U_TURN_HDG,AP_HDG_SEL_IMU,116.453,5.864,20.000,4,13,8,13,ROLL_LEFT
1033,79.948082,0,0.026,0.000,-0.077,-5.787,19.123,110.588,-0.112,0.000,0.112,-31.875,5.125,22.375,-3.178,-10.304,-29.707,0.108,-0.814,-0.554,0.135,1,-37.240,-2.024,-24.982,0.000,2,41.519054,-86.239632,0.000000,0.248,252.699997,10,41,41,96,12,3,U_TURN_HDG,AP_HDG_SEL_IMU,116.453,5.865,20.000,4,13,8,13,ROLL_LEFT
1034,80.025940,0,0.026,0.128,-0.192,-5.779,19.109,110.585,-0.671,0.000,0.000,-31.875,5.125,22.375,-3.153,-10.304,-29.707,0.108,-0.814,-0.554,0.135,1,-37.019,-2.031,-24.908,0.000,2,41.519054,-86.239632,0.000000,0.304,252.800003,10,41,42,4,12,3,U_TURN_HDG,AP_HDG_SEL_IMU,116.453,5.868,20.000,4,13,8,13,ROLL_LEFT
1035,80.179657,0,-0.103,0.103,-0.051,-5.773,19.105,110.586,-0.336,-0.112,-0.112,-31.875,5.125,22.375,-3.153,-10.278,-29.733,0.108,-0.814,-0.554,0.135,1,-37.400,-2.047,-25.036,0.000,2,41.519054,-86.239632,0.000000,0.111,252.800003,10,41,42,20,12,3,U_TURN_HDG,AP_HDG_SEL_IMU,116.453,5.867,20.000,4,13,8,13,ROLL_LEFT
1036,80.260117,0,0.051,-0.026,0.077,-5.769,19.110,110.586,0.000,0.000,0.000,-31.875,5.125,22.375,-3.178,-10.278,-29.733,0.108,-0.814,-0.554,0.135,1,-37.626,-2.048,-25.111,0.000,2,41.519054,-86.239632,0.000000,0.066,252.800003,10,41,42,28,12,3,U_TURN_HDG,AP_HDG_SEL_IMU,116.453,5.867,20.000,4,13,8,13,ROLL_LEFT
1037,80.345993,0,0.051,-0.026,0.077,-5.767,19.100,110.581,0.000,0.000,0.000,-31.875,5.125,22.375,-3.178,-10.278,-29.733,0.108,-0.814,-0.554,0.135,1,-37.461,-2.023,-25.057,0.000,2,41.519054,-86.239632,0.000000,0.062,252.800003,10,41,42,36,12,3,U_TURN_HDG,AP_HDG_SEL_IMU,116.453,5.872,20.000,4,13,8,13,ROLL_LEFT
1038,80.400101,0,0.077,0.000,0.077,-5.767,19.100,110.581,0.000,0.000,0.000,-31.875,5.125,22.375,-3.204,-10.304,-29.733,0.108,-0.814,-0.554,0.135,1,-37.443,-1.987,-25.050,0.000,2,41.519054,-86.239632,0.000000,0.130,252.800003,10,41,42,40,12,3,U_TURN_HDG,AP_HDG_SEL_IMU,116.453,5.872,20.000,4,13,8,13,ROLL_LEFT
1039,80.462112,0,0.077,0.000,0.077,-5.773,19.105,110.586,0.000,0.000,0.000,-31.875,5.125,22.375,-3.204,-10.304,-29.733,0.108,-0.814,-0.554,0.135,1,-37.031,-2.053,-24.912,0.000,2,41.519054,-86.239632,0.000000,0.157,252.800003,10,41,42,48,12,3,U_TURN_HDG,AP_HDG_SEL_IMU,116.453,5.867,20.000,4,13,8,13,ROLL_LEFT
1040,80.512291,0,-0.051,-0.128,0.077,-5.773,19.105,110.586,0.000,0.000,0.000,-31.875,5.125,22.375,-3.178,-10.330,-29.707,0.108,-0.814,-0.554,0.135,1,-37.092,-2.027,-24.933,0.000,2,41.519054,-86.239632,0.000000,0.189,252.800003,10,41,42,52,12,3,U_TURN_HDG,AP_HDG_SEL_IMU,116.453,5.867,20.000,4,13,8,13,ROLL_LEFT
1041,80.622253,0,-0.077,0.026,-0.077,-5.779,19.109,110.585,0.000,0.000,0.000,-31.875,5.125,22.375,-3.178,-10.330,-29.707,0.108,-0.814,-0.554,0.135,1,-37.404,-2.056,-25.037,0.000,2,41.519054,-86.239632,0.000000,0.176,252.800003,10,41,42,64,12,3,U_TURN_HDG,AP_HDG_SEL_IMU,116.453,5.868,20.000,4,13,8,13,ROLL_LEFT
1042,80.679512,0,-0.077,0.026,0.051,-5.775,19.114,110.585,0.000,0.000,0.000,-31.875,5.125,22.375,-3.178,-10.330,-29.707,0.108,-0.814,-0.554,0.135,1,-37.170,-2.034,-24.959,0.000,2,41.519054,-86.239632,0.000000,0.076,252.800003,10,41,42,68,12,3,U_TURN_HDG,AP_HDG_SEL_IMU,116.453,5.868,20.000,4,13,8,13,ROLL_LEFT
1043,80.739990,0,-0.077,-0.103,-0.077,-5.777,19.124,110.584,0.000,0.000,0.000,-31.875,5.125,22.375,-3.178,-10.330,-29.707,0.108,-0.814,-0.554,0.135,1,-36.798,-2.033,-24.834,0.000,2,41.519054,-86.239632,0.000000,0.081,252.699997,10,41,42,76,12,3,U_TURN_HDG,AP_HDG_SEL_IMU,116.453,5.869,20.000,4,13,8,13,ROLL_LEFT
1044,80.827637,0,-0.077,0.026,-0.077,-5.777,19.124,110.584,0.000,0.000,0.000,-31.875,5.125,22.375,-3.178,-10.330,-29.707,0.108,-0.814,-0.554,0.135,1,-36.560,-2.008,-24.753,0.000,2,41.519054,-86.239632,0.000000,0.122,252.699997,10,41,42,84,12,3,U_TURN_HDG,AP_HDG_SEL_IMU,116.453,5.869,20.000,4,13,8,13,ROLL_LEFT
1045,80.954285,0,-0.051,-0.128,0.205,-5.777,19.124,110.584,0.000,0.000,0.000,-31.875,5.125,22.375,-3.204,-10.304,-29.733,0.108,-0.814,-0.554,0.135,1,-37.227,-1.997,-24.978,0.000,2,41.519054,-86.239632,0.000000,0.093,252.800003,10,41,42,96,12,3,U_TURN_HDG,AP_HDG_SEL_IMU,116.453,5.869,20.000,4,13,8,13,ROLL_LEFT
1046,81.000511,0,-0.051,-0.026,-0.077,-5.777,19.124,110.584,0.000,0.000,0.000,-31.875,5.125,22.375,-3.204,-10.278,-29.707,0.108,-0.814,-0.554,0.135,1,-37.597,-1.997,-25.102,0.000,2,41.519054,-86.239632,0.000000,0.093,252.699997,10,41,43,0,12,3,U_TURN_HDG,AP_HDG_SEL_IMU,116.453,5.869,20.000,4,13,8,13,ROLL_LEFT
1047,81.077507,0,0.077,-0.154,0.051,-5.781,19.118,110.584,0.000,0.000,0.000,-31.875,5.125,22.375,-3.204,-10.278,-29.707,0.108,-0.814,-0.554,0.135,1,-37.102,-2.045,-24.936,0.000,2,41.519054,-86.239632,0.000000,0.238,252.800003,10,41,43,8,12,3,U_TURN_HDG,AP_HDG_SEL_IMU,116.453,5.869,20.000,4,13,8,13,ROLL_LEFT
1048,81.180099,0,0.077,0.000,-0.077,-5.790,19.117,110.582,0.000,0.000,0.000,-31.875,5.125,22.375,-3.204,-10.304,-29.707,0.108,-0.814,-0.554,0.135,1,-37.409,-2.062,-25.039,0.000,2,41.519054,-86.239632,0.000000,0.122,252.800003,10,41,43,20,12,3,U_TURN_HDG,AP_HDG_SEL_IMU,116.453,5.871,20.000,4,13,8,13,ROLL_LEFT
1049,81.229187,0,-0.051,-0.128,0.077,-5.790,19.117,110.582,0.000,0.000,0.000,-31.875,5.125,22.375,-3.204,-10.304,-29.733,0.108,-0.814,-0.554,0.135,1,-37.237,-2.021,-24.981,0.000,2,41.519054,-86.239632,0.000000,0.027,252.800003,10,41,43,24,12,3,U_TURN_HDG,AP_HDG_SEL_IMU,116.453,5.871,20.000,4,13,8,13,ROLL_LEFT
1050,81.302734,0,-0.077,-0.026,-0.051,-5.790,19.117,110.582,0.000,0.000,0.000,-31.875,5.125,22.375,-3.178,-10.278,-29.733,0.108,-0.814,-0.554,0.135,1,-36.941,-2.023,-24.882,0.000,2,41.519054,-86.239632,0.000000,0.280,252.800003,10,41,43,32,12,3,U_TURN_HDG,AP_HDG_SEL_IMU,116.453,5.871,20.000,4,13,8,13,ROLL_LEFT
1051,81.385742,0,0.051,-0.026,-0.051,-5.790,19.117,110.582,0.000,0.000,0.000,-31.875,5.125,22.375,-3.178,-10.278,-29.733,0.108,-0.814,-0.554,0.135,1,-37.820,-1.995,-25.176,0.000,2,41.519054,-86.239632,0.000000,0.086,252.800003,10,41,43,40,12,3,U_TURN_HDG,AP_HDG_SEL_IMU,116.453,5.871,20.000,4,13,8,13,ROLL_LEFT
1052,81.464020,0,0.077,-0.128,0.077,-5.785,19.113,110.584,0.000,0.000,0.000,-31.875,5.125,22.375,-3.178,-10.278,-29.733,0.108,-0.814,-0.554,0.135,1,-37.591,-1.986,-25.100,0.000,2,41.519054,-86.239632,0.000000,0.140,252.800003,10,41,43,48,12,3,U_TURN_HDG,AP_HDG_SEL_IMU,116.453,5.869,20.000,4,13,8,13,ROLL_LEFT
1053,81.520508,0,0.077,0.256,-0.167,-5.789,19.107,110.583,0.000,0.000,0.000,-31.875,5.125,22.375,-3.204,-10.304,-29.733,0.108,-0.814,-0.554,0.135,1,-37.309,-2.015,-25.006,0.000,2,41.519054,-86.239632,0.000000,0.209,252.800003,10,41,43,52,12,3,U_TURN_HDG,AP_HDG_SEL_IMU,116.453,5.870,20.000,4,13,8,13,ROLL_LEFT
1054,81.578506,0,0.077,0.000,-0.051,-5.789,19.107,110.583,0.000,0.000,0.000,-31.875,5.125,22.375,-3.204,-10.304,-29.733,0.108,-0.814,-0.554,0.135,1,-36.714,-2.012,-24.805,0.000,2,41.519054,-86.239632,0.000000,0.116,252.800003,10,41,43,56,12,3,U_TURN_HDG,AP_HDG_SEL_IMU,116.453,5.870,20.000,4,13,8,13,ROLL_LEFT
1055,81.633507,0,-0.051,0.000,-0.051,-5.794,19.111,110.582,0.000,0.000,0.000,-31.875,5.125,22.375,-3.204,-10.304,-29.733,0.108,-0.814,-0.554,0.135,1,-37.139,-1.974,-24.949,0.000,2,41.519054,-86.239632,0.000000,0.100,252.800003,10,41,43,64,12,3,U_TURN_HDG,AP_HDG_SEL_IMU,116.453,5.871,20.000,4,13,8,13,ROLL_LEFT
1056,81.703835,0,-0.051,0.000,-0.051,-5.794,19.111,110.582,0.000,0.000,0.000,-31.875,5.125,22.375,-3.178,-10.278,-29.733,0.108,-0.814,-0.554,0.135,1,-37.318,-2.038,-25.009,0.000,2,41.519054,-86.239632,0.000000,0.084,252.800003,10,41,43,72,12,3,U_TURN_HDG,AP_HDG_SEL_IMU,116.453,5.871,20.000,4,13,8,13,ROLL_LEFT
1057,81.778511,0,0.077,0.000,-0.051,-5.794,19.111,110.582,0.000,0.000,0.000,-31.875,5.125,22.375,-3.204,-10.304,-29.733,0.108,-0.814,-0.554,0.135,1,-37.084,-2.015,-24.930,0.000,2,41.519054,-86.239632,0.000000,0.203,252.800003,10,41,43,76,12,3,U_TURN_HDG,AP_HDG_SEL_IMU,116.453,5.871,20.000,4,13,8,13,ROLL_LEFT
1058,81.841721,0,0.077,0.128,-0.051,-5.794,19.111,110.582,0.000,0.000,0.000,-31.875,5.125,22.375,-3.204,-10.304,-29.733,0.108,-0.814,-0.554,0.135,1,-37.322,-2.039,-25.010,0.000,2,41.519054,-86.239632,0.000000,0.304,252.800003,10,41,43,84,12,3,U_TURN_HDG,AP_HDG_SEL_IMU,116.453,5.871,20.000,4,13,8,13,ROLL_LEFT
1059,81.923378,0,-0.051,0.000,-0.051,-5.794,19.111,110.582,0.000,0.000,0.000,-31.875,5.125,22.375,-3.204,-10.304,-29.733,0.108,-0.814,-0.554,0.135,1,-38.126,-2.012,-25.278,0.000,2,41.519054,-86.239632,0.000000,0.385,252.800003,10,41,43,88,12,3,U_TURN_HDG,AP_HDG_SEL_IMU,116.453,5.871,20.000,4,13,8,13,ROLL_LEFT
1060,81.992363,0,-0.051,0.000,-0.167,-5.800,19.115,110.581,0.000,0.000,0.000,-31.875,5.125,22.375,-3.204,-10.304,-29.733,0.108,-0.814,-0.554,0.135,1,-37.142,-1.981,-24.949,0.000,2,41.519054,-86.239632,0.000000,0.329,252.699997,10,41,43,96,12,3,U_TURN_HDG,AP_HDG_SEL_IMU,116.453,5.872,20.000,4,13,8,13,ROLL_LEFT
1061,82.070221,0,0.051,0.026,0.051,-5.800,19.115,110.581,0.000,0.000,0.000,-31.875,5.125,22.375,-3.204,-10.304,-29.733,0.108,-0.814,-0.554,0.135,1,-37.443,-1.990,-25.050,0.000,2,41.519054,-86.239632,0.000000,0.014,252.699997,10,41,44,8,12,3,U_TURN_HDG,AP_HDG_SEL_IMU,116.453,5.872,20.000,4,13,8,13,ROLL_LEFT
1062,82.144402,0,0.051,0.026,0.051,-5.800,19.115,110.581,0.000,0.000,0.000,-31.875,5.125,22.375,-3.178,-10.330,-29.707,0.108,-0.814,-0.554,0.135,1,-38.025,-1.961,-25.244,0.000,2,41.519054,-86.239632,0.000000,0.041,252.699997,10,41,44,16,12,3,U_TURN_HDG,AP_HDG_SEL_IMU,116.453,5.872,20.000,4,13,8,13,ROLL_LEFT
1063,82.218178,0,0.051,-0.103,0.051,-5.796,19.121,110.581,0.000,0.000,0.000,-31.875,5.125,22.375,-3.178,-10.330,-29.707,0.108,-0.814,-0.554,0.135,1,-37.221,-1.987,-24.976,0.000,2,41.519054,-86.239632,0.000000,0.331,252.699997,10,41,44,24,12,3,U_TURN_HDG,AP_HDG_SEL_IMU,116.453,5.872,20.000,4,13,8,13,ROLL_LEFT
1064,82.271294,0,0.077,-0.128,0.077,-5.792,19.126,110.582,0.000,0.000,0.000,-31.875,5.125,22.375,-3.204,-10.304,-29.733,0.108,-0.814,-0.554,0.135,1,-37.089,-2.019,-24.932,0.000,2,41.519054,-86.239632,0.000000,0.420,252.699997,10,41,44,28,12,3,U_TURN_HDG,AP_HDG_SEL_IMU,116.453,5.871,20.000,4,13,8,13,ROLL_LEFT
1065,82.342262,0,-0.051,0.000,0.077,-5.792,19.126,110.582,0.000,0.000,0.000,-31.875,5.125,22.375,-3.204,-10.304,-29.733,0.108,-0.814,-0.554,0.135,1,-37.299,-1.995,-25.002,0.000,2,41.519054,-86.239632,0.000000,0.228,252.699997,10,41,44,36,12,3,U_TURN_HDG,AP_HDG_SEL_IMU,116.453,5.871,20.000,4,13,8,13,ROLL_LEFT
1066,82.408722,0,0.077,0.000,0.077,-5.796,19.121,110.581,0.000,0.000,0.000,-31.875,5.125,22.375,-3.204,-10.304,-29.733,0.108,-0.814,-0.554,0.135,1,-36.933,-2.006,-24.879,0.000,2,41.519054,-86.239632,0.000000,0.179,252.699997,10,41,44,40,12,3,U_TURN_HDG,AP_HDG_SEL_IMU,116.453,5.872,20.000,4,13,8,13,ROLL_LEFT
1067,82.461487,0,-0.051,0.000,-0.051,-5.796,19.121,110.581,0.000,0.000,0.000,-31.875,5.125,22.375,-3.204,-10.304,-29.733,0.108,-0.814,-0.554,0.135,1,-37.271,-1.946,-24.993,0.000,2,41.519054,-86.239632,0.000000,0.066,252.699997,10,41,44,48,12,3,U_TURN_HDG,AP_HDG_SEL_IMU,116.453,5.872,20.000,4,13,8,13,ROLL_LEFT
1068,82.550690,0,0.051,-0.154,0.077,-5.796,19.121,110.581,0.000,0.000,0.000,-31.875,5.125,22.375,-3.204,-10.304,-29.733,0.108,-0.814,-0.554,0.135,1,-37.161,-2.018,-24.956,0.000,2,41.519054,-86.239632,0.000000,0.110,252.699997,10,41,44,52,12,3,U_TURN_HDG,AP_HDG_SEL_IMU,116.453,5.872,20.000,4,13,8,13,ROLL_LEFT
1069,82.612503,0,-0.077,-0.026,-0.051,-5.794,19.111,110.582,0.224,0.112,0.000,-31.875,5.125,22.375,-3.178,-10.278,-29.733,0.108,-0.814,-0.554,0.135,1,-37.610,-2.023,-25.106,0.000,2,41.519054,-86.239632,0.000000,0.088,252.699997,10,41,44,60,12,3,U_TURN_HDG,AP_HDG_SEL_IMU,116.453,5.871,20.000,4,13,8,13,ROLL_LEFT
1070,82.692894,0,0.026,0.103,-0.051,-5.794,19.111,110.582,-0.224,0.112,-0.112,-31.875,5.125,22.375,-3.153,-10.278,-29.733,0.108,-0.814,-0.554,0.135,1,-37.219,-1.983,-24.975,0.000,2,41.519054,-86.239632,0.000000,0.179,252.699997,10,41,44,68,12,3,U_TURN_HDG,AP_HDG_SEL_IMU,116.453,5.871,20.000,4,13,8,13,ROLL_LEFT
1071,82.766510,0,-0.103,-0.026,0.103,-5.786,19.097,110.578,0.000,-0.112,0.000,-31.875,5.125,22.375,-3.153,-10.278,-29.758,0.108,-0.814,-0.554,0.135,1,-37.488,-1.933,-25.065,0.000,2,41.519054,-86.239632,0.000000,0.447,252.699997,10,41,44,76,12,3,U_TURN_HDG,AP_HDG_SEL_IMU,116.453,5.875,20.000,4,13,8,13,ROLL_LEFT
1072,82.824326,0,0.026,0.103,-0.051,-5.784,19.087,110.579,0.224,-0.112,-0.112,-31.875,5.125,22.375,-3.153,-10.278,-29.733,0.108,-0.814,-0.554,0.135,1,-36.915,-1.971,-24.873,0.000,2,41.519054,-86.239632,0.000000,0.429,252.800003,10,41,44,84,12,3,U_TURN_HDG,AP_HDG_SEL_IMU,116.453,5.874,20.000,4,13,8,13,ROLL_LEFT
1073,82.919586,0,0.026,0.000,-0.077,-5.781,19.104,110.575,0.000,0.112,-0.112,-31.875,5.125,22.375,-3.153,-10.304,-29.707,0.108,-0.814,-0.554,0.135,1,-36.767,-1.977,-24.823,0.000,2,41.519054,-86.239632,308.649994,0.770,252.800003,10,41,44,92,12,3,U_TURN_HDG,AP_HDG_SEL_IMU,116.453,5.878,20.000,4,13,8,13,ROLL_LEFT
1074,82.966286,0,0.026,0.000,-0.077,-5.769,19.096,110.571,0.112,0.000,0.000,-31.875,5.125,22.375,-3.153,-10.304,-29.707,0.108,-0.814,-0.554,0.135,1,-37.351,-1.954,-25.020,0.000,2,41.519054,-86.239632,0.000000,0.648,252.800003,10,41,44,96,12,3,U_TURN_HDG,AP_HDG_SEL_IMU,116.453,5.882,20.000,4,13,8,13,ROLL_LEFT
1075,83.104698,0,0.051,0.000,-0.051,-5.765,19.101,110.572,0.000,-0.112,0.000,-31.875,5.125,22.375,-3.153,-10.304,-29.707,0.108,-0.814,-0.554,0.135,1,-37.295,-1.988,-25.001,0.000,2,41.519054,-86.239632,0.000000,0.213,252.800003,10,41,45,12,12,3,U_TURN_HDG,AP_HDG_SEL_IMU,116.453,5.881,20.000,4,13,8,13,ROLL_LEFT
1076,83.217682,0,-0.077,0.000,0.077,-5.765,19.101,110.572,0.000,0.112,0.112,-31.875,5.125,22.375,-3.178,-10.304,-29.733,0.108,-0.814,-0.554,0.135,1,-37.252,-2.045,-24.986,0.000,2,41.519054,-86.239632,0.000000,0.189,252.800003,10,41,45,24,12,3,U_TURN_HDG,AP_HDG_SEL_IMU,116.453,5.881,20.000,4,13,8,13,ROLL_LEFT
1077,83.298744,0,0.051,0.000,0.077,-5.765,19.101,110.572,0.000,0.000,0.112,-31.875,5.125,22.375,-3.178,-10.304,-29.733,0.108,-0.814,-0.554,0.135,1,-37.526,-2.001,-25.078,0.000,2,41.519054,-86.239632,0.000000,0.289,252.800003,10,41,45,32,12,3,U_TURN_HDG,AP_HDG_SEL_IMU,116.453,5.881,20.000,4,13,8,13,ROLL_LEFT
1078,83.422974,0,-0.077,0.000,-0.051,-5.769,19.096,110.571,-0.112,0.000,0.000,-31.875,5.125,22.375,-3.178,-10.304,-29.733,0.108,-0.814,-0.554,0.135,1,-37.068,-1.981,-24.925,0.000,2,41.519054,-86.239632,0.000000,0.187,252.800003,10,41,45,44,12,3,U_TURN_HDG,AP_HDG_SEL_IMU,116.453,5.882,20.000,4,13,8,13,ROLL_LEFT
1079,83.535133,0,0.051,-0.128,0.077,-5.764,19.090,110.577,0.000,0.000,-0.112,-31.875,5.125,22.375,-3.178,-10.304,-29.733,0.108,-0.814,-0.554,0.135,1,-36.674,-1.939,-24.792,0.000,2,41.519054,-86.239632,0.000000,0.064,252.800003,10,41,45,56,12,3,U_TURN_HDG,AP_HDG_SEL_IMU,116.453,5.877,20.000,4,13,8,13,ROLL_LEFT
1080,83.620041,0,0.051,0.000,0.077,-5.761,19.096,110.583,0.000,0.000,0.000,-31.875,5.125,22.375,-3.178,-10.304,-29.733,0.108,-0.814,-0.554,0.135,1,-36.981,-1.960,-24.895,0.000,2,41.519054,-86.239632,0.000000,0.069,252.800003,10,41,45,64,12,3,U_TURN_HDG,AP_HDG_SEL_IMU,116.453,5.870,20.000,4,13,8,13,ROLL_LEFT
1081,83.675224,0,0.051,-0.128,-0.051,-5.761,19.096,110.583,0.000,0.000,0.000,-31.875,5.125,22.375,-3.178,-10.304,-29.733,0.108,-0.814,-0.554,0.135,1,-37.139,-1.980,-24.949,0.000,2,41.519054,-86.239632,0.000000,0.032,252.800003,10,41,45,68,12,3,U_TURN_HDG,AP_HDG_SEL_IMU,116.453,5.870,20.000,4,13,8,13,ROLL_LEFT
1082,83.740601,0,0.051,0.000,0.077,-5.761,19.096,110.583,0.000,0.000,0.000,-31.875,5.125,22.375,-3.178,-10.304,-29.733,0.108,-0.814,-0.554,0.135,1,-36.824,-1.944,-24.843,0.000,2,41.519054,-86.239632,0.000000,0.268,252.800003,10,41,45,76,12,3,U_TURN_HDG,AP_HDG_SEL_IMU,116.453,5.870,20.000,4,13,8,13,ROLL_LEFT
1083,83.864044,0,0.051,0.000,-0.051,-5.767,19.100,110.581,0.000,0.000,0.000,-31.875,5.125,22.375,-3.178,-10.304,-29.733,0.108,-0.814,-0.554,0.135,1,-37.338,-1.929,-25.015,0.000,2,41.519054,-86.239632,0.000000,0.091,252.800003,10,41,45,88,12,3,U_TURN_HDG,AP_HDG_SEL_IMU,116.453,5.872,20.000,4,13,8,13,ROLL_LEFT
1084,83.915405,0,0.051,-0.128,0.077,-5.761,19.096,110.583,0.448,0.000,0.112,-31.875,5.125,22.375,-3.178,-10.304,-29.733,0.108,-0.814,-0.554,0.135,1,-37.356,-1.963,-25.021,0.000,2,41.519054,-86.239632,0.000000,0.118,252.800003,10,41,45,92,12,3,U_TURN_HDG,AP_HDG_SEL_IMU,116.453,5.870,20.000,4,13,8,13,ROLL_LEFT
1085,83.977798,0,0.051,0.128,-0.051,-5.767,19.100,110.581,0.000,0.000,-0.112,-31.875,5.125,22.375,-3.178,-10.304,-29.733,0.108,-0.814,-0.554,0.135,1,-38.018,-1.946,-25.242,0.000,2,41.519054,-86.239632,0.000000,0.181,252.800003,10,41,46,0,12,3,U_TURN_HDG,AP_HDG_SEL_IMU,116.453,5.872,20.000,4,13,8,13,ROLL_LEFT
1086,84.059250,0,0.051,-0.128,0.077,-5.765,19.091,110.582,0.112,-0.112,0.000,-31.875,5.125,22.375,-3.178,-10.304,-29.733,0.108,-0.814,-0.554,0.135,1,-37.205,-1.960,-24.971,0.000,2,41.519054,-86.239632,0.000000,0.319,252.800003,10,41,46,8,12,3,U_TURN_HDG,AP_HDG_SEL_IMU,116.453,5.871,20.000,4,13,8,13,ROLL_LEFT
1087,84.136078,0,-0.103,0.026,0.077,-5.761,19.096,110.583,0.112,0.000,0.112,-31.875,5.125,22.375,-3.153,-10.330,-29.733,0.108,-0.814,-0.554,0.135,1,-36.664,-1.916,-24.788,0.000,2,41.519054,-86.239632,0.000000,0.162,252.800003,10,41,46,16,12,3,U_TURN_HDG,AP_HDG_SEL_IMU,116.453,5.870,20.000,4,13,8,13,ROLL_LEFT
1088,84.259186,0,-0.077,-0.103,0.205,-5.753,19.108,110.583,-0.560,-0.112,-0.112,-31.875,5.125,22.375,-3.178,-10.330,-29.733,0.108,-0.814,-0.554,0.135,1,-37.590,-1.981,-25.099,0.000,2,41.519054,-86.239632,0.000000,0.233,252.800003,10,41,46,28,12,3,U_TURN_HDG,AP_HDG_SEL_IMU,116.453,5.870,20.000,4,13,8,13,ROLL_LEFT
1089,84.340126,0,0.051,0.026,0.077,-5.759,19.112,110.582,0.000,0.000,0.000,-31.875,5.125,22.375,-3.178,-10.330,-29.733,0.108,-0.814,-0.554,0.135,1,-37.049,-1.945,-24.918,0.000,2,41.519054,-86.239632,0.000000,0.068,252.800003,10,41,46,36,12,3,U_TURN_HDG,AP_HDG_SEL_IMU,116.453,5.871,20.000,4,13,8,13,ROLL_LEFT
1090,84.395508,0,0.051,0.026,-0.051,-5.765,19.116,110.587,0.000,0.000,0.000,-31.875,5.125,22.375,-3.178,-10.330,-29.733,0.108,-0.814,-0.554,0.135,1,-37.430,-1.967,-25.046,0.000,2,41.519054,-86.239632,0.000000,0.088,252.800003,10,41,46,40,12,3,U_TURN_HDG,AP_HDG_SEL_IMU,116.453,5.866,20.000,4,13,8,13,ROLL_LEFT
1091,84.468292,0,0.051,0.000,-0.051,-5.760,19.112,110.588,-0.224,0.000,0.000,-31.875,5.125,22.375,-3.178,-10.330,-29.733,0.108,-0.814,-0.554,0.135,1,-37.816,-1.988,-25.175,0.000,2,41.519054,-86.239632,0.000000,0.216,252.800003,10,41,46,48,12,3,U_TURN_HDG,AP_HDG_SEL_IMU,116.453,5.865,20.000,4,13,8,13,ROLL_LEFT
1092,84.526703,0,-0.103,-0.026,-0.051,-5.762,19.096,110.592,-0.112,0.000,0.000,-31.875,5.125,22.375,-3.153,-10.278,-29.733,0.108,-0.814,-0.554,0.135,1,-36.909,-1.963,-24.871,0.000,2,41.519054,-86.239632,0.000000,0.231,252.699997,10,41,46,52,12,3,U_TURN_HDG,AP_HDG_SEL_IMU,116.453,5.861,20.000,4,13,8,13,ROLL_LEFT
1093,84.588509,0,-0.103,-0.026,-0.051,-5.754,19.083,110.584,0.336,0.112,0.000,-31.875,5.125,22.375,-3.153,-10.278,-29.733,0.108,-0.814,-0.554,0.135,1,-37.800,-1.963,-25.170,0.000,2,41.519054,-86.239632,0.000000,0.197,252.699997,10,41,46,60,12,3,U_TURN_HDG,AP_HDG_SEL_IMU,116.453,5.869,20.000,4,13,8,13,ROLL_LEFT
1094,84.643120,0,0.026,0.103,-0.026,-5.755,19.092,110.584,-0.112,-0.112,0.112,-31.875,5.125,22.375,-3.153,-10.278,-29.758,0.108,-0.814,-0.554,0.135,1,-36.656,-2.042,-24.786,0.000,2,41.519054,-86.239632,0.000000,0.170,252.699997,10,41,46,64,12,3,U_TURN_HDG,AP_HDG_SEL_IMU,116.453,5.869,20.000,4,13,8,13,ROLL_LEFT
1095,84.699944,0,0.026,-0.026,0.103,-5.754,19.083,110.584,-0.112,0.000,0.000,-31.875,5.125,22.375,-3.153,-10.278,-29.758,0.108,-0.814,-0.554,0.135,1,-36.920,-1.986,-24.875,0.000,2,41.519054,-86.239632,0.000000,0.062,252.699997,10,41,46,72,12,3,U_TURN_HDG,AP_HDG_SEL_IMU,116.453,5.869,20.000,4,13,8,13,ROLL_LEFT
1096,84.753510,0,-0.103,-0.026,-0.167,-5.754,19.083,110.584,-0.112,0.000,-0.112,-31.875,5.125,22.375,-3.153,-10.278,-29.733,0.108,-0.814,-0.554,0.135,1,-37.512,-1.979,-25.074,0.000,2,41.519054,-86.239632,0.000000,0.024,252.699997,10,41,46,76,12,3,U_TURN_HDG,AP_HDG_SEL_IMU,116.453,5.869,20.000,4,13,8,13,ROLL_LEFT
1097,84.823158,0,0.026,-0.128,-0.051,-5.750,19.088,110.585,-0.448,-0.112,-0.224,-31.875,5.125,22.375,-3.153,-10.278,-29.758,0.108,-0.814,-0.554,0.135,1,-36.883,-1.910,-24.862,0.000,2,41.519054,-86.239632,0.000000,0.051,252.699997,10,41,46,84,12,3,U_TURN_HDG,AP_HDG_SEL_IMU,116.453,5.868,20.000,4,13,8,13,ROLL_LEFT
1098,84.902031,0,0.026,0.000,-0.051,-5.748,19.079,110.586,0.000,0.000,0.000,-31.875,5.125,22.375,-3.153,-10.304,-29.733,0.108,-0.814,-0.554,0.135,1,-36.817,-1.931,-24.840,0.000,2,41.519054,-86.239632,0.000000,0.201,252.800003,10,41,46,92,12,3,U_TURN_HDG,AP_HDG_SEL_IMU,116.453,5.867,20.000,4,13,8,13,ROLL_LEFT
1099,84.953133,0,-0.103,0.000,0.077,-5.748,19.079,110.586,0.000,0.000,0.000,-31.875,5.125,22.375,-3.153,-10.304,-29.733,0.108,-0.814,-0.554,0.135,1,-36.912,-1.970,-24.872,0.000,2,41.519054,-86.239632,0.000000,0.287,252.800003,10,41,46,96,12,3,U_TURN_HDG,AP_HDG_SEL_IMU,116.453,5.867,20.000,4,13,8,13,ROLL_LEFT
1100,85.016869,0,0.026,0.000,0.077,-5.744,19.084,110.586,0.000,0.000,0.000,-31.875,5.125,22.375,-3.178,-10.304,-29.733,0.108,-0.814,-0.554,0.135,1,-36.968,-1.934,-24.891,0.000,2,41.519054,-86.239632,0.000000,0.243,252.800003,10,41,47,4,12,3,U_TURN_HDG,AP_HDG_SEL_IMU,116.453,5.867,20.000,4,13,8,13,ROLL_LEFT
1101,85.066292,0,0.051,0.000,0.077,-5.744,19.084,110.586,0.000,0.000,0.000,-31.875,5.125,22.375,-3.178,-10.304,-29.733,0.108,-0.814,-0.554,0.135,1,-37.338,-1.926,-25.015,0.000,2,41.519054,-86.239632,0.000000,0.209,252.800003,10,41,47,8,12,3,U_TURN_HDG,AP_HDG_SEL_IMU,116.453,5.867,20.000,4,13,8,13,ROLL_LEFT
1102,85.175934,0,0.051,0.000,0.077,-5.744,19.084,110.586,0.000,0.000,0.000,-31.875,5.125,22.375,-3.178,-10.304,-29.733,0.108,-0.814,-0.554,0.135,1,-37.031,-1.915,-24.912,0.000,2,41.519054,-86.239632,0.000000,0.189,252.699997,10,41,47,20,12,3,U_TURN_HDG,AP_HDG_SEL_IMU,116.453,5.867,20.000,4,13,8,13,ROLL_LEFT
1103,85.232246,0,0.051,0.000,-0.051,-5.750,19.088,110.585,0.000,0.000,0.000,-31.875,5.125,22.375,-3.178,-10.304,-29.733,0.108,-0.814,-0.554,0.135,1,-37.285,-1.973,-24.997,0.000,2,41.519054,-86.239632,0.000000,0.162,252.699997,10,41,47,24,12,3,U_TURN_HDG,AP_HDG_SEL_IMU,116.453,5.868,20.000,4,13,8,13,ROLL_LEFT
1104,85.282509,0,-0.077,0.000,0.077,-5.750,19.088,110.585,0.000,0.000,0.000,-31.875,5.125,22.375,-3.178,-10.304,-29.733,0.108,-0.814,-0.554,0.135,1,-36.658,-1.912,-24.787,0.000,2,41.519054,-86.239632,0.000000,0.115,252.699997,10,41,47,28,12,3,U_TURN_HDG,AP_HDG_SEL_IMU,116.453,5.868,20.000,4,13,8,13,ROLL_LEFT
1105,85.338936,0,0.051,0.128,-0.051,-5.746,19.094,110.585,0.000,0.000,0.000,-31.875,5.125,22.375,-3.204,-10.304,-29.758,0.108,-0.814,-0.554,0.135,1,-37.279,-1.959,-24.995,0.000,2,41.519054,-86.239632,0.000000,0.263,252.699997,10,41,47,36,12,3,U_TURN_HDG,AP_HDG_SEL_IMU,116.453,5.868,20.000,4,13,8,13,ROLL_LEFT
1106,85.422508,0,-0.051,0.128,0.103,-5.755,19.092,110.584,0.000,0.000,0.000,-31.875,5.125,22.375,-3.204,-10.304,-29.758,0.108,-0.814,-0.554,0.135,1,-37.026,-1.902,-24.910,0.000,2,41.519054,-86.239632,0.000000,0.240,252.699997,10,41,47,40,12,3,U_TURN_HDG,AP_HDG_SEL_IMU,116.453,5.869,20.000,4,13,8,13,ROLL_LEFT
1107,85.498466,0,-0.077,0.000,-0.051,-5.755,19.092,110.584,0.112,0.112,0.000,-31.875,5.125,22.375,-3.178,-10.304,-29.733,0.108,-0.814,-0.554,0.135,1,-37.071,-1.984,-24.926,0.000,2,41.519054,-86.239632,0.000000,0.197,252.699997,10,41,47,48,12,3,U_TURN_HDG,AP_HDG_SEL_IMU,116.453,5.869,20.000,4,13,8,13,ROLL_LEFT
1108,85.576508,0,0.051,0.000,0.077,-5.755,19.092,110.584,0.336,0.000,0.000,-31.875,5.125,22.375,-3.178,-10.304,-29.733,0.108,-0.814,-0.554,0.135,1,-36.701,-1.991,-24.801,0.000,2,41.519054,-86.239632,0.000000,0.287,252.600006,10,41,47,56,12,3,U_TURN_HDG,AP_HDG_SEL_IMU,116.453,5.869,20.000,4,13,8,13,ROLL_LEFT
1109,85.660294,0,-0.077,-0.128,-0.051,-5.755,19.092,110.584,0.112,0.112,0.112,-31.875,5.125,22.375,-3.178,-10.304,-29.733,0.108,-0.814,-0.554,0.135,1,-37.496,-1.945,-25.068,0.000,2,41.519054,-86.239632,0.000000,0.106,252.600006,10,41,47,68,12,3,U_TURN_HDG,AP_HDG_SEL_IMU,116.453,5.869,20.000,4,13,8,13,ROLL_LEFT
1110,85.735275,0,0.051,-0.128,0.077,-5.762,19.096,110.592,-0.112,-0.112,0.000,-31.875,5.125,22.375,-3.178,-10.304,-29.733,0.108,-0.814,-0.554,0.135,1,-37.261,-1.924,-24.989,0.000,2,41.519054,-86.239632,0.000000,0.125,252.600006,10,41,47,76,12,3,U_TURN_HDG,AP_HDG_SEL_IMU,116.453,5.861,20.000,4,13,8,13,ROLL_LEFT
1111,85.812019,0,0.051,0.000,0.077,-5.768,19.101,110.587,-0.112,-0.112,-0.112,-31.875,5.125,22.375,-3.178,-10.304,-29.733,0.108,-0.814,-0.554,0.135,1,-37.019,-2.033,-24.908,0.000,2,41.519054,-86.239632,0.000000,0.111,252.600006,10,41,47,80,12,3,U_TURN_HDG,AP_HDG_SEL_IMU,116.453,5.866,20.000,4,13,8,13,ROLL_LEFT
1112,85.905098,0,-0.077,-0.128,0.077,-5.768,19.100,110.591,-0.224,0.112,0.000,-31.875,5.125,22.375,-3.178,-10.304,-29.733,0.108,-0.814,-0.554,0.135,1,-36.896,-1.939,-24.867,0.000,2,41.519054,-86.239632,0.000000,0.135,252.600006,10,41,47,92,12,3,U_TURN_HDG,AP_HDG_SEL_IMU,116.453,5.862,20.000,4,13,8,13,ROLL_LEFT
1113,85.971176,0,0.051,0.128,-0.077,-5.763,19.081,110.583,-0.448,0.000,-0.112,-31.875,5.125,22.375,-3.178,-10.304,-29.707,0.108,-0.814,-0.554,0.135,1,-37.875,-1.958,-25.194,0.000,2,41.519054,-86.239632,0.000000,0.149,252.600006,10,41,47,96,12,3,U_TURN_HDG,AP_HDG_SEL_IMU,116.453,5.870,20.000,4,13,8,13,ROLL_LEFT
1114,86.025513,0,0.051,0.000,-0.077,-5.761,19.096,110.583,-0.448,0.000,0.000,-31.875,5.125,22.375,-3.178,-10.304,-29.707,0.108,-0.814,-0.554,0.135,1,-37.063,-1.968,-24.923,0.000,2,41.519054,-86.239632,0.000000,0.100,252.600006,10,41,48,4,12,3,U_TURN_HDG,AP_HDG_SEL_IMU,116.453,5.870,20.000,4,13,8,13,ROLL_LEFT
1115,86.178787,0,0.026,0.128,-0.051,-5.760,19.112,110.588,-0.112,0.000,-0.224,-31.875,5.125,22.375,-3.153,-10.304,-29.733,0.108,-0.814,-0.554,0.135,1,-37.441,-1.982,-25.050,0.000,2,41.519054,-86.239632,0.000000,0.219,252.600006,10,41,48,20,12,3,U_TURN_HDG,AP_HDG_SEL_IMU,116.453,5.865,20.000,4,13,8,13,ROLL_LEFT
1116,86.256592,0,0.051,0.000,-0.051,-5.757,19.102,110.583,-0.336,0.000,0.000,-31.875,5.125,22.375,-3.178,-10.304,-29.733,0.108,-0.814,-0.554,0.135,1,-37.285,-1.968,-24.997,0.000,2,41.519054,-86.239632,0.000000,0.360,252.500000,10,41,48,28,12,3,U_TURN_HDG,AP_HDG_SEL_IMU,116.453,5.870,20.000,4,13,8,13,ROLL_LEFT
1117,86.384392,0,-0.077,0.000,0.077,-5.759,19.101,110.593,0.112,0.000,0.112,-31.875,5.125,22.375,-3.178,-10.304,-29.733,0.108,-0.814,-0.554,0.135,1,-36.597,-1.936,-24.766,0.000,2,41.519054,-86.239639,0.000000,0.371,252.500000,10,41,48,40,12,3,U_TURN_HDG,AP_HDG_SEL_IMU,116.453,5.860,20.000,4,13,8,13,ROLL_LEFT
1118,86.499275,0,0.051,0.000,-0.077,-5.759,19.101,110.593,0.000,0.000,0.000,-31.875,5.125,22.375,-3.178,-10.304,-29.707,0.108,-0.814,-0.554,0.135,1,-36.531,-1.954,-24.743,0.000,2,41.519054,-86.239632,0.000000,0.651,252.399994,10,41,48,52,12,3,U_TURN_HDG,AP_HDG_SEL_IMU,116.453,5.860,20.000,4,13,8,13,ROLL_LEFT
1119,86.560509,0,-0.077,0.000,-0.051,-5.764,19.106,110.587,0.000,0.000,0.000,-31.875,5.125,22.375,-3.178,-10.304,-29.707,0.108,-0.814,-0.554,0.135,1,-37.563,-1.935,-25.090,0.000,2,41.519054,-86.239632,0.000000,0.694,252.399994,10,41,48,56,12,3,U_TURN_HDG,AP_HDG_SEL_IMU,116.453,5.866,20.000,4,13,8,13,ROLL_LEFT
1120,86.623077,0,0.051,0.000,-0.051,-5.760,19.112,110.588,0.000,0.000,0.000,-31.875,5.125,22.375,-3.178,-10.304,-29.733,0.108,-0.814,-0.554,0.135,1,-37.052,-1.950,-24.919,0.000,2,41.519054,-86.239632,0.000000,0.481,252.399994,10,41,48,64,12,3,U_TURN_HDG,AP_HDG_SEL_IMU,116.453,5.865,20.000,4,13,8,13,ROLL_LEFT
1121,86.699966,0,-0.077,0.000,0.077,-5.760,19.112,110.588,0.000,0.000,0.000,-31.875,5.125,22.375,-3.178,-10.304,-29.733,0.108,-0.814,-0.554,0.135,1,-37.110,-1.925,-24.939,0.000,2,41.519054,-86.239639,0.000000,0.223,252.399994,10,41,48,72,12,3,U_TURN_HDG,AP_HDG_SEL_IMU,116.453,5.865,20.000,4,13,8,13,ROLL_LEFT
1122,86.783287,0,0.051,0.000,-0.077,-5.760,19.112,110.588,0.000,0.000,0.000,-31.875,5.125,22.375,-3.178,-10.304,-29.707,0.108,-0.814,-0.554,0.135,1,-37.131,-1.960,-24.946,0.000,2,41.519054,-86.239639,0.000000,0.272,252.399994,10,41,48,76,12,3,U_TURN_HDG,AP_HDG_SEL_IMU,116.453,5.865,20.000,4,13,8,13,ROLL_LEFT
1123,86.846504,0,0.051,0.256,-0.192,-5.765,19.116,110.587,0.000,0.000,0.000,-31.875,5.125,22.375,-3.178,-10.304,-29.707,0.108,-0.814,-0.554,0.135,1,-36.968,-1.929,-24.891,0.000,2,41.519054,-86.239639,0.000000,0.338,252.399994,10,41,48,84,12,3,U_TURN_HDG,AP_HDG_SEL_IMU,116.453,5.866,20.000,4,13,8,13,ROLL_LEFT
1124,86.942711,0,0.051,0.128,0.051,-5.769,19.110,110.586,0.448,-0.112,0.112,-31.875,5.125,22.375,-3.178,-10.304,-29.707,0.108,-0.814,-0.554,0.135,1,-37.507,-1.967,-25.072,0.000,2,41.519051,-86.239639,0.000000,0.451,252.399994,10,41,48,96,12,3,U_TURN_HDG,AP_HDG_SEL_IMU,116.453,5.867,20.000,4,13,8,13,ROLL_LEFT
1125,87.106216,0,-0.077,-0.128,-0.077,-5.771,19.110,110.596,0.112,0.000,0.000,-31.875,5.125,22.375,-3.178,-10.304,-29.707,0.108,-0.814,-0.554,0.135,1,-37.279,-1.959,-24.995,0.000,2,41.519051,-86.239639,0.000000,0.596,252.300003,10,41,49,12,12,3,U_TURN_HDG,AP_HDG_SEL_IMU,116.453,5.857,20.000,4,13,8,13,ROLL_LEFT
1126,87.218437,0,0.051,0.000,0.051,-5.767,19.115,110.596,0.448,0.000,0.000,-31.875,5.125,22.375,-3.178,-10.304,-29.707,0.108,-0.814,-0.554,0.135,1,-37.422,-1.947,-25.043,0.000,2,41.519051,-86.239639,210.399994,0.773,252.300003,10,41,49,24,12,3,U_TURN_HDG,AP_HDG_SEL_IMU,116.453,5.857,20.000,4,13,8,13,ROLL_LEFT
1127,87.340569,0,0.051,-0.128,0.051,-5.779,19.124,110.600,0.112,0.000,-0.112,-31.875,5.125,22.375,-3.178,-10.304,-29.707,0.108,-0.814,-0.554,0.135,1,-37.361,-1.972,-25.023,0.000,2,41.519051,-86.239639,192.520004,0.819,252.300003,10,41,49,36,12,3,U_TURN_HDG,AP_HDG_SEL_IMU,116.453,5.853,20.000,4,13,8,13,ROLL_LEFT
1128,87.415321,0,0.051,0.000,-0.077,-5.777,19.139,110.599,-0.112,0.000,0.000,-31.875,5.125,22.375,-3.178,-10.304,-29.707,0.108,-0.814,-0.554,0.135,1,-36.901,-1.950,-24.868,0.000,2,41.519051,-86.239639,0.000000,0.462,252.199997,10,41,49,44,12,3,U_TURN_HDG,AP_HDG_SEL_IMU,116.453,5.854,20.000,4,13,8,13,ROLL_LEFT
1129,87.478859,0,0.051,0.128,0.051,-5.775,19.129,110.600,0.112,0.000,0.000,-31.875,5.125,22.375,-3.178,-10.304,-29.707,0.108,-0.814,-0.554,0.135,1,-37.205,-1.963,-24.971,0.000,2,41.519051,-86.239639,0.000000,0.452,252.199997,10,41,49,48,12,3,U_TURN_HDG,AP_HDG_SEL_IMU,116.453,5.853,20.000,4,13,8,13,ROLL_LEFT
1130,87.528297,0,-0.077,0.128,-0.077,-5.775,19.129,110.600,-0.112,0.000,0.000,-31.875,5.125,22.375,-3.178,-10.304,-29.707,0.108,-0.814,-0.554,0.135,1,-37.195,-1.941,-24.967,0.000,2,41.519051,-86.239639,0.000000,0.449,252.199997,10,41,49,52,12,3,U_TURN_HDG,AP_HDG_SEL_IMU,116.453,5.853,20.000,4,13,8,13,ROLL_LEFT
1131,87.592491,0,0.051,0.000,-0.077,-5.775,19.129,110.600,0.000,-0.112,0.000,-31.875,5.125,22.375,-3.178,-10.304,-29.707,0.108,-0.814,-0.554,0.135,1,-37.639,-1.937,-25.116,0.000,2,41.519051,-86.239639,0.000000,0.555,252.199997,10,41,49,60,12,3,U_TURN_HDG,AP_HDG_SEL_IMU,116.453,5.853,20.000,4,13,8,13,ROLL_LEFT
1132,87.662018,0,0.077,0.000,0.077,-5.779,19.124,110.600,0.000,0.000,-0.112,-31.875,5.125,22.375,-3.204,-10.304,-29.733,0.108,-0.814,-0.554,0.135,1,-38.031,-1.977,-25.246,0.000,2,41.519051,-86.239639,0.000000,0.300,252.100006,10,41,49,68,12,3,U_TURN_HDG,AP_HDG_SEL_IMU,116.453,5.853,20.000,4,13,8,13,ROLL_LEFT
1133,87.716515,0,-0.051,0.000,0.077,-5.778,19.123,110.594,0.112,0.000,0.000,-31.875,5.125,22.375,-3.204,-10.304,-29.733,0.108,-0.814,-0.554,0.135,1,-37.118,-1.936,-24.941,0.000,2,41.519051,-86.239639,0.000000,0.218,252.100006,10,41,49,72,12,3,U_TURN_HDG,AP_HDG_SEL_IMU,116.453,5.859,20.000,4,13,8,13,ROLL_LEFT
1134,87.782036,0,0.077,0.000,-0.051,-5.787,19.123,110.588,-0.112,-0.112,0.000,-31.875,5.125,22.375,-3.204,-10.304,-29.733,0.108,-0.814,-0.554,0.135,1,-37.290,-1.977,-24.999,0.000,2,41.519051,-86.239639,0.000000,0.213,252.100006,10,41,49,80,12,3,U_TURN_HDG,AP_HDG_SEL_IMU,116.453,5.865,20.000,4,13,8,13,ROLL_LEFT
1135,87.851273,0,0.026,0.256,-0.167,-5.782,19.118,110.594,-0.448,0.000,0.000,-31.875,5.125,22.375,-3.178,-10.304,-29.707,0.108,-0.814,-0.554,0.135,1,-37.113,-1.924,-24.940,0.000,2,41.519051,-86.239639,0.000000,0.341,252.100006,10,41,49,84,12,3,U_TURN_HDG,AP_HDG_SEL_IMU,116.453,5.859,20.000,4,13,8,13,ROLL_LEFT
1136,87.912125,0,0.026,0.128,-0.167,-5.783,19.128,110.589,-0.895,0.112,-0.224,-31.875,5.125,22.375,-3.153,-10.304,-29.733,0.108,-0.814,-0.554,0.135,1,-37.227,-1.864,-24.978,0.000,2,41.519051,-86.239639,0.000000,0.506,252.100006,10,41,49,92,12,3,U_TURN_HDG,AP_HDG_SEL_IMU,116.453,5.864,20.000,4,13,8,13,ROLL_LEFT
1137,87.967514,0,0.026,0.128,-0.051,-5.775,19.114,110.585,0.336,-0.112,0.000,-31.875,5.125,22.375,-3.153,-10.304,-29.733,0.108,-0.814,-0.554,0.135,1,-37.264,-1.929,-24.990,0.000,2,41.519051,-86.239639,0.000000,0.488,252.100006,10,41,49,96,12,3,U_TURN_HDG,AP_HDG_SEL_IMU,116.453,5.868,20.000,4,13,8,13,ROLL_LEFT
1138,88.032509,0,0.051,-0.103,-0.051,-5.776,19.115,110.591,-0.448,0.000,0.000,-31.875,5.125,22.375,-3.178,-10.330,-29.733,0.108,-0.814,-0.554,0.135,1,-37.279,-1.960,-24.995,0.000,2,41.519051,-86.239639,0.000000,0.430,252.100006,10,41,50,4,12,3,U_TURN_HDG,AP_HDG_SEL_IMU,116.453,5.862,20.000,4,13,8,13,ROLL_LEFT
1139,88.131187,0,-0.077,0.154,-0.141,-5.778,19.124,110.590,-0.112,0.112,0.000,-31.875,5.125,22.375,-3.153,-10.330,-29.733,0.108,-0.814,-0.554,0.135,1,-37.875,-1.958,-25.194,0.000,2,41.519051,-86.239639,0.000000,0.353,252.100006,10,41,50,12,12,3,U_TURN_HDG,AP_HDG_SEL_IMU,116.453,5.863,20.000,4,13,8,13,ROLL_LEFT
1140,88.187294,0,-0.077,0.154,-0.026,-5.771,19.120,110.585,0.000,0.000,0.000,-31.875,5.125,22.375,-3.178,-10.304,-29.733,0.108,-0.814,-0.554,0.135,1,-36.975,-1.946,-24.893,0.000,2,41.519051,-86.239639,0.000000,0.174,252.100006,10,41,50,20,12,3,U_TURN_HDG,AP_HDG_SEL_IMU,116.453,5.868,20.000,4,13,8,13,ROLL_LEFT
1141,88.237511,0,0.051,0.000,-0.051,-5.772,19.121,110.591,0.112,0.112,0.112,-31.875,5.125,22.375,-3.178,-10.304,-29.733,0.108,-0.814,-0.554,0.135,1,-37.766,-1.896,-25.158,0.000,2,41.519051,-86.239639,0.000000,0.054,252.100006,10,41,50,24,12,3,U_TURN_HDG,AP_HDG_SEL_IMU,116.453,5.862,20.000,4,13,8,13,ROLL_LEFT
1142,88.339500,0,0.051,0.000,0.077,-5.768,19.126,110.592,0.224,-0.112,0.000,-31.875,5.125,22.375,-3.178,-10.304,-29.733,0.108,-0.814,-0.554,0.135,1,-37.536,-1.883,-25.082,0.000,2,41.519051,-86.239639,0.000000,0.106,252.100006,10,41,50,32,12,3,U_TURN_HDG,AP_HDG_SEL_IMU,116.453,5.862,20.000,4,13,8,13,ROLL_LEFT
1143,88.399193,0,0.051,0.000,-0.026,-5.771,19.110,110.596,0.224,0.000,-0.112,-31.875,5.125,22.375,-3.178,-10.304,-29.758,0.108,-0.814,-0.554,0.135,1,-37.161,-1.876,-24.956,0.000,2,41.519051,-86.239639,0.000000,0.336,252.199997,10,41,50,40,12,3,U_TURN_HDG,AP_HDG_SEL_IMU,116.453,5.857,20.000,4,13,8,13,ROLL_LEFT
1144,88.447647,0,0.077,0.000,0.077,-5.771,19.111,110.592,-0.336,0.112,0.000,-31.875,5.125,22.375,-3.178,-10.304,-29.707,0.108,-0.814,-0.554,0.135,1,-37.393,-1.895,-25.034,0.000,2,41.519051,-86.239639,0.000000,0.235,252.199997,10,41,50,44,12,3,U_TURN_HDG,AP_HDG_SEL_IMU,116.453,5.861,20.000,4,13,8,13,ROLL_LEFT
1145,88.501785,0,0.051,0.000,0.051,-5.772,19.121,110.591,0.336,0.000,0.112,-31.875,5.125,22.375,-3.178,-10.304,-29.707,0.108,-0.814,-0.554,0.135,1,-36.656,-1.908,-24.786,0.000,2,41.519051,-86.239639,0.000000,0.199,252.199997,10,41,50,52,12,3,U_TURN_HDG,AP_HDG_SEL_IMU,116.453,5.862,20.000,4,13,8,13,ROLL_LEFT
1146,88.610374,0,0.051,0.000,0.051,-5.768,19.126,110.592,0.000,0.112,0.000,-31.875,5.125,22.375,-3.178,-10.304,-29.707,0.108,-0.814,-0.554,0.135,1,-37.459,-1.879,-25.056,0.000,2,41.519051,-86.239639,0.000000,0.041,252.199997,10,41,50,60,12,3,U_TURN_HDG,AP_HDG_SEL_IMU,116.453,5.862,20.000,4,13,8,13,ROLL_LEFT
1147,88.680405,0,-0.077,0.128,-0.077,-5.768,19.126,110.592,0.224,0.112,0.000,-31.875,5.125,22.375,-3.178,-10.304,-29.707,0.108,-0.814,-0.554,0.135,1,-37.470,-1.899,-25.059,0.000,2,41.519051,-86.239639,0.000000,0.218,252.199997,10,41,50,64,12,3,U_TURN_HDG,AP_HDG_SEL_IMU,116.453,5.862,20.000,4,13,8,13,ROLL_LEFT
1148,88.769661,0,-0.077,0.000,-0.077,-5.767,19.126,110.586,-0.112,0.000,0.000,-31.875,5.125,22.375,-3.178,-10.304,-29.707,0.108,-0.814,-0.554,0.135,1,-37.631,-1.923,-25.113,0.000,2,41.519051,-86.239639,0.000000,0.145,252.100006,10,41,50,72,12,3,U_TURN_HDG,AP_HDG_SEL_IMU,116.453,5.867,20.000,4,13,8,13,ROLL_LEFT
1149,88.821503,0,0.051,-0.128,0.051,-5.765,19.116,110.587,0.112,0.000,-0.112,-31.875,5.125,22.375,-3.178,-10.304,-29.707,0.108,-0.814,-0.554,0.135,1,-36.958,-1.911,-24.887,0.000,2,41.519051,-86.239639,0.000000,0.235,252.100006,10,41,50,80,12,3,U_TURN_HDG,AP_HDG_SEL_IMU,116.453,5.866,20.000,4,13,8,13,ROLL_LEFT
1150,88.903511,0,-0.077,-0.128,-0.077,-5.765,19.116,110.587,0.000,-0.112,0.000,-31.875,5.125,22.375,-3.178,-10.304,-29.707,0.108,-0.814,-0.554,0.135,1,-36.810,-1.915,-24.838,0.000,2,41.519051,-86.239639,0.000000,0.316,252.100006,10,41,50,88,12,3,U_TURN_HDG,AP_HDG_SEL_IMU,116.453,5.866,20.000,4,13,8,13,ROLL_LEFT
1151,88.969505,0,0.051,0.000,-0.077,-5.765,19.116,110.587,0.000,0.000,0.000,-31.875,5.125,22.375,-3.178,-10.304,-29.707,0.108,-0.814,-0.554,0.135,1,-37.156,-1.865,-24.954,0.000,2,41.519047,-86.239639,0.000000,0.478,252.000000,10,41,50,96,12,3,U_TURN_HDG,AP_HDG_SEL_IMU,116.453,5.866,20.000,4,13,8,13,ROLL_LEFT
1152,89.023308,0,0.051,-0.128,-0.077,-5.761,19.122,110.587,0.000,0.000,0.000,-31.875,5.125,22.375,-3.178,-10.304,-29.707,0.108,-0.814,-0.554,0.135,1,-36.656,-1.904,-24.786,0.000,2,41.519047,-86.239639,0.000000,0.484,252.000000,10,41,51,4,12,3,U_TURN_HDG,AP_HDG_SEL_IMU,116.453,5.866,20.000,4,13,8,13,ROLL_LEFT
1153,89.098747,0,-0.077,0.000,-0.077,-5.767,19.126,110.586,0.000,0.000,0.000,-31.875,5.125,22.375,-3.178,-10.304,-29.707,0.108,-0.814,-0.554,0.135,1,-37.299,-1.857,-25.002,0.000,2,41.519047,-86.239639,0.000000,0.415,252.000000,10,41,51,12,12,3,U_TURN_HDG,AP_HDG_SEL_IMU,116.453,5.867,20.000,4,13,8,13,ROLL_LEFT
1154,89.186256,0,0.051,0.000,0.051,-5.767,19.126,110.586,0.000,0.000,0.000,-31.875,5.125,22.375,-3.178,-10.304,-29.707,0.108,-0.814,-0.554,0.135,1,-37.467,-1.895,-25.058,0.000,2,41.519047,-86.239639,0.000000,0.410,251.899994,10,41,51,20,12,3,U_TURN_HDG,AP_HDG_SEL_IMU,116.453,5.867,20.000,4,13,8,13,ROLL_LEFT
1155,89.255325,0,0.051,0.000,-0.077,-5.767,19.126,110.586,0.000,0.000,0.000,-31.875,5.125,22.375,-3.178,-10.304,-29.707,0.108,-0.814,-0.554,0.135,1,-36.502,-1.900,-24.734,0.000,2,41.519047,-86.239639,0.000000,0.516,251.899994,10,41,51,24,12,3,U_TURN_HDG,AP_HDG_SEL_IMU,116.453,5.867,20.000,4,13,8,13,ROLL_LEFT
1156,89.310516,0,0.051,0.000,-0.077,-5.767,19.126,110.586,0.000,0.000,0.000,-31.875,5.125,22.375,-3.178,-10.304,-29.707,0.108,-0.814,-0.554,0.135,1,-37.881,-1.830,-25.196,0.000,2,41.519047,-86.239639,0.000000,0.326,251.899994,10,41,51,32,12,3,U_TURN_HDG,AP_HDG_SEL_IMU,116.453,5.867,20.000,4,13,8,13,ROLL_LEFT
1157,89.381332,0,0.051,0.000,0.051,-5.767,19.126,110.586,0.000,0.000,0.000,-31.875,5.125,22.375,-3.178,-10.304,-29.707,0.108,-0.814,-0.554,0.135,1,-37.708,-1.928,-25.139,0.000,2,41.519047,-86.239639,0.000000,0.270,252.000000,10,41,51,40,12,3,U_TURN_HDG,AP_HDG_SEL_IMU,116.453,5.867,20.000,4,13,8,13,ROLL_LEFT
1158,89.455513,0,0.051,0.000,-0.077,-5.767,19.126,110.586,0.000,0.000,0.000,-31.875,5.125,22.375,-3.178,-10.304,-29.707,0.108,-0.814,-0.554,0.135,1,-37.470,-1.899,-25.059,0.000,2,41.519047,-86.239639,0.000000,0.147,252.000000,10,41,51,44,12,3,U_TURN_HDG,AP_HDG_SEL_IMU,116.453,5.867,20.000,4,13,8,13,ROLL_LEFT
1159,89.509499,0,-0.077,0.000,0.051,-5.767,19.126,110.586,0.000,0.000,0.000,-31.875,5.125,22.375,-3.178,-10.304,-29.707,0.108,-0.814,-0.554,0.135,1,-37.166,-1.887,-24.957,0.000,2,41.519047,-86.239639,0.000000,0.125,252.000000,10,41,51,52,12,3,U_TURN_HDG,AP_HDG_SEL_IMU,116.453,5.867,20.000,4,13,8,13,ROLL_LEFT
1160,89.578209,0,0.026,0.000,0.077,-5.767,19.126,110.586,0.000,0.000,0.000,-31.875,5.125,22.375,-3.178,-10.304,-29.707,0.108,-0.814,-0.554,0.135,1,-37.153,-1.858,-24.953,0.000,2,41.519047,-86.239639,0.000000,0.285,252.000000,10,41,51,60,12,3,U_TURN_HDG,AP_HDG_SEL_IMU,116.453,5.867,20.000,4,13,8,13,ROLL_LEFT
1161,89.635391,0,0.026,0.000,0.077,-5.767,19.126,110.586,0.000,0.000,0.000,-31.875,5.125,22.375,-3.153,-10.304,-29.733,0.108,-0.814,-0.554,0.135,1,-37.002,-1.855,-24.902,0.000,2,41.519047,-86.239639,0.000000,0.363,252.000000,10,41,51,64,12,3,U_TURN_HDG,AP_HDG_SEL_IMU,116.453,5.867,20.000,4,13,8,13,ROLL_LEFT
1162,89.702789,0,-0.103,0.000,-0.051,-5.761,19.122,110.587,0.000,0.000,0.000,-31.875,5.125,22.375,-3.153,-10.304,-29.733,0.108,-0.814,-0.554,0.135,1,-37.158,-1.871,-24.955,0.000,2,41.519047,-86.239639,0.000000,0.253,252.000000,10,41,51,72,12,3,U_TURN_HDG,AP_HDG_SEL_IMU,116.453,5.866,20.000,4,13,8,13,ROLL_LEFT
1163,89.767754,0,0.026,0.000,-0.051,-5.761,19.122,110.587,0.000,0.000,0.000,-31.875,5.125,22.375,-3.153,-10.304,-29.733,0.108,-0.814,-0.554,0.135,1,-37.279,-1.820,-24.995,0.000,2,41.519047,-86.239639,0.000000,0.284,252.000000,10,41,51,76,12,3,U_TURN_HDG,AP_HDG_SEL_IMU,116.453,5.866,20.000,4,13,8,13,ROLL_LEFT
1164,89.818924,0,-0.103,0.000,-0.051,-5.756,19.118,110.588,0.000,0.000,0.000,-31.875,5.125,22.375,-3.153,-10.304,-29.733,0.108,-0.814,-0.554,0.135,1,-37.521,-1.853,-25.076,0.000,2,41.519047,-86.239639,0.000000,0.262,252.000000,10,41,51,84,12,3,U_TURN_HDG,AP_HDG_SEL_IMU,116.453,5.865,20.000,4,13,8,13,ROLL_LEFT
1165,89.865288,0,0.026,0.128,-0.051,-5.752,19.123,110.589,0.000,0.000,0.000,-31.875,5.125,22.375,-3.153,-10.304,-29.733,0.108,-0.814,-0.554,0.135,1,-37.089,-1.881,-24.932,0.000,2,41.519047,-86.239639,0.000000,0.304,252.000000,10,41,51,88,12,3,U_TURN_HDG,AP_HDG_SEL_IMU,116.453,5.864,20.000,4,13,8,13,ROLL_LEFT
1166,89.957382,0,0.026,0.000,-0.051,-5.752,19.123,110.589,0.000,0.000,0.000,-31.875,5.125,22.375,-3.153,-10.304,-29.733,0.108,-0.814,-0.554,0.135,1,-36.864,-1.878,-24.856,0.000,2,41.519047,-86.239639,0.000000,0.243,252.000000,10,41,51,96,12,3,U_TURN_HDG,AP_HDG_SEL_IMU,116.453,5.864,20.000,4,13,8,13,ROLL_LEFT
1167,90.021294,0,-0.103,0.000,0.077,-5.746,19.119,110.590,0.000,0.000,0.000,-31.875,5.125,22.375,-3.153,-10.304,-29.733,0.108,-0.814,-0.554,0.135,1,-37.018,-1.888,-24.908,0.000,2,41.519047,-86.239639,0.000000,0.169,251.899994,10,41,52,4,12,3,U_TURN_HDG,AP_HDG_SEL_IMU,116.453,5.863,20.000,4,13,8,13,ROLL_LEFT
1168,90.099442,0,0.026,0.000,0.077,-5.746,19.119,110.590,0.000,0.000,0.000,-31.875,5.125,22.375,-3.153,-10.304,-29.733,0.108,-0.814,-0.554,0.135,1,-37.438,-1.840,-25.049,0.000,2,41.519047,-86.239639,0.000000,0.287,251.899994,10,41,52,12,12,3,U_TURN_HDG,AP_HDG_SEL_IMU,116.453,5.863,20.000,4,13,8,13,ROLL_LEFT
1169,90.165253,0,-0.103,0.000,0.077,-5.746,19.119,110.590,0.000,0.000,0.000,-31.875,5.125,22.375,-3.153,-10.304,-29.733,0.108,-0.814,-0.554,0.135,1,-37.134,-1.824,-24.947,0.000,2,41.519047,-86.239639,0.000000,0.422,251.800003,10,41,52,16,12,3,U_TURN_HDG,AP_HDG_SEL_IMU,116.453,5.863,20.000,4,13,8,13,ROLL_LEFT
1170,90.223740,0,0.026,0.000,-0.051,-5.746,19.119,110.590,0.000,0.000,0.000,-31.875,5.125,22.375,-3.153,-10.304,-29.733,0.108,-0.814,-0.554,0.135,1,-37.287,-1.836,-24.998,0.000,2,41.519047,-86.239639,0.000000,0.621,251.800003,10,41,52,24,12,3,U_TURN_HDG,AP_HDG_SEL_IMU,116.453,5.863,20.000,4,13,8,13,ROLL_LEFT
1171,90.300117,0,-0.103,0.000,-0.051,-5.746,19.119,110.590,0.000,0.000,0.000,-31.875,5.125,22.375,-3.153,-10.304,-29.733,0.108,-0.814,-0.554,0.135,1,-37.447,-1.853,-25.052,0.000,2,41.519047,-86.239639,0.000000,0.525,251.699997,10,41,52,32,12,3,U_TURN_HDG,AP_HDG_SEL_IMU,116.453,5.863,20.000,4,13,8,13,ROLL_LEFT
1172,90.378014,0,0.026,-0.128,0.077,-5.741,19.115,110.591,0.000,0.000,0.000,-31.875,5.125,22.375,-3.153,-10.304,-29.733,0.108,-0.814,-0.554,0.135,1,-37.147,-1.854,-24.951,0.000,2,41.519047,-86.239639,0.000000,0.523,251.699997,10,41,52,40,12,3,U_TURN_HDG,AP_HDG_SEL_IMU,116.453,5.862,20.000,4,13,8,13,ROLL_LEFT
1173,90.436310,0,0.026,0.000,-0.051,-5.741,19.115,110.591,0.000,0.000,0.000,-31.875,5.125,22.375,-3.153,-10.304,-29.733,0.108,-0.814,-0.554,0.135,1,-37.529,-1.869,-25.079,0.000,2,41.519047,-86.239639,0.000000,0.530,251.699997,10,41,52,44,12,3,U_TURN_HDG,AP_HDG_SEL_IMU,116.453,5.862,20.000,4,13,8,13,ROLL_LEFT
1174,90.497955,0,0.026,0.000,0.077,-5.741,19.115,110.591,0.000,0.000,0.000,-31.875,5.125,22.375,-3.153,-10.304,-29.733,0.108,-0.814,-0.554,0.135,1,-37.751,-1.867,-25.153,0.000,2,41.519047,-86.239639,0.000000,0.354,251.699997,10,41,52,52,12,3,U_TURN_HDG,AP_HDG_SEL_IMU,116.453,5.862,20.000,4,13,8,13,ROLL_LEFT
1175,90.562508,0,-0.077,0.000,0.051,-5.741,19.115,110.591,0.000,0.000,0.000,-31.875,5.125,22.375,-3.178,-10.304,-29.707,0.108,-0.814,-0.554,0.135,1,-37.304,-1.863,-25.004,0.000,2,41.519047,-86.239639,0.000000,0.263,251.699997,10,41,52,56,12,3,U_TURN_HDG,AP_HDG_SEL_IMU,116.453,5.862,20.000,4,13,8,13,ROLL_LEFT
1176,90.646225,0,-0.077,0.000,-0.077,-5.741,19.115,110.591,0.000,0.000,0.000,-31.875,5.125,22.375,-3.178,-10.304,-29.707,0.108,-0.814,-0.554,0.135,1,-37.150,-1.858,-24.952,0.000,2,41.519047,-86.239639,0.000000,0.179,251.699997,10,41,52,64,12,3,U_TURN_HDG,AP_HDG_SEL_IMU,116.453,5.862,20.000,4,13,8,13,ROLL_LEFT
1177,90.702515,0,0.051,0.000,0.051,-5.746,19.119,110.590,0.000,0.000,0.000,-31.875,5.125,22.375,-3.178,-10.304,-29.707,0.108,-0.814,-0.554,0.135,1,-37.659,-1.835,-25.122,0.000,2,41.519047,-86.239639,0.000000,0.025,251.800003,10,41,52,68,12,3,U_TURN_HDG,AP_HDG_SEL_IMU,116.453,5.863,20.000,4,13,8,13,ROLL_LEFT
1178,90.766190,0,0.051,0.000,-0.077,-5.746,19.119,110.590,0.000,0.000,0.000,-31.875,5.125,22.375,-3.178,-10.304,-29.707,0.108,-0.814,-0.554,0.135,1,-36.481,-1.860,-24.726,0.000,2,41.519047,-86.239639,0.000000,0.248,251.699997,10,41,52,76,12,3,U_TURN_HDG,AP_HDG_SEL_IMU,116.453,5.863,20.000,4,13,8,13,ROLL_LEFT
1179,90.823296,0,-0.077,-0.128,0.051,-5.746,19.119,110.590,0.000,0.000,0.000,-31.875,5.125,22.375,-3.178,-10.304,-29.707,0.108,-0.814,-0.554,0.135,1,-37.441,-1.844,-25.050,0.000,2,41.519047,-86.239639,0.000000,0.123,251.800003,10,41,52,84,12,3,U_TURN_HDG,AP_HDG_SEL_IMU,116.453,5.863,20.000,4,13,8,13,ROLL_LEFT
1180,90.872513,0,-0.077,0.000,-0.077,-5.752,19.123,110.589,0.000,0.000,0.000,-31.875,5.125,22.375,-3.178,-10.304,-29.707,0.108,-0.814,-0.554,0.135,1,-37.327,-1.910,-25.011,0.000,2,41.519047,-86.239639,0.000000,0.034,251.800003,10,41,52,88,12,3,U_TURN_HDG,AP_HDG_SEL_IMU,116.453,5.864,20.000,4,13,8,13,ROLL_LEFT
1181,90.922508,0,0.051,0.128,-0.077,-5.752,19.123,110.589,0.000,0.000,0.000,-31.875,5.125,22.375,-3.178,-10.304,-29.707,0.108,-0.814,-0.554,0.135,1,-36.923,-1.851,-24.876,0.000,2,41.519047,-86.239639,0.000000,0.068,251.800003,10,41,52,92,12,3,U_TURN_HDG,AP_HDG_SEL_IMU,116.453,5.864,20.000,4,13,8,13,ROLL_LEFT
1182,90.972511,0,0.051,0.026,-0.192,-5.752,19.123,110.589,0.000,0.000,0.000,-31.875,5.125,22.375,-3.178,-10.330,-29.707,0.108,-0.814,-0.554,0.135,1,-37.081,-1.869,-24.929,0.000,2,41.519047,-86.239639,0.000000,0.324,251.800003,10,41,52,96,12,3,U_TURN_HDG,AP_HDG_SEL_IMU,116.453,5.864,20.000,4,13,8,13,ROLL_LEFT
1183,91.038506,0,0.051,0.154,-0.192,-5.752,19.123,110.589,0.000,0.000,0.000,-31.875,5.125,22.375,-3.178,-10.330,-29.707,0.108,-0.814,-0.554,0.135,1,-37.081,-1.867,-24.929,0.000,2,41.519047,-86.239639,0.000000,0.356,251.800003,10,41,53,4,12,3,U_TURN_HDG,AP_HDG_SEL_IMU,116.453,5.864,20.000,4,13,8,13,ROLL_LEFT
1184,91.142334,0,0.051,0.026,-0.077,-5.757,19.127,110.587,0.000,0.000,0.000,-31.875,5.125,22.375,-3.178,-10.330,-29.707,0.108,-0.814,-0.554,0.135,1,-37.081,-1.865,-24.929,0.000,2,41.519047,-86.239639,0.000000,0.461,251.800003,10,41,53,16,12,3,U_TURN_HDG,AP_HDG_SEL_IMU,116.453,5.866,20.000,4,13,8,13,ROLL_LEFT
1185,91.192947,0,-0.077,0.026,0.077,-5.756,19.118,110.588,0.112,0.000,0.000,-31.875,5.125,22.375,-3.178,-10.330,-29.733,0.108,-0.814,-0.554,0.135,1,-37.158,-1.868,-24.955,0.000,2,41.519047,-86.239639,0.000000,0.414,251.800003,10,41,53,20,12,3,U_TURN_HDG,AP_HDG_SEL_IMU,116.453,5.865,20.000,4,13,8,13,ROLL_LEFT
1186,91.257973,0,0.026,0.000,0.077,-5.752,19.123,110.589,0.000,-0.112,0.000,-31.875,5.125,22.375,-3.153,-10.304,-29.733,0.108,-0.814,-0.554,0.135,1,-36.769,-1.840,-24.824,0.000,2,41.519047,-86.239639,0.000000,0.387,251.800003,10,41,53,28,12,3,U_TURN_HDG,AP_HDG_SEL_IMU,116.453,5.864,20.000,4,13,8,13,ROLL_LEFT
1187,91.312508,0,0.026,0.000,-0.051,-5.756,19.118,110.588,0.112,0.000,0.000,-31.875,5.125,22.375,-3.153,-10.304,-29.733,0.108,-0.814,-0.554,0.135,1,-37.512,-1.838,-25.074,0.000,2,41.519047,-86.239639,0.000000,0.371,251.800003,10,41,53,32,12,3,U_TURN_HDG,AP_HDG_SEL_IMU,116.453,5.865,20.000,4,13,8,13,ROLL_LEFT
1188,91.377136,0,0.051,0.103,-0.077,-5.756,19.118,110.588,-0.112,-0.112,0.112,-31.875,5.125,22.375,-3.178,-10.304,-29.707,0.108,-0.814,-0.554,0.135,1,-37.739,-1.847,-25.149,0.000,2,41.519047,-86.239639,0.000000,0.287,251.800003,10,41,53,40,12,3,U_TURN_HDG,AP_HDG_SEL_IMU,116.453,5.865,20.000,4,13,8,13,ROLL_LEFT
1189,91.457245,0,0.051,-0.026,0.077,-5.750,19.114,110.589,0.336,0.000,0.000,-31.875,5.125,22.375,-3.178,-10.278,-29.733,0.108,-0.814,-0.554,0.135,1,-37.509,-1.829,-25.072,0.000,2,41.519047,-86.239639,0.000000,0.550,251.800003,10,41,53,48,12,3,U_TURN_HDG,AP_HDG_SEL_IMU,116.453,5.864,20.000,4,13,8,13,ROLL_LEFT
1190,91.534790,0,0.051,-0.026,-0.077,-5.753,19.124,110.594,0.112,0.000,0.112,-31.875,5.125,22.375,-3.178,-10.304,-29.707,0.108,-0.814,-0.554,0.135,1,-37.282,-1.824,-24.997,0.000,2,41.519047,-86.239639,0.000000,0.481,251.800003,10,41,53,52,12,3,U_TURN_HDG,AP_HDG_SEL_IMU,116.453,5.859,20.000,4,13,8,13,ROLL_LEFT
1191,91.595528,0,-0.077,-0.026,0.051,-5.757,19.118,110.594,0.000,0.000,-0.112,-31.875,5.125,22.375,-3.178,-10.278,-29.707,0.108,-0.814,-0.554,0.135,1,-37.494,-1.803,-25.068,0.000,2,41.519047,-86.239639,0.000000,0.405,251.800003,10,41,53,60,12,3,U_TURN_HDG,AP_HDG_SEL_IMU,116.453,5.859,20.000,4,13,8,13,ROLL_LEFT
1192,91.664513,0,0.051,-0.026,0.051,-5.760,19.112,110.588,0.112,0.000,-0.112,-31.875,5.125,22.375,-3.178,-10.278,-29.707,0.108,-0.814,-0.554,0.135,1,-37.526,-1.862,-25.078,0.000,2,41.519047,-86.239639,0.000000,0.295,251.899994,10,41,53,64,12,3,U_TURN_HDG,AP_HDG_SEL_IMU,116.453,5.865,20.000,4,13,8,13,ROLL_LEFT
1193,91.723747,0,0.051,0.077,-0.077,-5.764,19.106,110.587,0.000,0.000,0.000,-31.875,5.125,22.375,-3.178,-10.253,-29.707,0.108,-0.814,-0.554,0.135,1,-37.467,-1.893,-25.058,0.000,2,41.519047,-86.239639,0.000000,0.403,251.800003,10,41,53,72,12,3,U_TURN_HDG,AP_HDG_SEL_IMU,116.453,5.866,20.000,4,13,8,13,ROLL_LEFT
1194,91.792938,0,0.051,-0.179,-0.077,-5.761,19.111,110.597,0.112,0.112,-0.112,-31.875,5.125,22.375,-3.178,-10.304,-29.707,0.108,-0.814,-0.554,0.135,1,-37.115,-1.791,-24.940,0.000,2,41.519047,-86.239639,0.000000,0.149,251.800003,10,41,53,80,12,3,U_TURN_HDG,AP_HDG_SEL_IMU,116.453,5.856,20.000,4,13,8,13,ROLL_LEFT
1195,91.840508,0,0.051,0.000,0.051,-5.761,19.111,110.597,0.224,0.000,0.000,-31.875,5.125,22.375,-3.178,-10.304,-29.707,0.108,-0.814,-0.554,0.135,1,-37.433,-1.828,-25.047,0.000,2,41.519047,-86.239639,0.000000,0.197,251.800003,10,41,53,84,12,3,U_TURN_HDG,AP_HDG_SEL_IMU,116.453,5.856,20.000,4,13,8,13,ROLL_LEFT
1196,91.913513,0,-0.103,0.000,-0.051,-5.757,19.117,110.598,0.112,0.112,0.000,-31.875,5.125,22.375,-3.153,-10.304,-29.733,0.108,-0.814,-0.554,0.135,1,-37.002,-1.860,-24.902,0.000,2,41.519047,-86.239639,0.000000,0.022,251.800003,10,41,53,92,12,3,U_TURN_HDG,AP_HDG_SEL_IMU,116.453,5.855,20.000,4,13,8,13,ROLL_LEFT
1197,91.971375,0,0.026,0.000,-0.051,-5.756,19.107,110.599,0.560,0.000,0.000,-31.875,5.125,22.375,-3.153,-10.304,-29.733,0.108,-0.814,-0.554,0.135,1,-37.041,-1.797,-24.915,0.000,2,41.519047,-86.239639,0.000000,0.101,251.699997,10,41,53,96,12,3,U_TURN_HDG,AP_HDG_SEL_IMU,116.453,5.854,20.000,4,13,8,13,ROLL_LEFT
1198,92.024513,0,-0.103,-0.128,0.077,-5.749,19.103,110.594,-0.112,0.112,-0.112,-31.875,5.125,22.375,-3.153,-10.304,-29.733,0.108,-0.814,-0.554,0.135,1,-37.131,-1.825,-24.946,0.000,2,41.519047,-86.239639,0.000000,0.208,251.699997,10,41,54,4,12,3,U_TURN_HDG,AP_HDG_SEL_IMU,116.453,5.859,20.000,4,13,8,13,ROLL_LEFT
1199,92.104034,0,-0.077,0.000,-0.077,-5.745,19.109,110.594,-0.448,0.112,0.000,-31.875,5.125,22.375,-3.178,-10.304,-29.707,0.108,-0.814,-0.554,0.135,1,-37.216,-1.845,-24.974,0.000,2,41.519047,-86.239639,0.000000,0.292,251.699997,10,41,54,12,12,3,U_TURN_HDG,AP_HDG_SEL_IMU,116.453,5.859,20.000,4,13,8,13,ROLL_LEFT
1200,92.185097,0,0.051,0.000,0.051,-5.752,19.113,110.599,-0.112,-0.112,0.000,-31.875,5.125,22.375,-3.178,-10.304,-29.707,0.108,-0.814,-0.554,0.135,1,-36.907,-1.821,-24.870,0.000,2,41.519047,-86.239639,0.000000,0.334,251.699997,10,41,54,20,12,3,U_TURN_HDG,AP_HDG_SEL_IMU,116.453,5.854,20.000,4,13,8,13,ROLL_LEFT
1201,92.240784,0,0.051,0.000,0.026,-5.757,19.117,110.598,0.000,-0.112,0.000,-31.875,5.125,22.375,-3.178,-10.304,-29.707,0.108,-0.814,-0.554,0.135,1,-37.106,-1.772,-24.937,0.000,2,41.519047,-86.239639,0.000000,0.290,251.699997,10,41,54,24,12,3,U_TURN_HDG,AP_HDG_SEL_IMU,116.453,5.855,20.000,4,13,8,13,ROLL_LEFT
1202,92.314095,0,-0.077,0.000,0.051,-5.757,19.117,110.598,-0.224,0.000,0.112,-31.875,5.125,22.375,-3.178,-10.304,-29.707,0.108,-0.814,-0.554,0.135,1,-37.406,-1.778,-25.038,0.000,2,41.519047,-86.239639,0.000000,0.344,251.699997,10,41,54,32,12,3,U_TURN_HDG,AP_HDG_SEL_IMU,116.453,5.855,20.000,4,13,8,13,ROLL_LEFT
1203,92.360512,0,0.051,0.000,-0.077,-5.761,19.111,110.597,0.112,0.000,0.000,-31.875,5.125,22.375,-3.178,-10.304,-29.707,0.108,-0.814,-0.554,0.135,1,-37.360,-1.826,-25.022,0.000,2,41.519047,-86.239639,0.000000,0.365,251.699997,10,41,54,36,12,3,U_TURN_HDG,AP_HDG_SEL_IMU,116.453,5.856,20.000,4,13,8,13,ROLL_LEFT
1204,92.423767,0,-0.077,0.000,-0.077,-5.760,19.112,110.588,-0.560,0.112,0.000,-31.875,5.125,22.375,-3.178,-10.304,-29.707,0.108,-0.814,-0.554,0.135,1,-37.137,-1.835,-24.948,0.000,2,41.519047,-86.239639,0.000000,0.528,251.699997,10,41,54,44,12,3,U_TURN_HDG,AP_HDG_SEL_IMU,116.453,5.865,20.000,4,13,8,13,ROLL_LEFT
1205,92.499512,0,-0.077,0.128,0.077,-5.760,19.111,110.592,0.560,0.000,-0.112,-31.875,5.125,22.375,-3.178,-10.304,-29.733,0.108,-0.814,-0.554,0.135,1,-37.304,-1.863,-25.004,0.000,2,41.519047,-86.239639,0.000000,0.570,251.600006,10,41,54,52,12,3,U_TURN_HDG,AP_HDG_SEL_IMU,116.453,5.861,20.000,4,13,8,13,ROLL_LEFT
1206,92.549515,0,0.051,-0.128,0.077,-5.761,19.111,110.597,-0.112,0.000,-0.112,-31.875,5.125,22.375,-3.178,-10.304,-29.733,0.108,-0.814,-0.554,0.135,1,-37.322,-1.764,-25.010,0.000,2,41.519047,-86.239639,0.000000,0.570,251.600006,10,41,54,56,12,3,U_TURN_HDG,AP_HDG_SEL_IMU,116.453,5.856,20.000,4,13,8,13,ROLL_LEFT
1207,92.619118,0,-0.077,-0.103,0.051,-5.767,19.115,110.596,-0.336,0.000,0.000,-31.875,5.125,22.375,-3.178,-10.304,-29.733,0.108,-0.814,-0.554,0.135,1,-36.736,-1.784,-24.813,0.000,2,41.519047,-86.239639,0.000000,0.451,251.600006,10,41,54,64,12,3,U_TURN_HDG,AP_HDG_SEL_IMU,116.453,5.857,20.000,4,13,8,13,ROLL_LEFT
1208,92.669510,0,0.051,0.000,-0.051,-5.765,19.106,110.597,0.224,-0.112,-0.112,-31.875,5.125,22.375,-3.178,-10.304,-29.733,0.108,-0.814,-0.554,0.135,1,-36.455,-1.807,-24.718,0.000,2,41.519047,-86.239639,0.000000,0.464,251.600006,10,41,54,68,12,3,U_TURN_HDG,AP_HDG_SEL_IMU,116.453,5.856,20.000,4,13,8,13,ROLL_LEFT
1209,92.735214,0,0.051,0.000,0.077,-5.761,19.111,110.597,0.224,0.000,0.000,-31.875,5.125,22.375,-3.178,-10.278,-29.707,0.108,-0.814,-0.554,0.135,1,-37.187,-1.786,-24.965,0.000,2,41.519047,-86.239639,0.000000,0.459,251.600006,10,41,54,76,12,3,U_TURN_HDG,AP_HDG_SEL_IMU,116.453,5.856,20.000,4,13,8,13,ROLL_LEFT
1210,92.860825,0,0.051,-0.026,-0.051,-5.770,19.109,110.590,-0.112,0.000,-0.112,-31.875,5.125,22.375,-3.204,-10.278,-29.733,0.108,-0.814,-0.554,0.135,1,-37.554,-1.779,-25.088,0.000,2,41.519047,-86.239639,0.000000,0.591,251.600006,10,41,54,88,12,3,U_TURN_HDG,AP_HDG_SEL_IMU,116.453,5.863,20.000,4,13,8,13,ROLL_LEFT
1211,92.948868,0,0.077,-0.026,-0.051,-5.779,19.098,110.595,0.000,0.000,0.000,-31.875,5.125,22.375,-3.204,-10.304,-29.733,0.108,-0.814,-0.554,0.135,1,-37.642,-1.803,-25.117,0.000,2,41.519047,-86.239639,0.000000,0.483,251.500000,10,41,54,96,12,3,U_TURN_HDG,AP_HDG_SEL_IMU,116.453,5.858,20.000,4,13,8,13,ROLL_LEFT
1212,92.998306,0,0.051,0.103,-0.051,-5.781,19.108,110.594,0.000,-0.112,-0.112,-31.875,5.125,22.375,-3.178,-10.278,-29.733,0.108,-0.814,-0.554,0.135,1,-37.081,-1.866,-24.929,0.000,2,41.519047,-86.239639,0.000000,0.562,251.500000,10,41,55,0,12,3,U_TURN_HDG,AP_HDG_SEL_IMU,116.453,5.859,20.000,4,13,8,13,ROLL_LEFT
1213,93.058868,0,-0.077,-0.154,-0.026,-5.781,19.108,110.594,-0.112,0.000,0.000,-31.875,5.125,22.375,-3.178,-10.278,-29.758,0.108,-0.814,-0.554,0.135,1,-37.282,-1.827,-24.997,0.000,2,41.519047,-86.239639,0.000000,0.356,251.500000,10,41,55,8,12,3,U_TURN_HDG,AP_HDG_SEL_IMU,116.453,5.859,20.000,4,13,8,13,ROLL_LEFT
1214,93.135406,0,-0.077,-0.154,0.103,-5.775,19.104,110.596,0.000,0.000,0.000,-31.875,5.125,22.375,-3.178,-10.278,-29.758,0.108,-0.814,-0.554,0.135,1,-37.353,-1.820,-25.020,0.000,2,41.519047,-86.239639,0.000000,0.354,251.500000,10,41,55,16,12,3,U_TURN_HDG,AP_HDG_SEL_IMU,116.453,5.857,20.000,4,13,8,13,ROLL_LEFT
1215,93.217331,0,0.051,-0.026,0.103,-5.775,19.104,110.596,0.000,0.000,0.000,-31.875,5.125,22.375,-3.178,-10.278,-29.758,0.108,-0.814,-0.554,0.135,1,-37.123,-1.806,-24.943,0.000,2,41.519047,-86.239639,0.000000,0.275,251.500000,10,41,55,24,12,3,U_TURN_HDG,AP_HDG_SEL_IMU,116.453,5.857,20.000,4,13,8,13,ROLL_LEFT
1216,93.302345,0,0.051,-0.026,-0.026,-5.773,19.094,110.596,0.000,0.000,0.000,-31.875,5.125,22.375,-3.178,-10.278,-29.758,0.108,-0.814,-0.554,0.135,1,-37.406,-1.778,-25.038,0.000,2,41.519047,-86.239639,0.000000,0.032,251.500000,10,41,55,32,12,3,U_TURN_HDG,AP_HDG_SEL_IMU,116.453,5.857,20.000,4,13,8,13,ROLL_LEFT
1217,93.370506,0,0.051,-0.026,-0.026,-5.773,19.094,110.596,0.000,0.000,0.000,-31.875,5.125,22.375,-3.178,-10.278,-29.758,0.108,-0.814,-0.554,0.135,1,-37.338,-1.793,-25.015,0.000,2,41.519047,-86.239639,0.000000,0.176,251.500000,10,41,55,36,12,3,U_TURN_HDG,AP_HDG_SEL_IMU,116.453,5.857,20.000,4,13,8,13,ROLL_LEFT
1218,93.431129,0,-0.051,-0.026,-0.051,-5.777,19.089,110.596,0.000,0.000,0.000,-31.875,5.125,22.375,-3.204,-10.278,-29.733,0.108,-0.814,-0.554,0.135,1,-36.823,-1.797,-24.842,0.000,2,41.519047,-86.239639,0.000000,0.253,251.500000,10,41,55,40,12,3,U_TURN_HDG,AP_HDG_SEL_IMU,116.453,5.857,20.000,4,13,8,13,ROLL_LEFT
1219,93.482262,0,-0.051,-0.026,0.077,-5.778,19.088,110.600,0.000,0.000,0.000,-31.875,5.125,22.375,-3.204,-10.278,-29.733,0.108,-0.815,-0.554,0.135,1,-37.203,-1.814,-24.970,0.000,2,41.519047,-86.239639,0.000000,0.074,251.500000,10,41,55,48,12,3,U_TURN_HDG,AP_HDG_SEL_IMU,116.453,5.853,20.000,4,13,8,13,ROLL_LEFT
1220,93.541115,0,0.051,0.000,0.051,-5.778,19.088,110.600,0.000,0.000,0.000,-31.875,5.125,22.375,-3.178,-10.304,-29.707,0.108,-0.815,-0.554,0.135,1,-36.446,-1.796,-24.715,0.000,2,41.519047,-86.239639,0.000000,0.197,251.600006,10,41,55,56,12,3,U_TURN_HDG,AP_HDG_SEL_IMU,116.453,5.853,20.000,4,13,8,13,ROLL_LEFT
1221,93.608078,0,-0.077,0.000,-0.077,-5.777,19.089,110.596,0.000,0.000,0.000,-31.875,5.125,22.375,-3.178,-10.304,-29.707,0.108,-0.814,-0.554,0.135,1,-37.184,-1.781,-24.963,0.000,2,41.519047,-86.239639,0.000000,0.174,251.600006,10,41,55,60,12,3,U_TURN_HDG,AP_HDG_SEL_IMU,116.453,5.857,20.000,4,13,8,13,ROLL_LEFT
1222,93.664162,0,-0.051,-0.128,0.077,-5.773,19.094,110.596,0.000,0.000,0.112,-31.875,5.125,22.375,-3.204,-10.304,-29.733,0.108,-0.814,-0.554,0.135,1,-37.213,-1.836,-24.973,0.000,2,41.519047,-86.239639,0.000000,0.086,251.500000,10,41,55,68,12,3,U_TURN_HDG,AP_HDG_SEL_IMU,116.453,5.857,20.000,4,13,8,13,ROLL_LEFT
1223,93.727661,0,-0.051,0.000,0.077,-5.774,19.093,110.600,-0.336,0.000,-0.112,-31.875,5.125,22.375,-3.204,-10.304,-29.733,0.108,-0.815,-0.554,0.135,1,-37.856,-1.785,-25.188,0.000,2,41.519047,-86.239639,0.000000,0.133,251.500000,10,41,55,72,12,3,U_TURN_HDG,AP_HDG_SEL_IMU,116.453,5.853,20.000,4,13,8,13,ROLL_LEFT
1224,93.790306,0,0.077,0.000,-0.051,-5.782,19.082,110.600,-0.448,0.000,0.000,-31.875,5.125,22.375,-3.204,-10.304,-29.733,0.108,-0.815,-0.554,0.135,1,-37.504,-1.824,-25.071,0.000,2,41.519047,-86.239639,0.000000,0.191,251.600006,10,41,55,80,12,3,U_TURN_HDG,AP_HDG_SEL_IMU,116.453,5.853,20.000,4,13,8,13,ROLL_LEFT
1225,93.837753,0,-0.051,0.128,-0.051,-5.781,19.083,110.596,-0.112,0.000,0.000,-31.875,5.125,22.375,-3.204,-10.304,-29.733,0.108,-0.814,-0.554,0.135,1,-36.755,-1.815,-24.819,0.000,2,41.519047,-86.239639,0.000000,0.111,251.600006,10,41,55,84,12,3,U_TURN_HDG,AP_HDG_SEL_IMU,116.453,5.857,20.000,4,13,8,13,ROLL_LEFT
1226,93.901016,0,-0.051,0.000,-0.051,-5.787,19.087,110.594,0.000,0.000,0.000,-31.875,5.125,22.375,-3.204,-10.304,-29.733,0.108,-0.814,-0.554,0.135,1,-37.713,-1.798,-25.141,0.000,2,41.519047,-86.239639,0.000000,0.505,251.600006,10,41,55,92,12,3,U_TURN_HDG,AP_HDG_SEL_IMU,116.453,5.859,20.000,4,13,8,13,ROLL_LEFT
1227,93.956841,0,-0.051,0.000,0.077,-5.788,19.097,110.594,0.224,0.000,0.000,-31.875,5.125,22.375,-3.204,-10.304,-29.733,0.108,-0.814,-0.554,0.135,1,-37.563,-1.791,-25.090,0.000,2,41.519047,-86.239639,0.000000,0.550,251.600006,10,41,55,96,12,3,U_TURN_HDG,AP_HDG_SEL_IMU,116.453,5.859,20.000,4,13,8,13,ROLL_LEFT
1228,94.020317,0,0.077,0.000,-0.051,-5.792,19.091,110.593,0.000,0.000,0.000,-31.875,5.125,22.375,-3.204,-10.304,-29.733,0.108,-0.814,-0.554,0.135,1,-37.422,-1.813,-25.043,0.000,2,41.519047,-86.239639,0.000000,0.510,251.600006,10,41,56,4,12,3,U_TURN_HDG,AP_HDG_SEL_IMU,116.453,5.860,20.000,4,13,8,13,ROLL_LEFT
1229,94.100067,0,0.077,0.000,0.077,-5.792,19.091,110.593,0.000,0.000,0.112,-31.875,5.125,22.375,-3.204,-10.304,-29.733,0.108,-0.814,-0.554,0.135,1,-37.573,-1.812,-25.094,0.000,2,41.519047,-86.239639,0.000000,0.297,251.600006,10,41,56,12,12,3,U_TURN_HDG,AP_HDG_SEL_IMU,116.453,5.860,20.000,4,13,8,13,ROLL_LEFT
1230,94.182076,0,-0.051,0.000,-0.077,-5.798,19.095,110.592,0.112,0.000,0.000,-31.875,5.125,22.375,-3.204,-10.304,-29.707,0.108,-0.814,-0.554,0.135,1,-37.197,-1.807,-24.968,0.000,2,41.519047,-86.239639,0.000000,0.221,251.600006,10,41,56,20,12,3,U_TURN_HDG,AP_HDG_SEL_IMU,116.453,5.861,20.000,4,13,8,13,ROLL_LEFT
1231,94.255280,0,-0.051,0.000,0.051,-5.798,19.095,110.592,0.000,0.000,-0.112,-31.875,5.125,22.375,-3.204,-10.304,-29.707,0.108,-0.814,-0.554,0.135,1,-37.063,-1.830,-24.923,0.000,2,41.519047,-86.239639,0.000000,0.280,251.600006,10,41,56,28,12,3,U_TURN_HDG,AP_HDG_SEL_IMU,116.453,5.861,20.000,4,13,8,13,ROLL_LEFT
1232,94.317383,0,0.077,0.000,0.051,-5.804,19.099,110.591,-0.224,0.000,0.000,-31.875,5.125,22.375,-3.204,-10.304,-29.707,0.108,-0.814,-0.554,0.135,1,-36.876,-1.764,-24.860,0.000,2,41.519047,-86.239639,0.000000,0.260,251.600006,10,41,56,32,12,3,U_TURN_HDG,AP_HDG_SEL_IMU,116.453,5.862,20.000,4,13,8,13,ROLL_LEFT
1233,94.389427,0,-0.051,0.128,-0.051,-5.804,19.099,110.591,0.224,-0.112,0.000,-31.875,5.125,22.375,-3.204,-10.304,-29.733,0.108,-0.814,-0.554,0.135,1,-37.721,-1.811,-25.143,0.000,2,41.519047,-86.239639,0.000000,0.356,251.600006,10,41,56,40,12,3,U_TURN_HDG,AP_HDG_SEL_IMU,116.453,5.862,20.000,4,13,8,13,ROLL_LEFT
1234,94.459900,0,0.077,0.000,-0.051,-5.802,19.089,110.592,0.224,0.000,0.000,-31.875,5.125,22.375,-3.204,-10.304,-29.733,0.108,-0.814,-0.554,0.135,1,-37.529,-1.868,-25.079,0.000,2,41.519047,-86.239639,0.000000,0.243,251.600006,10,41,56,44,12,3,U_TURN_HDG,AP_HDG_SEL_IMU,116.453,5.861,20.000,4,13,8,13,ROLL_LEFT
1235,94.521271,0,0.077,0.128,-0.051,-5.804,19.099,110.591,0.112,0.112,0.112,-31.875,5.125,22.375,-3.204,-10.304,-29.733,0.108,-0.814,-0.554,0.135,1,-36.989,-1.834,-24.898,0.000,2,41.519047,-86.239639,0.000000,0.057,251.600006,10,41,56,52,12,3,U_TURN_HDG,AP_HDG_SEL_IMU,116.453,5.862,20.000,4,13,8,13,ROLL_LEFT
1236,94.582771,0,0.051,0.128,0.077,-5.809,19.103,110.590,-0.336,0.000,-0.112,-31.875,5.125,22.375,-3.178,-10.304,-29.733,0.108,-0.814,-0.554,0.135,1,-37.565,-1.797,-25.091,0.000,2,41.519047,-86.239639,0.000000,0.140,251.600006,10,41,56,60,12,3,U_TURN_HDG,AP_HDG_SEL_IMU,116.453,5.863,20.000,4,13,8,13,ROLL_LEFT
1237,94.637512,0,0.051,0.000,0.077,-5.804,19.099,110.591,0.112,0.000,-0.112,-31.875,5.125,22.375,-3.178,-10.304,-29.733,0.108,-0.814,-0.554,0.135,1,-37.304,-1.866,-25.004,0.000,2,41.519047,-86.239639,0.000000,0.373,251.600006,10,41,56,64,12,3,U_TURN_HDG,AP_HDG_SEL_IMU,116.453,5.862,20.000,4,13,8,13,ROLL_LEFT
1238,94.716515,0,-0.077,0.000,-0.051,-5.804,19.099,110.591,0.000,0.000,0.000,-31.875,5.125,22.375,-3.178,-10.304,-29.733,0.108,-0.814,-0.554,0.135,1,-37.335,-1.784,-25.014,0.000,2,41.519047,-86.239639,0.000000,0.383,251.600006,10,41,56,72,12,3,U_TURN_HDG,AP_HDG_SEL_IMU,116.453,5.862,20.000,4,13,8,13,ROLL_LEFT
1239,94.766273,0,-0.077,0.000,0.077,-5.793,19.100,110.587,0.000,0.000,0.000,-31.875,5.125,22.375,-3.178,-10.304,-29.733,0.108,-0.814,-0.554,0.135,1,-37.719,-1.809,-25.142,0.000,2,41.519047,-86.239639,0.000000,0.365,251.600006,10,41,56,76,12,3,U_TURN_HDG,AP_HDG_SEL_IMU,116.453,5.866,20.000,4,13,8,13,ROLL_LEFT
1240,94.829376,0,0.051,0.000,-0.051,-5.793,19.100,110.587,0.000,0.000,0.000,-31.875,5.125,22.375,-3.178,-10.304,-29.733,0.108,-0.814,-0.554,0.135,1,-36.693,-1.833,-24.798,0.000,2,41.519047,-86.239639,0.000000,0.439,251.500000,10,41,56,84,12,3,U_TURN_HDG,AP_HDG_SEL_IMU,116.453,5.866,20.000,4,13,8,13,ROLL_LEFT
1241,94.875511,0,0.051,0.000,-0.051,-5.793,19.101,110.583,0.000,0.000,0.000,-31.875,5.125,22.375,-3.178,-10.304,-29.733,0.108,-0.814,-0.554,0.135,1,-36.843,-1.841,-24.849,0.000,2,41.519047,-86.239639,0.000000,0.414,251.500000,10,41,56,88,12,3,U_TURN_HDG,AP_HDG_SEL_IMU,116.453,5.870,20.000,4,13,8,13,ROLL_LEFT
1242,94.948303,0,0.051,0.128,-0.167,-5.793,19.101,110.583,0.000,0.000,0.000,-31.875,5.125,22.375,-3.178,-10.304,-29.733,0.108,-0.814,-0.554,0.135,1,-37.261,-1.786,-24.989,0.000,2,41.519047,-86.239639,0.000000,0.285,251.500000,10,41,56,96,12,3,U_TURN_HDG,AP_HDG_SEL_IMU,116.453,5.870,20.000,4,13,8,13,ROLL_LEFT
1243,95.018921,0,0.051,0.000,-0.051,-5.789,19.107,110.583,0.000,0.000,0.000,-31.875,5.125,22.375,-3.178,-10.304,-29.733,0.108,-0.814,-0.554,0.135,1,-37.279,-1.821,-24.995,0.000,2,41.519047,-86.239639,0.000000,0.246,251.500000,10,41,57,4,12,3,U_TURN_HDG,AP_HDG_SEL_IMU,116.453,5.870,20.000,4,13,8,13,ROLL_LEFT
1244,95.098877,0,0.051,0.128,-0.141,-5.789,19.107,110.583,0.000,0.000,0.000,-31.875,5.125,22.375,-3.178,-10.304,-29.733,0.108,-0.814,-0.554,0.135,1,-37.274,-1.813,-24.994,0.000,2,41.519043,-86.239639,0.000000,0.415,251.500000,10,41,57,12,12,3,U_TURN_HDG,AP_HDG_SEL_IMU,116.453,5.870,20.000,4,13,8,13,ROLL_LEFT
1245,95.156860,0,0.051,0.000,-0.026,-5.783,19.103,110.584,0.000,0.000,0.000,-31.875,5.125,22.375,-3.178,-10.304,-29.758,0.108,-0.814,-0.554,0.135,1,-37.200,-1.813,-24.969,0.000,2,41.519047,-86.239639,0.000000,0.172,251.399994,10,41,57,16,12,3,U_TURN_HDG,AP_HDG_SEL_IMU,116.453,5.869,20.000,4,13,8,13,ROLL_LEFT
1246,95.219933,0,-0.077,0.000,-0.026,-5.783,19.103,110.584,0.000,0.000,0.000,-31.875,5.125,22.375,-3.178,-10.304,-29.758,0.108,-0.814,-0.554,0.135,1,-37.324,-1.763,-25.011,0.000,2,41.519043,-86.239639,0.000000,0.378,251.399994,10,41,57,24,12,3,U_TURN_HDG,AP_HDG_SEL_IMU,116.453,5.869,20.000,4,13,8,13,ROLL_LEFT
1247,95.275665,0,0.051,0.000,-0.026,-5.783,19.103,110.584,0.000,0.000,0.000,-31.875,5.125,22.375,-3.178,-10.304,-29.758,0.108,-0.814,-0.554,0.135,1,-36.946,-1.754,-24.884,0.000,2,41.519043,-86.239639,0.000000,0.555,251.399994,10,41,57,28,12,3,U_TURN_HDG,AP_HDG_SEL_IMU,116.453,5.869,20.000,4,13,8,13,ROLL_LEFT
1248,95.349510,0,0.051,0.000,-0.026,-5.783,19.103,110.584,0.000,0.000,0.000,-31.875,5.125,22.375,-3.178,-10.304,-29.758,0.108,-0.814,-0.554,0.135,1,-37.546,-1.764,-25.085,0.000,2,41.519043,-86.239639,0.000000,0.653,251.399994,10,41,57,36,12,3,U_TURN_HDG,AP_HDG_SEL_IMU,116.453,5.869,20.000,4,13,8,13,ROLL_LEFT
1249,95.416374,0,-0.077,0.000,0.103,-5.783,19.103,110.584,0.000,0.000,0.000,-31.875,5.125,22.375,-3.178,-10.304,-29.758,0.108,-0.814,-0.554,0.135,1,-37.531,-1.733,-25.080,0.000,2,41.519043,-86.239639,0.000000,0.586,251.300003,10,41,57,44,12,3,U_TURN_HDG,AP_HDG_SEL_IMU,116.453,5.869,20.000,4,13,8,13,ROLL_LEFT
1250,95.464279,0,-0.077,0.000,0.077,-5.773,19.105,110.586,0.000,0.000,0.000,-31.875,5.125,22.375,-3.178,-10.304,-29.733,0.108,-0.814,-0.554,0.135,1,-37.470,-1.760,-25.059,0.000,2,41.519043,-86.239639,0.000000,0.680,251.300003,10,41,57,48,12,3,U_TURN_HDG,AP_HDG_SEL_IMU,116.453,5.867,20.000,4,13,8,13,ROLL_LEFT
1251,95.538315,0,0.051,0.000,0.077,-5.773,19.105,110.586,0.000,0.000,0.000,-31.875,5.125,22.375,-3.178,-10.304,-29.733,0.108,-0.814,-0.554,0.135,1,-37.258,-1.783,-24.988,0.000,2,41.519043,-86.239639,183.869995,0.731,251.300003,10,41,57,56,12,3,U_TURN_HDG,AP_HDG_SEL_IMU,116.453,5.867,20.000,4,13,8,13,ROLL_LEFT
1252,95.593498,0,0.051,0.000,0.077,-5.773,19.105,110.586,0.000,0.000,0.000,-31.875,5.125,22.375,-3.178,-10.304,-29.733,0.108,-0.814,-0.554,0.135,1,-37.264,-1.791,-24.990,0.000,2,41.519043,-86.239639,181.149994,0.797,251.199997,10,41,57,60,12,3,U_TURN_HDG,AP_HDG_SEL_IMU,116.453,5.867,20.000,4,13,8,13,ROLL_LEFT
1253,95.669563,0,0.077,0.128,0.077,-5.773,19.105,110.586,0.000,0.000,0.000,-31.875,5.125,22.375,-3.178,-10.304,-29.733,0.108,-0.814,-0.554,0.135,1,-36.941,-1.743,-24.882,0.000,2,41.519043,-86.239639,0.000000,0.538,251.199997,10,41,57,68,12,3,U_TURN_HDG,AP_HDG_SEL_IMU,116.453,5.867,20.000,4,13,8,13,ROLL_LEFT
1254,95.737144,0,-0.051,0.000,0.077,-5.779,19.109,110.585,0.000,0.000,0.000,-31.875,5.125,22.375,-3.204,-10.304,-29.733,0.108,-0.814,-0.554,0.135,1,-37.620,-1.764,-25.110,0.000,2,41.519043,-86.239639,0.000000,0.361,251.199997,10,41,57,72,12,3,U_TURN_HDG,AP_HDG_SEL_IMU,116.453,5.868,20.000,4,13,8,13,ROLL_LEFT
1255,95.797150,0,-0.051,0.000,0.077,-5.779,19.109,110.585,0.000,0.000,0.000,-31.875,5.125,22.375,-3.204,-10.304,-29.733,0.108,-0.814,-0.554,0.135,1,-37.478,-1.776,-25.062,0.000,2,41.519043,-86.239639,0.000000,0.206,251.300003,10,41,57,80,12,3,U_TURN_HDG,AP_HDG_SEL_IMU,116.453,5.868,20.000,4,13,8,13,ROLL_LEFT
1256,95.862053,0,-0.051,0.128,-0.051,-5.789,19.107,110.583,0.000,0.000,0.000,-31.875,5.125,22.375,-3.204,-10.304,-29.733,0.108,-0.814,-0.554,0.135,1,-37.687,-1.746,-25.132,0.000,2,41.519043,-86.239639,0.000000,0.331,251.300003,10,41,57,88,12,3,U_TURN_HDG,AP_HDG_SEL_IMU,116.453,5.870,20.000,4,13,8,13,ROLL_LEFT
1257,95.915512,0,0.077,0.000,-0.051,-5.789,19.107,110.583,0.000,0.000,0.000,-31.875,5.125,22.375,-3.204,-10.304,-29.733,0.108,-0.814,-0.554,0.135,1,-37.557,-1.783,-25.088,0.000,2,41.519043,-86.239639,0.000000,0.380,251.199997,10,41,57,92,12,3,U_TURN_HDG,AP_HDG_SEL_IMU,116.453,5.870,20.000,4,13,8,13,ROLL_LEFT
1258,95.987160,0,0.077,0.128,-0.051,-5.789,19.107,110.583,0.000,0.000,0.000,-31.875,5.125,22.375,-3.204,-10.304,-29.733,0.108,-0.814,-0.554,0.135,1,-37.353,-1.817,-25.020,0.000,2,41.519043,-86.239639,0.000000,0.538,251.199997,10,41,58,0,12,3,U_TURN_HDG,AP_HDG_SEL_IMU,116.453,5.870,20.000,4,13,8,13,ROLL_LEFT
1259,96.034286,0,-0.051,0.000,-0.026,-5.789,19.107,110.583,0.000,0.000,0.000,-31.875,5.125,22.375,-3.204,-10.304,-29.758,0.108,-0.814,-0.554,0.135,1,-36.958,-1.776,-24.887,0.000,2,41.519043,-86.239639,182.970001,0.780,251.199997,10,41,58,4,12,3,U_TURN_HDG,AP_HDG_SEL_IMU,116.453,5.870,20.000,4,13,8,13,ROLL_LEFT
1260,96.144760,0,-0.077,0.000,-0.026,-5.789,19.107,110.583,0.000,0.000,0.000,-31.875,5.125,22.375,-3.178,-10.304,-29.758,0.108,-0.814,-0.554,0.135,1,-37.252,-1.767,-24.986,0.000,2,41.519043,-86.239639,0.000000,0.697,251.100006,10,41,58,16,12,3,U_TURN_HDG,AP_HDG_SEL_IMU,116.453,5.870,20.000,4,13,8,13,ROLL_LEFT
1261,96.206367,0,0.051,-0.128,-0.026,-5.789,19.107,110.583,0.000,0.000,0.000,-31.875,5.125,22.375,-3.178,-10.304,-29.758,0.108,-0.814,-0.554,0.135,1,-37.249,-1.764,-24.985,0.000,2,41.519043,-86.239639,0.000000,0.699,251.100006,10,41,58,20,12,3,U_TURN_HDG,AP_HDG_SEL_IMU,116.453,5.870,20.000,4,13,8,13,ROLL_LEFT
1262,96.262810,0,-0.077,-0.128,0.103,-5.783,19.103,110.584,0.000,0.000,0.000,-31.875,5.125,22.375,-3.178,-10.304,-29.758,0.108,-0.814,-0.554,0.135,1,-37.591,-1.704,-25.100,0.000,2,41.519043,-86.239639,0.000000,0.613,251.100006,10,41,58,28,12,3,U_TURN_HDG,AP_HDG_SEL_IMU,116.453,5.869,20.000,4,13,8,13,ROLL_LEFT
1263,96.347260,0,-0.077,0.128,-0.026,-5.783,19.103,110.584,0.000,0.000,0.000,-31.875,5.125,22.375,-3.178,-10.304,-29.758,0.108,-0.814,-0.554,0.135,1,-37.404,-1.774,-25.037,0.000,2,41.519043,-86.239639,0.000000,0.538,251.100006,10,41,58,36,12,3,U_TURN_HDG,AP_HDG_SEL_IMU,116.453,5.869,20.000,4,13,8,13,ROLL_LEFT
1264,96.392509,0,0.051,0.128,-0.026,-5.783,19.103,110.584,0.000,0.000,0.000,-31.875,5.125,22.375,-3.178,-10.304,-29.758,0.108,-0.814,-0.554,0.135,1,-37.089,-1.745,-24.932,0.000,2,41.519043,-86.239639,0.000000,0.570,251.100006,10,41,58,40,12,3,U_TURN_HDG,AP_HDG_SEL_IMU,116.453,5.869,20.000,4,13,8,13,ROLL_LEFT
1265,96.453354,0,0.051,0.000,-0.026,-5.783,19.103,110.584,0.000,0.000,0.000,-31.875,5.125,22.375,-3.178,-10.304,-29.758,0.108,-0.814,-0.554,0.135,1,-37.161,-1.738,-24.956,0.000,2,41.519039,-86.239639,0.000000,0.584,251.100006,10,41,58,48,12,3,U_TURN_HDG,AP_HDG_SEL_IMU,116.453,5.869,20.000,4,13,8,13,ROLL_LEFT
1266,96.505249,0,0.051,0.000,-0.026,-5.783,19.103,110.584,0.000,0.000,0.000,-31.875,5.125,22.375,-3.178,-10.304,-29.758,0.108,-0.814,-0.554,0.135,1,-37.224,-1.715,-24.977,0.000,2,41.519039,-86.239639,0.000000,0.464,251.100006,10,41,58,52,12,3,U_TURN_HDG,AP_HDG_SEL_IMU,116.453,5.869,20.000,4,13,8,13,ROLL_LEFT
1267,96.577263,0,-0.077,0.000,-0.026,-5.777,19.099,110.586,0.000,0.000,0.000,-31.875,5.125,22.375,-3.178,-10.304,-29.733,0.108,-0.814,-0.554,0.135,1,-36.846,-1.706,-24.850,0.000,2,41.519039,-86.239639,0.000000,0.375,251.100006,10,41,58,60,12,3,U_TURN_HDG,AP_HDG_SEL_IMU,116.453,5.868,20.000,4,13,8,13,ROLL_LEFT
1268,96.636024,0,-0.077,0.000,-0.051,-5.773,19.105,110.586,0.000,0.000,0.000,-31.875,5.125,22.375,-3.178,-10.304,-29.733,0.108,-0.814,-0.554,0.135,1,-37.153,-1.725,-24.953,0.000,2,41.519039,-86.239639,0.000000,0.365,251.100006,10,41,58,64,12,3,U_TURN_HDG,AP_HDG_SEL_IMU,116.453,5.867,20.000,4,13,8,13,ROLL_LEFT
1269,96.700134,0,0.051,0.000,0.077,-5.773,19.105,110.586,0.000,0.000,0.000,-31.875,5.125,22.375,-3.178,-10.304,-29.733,0.108,-0.814,-0.554,0.135,1,-36.871,-1.753,-24.858,0.000,2,41.519039,-86.239639,0.000000,0.243,251.100006,10,41,58,72,12,3,U_TURN_HDG,AP_HDG_SEL_IMU,116.453,5.867,20.000,4,13,8,13,ROLL_LEFT
1270,96.795807,0,0.051,0.000,-0.026,-5.773,19.105,110.586,0.000,0.000,0.000,-31.875,5.125,22.375,-3.178,-10.304,-29.733,0.108,-0.814,-0.554,0.135,1,-37.158,-1.734,-24.955,0.000,2,41.519039,-86.239639,0.000000,0.263,251.100006,10,41,58,76,12,3,U_TURN_HDG,AP_HDG_SEL_IMU,116.453,5.867,20.000,4,13,8,13,ROLL_LEFT
1271,96.856514,0,-0.077,0.128,-0.026,-5.773,19.105,110.586,0.000,0.000,0.000,-31.875,5.125,22.375,-3.178,-10.304,-29.758,0.108,-0.814,-0.554,0.135,1,-37.240,-1.744,-24.982,0.000,2,41.519039,-86.239639,0.000000,0.209,251.100006,10,41,58,84,12,3,U_TURN_HDG,AP_HDG_SEL_IMU,116.453,5.867,20.000,4,13,8,13,ROLL_LEFT
1272,96.915497,0,0.051,-0.026,-0.026,-5.773,19.105,110.586,0.000,0.000,0.000,-31.875,5.125,22.375,-3.178,-10.278,-29.758,0.108,-0.814,-0.554,0.135,1,-37.430,-1.823,-25.046,0.000,2,41.519039,-86.239639,0.000000,0.020,251.100006,10,41,58,92,12,3,U_TURN_HDG,AP_HDG_SEL_IMU,116.453,5.867,20.000,4,13,8,13,ROLL_LEFT
1273,96.975494,0,0.051,0.128,-0.026,-5.773,19.105,110.586,0.000,0.000,0.000,-31.875,5.125,22.375,-3.178,-10.304,-29.733,0.108,-0.814,-0.554,0.135,1,-37.700,-1.771,-25.136,0.000,2,41.519039,-86.239639,0.000000,0.170,251.100006,10,41,58,96,12,3,U_TURN_HDG,AP_HDG_SEL_IMU,116.453,5.867,20.000,4,13,8,13,ROLL_LEFT
1274,97.034988,0,0.051,0.000,-0.051,-5.773,19.105,110.586,0.000,0.000,0.000,-31.875,5.125,22.375,-3.178,-10.304,-29.733,0.108,-0.814,-0.554,0.135,1,-36.708,-1.727,-24.803,0.000,2,41.519039,-86.239639,0.000000,0.331,251.100006,10,41,59,4,12,3,U_TURN_HDG,AP_HDG_SEL_IMU,116.453,5.867,20.000,4,13,8,13,ROLL_LEFT
1275,97.104050,0,-0.077,0.000,-0.051,-5.773,19.105,110.586,0.000,0.000,0.000,-31.875,5.125,22.375,-3.178,-10.304,-29.733,0.108,-0.814,-0.554,0.135,1,-36.958,-1.774,-24.887,0.000,2,41.519039,-86.239639,0.000000,0.196,251.000000,10,41,59,12,12,3,U_TURN_HDG,AP_HDG_SEL_IMU,116.453,5.867,20.000,4,13,8,13,ROLL_LEFT
1276,97.173302,0,0.077,0.000,-0.026,-5.773,19.105,110.586,0.000,0.000,0.000,-31.875,5.125,22.375,-3.204,-10.304,-29.758,0.108,-0.814,-0.554,0.135,1,-36.764,-1.831,-24.822,0.000,2,41.519039,-86.239639,0.000000,0.329,251.000000,10,41,59,16,12,3,U_TURN_HDG,AP_HDG_SEL_IMU,116.453,5.867,20.000,4,13,8,13,ROLL_LEFT
1277,97.225151,0,-0.051,0.000,0.103,-5.773,19.105,110.586,0.000,0.000,0.000,-31.875,5.125,22.375,-3.204,-10.304,-29.758,0.108,-0.814,-0.554,0.135,1,-37.700,-1.773,-25.136,0.000,2,41.519039,-86.239639,0.000000,0.564,251.000000,10,41,59,24,12,3,U_TURN_HDG,AP_HDG_SEL_IMU,116.453,5.867,20.000,4,13,8,13,ROLL_LEFT
1278,97.301773,0,0.051,0.000,-0.026,-5.773,19.105,110.586,0.000,0.000,0.000,-31.875,5.125,22.375,-3.204,-10.304,-29.758,0.108,-0.814,-0.554,0.135,1,-36.949,-1.757,-24.885,0.000,2,41.519039,-86.239639,0.000000,0.581,250.899994,10,41,59,32,12,3,U_TURN_HDG,AP_HDG_SEL_IMU,116.453,5.867,20.000,4,13,8,13,ROLL_LEFT
1279,97.385315,0,-0.077,0.103,-0.026,-5.773,19.105,110.586,0.000,0.000,0.000,-31.875,5.125,22.375,-3.178,-10.304,-29.758,0.108,-0.814,-0.554,0.135,1,-37.249,-1.763,-24.985,0.000,2,41.519039,-86.239639,0.000000,0.709,250.899994,10,41,59,36,12,3,U_TURN_HDG,AP_HDG_SEL_IMU,116.453,5.867,20.000,4,13,8,13,ROLL_LEFT
1280,97.465034,0,-0.103,-0.026,0.077,-5.777,19.099,110.586,0.000,0.000,0.000,-31.875,5.125,22.375,-3.178,-10.278,-29.758,0.108,-0.814,-0.554,0.135,1,-37.401,-1.771,-25.036,0.000,2,41.519039,-86.239639,174.399994,0.835,250.899994,10,41,59,44,12,3,U_TURN_HDG,AP_HDG_SEL_IMU,116.453,5.868,20.000,4,13,8,13,ROLL_LEFT
1281,97.536232,0,-0.077,-0.026,-0.077,-5.772,19.095,110.587,0.000,0.000,0.000,-31.875,5.125,22.375,-3.178,-10.278,-29.707,0.108,-0.814,-0.554,0.135,1,-37.409,-1.787,-25.039,0.000,2,41.519039,-86.239639,182.779999,0.788,250.800003,10,41,59,52,12,3,U_TURN_HDG,AP_HDG_SEL_IMU,116.453,5.866,20.000,4,13,8,13,ROLL_LEFT
1282,97.594093,0,0.077,0.000,0.077,-5.772,19.094,110.591,0.000,0.000,0.000,-31.875,5.125,22.375,-3.204,-10.304,-29.733,0.108,-0.814,-0.554,0.135,1,-37.097,-1.755,-24.934,0.000,2,41.519039,-86.239639,180.300003,0.846,250.699997,10,41,59,60,12,3,U_TURN_HDG,AP_HDG_SEL_IMU,116.453,5.862,20.000,4,13,8,13,ROLL_LEFT
1283,97.700417,0,-0.051,0.000,-0.051,-5.772,19.094,110.591,0.000,0.000,0.000,-31.875,5.125,22.375,-3.204,-10.304,-29.733,0.108,-0.814,-0.554,0.135,1,-37.544,-1.759,-25.084,0.000,2,41.519039,-86.239639,185.389999,1.063,250.699997,10,41,59,72,12,3,U_TURN_HDG,AP_HDG_SEL_IMU,116.453,5.862,20.000,4,13,8,13,ROLL_LEFT
1284,97.778862,0,0.051,0.000,0.077,-5.778,19.098,110.590,0.000,0.000,0.000,-31.875,5.125,22.375,-3.178,-10.304,-29.733,0.108,-0.814,-0.554,0.135,1,-37.392,-1.749,-25.033,0.000,2,41.519039,-86.239639,184.440002,1.035,250.600006,10,41,59,80,12,3,U_TURN_HDG,AP_HDG_SEL_IMU,116.453,5.864,20.000,4,13,8,13,ROLL_LEFT
1285,97.840508,0,0.051,0.000,-0.051,-5.777,19.099,110.586,0.000,0.000,0.000,-31.875,5.125,22.375,-3.178,-10.304,-29.733,0.108,-0.814,-0.554,0.135,1,-37.738,-1.702,-25.149,0.000,2,41.519039,-86.239639,181.529999,0.922,250.600006,10,41,59,84,12,3,U_TURN_HDG,AP_HDG_SEL_IMU,116.453,5.868,20.000,4,13,8,13,ROLL_LEFT
1286,97.898964,0,0.051,0.000,-0.051,-5.777,19.099,110.586,0.000,0.000,0.000,-31.875,5.125,22.375,-3.178,-10.304,-29.733,0.108,-0.814,-0.554,0.135,1,-36.862,-1.734,-24.855,0.000,2,41.519039,-86.239639,175.139999,1.021,250.600006,10,41,59,92,12,3,U_TURN_HDG,AP_HDG_SEL_IMU,116.453,5.868,20.000,4,13,8,13,ROLL_LEFT
1287,97.960503,0,0.051,0.000,-0.051,-5.773,19.105,110.586,0.000,0.000,0.000,-31.875,5.125,22.375,-3.178,-10.304,-29.733,0.108,-0.814,-0.554,0.135,1,-37.089,-1.744,-24.932,0.000,2,41.519039,-86.239639,179.059998,0.900,250.600006,10,41,59,96,12,3,U_TURN_HDG,AP_HDG_SEL_IMU,116.453,5.867,20.000,4,13,8,13,ROLL_LEFT
1288,98.040504,0,-0.077,0.000,-0.051,-5.773,19.105,110.586,0.000,0.000,0.000,-31.875,5.125,22.375,-3.178,-10.304,-29.733,0.108,-0.814,-0.554,0.135,1,-37.600,-1.725,-25.103,0.000,2,41.519039,-86.239639,186.690002,0.960,250.600006,10,42,0,4,12,3,U_TURN_HDG,AP_HDG_SEL_IMU,116.453,5.867,20.000,4,13,8,13,ROLL_LEFT
1289,98.116676,0,0.051,0.000,0.077,-5.773,19.105,110.586,0.000,0.000,0.000,-31.875,5.125,22.375,-3.178,-10.304,-29.733,0.108,-0.814,-0.554,0.135,1,-37.607,-1.738,-25.105,0.000,2,41.519039,-86.239639,183.570007,0.817,250.600006,10,42,0,12,12,3,U_TURN_HDG,AP_HDG_SEL_IMU,116.453,5.867,20.000,4,13,8,13,ROLL_LEFT
1290,98.189270,0,0.051,-0.128,-0.051,-5.773,19.105,110.586,0.000,0.000,0.000,-31.875,5.125,22.375,-3.178,-10.304,-29.733,0.108,-0.814,-0.554,0.135,1,-37.669,-1.712,-25.126,0.000,2,41.519039,-86.239639,177.820007,0.721,250.500000,10,42,0,20,12,3,U_TURN_HDG,AP_HDG_SEL_IMU,116.453,5.867,20.000,4,13,8,13,ROLL_LEFT
1291,98.240639,0,-0.077,-0.128,0.077,-5.773,19.105,110.586,0.000,0.000,0.000,-31.875,5.125,22.375,-3.178,-10.304,-29.733,0.108,-0.814,-0.554,0.135,1,-37.605,-1.735,-25.105,0.000,2,41.519039,-86.239639,176.279999,0.749,250.500000,10,42,0,24,12,3,U_TURN_HDG,AP_HDG_SEL_IMU,116.453,5.867,20.000,4,13,8,13,ROLL_LEFT
1292,98.299599,0,0.051,0.000,-0.051,-5.773,19.105,110.586,0.000,0.000,0.000,-31.875,5.125,22.375,-3.178,-10.304,-29.733,0.108,-0.814,-0.554,0.135,1,-37.219,-1.705,-24.975,0.000,2,41.519039,-86.239639,178.270004,0.758,250.500000,10,42,0,32,12,3,U_TURN_HDG,AP_HDG_SEL_IMU,116.453,5.867,20.000,4,13,8,13,ROLL_LEFT
1293,98.378342,0,0.051,0.000,-0.051,-5.773,19.105,110.586,0.000,0.000,0.000,-31.875,5.125,22.375,-3.178,-10.304,-29.733,0.108,-0.814,-0.554,0.135,1,-37.755,-1.738,-25.154,0.000,2,41.519039,-86.239639,0.000000,0.624,250.500000,10,42,0,40,12,3,U_TURN_HDG,AP_HDG_SEL_IMU,116.453,5.867,20.000,4,13,8,13,ROLL_LEFT
1294,98.439316,0,0.051,0.000,-0.051,-5.773,19.105,110.586,0.000,0.000,0.000,-31.875,5.125,22.375,-3.178,-10.304,-29.733,0.108,-0.814,-0.554,0.135,1,-37.023,-1.762,-24.909,0.000,2,41.519039,-86.239639,0.000000,0.505,250.500000,10,42,0,44,12,3,U_TURN_HDG,AP_HDG_SEL_IMU,116.453,5.867,20.000,4,13,8,13,ROLL_LEFT
1295,98.504089,0,0.051,-0.128,0.077,-5.769,19.110,110.586,0.000,0.000,0.000,-31.875,5.125,22.375,-3.178,-10.304,-29.733,0.108,-0.814,-0.554,0.135,1,-37.536,-1.745,-25.082,0.000,2,41.519039,-86.239639,0.000000,0.459,250.500000,10,42,0,52,12,3,U_TURN_HDG,AP_HDG_SEL_IMU,116.453,5.867,20.000,4,13,8,13,ROLL_LEFT
1296,98.559517,0,0.051,0.000,-0.051,-5.769,19.110,110.586,0.000,0.000,0.000,-31.875,5.125,22.375,-3.178,-10.304,-29.733,0.108,-0.814,-0.554,0.135,1,-37.166,-1.746,-24.957,0.000,2,41.519039,-86.239639,0.000000,0.339,250.500000,10,42,0,56,12,3,U_TURN_HDG,AP_HDG_SEL_IMU,116.453,5.867,20.000,4,13,8,13,ROLL_LEFT
1297,98.634506,0,0.051,0.000,-0.051,-5.769,19.110,110.586,0.000,0.000,0.000,-31.875,5.125,22.375,-3.178,-10.304,-29.733,0.108,-0.814,-0.554,0.135,1,-37.367,-1.706,-25.025,0.000,2,41.519039,-86.239639,0.000000,0.289,250.500000,10,42,0,64,12,3,U_TURN_HDG,AP_HDG_SEL_IMU,116.453,5.867,20.000,4,13,8,13,ROLL_LEFT
1298,98.714500,0,0.051,-0.128,-0.051,-5.769,19.110,110.586,0.000,0.000,0.000,-31.875,5.125,22.375,-3.178,-10.304,-29.733,0.108,-0.814,-0.554,0.135,1,-36.981,-1.818,-24.895,0.000,2,41.519039,-86.239639,0.000000,0.304,250.500000,10,42,0,72,12,3,U_TURN_HDG,AP_HDG_SEL_IMU,116.453,5.867,20.000,4,13,8,13,ROLL_LEFT
1299,98.794014,0,-0.077,0.000,-0.051,-5.769,19.110,110.586,0.000,0.000,0.000,-31.875,5.125,22.375,-3.178,-10.304,-29.733,0.108,-0.814,-0.554,0.135,1,-37.472,-1.768,-25.060,0.000,2,41.519039,-86.239639,0.000000,0.192,250.399994,10,42,0,80,12,3,U_TURN_HDG,AP_HDG_SEL_IMU,116.453,5.867,20.000,4,13,8,13,ROLL_LEFT
1300,98.848877,0,0.051,0.000,0.077,-5.769,19.110,110.586,0.000,0.000,0.000,-31.875,5.125,22.375,-3.178,-10.304,-29.758,0.108,-0.814,-0.554,0.135,1,-37.692,-1.758,-25.133,0.000,2,41.519039,-86.239639,0.000000,0.213,250.399994,10,42,0,84,12,3,U_TURN_HDG,AP_HDG_SEL_IMU,116.453,5.867,20.000,4,13,8,13,ROLL_LEFT
1301,98.902390,0,0.051,0.000,0.103,-5.769,19.110,110.586,0.000,0.000,0.000,-31.875,5.125,22.375,-3.178,-10.304,-29.758,0.108,-0.814,-0.554,0.135,1,-37.491,-1.797,-25.066,0.000,2,41.519039,-86.239639,0.000000,0.174,250.399994,10,42,0,92,12,3,U_TURN_HDG,AP_HDG_SEL_IMU,116.453,5.867,20.000,4,13,8,13,ROLL_LEFT
1302,98.950172,0,0.077,0.000,-0.026,-5.769,19.110,110.586,0.000,0.000,0.000,-31.875,5.125,22.375,-3.204,-10.304,-29.758,0.108,-0.814,-0.554,0.135,1,-37.690,-1.753,-25.133,0.000,2,41.519039,-86.239639,0.000000,0.236,250.399994,10,42,0,96,12,3,U_TURN_HDG,AP_HDG_SEL_IMU,116.453,5.867,20.000,4,13,8,13,ROLL_LEFT
1303,99.029198,0,0.051,0.000,-0.051,-5.773,19.105,110.586,0.000,0.000,0.000,-31.875,5.125,22.375,-3.178,-10.304,-29.733,0.108,-0.814,-0.554,0.135,1,-37.534,-1.740,-25.081,0.000,2,41.519039,-86.239639,0.000000,0.162,250.399994,10,42,1,4,12,3,U_TURN_HDG,AP_HDG_SEL_IMU,116.453,5.867,20.000,4,13,8,13,ROLL_LEFT
1304,99.103012,0,0.051,0.000,-0.051,-5.773,19.105,110.586,0.000,0.000,0.000,-31.875,5.125,22.375,-3.178,-10.304,-29.733,0.108,-0.814,-0.554,0.135,1,-37.230,-1.725,-24.979,0.000,2,41.519039,-86.239639,0.000000,0.093,250.399994,10,42,1,12,12,3,U_TURN_HDG,AP_HDG_SEL_IMU,116.453,5.867,20.000,4,13,8,13,ROLL_LEFT
1305,99.182274,0,-0.077,0.000,-0.026,-5.769,19.110,110.586,0.000,0.000,0.000,-31.875,5.125,22.375,-3.178,-10.304,-29.758,0.108,-0.814,-0.554,0.135,1,-37.230,-1.727,-24.979,0.000,2,41.519039,-86.239639,0.000000,0.201,250.399994,10,42,1,20,12,3,U_TURN_HDG,AP_HDG_SEL_IMU,116.453,5.867,20.000,4,13,8,13,ROLL_LEFT
1306,99.262276,0,0.051,0.000,-0.026,-5.769,19.110,110.586,0.000,0.000,0.000,-31.875,5.125,22.375,-3.178,-10.304,-29.758,0.108,-0.814,-0.554,0.135,1,-37.400,-1.767,-25.036,0.000,2,41.519039,-86.239639,0.000000,0.292,250.399994,10,42,1,28,12,3,U_TURN_HDG,AP_HDG_SEL_IMU,116.453,5.867,20.000,4,13,8,13,ROLL_LEFT
1307,99.317505,0,-0.077,0.000,0.103,-5.769,19.110,110.586,0.000,0.000,0.000,-31.875,5.125,22.375,-3.178,-10.304,-29.758,0.108,-0.814,-0.554,0.135,1,-37.249,-1.764,-24.985,0.000,2,41.519039,-86.239639,0.000000,0.201,250.300003,10,42,1,32,12,3,U_TURN_HDG,AP_HDG_SEL_IMU,116.453,5.867,20.000,4,13,8,13,ROLL_LEFT
1308,99.391342,0,-0.077,0.000,-0.051,-5.769,19.110,110.586,0.000,0.000,0.000,-31.875,5.125,22.375,-3.178,-10.304,-29.758,0.108,-0.814,-0.554,0.135,1,-37.605,-1.731,-25.105,0.000,2,41.519039,-86.239639,0.000000,0.297,250.300003,10,42,1,40,12,3,U_TURN_HDG,AP_HDG_SEL_IMU,116.453,5.867,20.000,4,13,8,13,ROLL_LEFT
1309,99.458733,0,-0.077,0.000,-0.051,-5.769,19.110,110.586,0.000,0.000,0.000,-31.875,5.125,22.375,-3.178,-10.304,-29.733,0.108,-0.814,-0.554,0.135,1,-37.504,-1.687,-25.071,0.000,2,41.519035,-86.239639,0.000000,0.454,250.300003,10,42,1,48,12,3,U_TURN_HDG,AP_HDG_SEL_IMU,116.453,5.867,20.000,4,13,8,13,ROLL_LEFT
1310,99.538422,0,0.051,0.128,-0.051,-5.769,19.110,110.586,0.000,0.000,0.000,-31.875,5.125,22.375,-3.178,-10.304,-29.733,0.108,-0.814,-0.554,0.135,1,-37.673,-1.726,-25.127,0.000,2,41.519035,-86.239639,0.000000,0.486,250.300003,10,42,1,56,12,3,U_TURN_HDG,AP_HDG_SEL_IMU,116.453,5.867,20.000,4,13,8,13,ROLL_LEFT
1311,99.666084,0,0.026,0.103,-0.051,-5.769,19.110,110.586,0.000,0.000,0.000,-31.875,5.125,22.375,-3.178,-10.304,-29.733,0.108,-0.814,-0.554,0.135,1,-37.000,-1.714,-24.902,0.000,2,41.519039,-86.239639,0.000000,0.056,250.300003,10,42,1,68,12,3,U_TURN_HDG,AP_HDG_SEL_IMU,116.453,5.867,20.000,4,13,8,13,ROLL_LEFT
1312,99.745255,0,0.051,0.000,0.077,-5.764,19.106,110.587,0.000,0.000,0.000,-31.875,5.125,22.375,-3.153,-10.278,-29.733,0.108,-0.814,-0.554,0.135,1,-37.576,-1.681,-25.095,0.000,2,41.519039,-86.239639,0.000000,0.049,250.300003,10,42,1,76,12,3,U_TURN_HDG,AP_HDG_SEL_IMU,116.453,5.866,20.000,4,13,8,13,ROLL_LEFT
1313,99.862244,0,0.051,0.000,0.077,-5.764,19.106,110.587,0.000,0.000,0.000,-31.875,5.125,22.375,-3.178,-10.304,-29.733,0.108,-0.814,-0.554,0.135,1,-37.240,-1.743,-24.982,0.000,2,41.519039,-86.239639,0.000000,0.304,250.300003,10,42,1,88,12,3,U_TURN_HDG,AP_HDG_SEL_IMU,116.453,5.866,20.000,4,13,8,13,ROLL_LEFT
1314,99.950294,0,0.051,0.000,-0.051,-5.764,19.106,110.587,0.000,0.000,0.000,-31.875,5.125,22.375,-3.178,-10.304,-29.733,0.108,-0.814,-0.554,0.135,1,-37.287,-1.696,-24.998,0.000,2,41.519039,-86.239639,0.000000,0.228,250.300003,10,42,1,96,12,3,U_TURN_HDG,AP_HDG_SEL_IMU,116.453,5.866,20.000,4,13,8,13,ROLL_LEFT
1315,100.026894,0,0.026,0.103,-0.167,-5.764,19.106,110.587,0.000,0.000,0.000,-31.875,5.125,22.375,-3.153,-10.278,-29.733,0.108,-0.814,-0.554,0.135,1,-37.758,-1.741,-25.156,0.000,2,41.519039,-86.239639,0.000000,0.267,250.300003,10,42,2,4,12,3,U_TURN_HDG,AP_HDG_SEL_IMU,116.453,5.866,20.000,4,13,8,13,ROLL_LEFT
1316,100.106880,0,-0.103,-0.026,0.077,-5.758,19.103,110.589,0.000,0.000,0.000,-31.875,5.125,22.375,-3.153,-10.278,-29.733,0.108,-0.814,-0.554,0.135,1,-37.158,-1.730,-24.955,0.000,2,41.519039,-86.239639,0.000000,0.093,250.399994,10,42,2,12,12,3,U_TURN_HDG,AP_HDG_SEL_IMU,116.453,5.864,20.000,4,13,8,13,ROLL_LEFT
1317,100.180328,0,0.026,-0.026,0.077,-5.758,19.103,110.589,0.000,0.000,0.000,-31.875,5.125,22.375,-3.153,-10.278,-29.733,0.108,-0.814,-0.554,0.135,1,-37.401,-1.769,-25.036,0.000,2,41.519039,-86.239639,0.000000,0.474,250.300003,10,42,2,20,12,3,U_TURN_HDG,AP_HDG_SEL_IMU,116.453,5.864,20.000,4,13,8,13,ROLL_LEFT
1318,100.259041,0,-0.103,-0.026,-0.026,-5.751,19.098,110.584,0.000,0.000,0.000,-31.875,5.125,22.375,-3.153,-10.278,-29.758,0.108,-0.814,-0.554,0.135,1,-37.145,-1.710,-24.950,0.000,2,41.519039,-86.239639,0.000000,0.488,250.399994,10,42,2,28,12,3,U_TURN_HDG,AP_HDG_SEL_IMU,116.453,5.869,20.000,4,13,8,13,ROLL_LEFT
1319,100.343536,0,-0.077,-0.026,-0.026,-5.746,19.094,110.585,0.000,0.000,0.000,-31.875,5.125,22.375,-3.178,-10.278,-29.758,0.108,-0.814,-0.554,0.135,1,-37.010,-1.735,-24.905,0.000,2,41.519039,-86.239639,281.589996,1.090,250.500000,10,42,2,36,12,3,U_TURN_HDG,AP_HDG_SEL_IMU,116.453,5.868,20.000,4,13,8,13,ROLL_LEFT
1320,100.421890,0,-0.077,0.000,-0.026,-5.750,19.088,110.585,0.000,0.000,0.000,-31.875,5.125,22.375,-3.178,-10.304,-29.758,0.108,-0.814,-0.554,0.135,1,-37.544,-1.757,-25.084,0.000,2,41.519039,-86.239639,331.679993,0.854,250.500000,10,42,2,44,12,3,U_TURN_HDG,AP_HDG_SEL_IMU,116.453,5.868,20.000,4,13,8,13,ROLL_LEFT
1321,100.546188,0,0.051,0.000,-0.051,-5.750,19.088,110.585,0.000,0.000,0.000,-31.875,5.125,22.375,-3.178,-10.304,-29.733,0.108,-0.814,-0.554,0.135,1,-36.698,-1.705,-24.800,0.000,2,41.519039,-86.239639,0.000000,0.624,250.500000,10,42,2,56,12,3,U_TURN_HDG,AP_HDG_SEL_IMU,116.453,5.868,20.000,4,13,8,13,ROLL_LEFT
1322,100.606880,0,0.051,0.000,-0.026,-5.755,19.092,110.584,0.000,0.000,0.000,-31.875,5.125,22.375,-3.178,-10.304,-29.758,0.108,-0.814,-0.554,0.135,1,-37.142,-1.702,-24.949,0.000,2,41.519039,-86.239639,0.000000,0.687,250.500000,10,42,2,60,12,3,U_TURN_HDG,AP_HDG_SEL_IMU,116.453,5.869,20.000,4,13,8,13,ROLL_LEFT
1323,100.660126,0,0.051,0.000,-0.051,-5.751,19.098,110.584,0.000,0.000,0.000,-31.875,5.125,22.375,-3.178,-10.304,-29.733,0.108,-0.814,-0.554,0.135,1,-37.612,-1.749,-25.107,0.000,2,41.519039,-86.239639,0.000000,0.594,250.500000,10,42,2,68,12,3,U_TURN_HDG,AP_HDG_SEL_IMU,116.453,5.869,20.000,4,13,8,13,ROLL_LEFT
1324,100.745132,0,0.051,0.000,0.077,-5.751,19.098,110.584,0.000,0.000,0.000,-31.875,5.125,22.375,-3.178,-10.304,-29.733,0.108,-0.814,-0.554,0.135,1,-37.309,-1.734,-25.006,0.000,2,41.519039,-86.239639,0.000000,0.594,250.500000,10,42,2,76,12,3,U_TURN_HDG,AP_HDG_SEL_IMU,116.453,5.869,20.000,4,13,8,13,ROLL_LEFT
1325,100.797218,0,0.051,0.000,-0.051,-5.758,19.103,110.589,0.000,0.000,0.000,-31.875,5.125,22.375,-3.178,-10.304,-29.733,0.108,-0.814,-0.554,0.135,1,-36.915,-1.695,-24.873,0.000,2,41.519039,-86.239639,0.000000,0.565,250.500000,10,42,2,80,12,3,U_TURN_HDG,AP_HDG_SEL_IMU,116.453,5.864,20.000,4,13,8,13,ROLL_LEFT
1326,100.854309,0,0.051,0.000,0.077,-5.758,19.103,110.589,0.000,0.000,0.000,-31.875,5.125,22.375,-3.178,-10.304,-29.733,0.108,-0.814,-0.554,0.135,1,-36.555,-1.717,-24.751,0.000,2,41.519039,-86.239639,0.000000,0.604,250.500000,10,42,2,88,12,3,U_TURN_HDG,AP_HDG_SEL_IMU,116.453,5.864,20.000,4,13,8,13,ROLL_LEFT
1327,100.951721,0,0.051,0.128,-0.051,-5.758,19.103,110.589,0.000,0.000,0.000,-31.875,5.125,22.375,-3.178,-10.304,-29.733,0.108,-0.814,-0.554,0.135,1,-37.068,-1.707,-24.925,0.000,2,41.519039,-86.239639,0.000000,0.447,250.500000,10,42,2,96,12,3,U_TURN_HDG,AP_HDG_SEL_IMU,116.453,5.864,20.000,4,13,8,13,ROLL_LEFT
1328,101.021225,0,-0.077,0.128,-0.051,-5.758,19.103,110.589,0.000,0.000,0.000,-31.875,5.125,22.375,-3.178,-10.304,-29.733,0.108,-0.814,-0.554,0.135,1,-37.311,-1.741,-25.006,0.000,2,41.519039,-86.239639,0.000000,0.208,250.500000,10,42,3,4,12,3,U_TURN_HDG,AP_HDG_SEL_IMU,116.453,5.864,20.000,4,13,8,13,ROLL_LEFT
1329,101.102196,0,-0.077,-0.128,0.077,-5.761,19.096,110.583,0.224,0.000,-0.112,-31.875,5.125,22.375,-3.178,-10.304,-29.733,0.108,-0.814,-0.554,0.135,1,-37.615,-1.753,-25.108,0.000,2,41.519039,-86.239639,0.000000,0.223,250.500000,10,42,3,12,12,3,U_TURN_HDG,AP_HDG_SEL_IMU,116.453,5.870,20.000,4,13,8,13,ROLL_LEFT
1330,101.262215,0,0.051,0.000,0.077,-5.760,19.112,110.588,1.007,0.000,0.112,-31.875,5.125,22.375,-3.178,-10.330,-29.733,0.108,-0.814,-0.554,0.135,1,-37.414,-1.658,-25.041,0.000,2,41.519039,-86.239639,0.000000,0.160,250.399994,10,42,3,28,12,3,U_TURN_HDG,AP_HDG_SEL_IMU,116.453,5.865,20.000,4,13,8,13,ROLL_LEFT
1331,101.339218,0,-0.051,0.000,-0.051,-5.764,19.106,110.587,0.000,0.112,0.000,-31.875,5.125,22.375,-3.178,-10.304,-29.733,0.108,-0.814,-0.554,0.135,1,-37.679,-1.733,-25.129,0.000,2,41.519039,-86.239639,0.000000,0.142,250.399994,10,42,3,36,12,3,U_TURN_HDG,AP_HDG_SEL_IMU,116.453,5.866,20.000,4,13,8,13,ROLL_LEFT
1332,101.404510,0,0.051,-0.051,0.077,-5.766,19.075,110.577,-1.119,0.000,0.000,-31.875,5.125,22.375,-3.178,-10.253,-29.733,0.108,-0.814,-0.554,0.135,1,-36.468,-1.693,-24.722,0.000,2,41.519039,-86.239639,0.000000,0.037,250.300003,10,42,3,40,12,3,U_TURN_HDG,AP_HDG_SEL_IMU,116.453,5.876,20.000,4,13,8,13,ROLL_LEFT
1333,101.459389,0,0.051,0.000,0.103,-5.751,18.909,110.582,-2.574,0.336,-0.112,-31.875,5.125,22.375,-3.178,-10.201,-29.758,0.107,-0.815,-0.554,0.134,1,-37.113,-1.651,-24.940,0.000,2,41.519039,-86.239639,0.000000,0.375,250.399994,10,42,3,48,12,3,U_TURN_HDG,AP_HDG_SEL_IMU,116.453,5.871,20.000,4,13,8,13,ROLL_LEFT
1334,101.524513,0,-0.077,0.051,0.000,-5.734,18.743,110.578,-1.567,0.112,-0.224,-31.875,5.125,22.375,-3.178,-10.099,-29.784,0.106,-0.815,-0.554,0.133,1,-37.751,-1.728,-25.153,0.000,2,41.519039,-86.239639,0.000000,0.356,250.399994,10,42,3,52,12,3,U_TURN_HDG,AP_HDG_SEL_IMU,116.453,5.875,20.000,4,13,8,13,ROLL_LEFT
1335,101.574509,0,0.051,-0.205,-0.090,-5.731,18.734,110.569,-2.686,0.112,-0.224,-31.875,5.125,22.375,-3.153,-10.099,-29.784,0.106,-0.815,-0.555,0.133,1,-37.150,-1.720,-24.952,0.000,2,41.519039,-86.239639,0.000000,0.354,250.300003,10,42,3,56,12,3,U_TURN_HDG,AP_HDG_SEL_IMU,116.453,5.884,20.000,4,13,8,13,ROLL_LEFT
1336,101.647247,0,-0.103,0.051,0.000,-5.732,18.719,110.564,1.007,0.000,0.112,-31.875,5.125,22.375,-3.153,-10.099,-29.810,0.105,-0.815,-0.555,0.133,1,-37.060,-1.689,-24.922,0.000,2,41.519039,-86.239639,0.000000,0.221,250.300003,10,42,3,64,12,3,U_TURN_HDG,AP_HDG_SEL_IMU,116.453,5.889,20.000,4,13,8,13,ROLL_LEFT
1337,101.704514,0,0.051,0.077,0.000,-5.737,18.764,110.573,-0.112,0.000,0.112,-31.875,5.125,22.375,-3.178,-10.124,-29.784,0.106,-0.815,-0.554,0.133,1,-37.739,-1.709,-25.149,0.000,2,41.519039,-86.239639,0.000000,0.319,250.199997,10,42,3,68,12,3,U_TURN_HDG,AP_HDG_SEL_IMU,116.453,5.880,20.000,4,13,8,13,ROLL_LEFT
1338,101.757812,0,0.051,0.077,0.128,-5.741,18.783,110.577,1.343,0.000,0.112,-31.875,5.125,22.375,-3.178,-10.124,-29.784,0.106,-0.815,-0.554,0.133,1,-37.529,-1.729,-25.079,0.000,2,41.519039,-86.239639,0.000000,0.353,250.199997,10,42,3,76,12,3,U_TURN_HDG,AP_HDG_SEL_IMU,116.453,5.876,20.000,4,13,8,13,ROLL_LEFT
1339,101.826508,0,-0.077,0.026,0.000,-5.750,18.885,110.574,0.895,0.000,0.000,-31.875,5.125,22.375,-3.178,-10.201,-29.784,0.107,-0.815,-0.554,0.134,1,-37.464,-1.746,-25.057,0.000,2,41.519039,-86.239639,0.000000,0.439,250.199997,10,42,3,80,12,3,U_TURN_HDG,AP_HDG_SEL_IMU,116.453,5.879,20.000,4,13,8,13,ROLL_LEFT
1340,101.877502,0,0.051,0.525,-0.115,-5.747,18.875,110.569,0.895,0.000,0.112,-31.875,5.125,22.375,-3.178,-10.201,-29.784,0.106,-0.815,-0.554,0.134,1,-37.452,-1.724,-25.053,0.000,2,41.519039,-86.239639,0.000000,0.623,250.199997,10,42,3,88,12,3,U_TURN_HDG,AP_HDG_SEL_IMU,116.453,5.884,20.000,4,13,8,13,ROLL_LEFT
1341,101.946106,0,-0.077,-0.077,-0.026,-5.743,18.880,110.569,1.679,0.000,-0.112,-31.875,5.125,22.375,-3.178,-10.227,-29.758,0.107,-0.815,-0.554,0.134,1,-37.443,-1.712,-25.050,0.000,2,41.519039,-86.239639,0.000000,0.547,250.100006,10,42,3,92,12,3,U_TURN_HDG,AP_HDG_SEL_IMU,116.453,5.884,20.000,4,13,8,13,ROLL_LEFT
1342,101.997505,0,0.051,-0.077,-0.026,-5.751,18.919,110.572,0.671,-0.112,-0.112,-31.875,5.125,22.375,-3.178,-10.227,-29.758,0.107,-0.815,-0.554,0.134,1,-37.375,-1.720,-25.028,0.000,2,41.519039,-86.239639,0.000000,0.687,250.100006,10,42,4,0,12,3,U_TURN_HDG,AP_HDG_SEL_IMU,116.453,5.881,20.000,4,13,8,13,ROLL_LEFT
1343,102.053505,0,-0.077,0.154,-0.026,-5.753,18.904,110.572,0.224,-0.112,0.112,-31.875,5.125,22.375,-3.178,-10.201,-29.758,0.107,-0.815,-0.554,0.134,1,-37.976,-1.727,-25.228,0.000,2,41.519039,-86.239639,0.000000,0.624,250.100006,10,42,4,4,12,3,U_TURN_HDG,AP_HDG_SEL_IMU,116.453,5.881,20.000,4,13,8,13,ROLL_LEFT
1344,102.115509,0,0.051,0.000,-0.115,-5.753,18.879,110.568,-0.783,0.112,0.000,-31.875,5.125,22.375,-3.178,-10.176,-29.784,0.106,-0.815,-0.554,0.134,1,-37.430,-1.682,-25.046,0.000,2,41.519039,-86.239639,0.000000,0.682,250.100006,10,42,4,12,12,3,U_TURN_HDG,AP_HDG_SEL_IMU,116.453,5.885,20.000,4,13,8,13,ROLL_LEFT
1345,102.176094,0,0.000,0.128,-0.026,-5.751,18.869,110.569,0.112,-0.112,-0.112,-31.875,5.125,22.375,-3.127,-10.176,-29.758,0.106,-0.815,-0.554,0.134,1,-36.936,-1.734,-24.880,0.000,2,41.519039,-86.239639,0.000000,0.633,250.100006,10,42,4,16,12,3,U_TURN_HDG,AP_HDG_SEL_IMU,116.453,5.884,20.000,4,13,8,13,ROLL_LEFT
1346,102.236504,0,0.000,0.128,-0.026,-5.744,18.854,110.575,-0.448,0.000,0.112,-31.875,5.125,22.375,-3.127,-10.176,-29.758,0.106,-0.815,-0.554,0.134,1,-37.369,-1.709,-25.026,0.000,2,41.519039,-86.239639,0.000000,0.628,250.100006,10,42,4,24,12,3,U_TURN_HDG,AP_HDG_SEL_IMU,116.453,5.878,20.000,4,13,8,13,ROLL_LEFT
1347,102.294670,0,0.000,-0.128,0.103,-5.737,18.850,110.570,0.112,0.000,0.000,-31.875,5.125,22.375,-3.127,-10.176,-29.758,0.106,-0.815,-0.554,0.134,1,-37.568,-1.663,-25.092,0.000,2,41.519039,-86.239639,0.000000,0.304,250.000000,10,42,4,28,12,3,U_TURN_HDG,AP_HDG_SEL_IMU,116.453,5.883,20.000,4,13,8,13,ROLL_LEFT
1348,102.341118,0,0.000,0.000,-0.026,-5.736,18.867,110.571,0.783,0.000,0.112,-31.875,5.125,22.375,-3.127,-10.176,-29.758,0.106,-0.815,-0.554,0.134,1,-36.599,-1.659,-24.767,0.000,2,41.519039,-86.239639,0.000000,0.165,250.000000,10,42,4,36,12,3,U_TURN_HDG,AP_HDG_SEL_IMU,116.453,5.882,20.000,4,13,8,13,ROLL_LEFT
1349,102.417015,0,0.026,0.026,0.000,-5.732,18.872,110.572,-0.112,0.000,0.000,-31.875,5.125,22.375,-3.127,-10.176,-29.758,0.107,-0.815,-0.554,0.134,1,-37.353,-1.681,-25.020,0.000,2,41.519039,-86.239639,0.000000,0.224,250.000000,10,42,4,44,12,3,U_TURN_HDG,AP_HDG_SEL_IMU,116.453,5.881,20.000,4,13,8,13,ROLL_LEFT
1350,102.500374,0,0.026,0.154,0.000,-5.732,18.872,110.572,0.112,0.000,-0.112,-31.875,5.125,22.375,-3.153,-10.201,-29.784,0.107,-0.815,-0.554,0.134,1,-36.798,-1.755,-24.834,0.000,2,41.519039,-86.239639,0.000000,0.149,250.100006,10,42,4,52,12,3,U_TURN_HDG,AP_HDG_SEL_IMU,116.453,5.881,20.000,4,13,8,13,ROLL_LEFT
1351,102.552513,0,0.026,-0.128,0.103,-5.728,18.878,110.572,0.112,0.112,0.000,-31.875,5.125,22.375,-3.153,-10.176,-29.758,0.107,-0.815,-0.554,0.134,1,-36.695,-1.701,-24.799,0.000,2,41.519039,-86.239639,0.000000,0.066,250.100006,10,42,4,56,12,3,U_TURN_HDG,AP_HDG_SEL_IMU,116.453,5.881,20.000,4,13,8,13,ROLL_LEFT
1352,102.622154,0,0.026,0.128,-0.026,-5.723,18.883,110.567,-0.448,-0.112,0.000,-31.875,5.125,22.375,-3.127,-10.176,-29.758,0.107,-0.815,-0.554,0.134,1,-37.134,-1.690,-24.947,0.000,2,41.519039,-86.239639,0.000000,0.093,250.100006,10,42,4,64,12,3,U_TURN_HDG,AP_HDG_SEL_IMU,116.453,5.886,20.000,4,13,8,13,ROLL_LEFT
1353,102.672913,0,-0.103,0.128,-0.115,-5.718,18.880,110.574,0.000,0.112,0.000,-31.875,5.125,22.375,-3.153,-10.176,-29.784,0.107,-0.815,-0.554,0.134,1,-37.590,-1.706,-25.099,0.000,2,41.519039,-86.239639,0.000000,0.098,250.100006,10,42,4,68,12,3,U_TURN_HDG,AP_HDG_SEL_IMU,116.453,5.879,20.000,4,13,8,13,ROLL_LEFT
1354,102.745720,0,0.026,0.000,0.000,-5.723,18.883,110.567,0.000,0.000,-0.112,-31.875,5.125,22.375,-3.153,-10.176,-29.784,0.107,-0.815,-0.554,0.134,1,-37.441,-1.704,-25.050,0.000,2,41.519039,-86.239639,0.000000,0.250,250.100006,10,42,4,76,12,3,U_TURN_HDG,AP_HDG_SEL_IMU,116.453,5.886,20.000,4,13,8,13,ROLL_LEFT
1355,102.801102,0,0.000,-0.128,0.000,-5.718,18.880,110.574,0.224,0.000,-0.112,-31.875,5.125,22.375,-3.127,-10.176,-29.784,0.107,-0.815,-0.554,0.134,1,-37.583,-1.697,-25.097,0.000,2,41.519039,-86.239639,0.000000,0.238,250.100006,10,42,4,80,12,3,U_TURN_HDG,AP_HDG_SEL_IMU,116.453,5.879,20.000,4,13,8,13,ROLL_LEFT
1356,102.865654,0,-0.128,0.000,0.000,-5.713,18.885,110.568,0.000,0.112,0.000,-31.875,5.125,22.375,-3.127,-10.176,-29.784,0.107,-0.815,-0.554,0.134,1,-37.285,-1.688,-24.997,0.000,2,41.519039,-86.239639,0.000000,0.324,250.100006,10,42,4,88,12,3,U_TURN_HDG,AP_HDG_SEL_IMU,116.453,5.885,20.000,4,13,8,13,ROLL_LEFT
1357,102.921188,0,0.000,0.000,0.000,-5.708,18.881,110.569,0.336,-0.112,0.112,-31.875,5.125,22.375,-3.178,-10.176,-29.784,0.107,-0.815,-0.554,0.134,1,-36.833,-1.679,-24.845,0.000,2,41.519039,-86.239639,0.000000,0.385,250.100006,10,42,4,92,12,3,U_TURN_HDG,AP_HDG_SEL_IMU,116.453,5.884,20.000,4,13,8,13,ROLL_LEFT
1358,102.983276,0,0.051,0.128,0.000,-5.718,18.880,110.574,0.112,0.000,0.000,-31.875,5.125,22.375,-3.178,-10.176,-29.784,0.107,-0.815,-0.554,0.134,1,-37.002,-1.719,-24.902,0.000,2,41.519039,-86.239639,0.000000,0.473,250.100006,10,42,4,96,12,3,U_TURN_HDG,AP_HDG_SEL_IMU,116.453,5.879,20.000,4,13,8,13,ROLL_LEFT
1359,103.035515,0,0.051,-0.128,0.026,-5.722,18.874,110.573,-1.007,0.000,0.000,-31.875,5.125,22.375,-3.178,-10.176,-29.784,0.107,-0.815,-0.554,0.134,1,-36.518,-1.649,-24.739,0.000,2,41.519039,-86.239639,0.000000,0.322,250.100006,10,42,5,4,12,3,U_TURN_HDG,AP_HDG_SEL_IMU,116.453,5.880,20.000,4,13,8,13,ROLL_LEFT
1360,103.105515,0,0.051,0.128,0.026,-5.721,18.863,110.578,-1.679,0.112,-0.112,-31.875,5.125,22.375,-3.178,-10.176,-29.810,0.107,-0.815,-0.554,0.134,1,-36.917,-1.698,-24.874,0.000,2,41.519039,-86.239639,0.000000,0.533,250.100006,10,42,5,12,12,3,U_TURN_HDG,AP_HDG_SEL_IMU,116.453,5.875,20.000,4,13,8,13,ROLL_LEFT
1361,103.179245,0,0.051,-0.103,0.128,-5.725,18.868,110.567,-0.112,0.112,0.000,-31.875,5.125,22.375,-3.178,-10.201,-29.784,0.107,-0.815,-0.554,0.134,1,-36.769,-1.703,-24.824,0.000,2,41.519039,-86.239639,0.000000,0.657,250.100006,10,42,5,20,12,3,U_TURN_HDG,AP_HDG_SEL_IMU,116.453,5.886,20.000,4,13,8,13,ROLL_LEFT
1362,103.257553,0,0.026,0.103,0.000,-5.730,18.836,110.572,0.000,0.000,0.000,-31.875,5.125,22.375,-3.153,-10.150,-29.784,0.106,-0.815,-0.554,0.134,1,-37.591,-1.708,-25.100,0.000,2,41.519039,-86.239639,0.000000,0.520,250.100006,10,42,5,28,12,3,U_TURN_HDG,AP_HDG_SEL_IMU,116.453,5.881,20.000,4,13,8,13,ROLL_LEFT
1363,103.387016,0,-0.103,0.077,0.000,-5.722,18.822,110.568,0.560,0.112,0.000,-31.875,5.125,22.375,-3.153,-10.099,-29.784,0.106,-0.815,-0.554,0.133,1,-37.293,-1.710,-25.000,0.000,2,41.519039,-86.239639,0.000000,0.189,250.100006,10,42,5,40,12,3,U_TURN_HDG,AP_HDG_SEL_IMU,116.453,5.885,20.000,4,13,8,13,ROLL_LEFT
1364,103.499245,0,0.026,-0.103,-0.115,-5.708,18.702,110.563,-1.007,0.224,0.000,-31.875,5.125,22.375,-3.153,-10.073,-29.784,0.105,-0.815,-0.555,0.133,1,-37.348,-1.670,-25.019,0.000,2,41.519039,-86.239639,0.000000,0.096,250.000000,10,42,5,52,12,3,U_TURN_HDG,AP_HDG_SEL_IMU,116.453,5.890,20.000,4,13,8,13,ROLL_LEFT
1365,103.550133,0,0.000,0.167,-0.218,-5.713,18.722,110.567,1.455,-0.224,0.224,-31.875,5.125,22.375,-3.127,-10.099,-29.810,0.106,-0.815,-0.555,0.133,1,-37.380,-1.728,-25.029,0.000,2,41.519039,-86.239639,0.000000,0.327,250.000000,10,42,5,56,12,3,U_TURN_HDG,AP_HDG_SEL_IMU,116.453,5.886,20.000,4,13,8,13,ROLL_LEFT
1366,103.619278,0,-0.128,-0.205,0.026,-5.708,18.727,110.562,0.895,-0.112,-0.112,-31.875,5.125,22.375,-3.127,-10.099,-29.810,0.106,-0.815,-0.555,0.133,1,-37.161,-1.738,-24.956,0.000,2,41.519039,-86.239639,0.000000,0.250,250.000000,10,42,5,64,12,3,U_TURN_HDG,AP_HDG_SEL_IMU,116.453,5.891,20.000,4,13,8,13,ROLL_LEFT
1367,103.694992,0,0.000,0.051,0.026,-5.706,18.692,110.558,0.000,0.000,0.000,-31.875,5.125,22.375,-3.127,-10.099,-29.810,0.105,-0.815,-0.555,0.133,1,-37.816,-1.712,-25.175,0.000,2,41.519039,-86.239639,0.000000,0.221,250.000000,10,42,5,72,12,3,U_TURN_HDG,AP_HDG_SEL_IMU,116.453,5.895,20.000,4,13,8,13,ROLL_LEFT
1368,103.749260,0,0.026,0.167,-0.064,-5.706,18.692,110.558,-0.783,0.112,0.000,-31.875,5.125,22.375,-3.153,-10.073,-29.835,0.105,-0.815,-0.555,0.133,1,-37.274,-1.673,-24.994,0.000,2,41.519039,-86.239639,0.000000,0.218,250.000000,10,42,5,76,12,3,U_TURN_HDG,AP_HDG_SEL_IMU,116.453,5.895,20.000,4,13,8,13,ROLL_LEFT
1369,103.816231,0,0.000,-0.103,0.051,-5.706,18.718,110.563,0.224,0.000,-0.112,-31.875,5.125,22.375,-3.127,-10.073,-29.835,0.106,-0.815,-0.555,0.133,1,-37.449,-1.719,-25.052,0.000,2,41.519039,-86.239639,0.000000,0.223,250.000000,10,42,5,84,12,3,U_TURN_HDG,AP_HDG_SEL_IMU,116.453,5.890,20.000,4,13,8,13,ROLL_LEFT
1370,103.873413,0,0.000,-0.103,0.154,-5.712,18.722,110.562,-0.336,-0.112,-0.224,-31.875,5.125,22.375,-3.127,-10.073,-29.810,0.106,-0.815,-0.555,0.133,1,-37.721,-1.669,-25.143,0.000,2,41.519039,-86.239639,0.000000,0.275,250.000000,10,42,5,88,12,3,U_TURN_HDG,AP_HDG_SEL_IMU,116.453,5.892,20.000,4,13,8,13,ROLL_LEFT
1371,103.953247,0,0.000,0.269,-0.090,-5.704,18.708,110.563,0.000,0.000,0.000,-31.875,5.125,22.375,-3.127,-10.073,-29.810,0.105,-0.815,-0.555,0.133,1,-36.915,-1.695,-24.873,0.000,2,41.519039,-86.239639,0.000000,0.332,250.000000,10,42,5,96,12,3,U_TURN_HDG,AP_HDG_SEL_IMU,116.453,5.890,20.000,4,13,8,13,ROLL_LEFT
1372,104.010513,0,0.026,-0.103,0.051,-5.703,18.724,110.569,-0.448,0.000,0.000,-31.875,5.125,22.375,-3.153,-10.073,-29.835,0.106,-0.815,-0.555,0.133,1,-37.129,-1.681,-24.945,0.000,2,41.519039,-86.239639,0.000000,0.385,250.000000,10,42,6,0,12,3,U_TURN_HDG,AP_HDG_SEL_IMU,116.453,5.884,20.000,4,13,8,13,ROLL_LEFT
1373,104.145264,0,0.026,-0.577,0.179,-5.708,18.702,110.563,-0.783,0.000,0.000,-31.875,5.125,22.375,-3.153,-10.099,-29.835,0.105,-0.815,-0.555,0.133,1,-37.812,-1.701,-25.173,0.000,2,41.519039,-86.239639,0.000000,0.503,250.000000,10,42,6,16,12,3,U_TURN_HDG,AP_HDG_SEL_IMU,116.453,5.890,20.000,4,13,8,13,ROLL_LEFT
1374,104.201973,0,0.000,-0.231,0.026,-5.706,18.708,110.569,-0.112,-0.112,-0.224,-31.875,5.125,22.375,-3.127,-10.073,-29.810,0.105,-0.815,-0.555,0.133,1,-36.989,-1.696,-24.898,0.000,2,41.519039,-86.239639,0.000000,0.471,250.000000,10,42,6,20,12,3,U_TURN_HDG,AP_HDG_SEL_IMU,116.453,5.884,20.000,4,13,8,13,ROLL_LEFT
1375,104.256226,0,0.000,0.269,-0.090,-5.704,18.683,110.559,-0.224,0.000,-0.112,-31.875,5.125,22.375,-3.127,-10.073,-29.810,0.105,-0.815,-0.555,0.133,1,-37.240,-1.743,-24.982,0.000,2,41.519039,-86.239639,0.000000,0.336,250.000000,10,42,6,28,12,3,U_TURN_HDG,AP_HDG_SEL_IMU,116.453,5.894,20.000,4,13,8,13,ROLL_LEFT
1376,104.311119,0,0.000,0.141,-0.090,-5.706,18.692,110.558,1.902,0.000,0.112,-31.875,5.125,22.375,-3.127,-10.073,-29.810,0.105,-0.815,-0.555,0.133,1,-37.026,-1.621,-24.910,0.000,2,41.519039,-86.239639,0.000000,0.245,250.000000,10,42,6,32,12,3,U_TURN_HDG,AP_HDG_SEL_IMU,116.453,5.895,20.000,4,13,8,13,ROLL_LEFT
1377,104.377060,0,-0.128,-0.103,0.154,-5.700,18.688,110.559,-0.224,0.000,0.000,-31.875,5.125,22.375,-3.127,-10.073,-29.810,0.105,-0.815,-0.555,0.133,1,-36.824,-1.668,-24.843,0.000,2,41.519039,-86.239639,0.000000,0.213,249.899994,10,42,6,40,12,3,U_TURN_HDG,AP_HDG_SEL_IMU,116.453,5.894,20.000,4,13,8,13,ROLL_LEFT
1378,104.431915,0,0.000,0.743,-0.577,-5.683,18.574,110.554,-2.798,0.112,-0.224,-31.875,5.125,22.375,-3.127,-10.073,-29.810,0.105,-0.815,-0.555,0.132,1,-37.271,-1.668,-24.993,0.000,2,41.519039,-86.239639,0.000000,0.128,249.899994,10,42,6,44,12,3,U_TURN_HDG,AP_HDG_SEL_IMU,116.453,5.899,20.000,4,13,8,13,ROLL_LEFT
1379,104.504196,0,0.000,-0.436,0.282,-5.696,18.695,110.556,5.036,-0.448,0.112,-31.875,5.125,22.375,-3.127,-10.099,-29.810,0.105,-0.815,-0.555,0.133,1,-37.356,-1.682,-25.021,0.000,2,41.519039,-86.239639,0.000000,0.122,250.000000,10,42,6,52,12,3,U_TURN_HDG,AP_HDG_SEL_IMU,116.453,5.897,20.000,4,13,8,13,ROLL_LEFT
1380,104.569511,0,0.000,-0.231,0.154,-5.693,18.685,110.551,0.224,0.000,0.000,-31.875,5.125,22.375,-3.127,-10.099,-29.810,0.105,-0.815,-0.555,0.133,1,-37.700,-1.630,-25.136,0.000,2,41.519039,-86.239639,0.000000,0.147,250.000000,10,42,6,56,12,3,U_TURN_HDG,AP_HDG_SEL_IMU,116.453,5.902,20.000,4,13,8,13,ROLL_LEFT
1381,104.629189,0,-0.103,-0.359,0.308,-5.689,18.690,110.555,-1.343,0.112,-0.112,-31.875,5.125,22.375,-3.127,-10.048,-29.810,0.105,-0.815,-0.555,0.133,1,-37.573,-1.673,-25.094,0.000,2,41.519039,-86.239639,0.000000,0.127,249.899994,10,42,6,64,12,3,U_TURN_HDG,AP_HDG_SEL_IMU,116.453,5.898,20.000,4,13,8,13,ROLL_LEFT
1382,104.704605,0,0.000,-0.256,0.154,-5.688,18.655,110.557,0.671,-0.112,0.112,-31.875,5.125,22.375,-3.127,-10.048,-29.810,0.105,-0.815,-0.555,0.132,1,-37.113,-1.651,-24.940,0.000,2,41.519039,-86.239639,0.000000,0.103,249.899994,10,42,6,72,12,3,U_TURN_HDG,AP_HDG_SEL_IMU,116.453,5.896,20.000,4,13,8,13,ROLL_LEFT
1383,104.761482,0,0.000,0.051,0.026,-5.694,18.684,110.560,-1.007,0.000,-0.224,-31.875,5.125,22.375,-3.127,-10.099,-29.810,0.105,-0.815,-0.555,0.133,1,-37.568,-1.664,-25.092,0.000,2,41.519039,-86.239639,0.000000,0.116,249.899994,10,42,6,76,12,3,U_TURN_HDG,AP_HDG_SEL_IMU,116.453,5.893,20.000,4,13,8,13,ROLL_LEFT
1384,104.825256,0,0.000,0.167,-0.090,-5.688,18.680,110.556,-0.112,0.000,0.000,-31.875,5.125,22.375,-3.127,-10.099,-29.810,0.105,-0.815,-0.555,0.133,1,-37.475,-1.633,-25.061,0.000,2,41.519039,-86.239639,0.000000,0.027,249.899994,10,42,6,84,12,3,U_TURN_HDG,AP_HDG_SEL_IMU,116.453,5.897,20.000,4,13,8,13,ROLL_LEFT
1385,104.897270,0,0.000,-0.231,0.154,-5.694,18.684,110.560,0.671,-0.112,0.112,-31.875,5.125,22.375,-3.127,-10.073,-29.810,0.105,-0.815,-0.555,0.133,1,-36.833,-1.679,-24.845,0.000,2,41.519039,-86.239639,0.000000,0.154,249.899994,10,42,6,92,12,3,U_TURN_HDG,AP_HDG_SEL_IMU,116.453,5.893,20.000,4,13,8,13,ROLL_LEFT
1386,104.949272,0,0.000,0.026,0.026,-5.693,18.685,110.551,-0.336,0.000,-0.224,-31.875,5.125,22.375,-3.127,-10.073,-29.810,0.105,-0.815,-0.555,0.133,1,-37.491,-1.656,-25.066,0.000,2,41.519039,-86.239639,0.000000,0.255,249.899994,10,42,6,96,12,3,U_TURN_HDG,AP_HDG_SEL_IMU,116.453,5.902,20.000,4,13,8,13,ROLL_LEFT
1387,105.017319,0,0.000,0.026,-0.090,-5.696,18.694,110.560,0.895,0.000,0.112,-31.875,5.125,22.375,-3.127,-10.073,-29.810,0.105,-0.815,-0.555,0.133,1,-37.430,-1.686,-25.046,0.000,2,41.519039,-86.239639,0.000000,0.204,249.899994,10,42,7,4,12,3,U_TURN_HDG,AP_HDG_SEL_IMU,116.453,5.893,20.000,4,13,8,13,ROLL_LEFT
1388,105.078514,0,-0.103,-0.577,0.282,-5.702,18.698,110.559,-0.448,0.000,0.000,-31.875,5.125,22.375,-3.153,-10.099,-29.810,0.105,-0.815,-0.555,0.133,1,-37.211,-1.688,-24.973,0.000,2,41.519039,-86.239639,0.000000,0.370,249.800003,10,42,7,8,12,3,U_TURN_HDG,AP_HDG_SEL_IMU,116.453,5.895,20.000,4,13,8,13,ROLL_LEFT
1389,105.143394,0,0.000,0.026,-0.090,-5.697,18.678,110.554,0.224,0.000,0.112,-31.875,5.125,22.375,-3.127,-10.073,-29.810,0.105,-0.815,-0.555,0.133,1,-37.581,-1.689,-25.097,0.000,2,41.519039,-86.239639,0.000000,0.414,249.800003,10,42,7,16,12,3,U_TURN_HDG,AP_HDG_SEL_IMU,116.453,5.899,20.000,4,13,8,13,ROLL_LEFT
1390,105.224373,0,0.026,0.026,0.051,-5.695,18.669,110.555,0.112,-0.112,0.000,-31.875,5.125,22.375,-3.153,-10.073,-29.835,0.105,-0.815,-0.555,0.133,1,-37.936,-1.655,-25.215,0.000,2,41.519039,-86.239639,0.000000,0.493,249.699997,10,42,7,24,12,3,U_TURN_HDG,AP_HDG_SEL_IMU,116.453,5.898,20.000,4,13,8,13,ROLL_LEFT
1391,105.277512,0,-0.103,-0.103,-0.064,-5.698,18.679,110.560,-0.783,0.112,-0.112,-31.875,5.125,22.375,-3.153,-10.073,-29.835,0.105,-0.815,-0.555,0.133,1,-37.378,-1.726,-25.028,0.000,2,41.519039,-86.239639,0.000000,0.510,249.699997,10,42,7,28,12,3,U_TURN_HDG,AP_HDG_SEL_IMU,116.453,5.893,20.000,4,13,8,13,ROLL_LEFT
1392,105.345238,0,0.026,0.141,0.051,-5.698,18.653,110.556,0.000,0.112,-0.112,-31.875,5.125,22.375,-3.153,-10.073,-29.835,0.105,-0.815,-0.555,0.133,1,-37.252,-1.626,-24.986,0.000,2,41.519039,-86.239639,0.000000,0.508,249.699997,10,42,7,36,12,3,U_TURN_HDG,AP_HDG_SEL_IMU,116.453,5.897,20.000,4,13,8,13,ROLL_LEFT
1393,105.406967,0,0.026,0.026,-0.090,-5.699,18.663,110.555,-0.336,-0.112,-0.112,-31.875,5.125,22.375,-3.153,-10.073,-29.810,0.105,-0.815,-0.555,0.133,1,-37.145,-1.706,-24.950,0.000,2,41.519039,-86.239639,0.000000,0.410,249.699997,10,42,7,40,12,3,U_TURN_HDG,AP_HDG_SEL_IMU,116.453,5.898,20.000,4,13,8,13,ROLL_LEFT
1394,105.457512,0,0.026,0.026,-0.090,-5.701,18.673,110.554,0.895,-0.112,0.000,-31.875,5.125,22.375,-3.153,-10.073,-29.835,0.105,-0.815,-0.555,0.133,1,-37.565,-1.659,-25.091,0.000,2,41.519039,-86.239639,0.000000,0.461,249.699997,10,42,7,44,12,3,U_TURN_HDG,AP_HDG_SEL_IMU,116.453,5.899,20.000,4,13,8,13,ROLL_LEFT
1395,105.511505,0,0.026,0.026,0.051,-5.710,18.687,110.558,0.000,-0.112,0.112,-31.875,5.125,22.375,-3.153,-10.073,-29.835,0.105,-0.815,-0.555,0.133,1,-36.912,-1.691,-24.872,0.000,2,41.519039,-86.239639,0.000000,0.554,249.699997,10,42,7,52,12,3,U_TURN_HDG,AP_HDG_SEL_IMU,116.453,5.895,20.000,4,13,8,13,ROLL_LEFT
1396,105.566513,0,0.026,0.026,0.051,-5.707,18.677,110.553,-0.560,-0.112,-0.112,-31.875,5.125,22.375,-3.153,-10.073,-29.835,0.105,-0.815,-0.555,0.133,1,-37.615,-1.616,-25.108,0.000,2,41.519039,-86.239639,0.000000,0.434,249.699997,10,42,7,56,12,3,U_TURN_HDG,AP_HDG_SEL_IMU,116.453,5.900,20.000,4,13,8,13,ROLL_LEFT
1397,105.622505,0,0.026,-0.103,0.051,-5.703,18.657,110.554,-0.448,-0.112,0.000,-31.875,5.125,22.375,-3.153,-10.073,-29.835,0.105,-0.815,-0.555,0.133,1,-37.330,-1.635,-25.013,0.000,2,41.519039,-86.239639,0.000000,0.456,249.600006,10,42,7,64,12,3,U_TURN_HDG,AP_HDG_SEL_IMU,116.453,5.899,20.000,4,13,8,13,ROLL_LEFT
1398,105.703247,0,0.026,0.026,-0.090,-5.708,18.661,110.548,0.671,-0.112,0.000,-31.875,5.125,22.375,-3.153,-10.073,-29.810,0.105,-0.815,-0.555,0.133,1,-37.946,-1.676,-25.218,0.000,2,41.519039,-86.239639,0.000000,0.550,249.600006,10,42,7,72,12,3,U_TURN_HDG,AP_HDG_SEL_IMU,116.453,5.905,20.000,4,13,8,13,ROLL_LEFT
1399,105.779991,0,0.026,0.167,-0.090,-5.705,18.677,110.543,0.783,-0.112,0.000,-31.875,5.125,22.375,-3.153,-10.073,-29.810,0.105,-0.815,-0.555,0.133,1,-37.679,-1.594,-25.129,0.000,2,41.519039,-86.239639,0.000000,0.581,249.600006,10,42,7,76,12,3,U_TURN_HDG,AP_HDG_SEL_IMU,116.453,5.910,20.000,4,13,8,13,ROLL_LEFT
1400,105.841888,0,-0.103,-0.103,-0.090,-5.705,18.677,110.543,-0.783,0.112,0.000,-31.875,5.125,22.375,-3.127,-10.073,-29.810,0.105,-0.815,-0.555,0.133,1,-37.279,-1.684,-24.995,0.000,2,41.519039,-86.239639,261.649994,0.814,249.600006,10,42,7,84,12,3,U_TURN_HDG,AP_HDG_SEL_IMU,116.453,5.910,20.000,4,13,8,13,ROLL_LEFT
1401,105.911789,0,0.026,-0.077,0.026,-5.705,18.677,110.543,-0.336,0.000,0.000,-31.875,5.125,22.375,-3.153,-10.099,-29.810,0.105,-0.815,-0.555,0.133,1,-37.129,-1.677,-24.945,0.000,2,41.519039,-86.239639,0.000000,0.592,249.600006,10,42,7,92,12,3,U_TURN_HDG,AP_HDG_SEL_IMU,116.453,5.910,20.000,4,13,8,13,ROLL_LEFT
1402,105.994232,0,0.026,0.026,-0.090,-5.705,18.677,110.543,-0.560,0.000,0.000,-31.875,5.125,22.375,-3.153,-10.073,-29.810,0.105,-0.815,-0.555,0.133,1,-37.027,-1.629,-24.911,0.000,2,41.519039,-86.239639,0.000000,0.299,249.600006,10,42,8,0,12,3,U_TURN_HDG,AP_HDG_SEL_IMU,116.453,5.910,20.000,4,13,8,13,ROLL_LEFT
1403,106.049263,0,0.026,0.141,-0.064,-5.704,18.668,110.544,-0.112,-0.112,0.000,-31.875,5.125,22.375,-3.153,-10.073,-29.835,0.105,-0.815,-0.555,0.133,1,-36.917,-1.698,-24.874,0.000,2,41.519039,-86.239639,0.000000,0.174,249.600006,10,42,8,4,12,3,U_TURN_HDG,AP_HDG_SEL_IMU,116.453,5.909,20.000,4,13,8,13,ROLL_LEFT
1404,106.178040,0,0.026,0.026,0.026,-5.706,18.653,110.544,-0.671,0.112,-0.224,-31.875,5.125,22.375,-3.153,-10.073,-29.810,0.105,-0.815,-0.555,0.133,1,-37.224,-1.718,-24.977,0.000,2,41.519039,-86.239639,0.000000,0.466,249.699997,10,42,8,20,12,3,U_TURN_HDG,AP_HDG_SEL_IMU,116.453,5.909,20.000,4,13,8,13,ROLL_LEFT
1405,106.299515,0,0.000,-0.231,0.000,-5.706,18.653,110.544,-0.112,0.000,0.000,-31.875,5.125,22.375,-3.127,-10.073,-29.784,0.105,-0.815,-0.555,0.133,1,-36.827,-1.670,-24.843,0.000,2,41.519039,-86.239639,303.679993,0.756,249.800003,10,42,8,32,12,3,U_TURN_HDG,AP_HDG_SEL_IMU,116.453,5.909,20.000,4,13,8,13,ROLL_LEFT
1406,106.427887,0,0.026,0.026,-0.090,-5.701,18.658,110.539,0.000,0.000,-0.112,-31.875,5.125,22.375,-3.153,-10.073,-29.810,0.105,-0.815,-0.555,0.133,1,-37.203,-1.675,-24.970,0.000,2,41.519039,-86.239639,0.000000,0.157,249.800003,10,42,8,44,12,3,U_TURN_HDG,AP_HDG_SEL_IMU,116.453,5.914,20.000,4,13,8,13,ROLL_LEFT
1407,106.543190,0,0.026,0.141,0.026,-5.700,18.673,110.544,0.000,0.112,0.000,-31.875,5.125,22.375,-3.153,-10.073,-29.810,0.105,-0.815,-0.555,0.133,1,-37.274,-1.672,-24.994,0.000,2,41.519039,-86.239639,0.000000,0.066,249.699997,10,42,8,56,12,3,U_TURN_HDG,AP_HDG_SEL_IMU,116.453,5.909,20.000,4,13,8,13,ROLL_LEFT
1408,106.608688,0,0.000,0.026,0.051,-5.694,18.670,110.545,0.224,0.000,0.112,-31.875,5.125,22.375,-3.127,-10.073,-29.810,0.105,-0.815,-0.555,0.133,1,-37.057,-1.682,-24.921,0.000,2,41.519039,-86.239639,0.000000,0.025,249.699997,10,42,8,60,12,3,U_TURN_HDG,AP_HDG_SEL_IMU,116.453,5.908,20.000,4,13,8,13,ROLL_LEFT
1409,106.669060,0,0.026,0.026,0.026,-5.695,18.669,110.555,-0.336,0.000,0.000,-31.875,5.125,22.375,-3.127,-10.073,-29.835,0.105,-0.815,-0.555,0.133,1,-37.452,-1.726,-25.053,0.000,2,41.519039,-86.239639,0.000000,0.083,249.699997,10,42,8,68,12,3,U_TURN_HDG,AP_HDG_SEL_IMU,116.453,5.898,20.000,4,13,8,13,ROLL_LEFT
1410,106.746605,0,-0.128,-0.231,0.179,-5.692,18.674,110.556,-0.336,0.000,0.112,-31.875,5.125,22.375,-3.127,-10.073,-29.835,0.105,-0.815,-0.555,0.133,1,-37.554,-1.643,-25.088,0.000,2,41.519039,-86.239639,0.000000,0.047,249.699997,10,42,8,76,12,3,U_TURN_HDG,AP_HDG_SEL_IMU,116.453,5.898,20.000,4,13,8,13,ROLL_LEFT
1411,106.823074,0,0.026,-0.103,0.026,-5.691,18.649,110.551,-0.112,0.000,0.000,-31.875,5.125,22.375,-3.153,-10.073,-29.810,0.105,-0.815,-0.555,0.132,1,-37.951,-1.684,-25.220,0.000,2,41.519039,-86.239639,0.000000,0.132,249.699997,10,42,8,84,12,3,U_TURN_HDG,AP_HDG_SEL_IMU,116.453,5.902,20.000,4,13,8,13,ROLL_LEFT
1412,106.895699,0,-0.103,-0.103,0.026,-5.695,18.643,110.551,0.560,-0.112,0.112,-31.875,5.125,22.375,-3.153,-10.073,-29.810,0.105,-0.815,-0.555,0.132,1,-37.435,-1.696,-25.048,0.000,2,41.519039,-86.239639,0.000000,0.125,249.699997,10,42,8,88,12,3,U_TURN_HDG,AP_HDG_SEL_IMU,116.453,5.902,20.000,4,13,8,13,ROLL_LEFT
1413,106.948784,0,0.026,-0.103,0.154,-5.699,18.663,110.555,-0.448,-0.112,0.000,-31.875,5.125,22.375,-3.153,-10.073,-29.810,0.105,-0.815,-0.555,0.133,1,-37.867,-1.668,-25.192,0.000,2,41.519039,-86.239639,0.000000,0.223,249.699997,10,42,8,96,12,3,U_TURN_HDG,AP_HDG_SEL_IMU,116.453,5.898,20.000,4,13,8,13,ROLL_LEFT
1414,107.060112,0,0.026,0.051,-0.090,-5.695,18.669,110.555,0.000,-0.112,0.112,-31.875,5.125,22.375,-3.127,-10.073,-29.835,0.105,-0.815,-0.555,0.133,1,-37.092,-1.608,-24.933,0.000,2,41.519039,-86.239639,0.000000,0.214,249.600006,10,42,9,8,12,3,U_TURN_HDG,AP_HDG_SEL_IMU,116.453,5.898,20.000,4,13,8,13,ROLL_LEFT
1415,107.147827,0,0.000,-0.077,-0.090,-5.697,18.678,110.554,1.455,-0.224,0.112,-31.875,5.125,22.375,-3.127,-10.099,-29.810,0.105,-0.815,-0.555,0.133,1,-36.664,-1.643,-24.788,0.000,2,41.519039,-86.239639,0.000000,0.170,249.600006,10,42,9,16,12,3,U_TURN_HDG,AP_HDG_SEL_IMU,116.453,5.899,20.000,4,13,8,13,ROLL_LEFT
1416,107.255608,0,-0.128,0.141,-0.192,-5.706,18.692,110.558,0.560,0.000,0.112,-31.875,5.125,22.375,-3.127,-10.099,-29.810,0.105,-0.815,-0.555,0.133,1,-37.499,-1.677,-25.069,0.000,2,41.519039,-86.239639,0.000000,0.135,249.600006,10,42,9,28,12,3,U_TURN_HDG,AP_HDG_SEL_IMU,116.453,5.895,20.000,4,13,8,13,ROLL_LEFT
1417,107.344322,0,0.000,-0.077,0.026,-5.694,18.684,110.560,0.112,-0.112,0.112,-31.875,5.125,22.375,-3.127,-10.099,-29.810,0.105,-0.815,-0.555,0.133,1,-37.364,-1.703,-25.024,0.000,2,41.519039,-86.239639,0.000000,0.132,249.600006,10,42,9,36,12,3,U_TURN_HDG,AP_HDG_SEL_IMU,116.453,5.893,20.000,4,13,8,13,ROLL_LEFT
1418,107.412285,0,0.000,-0.077,0.026,-5.694,18.684,110.560,0.000,0.000,0.000,-31.875,5.125,22.375,-3.127,-10.099,-29.810,0.105,-0.815,-0.555,0.133,1,-37.447,-1.711,-25.052,0.000,2,41.519039,-86.239639,0.000000,0.101,249.600006,10,42,9,40,12,3,U_TURN_HDG,AP_HDG_SEL_IMU,116.453,5.893,20.000,4,13,8,13,ROLL_LEFT
1419,107.467514,0,0.000,-0.077,-0.090,-5.690,18.690,110.561,0.000,0.000,0.000,-31.875,5.125,22.375,-3.127,-10.099,-29.810,0.105,-0.815,-0.555,0.133,1,-37.417,-1.656,-25.042,0.000,2,41.519039,-86.239639,0.000000,0.091,249.600006,10,42,9,48,12,3,U_TURN_HDG,AP_HDG_SEL_IMU,116.453,5.892,20.000,4,13,8,13,ROLL_LEFT
1420,107.525841,0,0.000,0.167,0.026,-5.690,18.690,110.561,0.000,0.000,0.000,-31.875,5.125,22.375,-3.127,-10.099,-29.810,0.105,-0.815,-0.555,0.133,1,-37.941,-1.667,-25.216,0.000,2,41.519039,-86.239639,0.000000,0.061,249.600006,10,42,9,52,12,3,U_TURN_HDG,AP_HDG_SEL_IMU,116.453,5.892,20.000,4,13,8,13,ROLL_LEFT
1421,107.576576,0,0.000,-0.077,0.026,-5.690,18.690,110.561,0.000,0.000,0.000,-31.875,5.125,22.375,-3.127,-10.099,-29.810,0.105,-0.815,-0.555,0.133,1,-37.664,-1.703,-25.124,0.000,2,41.519039,-86.239639,0.000000,0.211,249.600006,10,42,9,60,12,3,U_TURN_HDG,AP_HDG_SEL_IMU,116.453,5.892,20.000,4,13,8,13,ROLL_LEFT
1422,107.694641,0,0.000,-0.205,0.154,-5.686,18.696,110.561,0.000,0.000,0.000,-31.875,5.125,22.375,-3.127,-10.099,-29.810,0.105,-0.815,-0.555,0.133,1,-36.975,-1.666,-24.893,0.000,2,41.519039,-86.239639,0.000000,0.051,249.600006,10,42,9,72,12,3,U_TURN_HDG,AP_HDG_SEL_IMU,116.453,5.892,20.000,4,13,8,13,ROLL_LEFT
1423,107.775017,0,-0.103,-0.103,0.051,-5.686,18.696,110.561,-1.343,0.224,-0.224,-31.875,5.125,22.375,-3.153,-10.073,-29.810,0.105,-0.815,-0.555,0.133,1,-37.576,-1.676,-25.095,0.000,2,41.519039,-86.239639,0.000000,0.030,249.600006,10,42,9,80,12,3,U_TURN_HDG,AP_HDG_SEL_IMU,116.453,5.892,20.000,4,13,8,13,ROLL_LEFT
1424,107.858063,0,0.026,0.026,0.051,-5.699,18.704,110.565,0.112,0.000,0.000,-31.875,5.125,22.375,-3.153,-10.073,-29.835,0.105,-0.815,-0.555,0.133,1,-37.279,-1.682,-24.995,0.000,2,41.519039,-86.239639,0.000000,0.159,249.600006,10,42,9,88,12,3,U_TURN_HDG,AP_HDG_SEL_IMU,116.453,5.888,20.000,4,13,8,13,ROLL_LEFT
1425,107.923508,0,0.026,-0.103,0.051,-5.700,18.714,110.564,-0.336,0.112,-0.112,-31.875,5.125,22.375,-3.153,-10.073,-29.835,0.106,-0.815,-0.555,0.133,1,-37.134,-1.689,-24.947,0.000,2,41.519039,-86.239639,0.000000,0.208,249.600006,10,42,9,92,12,3,U_TURN_HDG,AP_HDG_SEL_IMU,116.453,5.889,20.000,4,13,8,13,ROLL_LEFT
1426,107.972244,0,0.026,-0.103,0.179,-5.693,18.700,110.566,-0.895,0.000,-0.112,-31.875,5.125,22.375,-3.153,-10.073,-29.835,0.105,-0.815,-0.555,0.133,1,-37.126,-1.673,-24.944,0.000,2,41.519039,-86.239639,0.000000,0.273,249.600006,10,42,9,96,12,3,U_TURN_HDG,AP_HDG_SEL_IMU,116.453,5.887,20.000,4,13,8,13,ROLL_LEFT
1427,108.046516,0,0.026,0.051,-0.090,-5.697,18.693,110.569,0.112,0.000,0.112,-31.875,5.125,22.375,-3.153,-10.099,-29.835,0.105,-0.815,-0.555,0.133,1,-37.158,-1.593,-24.955,0.000,2,41.519039,-86.239639,0.000000,0.211,249.600006,10,42,10,4,12,3,U_TURN_HDG,AP_HDG_SEL_IMU,116.453,5.884,20.000,4,13,8,13,ROLL_LEFT
1428,108.177261,0,0.000,0.051,0.026,-5.700,18.703,110.574,-0.112,0.000,-0.112,-31.875,5.125,22.375,-3.127,-10.099,-29.810,0.105,-0.815,-0.555,0.133,1,-37.924,-1.635,-25.211,0.000,2,41.519039,-86.239639,0.000000,0.209,249.600006,10,42,10,20,12,3,U_TURN_HDG,AP_HDG_SEL_IMU,116.453,5.879,20.000,4,13,8,13,ROLL_LEFT
1429,108.260391,0,0.026,0.026,-0.064,-5.704,18.698,110.574,0.783,-0.112,0.112,-31.875,5.125,22.375,-3.153,-10.099,-29.810,0.105,-0.815,-0.555,0.133,1,-36.880,-1.628,-24.861,0.000,2,41.519039,-86.239639,0.000000,0.272,249.600006,10,42,10,28,12,3,U_TURN_HDG,AP_HDG_SEL_IMU,116.453,5.879,20.000,4,13,8,13,ROLL_LEFT
1430,108.322510,0,0.000,0.167,0.077,-5.704,18.698,110.574,0.112,-0.112,0.000,-31.875,5.125,22.375,-3.127,-10.073,-29.835,0.105,-0.815,-0.555,0.133,1,-38.005,-1.645,-25.238,0.000,2,41.519039,-86.239639,0.000000,0.326,249.600006,10,42,10,32,12,3,U_TURN_HDG,AP_HDG_SEL_IMU,116.453,5.879,20.000,4,13,8,13,ROLL_LEFT
1431,108.372131,0,0.000,0.026,0.077,-5.699,18.694,110.575,0.112,0.000,0.112,-31.875,5.125,22.375,-3.127,-10.073,-29.861,0.105,-0.815,-0.555,0.133,1,-38.006,-1.650,-25.238,0.000,2,41.519039,-86.239639,0.000000,0.280,249.500000,10,42,10,36,12,3,U_TURN_HDG,AP_HDG_SEL_IMU,116.453,5.878,20.000,4,13,8,13,ROLL_LEFT
1432,108.445511,0,-0.103,0.000,0.051,-5.699,18.694,110.575,-0.336,0.000,0.112,-31.875,5.125,22.375,-3.153,-10.073,-29.835,0.105,-0.815,-0.555,0.133,1,-36.888,-1.647,-24.864,0.000,2,41.519039,-86.239639,0.000000,0.319,249.500000,10,42,10,44,12,3,U_TURN_HDG,AP_HDG_SEL_IMU,116.453,5.878,20.000,4,13,8,13,ROLL_LEFT
1433,108.506271,0,0.026,0.000,0.051,-5.701,18.677,110.579,-0.112,0.000,0.000,-31.875,5.125,22.375,-3.153,-10.048,-29.835,0.105,-0.815,-0.555,0.133,1,-37.266,-1.658,-24.991,0.000,2,41.519039,-86.239639,0.000000,0.240,249.500000,10,42,10,52,12,3,U_TURN_HDG,AP_HDG_SEL_IMU,116.453,5.874,20.000,4,13,8,13,ROLL_LEFT
1434,108.561256,0,0.026,0.115,0.051,-5.707,18.681,110.578,0.560,-0.112,0.000,-31.875,5.125,22.375,-3.153,-10.048,-29.835,0.105,-0.815,-0.555,0.133,1,-37.224,-1.714,-24.977,0.000,2,41.519039,-86.239639,0.000000,0.160,249.500000,10,42,10,56,12,3,U_TURN_HDG,AP_HDG_SEL_IMU,116.453,5.875,20.000,4,13,8,13,ROLL_LEFT
1435,108.611511,0,0.026,0.141,-0.090,-5.705,18.672,110.579,-0.112,0.112,0.000,-31.875,5.125,22.375,-3.153,-10.073,-29.810,0.105,-0.815,-0.555,0.133,1,-37.531,-1.592,-25.080,0.000,2,41.519039,-86.239639,0.000000,0.164,249.500000,10,42,10,60,12,3,U_TURN_HDG,AP_HDG_SEL_IMU,116.453,5.874,20.000,4,13,8,13,ROLL_LEFT
1436,108.673531,0,0.026,-0.128,-0.090,-5.704,18.662,110.580,0.448,0.112,-0.112,-31.875,5.125,22.375,-3.153,-10.048,-29.835,0.105,-0.815,-0.555,0.133,1,-37.441,-1.705,-25.050,0.000,2,41.519039,-86.239639,0.000000,0.241,249.500000,10,42,10,68,12,3,U_TURN_HDG,AP_HDG_SEL_IMU,116.453,5.873,20.000,4,13,8,13,ROLL_LEFT
1437,108.825294,0,0.026,0.000,-0.064,-5.704,18.662,110.580,-0.112,-0.112,0.000,-31.875,5.125,22.375,-3.153,-10.048,-29.835,0.105,-0.815,-0.555,0.133,1,-37.568,-1.663,-25.092,0.000,2,41.519039,-86.239639,0.000000,0.149,249.500000,10,42,10,84,12,3,U_TURN_HDG,AP_HDG_SEL_IMU,116.453,5.873,20.000,4,13,8,13,ROLL_LEFT
1438,108.906136,0,-0.103,-0.077,0.026,-5.710,18.677,110.574,0.000,0.000,0.000,-31.875,5.125,22.375,-3.153,-10.099,-29.810,0.105,-0.815,-0.555,0.133,1,-37.179,-1.632,-24.962,0.000,2,41.519039,-86.239639,0.000000,0.209,249.500000,10,42,10,92,12,3,U_TURN_HDG,AP_HDG_SEL_IMU,116.453,5.879,20.000,4,13,8,13,ROLL_LEFT
1439,108.962814,0,0.026,-0.077,-0.090,-5.710,18.677,110.574,0.336,0.112,0.000,-31.875,5.125,22.375,-3.153,-10.099,-29.810,0.105,-0.815,-0.555,0.133,1,-37.279,-1.681,-24.995,0.000,2,41.519039,-86.239639,0.000000,0.316,249.500000,10,42,10,96,12,3,U_TURN_HDG,AP_HDG_SEL_IMU,116.453,5.879,20.000,4,13,8,13,ROLL_LEFT
1440,109.030838,0,0.026,0.051,0.026,-5.716,18.681,110.573,0.000,0.000,0.000,-31.875,5.125,22.375,-3.153,-10.099,-29.810,0.105,-0.815,-0.555,0.133,1,-37.475,-1.633,-25.061,0.000,2,41.519039,-86.239639,0.000000,0.434,249.399994,10,42,11,4,12,3,U_TURN_HDG,AP_HDG_SEL_IMU,116.453,5.880,20.000,4,13,8,13,ROLL_LEFT
1441,109.141167,0,0.026,0.051,-0.090,-5.712,18.686,110.573,0.000,0.000,0.000,-31.875,5.125,22.375,-3.153,-10.099,-29.810,0.105,-0.815,-0.555,0.133,1,-37.461,-1.602,-25.057,0.000,2,41.519039,-86.239639,0.000000,0.224,249.399994,10,42,11,16,12,3,U_TURN_HDG,AP_HDG_SEL_IMU,116.453,5.880,20.000,4,13,8,13,ROLL_LEFT
1442,109.190514,0,0.026,0.077,-0.064,-5.712,18.686,110.573,0.000,0.000,0.000,-31.875,5.125,22.375,-3.153,-10.124,-29.835,0.105,-0.815,-0.555,0.133,1,-37.461,-1.605,-25.057,0.000,2,41.519039,-86.239639,0.000000,0.154,249.399994,10,42,11,20,12,3,U_TURN_HDG,AP_HDG_SEL_IMU,116.453,5.880,20.000,4,13,8,13,ROLL_LEFT
1443,109.239616,0,0.026,0.077,-0.064,-5.714,18.696,110.572,0.000,0.000,0.000,-31.875,5.125,22.375,-3.153,-10.124,-29.835,0.105,-0.815,-0.555,0.133,1,-37.189,-1.652,-24.965,0.000,2,41.519039,-86.239639,0.000000,0.241,249.399994,10,42,11,24,12,3,U_TURN_HDG,AP_HDG_SEL_IMU,116.453,5.881,20.000,4,13,8,13,ROLL_LEFT
1444,109.299652,0,0.026,-0.051,0.051,-5.714,18.696,110.572,0.000,0.000,0.000,-31.875,5.125,22.375,-3.153,-10.124,-29.835,0.105,-0.815,-0.555,0.133,1,-37.252,-1.624,-24.986,0.000,2,41.519039,-86.239639,0.000000,0.084,249.500000,10,42,11,32,12,3,U_TURN_HDG,AP_HDG_SEL_IMU,116.453,5.881,20.000,4,13,8,13,ROLL_LEFT
1445,109.350357,0,0.026,0.192,-0.064,-5.714,18.696,110.572,0.000,0.000,0.000,-31.875,5.125,22.375,-3.153,-10.124,-29.835,0.105,-0.815,-0.555,0.133,1,-37.894,-1.573,-25.201,0.000,2,41.519039,-86.239639,0.000000,0.160,249.500000,10,42,11,36,12,3,U_TURN_HDG,AP_HDG_SEL_IMU,116.453,5.881,20.000,4,13,8,13,ROLL_LEFT
1446,109.419556,0,0.026,0.167,-0.218,-5.714,18.721,110.577,0.895,-0.112,0.000,-31.875,5.125,22.375,-3.153,-10.099,-29.810,0.106,-0.815,-0.555,0.133,1,-37.605,-1.594,-25.105,0.000,2,41.519039,-86.239639,0.000000,0.408,249.500000,10,42,11,44,12,3,U_TURN_HDG,AP_HDG_SEL_IMU,116.453,5.876,20.000,4,13,8,13,ROLL_LEFT
1447,109.505180,0,0.000,0.167,-0.090,-5.712,18.737,110.576,-0.224,0.000,0.000,-31.875,5.125,22.375,-3.127,-10.099,-29.810,0.106,-0.815,-0.555,0.133,1,-36.925,-1.575,-24.876,0.000,2,41.519039,-86.239639,0.000000,0.542,249.500000,10,42,11,52,12,3,U_TURN_HDG,AP_HDG_SEL_IMU,116.453,5.877,20.000,4,13,8,13,ROLL_LEFT
1448,109.560509,0,-0.103,0.167,-0.064,-5.712,18.738,110.572,-0.448,0.000,-0.112,-31.875,5.125,22.375,-3.153,-10.099,-29.835,0.106,-0.815,-0.555,0.133,1,-37.184,-1.645,-24.963,0.000,2,41.519039,-86.239639,0.000000,0.680,249.500000,10,42,11,56,12,3,U_TURN_HDG,AP_HDG_SEL_IMU,116.453,5.881,20.000,4,13,8,13,ROLL_LEFT
1449,109.633522,0,0.026,-0.103,0.179,-5.706,18.734,110.574,0.112,0.000,0.000,-31.875,5.125,22.375,-3.153,-10.073,-29.835,0.106,-0.815,-0.555,0.133,1,-37.161,-1.601,-24.956,0.000,2,41.519039,-86.239639,0.000000,0.459,249.600006,10,42,11,64,12,3,U_TURN_HDG,AP_HDG_SEL_IMU,116.453,5.879,20.000,4,13,8,13,ROLL_LEFT
1450,109.741249,0,0.026,0.026,-0.090,-5.709,18.728,110.568,0.000,0.000,0.000,-31.875,5.125,22.375,-3.153,-10.073,-29.835,0.106,-0.815,-0.555,0.133,1,-37.166,-1.607,-24.957,0.000,2,41.519039,-86.239639,0.000000,0.390,249.600006,10,42,11,76,12,3,U_TURN_HDG,AP_HDG_SEL_IMU,116.453,5.886,20.000,4,13,8,13,ROLL_LEFT
1451,109.826050,0,0.026,0.141,-0.064,-5.710,18.702,110.573,0.112,-0.112,-0.224,-31.875,5.125,22.375,-3.153,-10.073,-29.835,0.105,-0.815,-0.555,0.133,1,-37.780,-1.645,-25.163,0.000,2,41.519039,-86.239639,0.000000,0.422,249.600006,10,42,11,84,12,3,U_TURN_HDG,AP_HDG_SEL_IMU,116.453,5.880,20.000,4,13,8,13,ROLL_LEFT
1452,109.879349,0,0.026,0.141,-0.064,-5.715,18.706,110.572,-1.231,0.112,-0.112,-31.875,5.125,22.375,-3.153,-10.073,-29.835,0.105,-0.815,-0.555,0.133,1,-37.274,-1.669,-24.994,0.000,2,41.519039,-86.239639,0.000000,0.278,249.600006,10,42,11,88,12,3,U_TURN_HDG,AP_HDG_SEL_IMU,116.453,5.881,20.000,4,13,8,13,ROLL_LEFT
1453,109.947380,0,0.154,0.026,-0.064,-5.712,18.686,110.573,-1.119,0.112,-0.112,-31.875,5.125,22.375,-3.153,-10.073,-29.835,0.105,-0.815,-0.555,0.133,1,-37.470,-1.619,-25.059,0.000,2,41.519039,-86.239639,0.000000,0.113,249.500000,10,42,11,96,12,3,U_TURN_HDG,AP_HDG_SEL_IMU,116.453,5.880,20.000,4,13,8,13,ROLL_LEFT
1454,109.999275,0,0.000,0.115,-0.038,-5.713,18.671,110.568,-0.224,0.112,0.000,-31.875,5.125,22.375,-3.127,-10.048,-29.861,0.105,-0.815,-0.555,0.133,1,-37.480,-1.641,-25.063,0.000,2,41.519039,-86.239639,0.000000,0.184,249.500000,10,42,12,0,12,3,U_TURN_HDG,AP_HDG_SEL_IMU,116.453,5.885,20.000,4,13,8,13,ROLL_LEFT
1455,110.072334,0,0.000,-0.154,0.051,-5.709,18.641,110.574,-0.448,0.000,0.000,-31.875,5.125,22.375,-3.127,-10.022,-29.835,0.105,-0.815,-0.555,0.133,1,-37.401,-1.631,-25.036,0.000,2,41.519039,-86.239639,0.000000,0.159,249.500000,10,42,12,8,12,3,U_TURN_HDG,AP_HDG_SEL_IMU,116.453,5.879,20.000,4,13,8,13,ROLL_LEFT
1456,110.139389,0,0.000,-0.128,0.051,-5.705,18.621,110.576,0.336,-0.112,0.000,-31.875,5.125,22.375,-3.127,-10.048,-29.835,0.105,-0.815,-0.555,0.132,1,-37.101,-1.624,-24.936,0.000,2,41.519039,-86.239639,0.000000,0.387,249.399994,10,42,12,16,12,3,U_TURN_HDG,AP_HDG_SEL_IMU,116.453,5.877,20.000,4,13,8,13,ROLL_LEFT
1457,110.216820,0,0.000,0.000,0.051,-5.703,18.637,110.575,-0.560,-0.112,0.000,-31.875,5.125,22.375,-3.127,-10.048,-29.835,0.105,-0.815,-0.555,0.132,1,-36.824,-1.666,-24.843,0.000,2,41.519039,-86.239639,0.000000,0.444,249.399994,10,42,12,24,12,3,U_TURN_HDG,AP_HDG_SEL_IMU,116.453,5.878,20.000,4,13,8,13,ROLL_LEFT
1458,110.281693,0,0.000,0.000,-0.064,-5.697,18.658,110.575,0.000,-0.112,0.000,-31.875,5.125,22.375,-3.127,-10.099,-29.835,0.105,-0.815,-0.555,0.133,1,-37.175,-1.627,-24.961,0.000,2,41.519039,-86.239639,0.000000,0.439,249.399994,10,42,12,28,12,3,U_TURN_HDG,AP_HDG_SEL_IMU,116.453,5.878,20.000,4,13,8,13,ROLL_LEFT
1459,110.352501,0,0.026,0.051,0.026,-5.698,18.668,110.570,-0.112,0.112,0.000,-31.875,5.125,22.375,-3.153,-10.099,-29.810,0.105,-0.815,-0.555,0.133,1,-37.623,-1.627,-25.111,0.000,2,41.519039,-86.239639,0.000000,0.528,249.300003,10,42,12,36,12,3,U_TURN_HDG,AP_HDG_SEL_IMU,116.453,5.883,20.000,4,13,8,13,ROLL_LEFT
1460,110.411827,0,0.026,-0.103,0.051,-5.698,18.668,110.570,0.224,0.000,0.000,-31.875,5.125,22.375,-3.153,-10.099,-29.810,0.105,-0.815,-0.555,0.133,1,-37.620,-1.624,-25.110,0.000,2,41.519039,-86.239639,0.000000,0.704,249.300003,10,42,12,40,12,3,U_TURN_HDG,AP_HDG_SEL_IMU,116.453,5.883,20.000,4,13,8,13,ROLL_LEFT
1461,110.474266,0,-0.128,0.051,0.026,-5.698,18.667,110.574,0.560,0.112,0.112,-31.875,5.125,22.375,-3.153,-10.099,-29.810,0.105,-0.815,-0.555,0.133,1,-37.306,-1.591,-25.005,0.000,2,41.519035,-86.239639,211.270004,0.753,249.300003,10,42,12,48,12,3,U_TURN_HDG,AP_HDG_SEL_IMU,116.453,5.879,20.000,4,13,8,13,ROLL_LEFT
1462,110.539513,0,0.026,0.051,0.026,-5.698,18.668,110.570,0.895,0.000,0.000,-31.875,5.125,22.375,-3.153,-10.099,-29.810,0.105,-0.815,-0.555,0.133,1,-37.790,-1.660,-25.166,0.000,2,41.519035,-86.239639,0.000000,0.714,249.199997,10,42,12,52,12,3,U_TURN_HDG,AP_HDG_SEL_IMU,116.453,5.883,20.000,4,13,8,13,ROLL_LEFT
1463,110.592957,0,0.026,0.295,-0.090,-5.704,18.698,110.574,0.671,0.000,0.112,-31.875,5.125,22.375,-3.153,-10.099,-29.810,0.105,-0.815,-0.555,0.133,1,-37.480,-1.641,-25.063,0.000,2,41.519035,-86.239639,196.039993,0.751,249.199997,10,42,12,60,12,3,U_TURN_HDG,AP_HDG_SEL_IMU,116.453,5.879,20.000,4,13,8,13,ROLL_LEFT
1464,110.662903,0,0.026,0.077,-0.090,-5.705,18.723,110.578,-0.112,-0.112,0.112,-31.875,5.125,22.375,-3.153,-10.124,-29.810,0.106,-0.815,-0.555,0.133,1,-37.628,-1.639,-25.112,0.000,2,41.519035,-86.239639,0.000000,0.719,249.199997,10,42,12,68,12,3,U_TURN_HDG,AP_HDG_SEL_IMU,116.453,5.875,20.000,4,13,8,13,ROLL_LEFT
1465,110.747131,0,-0.103,0.051,0.026,-5.710,18.702,110.573,-0.895,0.000,0.000,-31.875,5.125,22.375,-3.153,-10.099,-29.810,0.105,-0.815,-0.555,0.133,1,-37.981,-1.598,-25.230,0.000,2,41.519035,-86.239639,0.000000,0.511,249.100006,10,42,12,76,12,3,U_TURN_HDG,AP_HDG_SEL_IMU,116.453,5.880,20.000,4,13,8,13,ROLL_LEFT
1466,110.822258,0,0.026,-0.077,0.026,-5.708,18.692,110.573,0.112,-0.112,0.000,-31.875,5.125,22.375,-3.153,-10.099,-29.810,0.105,-0.815,-0.555,0.133,1,-36.954,-1.629,-24.886,0.000,2,41.519035,-86.239639,0.000000,0.407,249.100006,10,42,12,84,12,3,U_TURN_HDG,AP_HDG_SEL_IMU,116.453,5.880,20.000,4,13,8,13,ROLL_LEFT
1467,110.900879,0,-0.103,-0.077,0.026,-5.713,18.696,110.567,-0.112,-0.112,0.000,-31.875,5.125,22.375,-3.153,-10.099,-29.810,0.105,-0.815,-0.555,0.133,1,-37.626,-1.631,-25.111,0.000,2,41.519035,-86.239639,0.000000,0.444,249.100006,10,42,12,92,12,3,U_TURN_HDG,AP_HDG_SEL_IMU,116.453,5.886,20.000,4,13,8,13,ROLL_LEFT
1468,110.949249,0,0.026,0.051,-0.090,-5.719,18.700,110.571,0.000,0.000,0.000,-31.875,5.125,22.375,-3.153,-10.099,-29.810,0.105,-0.815,-0.555,0.133,1,-37.036,-1.644,-24.914,0.000,2,41.519035,-86.239639,0.000000,0.468,249.100006,10,42,12,96,12,3,U_TURN_HDG,AP_HDG_SEL_IMU,116.453,5.882,20.000,4,13,8,13,ROLL_LEFT
1469,111.047363,0,0.026,0.051,-0.090,-5.715,18.706,110.572,0.000,0.000,0.000,-31.875,5.125,22.375,-3.153,-10.099,-29.810,0.105,-0.815,-0.555,0.133,1,-37.304,-1.588,-25.004,0.000,2,41.519035,-86.239639,0.000000,0.478,249.100006,10,42,13,4,12,3,U_TURN_HDG,AP_HDG_SEL_IMU,116.453,5.881,20.000,4,13,8,13,ROLL_LEFT
1470,111.120789,0,0.026,-0.077,0.154,-5.715,18.706,110.572,0.000,0.000,0.000,-31.875,5.125,22.375,-3.153,-10.099,-29.810,0.105,-0.815,-0.555,0.133,1,-37.388,-1.605,-25.032,0.000,2,41.519035,-86.239639,0.000000,0.329,249.100006,10,42,13,8,12,3,U_TURN_HDG,AP_HDG_SEL_IMU,116.453,5.881,20.000,4,13,8,13,ROLL_LEFT
1471,111.186317,0,0.026,0.051,-0.090,-5.715,18.706,110.572,0.000,0.000,0.000,-31.875,5.125,22.375,-3.153,-10.099,-29.810,0.105,-0.815,-0.555,0.133,1,-36.944,-1.608,-24.883,0.000,2,41.519035,-86.239639,0.000000,0.584,249.000000,10,42,13,20,12,3,U_TURN_HDG,AP_HDG_SEL_IMU,116.453,5.881,20.000,4,13,8,13,ROLL_LEFT
1472,111.262405,0,0.026,0.051,-0.090,-5.715,18.706,110.572,0.000,0.000,0.000,-31.875,5.125,22.375,-3.153,-10.099,-29.810,0.105,-0.815,-0.555,0.133,1,-37.546,-1.624,-25.085,0.000,2,41.519035,-86.239639,0.000000,0.478,249.000000,10,42,13,28,12,3,U_TURN_HDG,AP_HDG_SEL_IMU,116.453,5.881,20.000,4,13,8,13,ROLL_LEFT
1473,111.318512,0,0.026,0.051,0.026,-5.715,18.706,110.572,0.000,0.000,0.000,-31.875,5.125,22.375,-3.153,-10.099,-29.810,0.105,-0.815,-0.555,0.133,1,-37.542,-1.613,-25.083,0.000,2,41.519035,-86.239639,0.000000,0.549,249.000000,10,42,13,32,12,3,U_TURN_HDG,AP_HDG_SEL_IMU,116.453,5.881,20.000,4,13,8,13,ROLL_LEFT
1474,111.383888,0,0.026,-0.077,-0.090,-5.715,18.706,110.572,0.000,0.000,0.000,-31.875,5.125,22.375,-3.153,-10.099,-29.810,0.105,-0.815,-0.555,0.133,1,-37.793,-1.668,-25.167,0.000,2,41.519035,-86.239639,0.000000,0.648,248.899994,10,42,13,40,12,3,U_TURN_HDG,AP_HDG_SEL_IMU,116.453,5.881,20.000,4,13,8,13,ROLL_LEFT
1475,111.438515,0,0.026,0.051,0.026,-5.715,18.706,110.572,0.000,0.000,0.000,-31.875,5.125,22.375,-3.153,-10.099,-29.810,0.105,-0.815,-0.555,0.133,1,-37.554,-1.638,-25.088,0.000,2,41.519035,-86.239639,0.000000,0.618,248.899994,10,42,13,44,12,3,U_TURN_HDG,AP_HDG_SEL_IMU,116.453,5.881,20.000,4,13,8,13,ROLL_LEFT
1476,111.501450,0,0.026,0.051,0.026,-5.715,18.706,110.572,0.000,0.000,0.000,-31.875,5.125,22.375,-3.153,-10.099,-29.810,0.105,-0.815,-0.555,0.133,1,-36.580,-1.627,-24.760,0.000,2,41.519035,-86.239639,187.600006,0.770,248.899994,10,42,13,52,12,3,U_TURN_HDG,AP_HDG_SEL_IMU,116.453,5.881,20.000,4,13,8,13,ROLL_LEFT
1477,111.622681,0,-0.103,-0.179,0.000,-5.721,18.710,110.570,0.000,0.000,0.000,-31.875,5.125,22.375,-3.153,-10.124,-29.810,0.105,-0.815,-0.555,0.133,1,-37.145,-1.568,-24.950,0.000,2,41.519035,-86.239639,179.589996,0.765,248.800003,10,42,13,64,12,3,U_TURN_HDG,AP_HDG_SEL_IMU,116.453,5.883,20.000,4,13,8,13,ROLL_LEFT
1478,111.703743,0,0.026,0.051,0.026,-5.718,18.726,110.566,0.112,-0.112,0.000,-31.875,5.125,22.375,-3.153,-10.099,-29.810,0.106,-0.815,-0.555,0.133,1,-37.031,-1.634,-24.912,0.000,2,41.519035,-86.239639,177.509995,0.987,248.800003,10,42,13,72,12,3,U_TURN_HDG,AP_HDG_SEL_IMU,116.453,5.887,20.000,4,13,8,13,ROLL_LEFT
1479,111.776505,0,0.026,0.051,0.026,-5.725,18.730,110.571,0.112,-0.112,0.112,-31.875,5.125,22.375,-3.153,-10.099,-29.810,0.106,-0.815,-0.555,0.133,1,-37.620,-1.621,-25.110,0.000,2,41.519035,-86.239639,175.850006,1.036,248.800003,10,42,13,76,12,3,U_TURN_HDG,AP_HDG_SEL_IMU,116.453,5.882,20.000,4,13,8,13,ROLL_LEFT
1480,111.830330,0,0.026,-0.077,-0.090,-5.730,18.724,110.574,0.000,0.000,-0.112,-31.875,5.125,22.375,-3.153,-10.099,-29.810,0.105,-0.815,-0.555,0.133,1,-37.192,-1.657,-24.966,0.000,2,41.519035,-86.239639,177.229996,0.800,248.800003,10,42,13,84,12,3,U_TURN_HDG,AP_HDG_SEL_IMU,116.453,5.879,20.000,4,13,8,13,ROLL_LEFT
1481,111.887505,0,0.000,0.192,-0.115,-5.730,18.724,110.574,0.336,0.000,0.000,-31.875,5.125,22.375,-3.127,-10.124,-29.784,0.105,-0.815,-0.555,0.133,1,-37.936,-1.657,-25.215,0.000,2,41.519035,-86.239639,175.529999,0.781,248.699997,10,42,13,88,12,3,U_TURN_HDG,AP_HDG_SEL_IMU,116.453,5.879,20.000,4,13,8,13,ROLL_LEFT
1482,111.950668,0,0.000,0.077,0.026,-5.726,18.729,110.575,0.336,0.000,0.112,-31.875,5.125,22.375,-3.127,-10.124,-29.810,0.106,-0.815,-0.555,0.133,1,-37.563,-1.649,-25.090,0.000,2,41.519035,-86.239639,181.289993,0.751,248.699997,10,42,13,96,12,3,U_TURN_HDG,AP_HDG_SEL_IMU,116.453,5.878,20.000,4,13,8,13,ROLL_LEFT
1483,112.007332,0,0.128,0.077,-0.090,-5.720,18.725,110.576,-0.560,0.000,-0.112,-31.875,5.125,22.375,-3.127,-10.124,-29.810,0.106,-0.815,-0.555,0.133,1,-37.147,-1.575,-24.951,0.000,2,41.519032,-86.239639,182.169998,0.856,248.699997,10,42,14,0,12,3,U_TURN_HDG,AP_HDG_SEL_IMU,116.453,5.877,20.000,4,13,8,13,ROLL_LEFT
1484,112.101501,0,0.000,0.077,-0.090,-5.720,18.725,110.576,0.560,0.000,0.000,-31.875,5.125,22.375,-3.127,-10.124,-29.810,0.106,-0.815,-0.555,0.133,1,-36.563,-1.597,-24.754,0.000,2,41.519032,-86.239639,187.350006,0.873,248.699997,10,42,14,12,12,3,U_TURN_HDG,AP_HDG_SEL_IMU,116.453,5.877,20.000,4,13,8,13,ROLL_LEFT
1485,112.166512,0,0.000,-0.051,-0.090,-5.716,18.731,110.576,0.336,0.112,-0.112,-31.875,5.125,22.375,-3.127,-10.124,-29.810,0.106,-0.815,-0.555,0.133,1,-37.330,-1.635,-25.013,0.000,2,41.519032,-86.239639,0.000000,0.685,248.699997,10,42,14,16,12,3,U_TURN_HDG,AP_HDG_SEL_IMU,116.453,5.877,20.000,4,13,8,13,ROLL_LEFT
1486,112.221344,0,0.000,0.051,0.026,-5.710,18.727,110.577,0.560,0.000,0.112,-31.875,5.125,22.375,-3.127,-10.099,-29.810,0.106,-0.815,-0.555,0.133,1,-37.224,-1.578,-24.977,0.000,2,41.519032,-86.239639,0.000000,0.412,248.699997,10,42,14,24,12,3,U_TURN_HDG,AP_HDG_SEL_IMU,116.453,5.876,20.000,4,13,8,13,ROLL_LEFT
1487,112.346107,0,0.000,-0.077,0.026,-5.710,18.727,110.577,0.112,-0.112,0.000,-31.875,5.125,22.375,-3.127,-10.099,-29.810,0.106,-0.815,-0.555,0.133,1,-37.386,-1.600,-25.031,0.000,2,41.519032,-86.239639,0.000000,0.550,248.699997,10,42,14,36,12,3,U_TURN_HDG,AP_HDG_SEL_IMU,116.453,5.876,20.000,4,13,8,13,ROLL_LEFT
1488,112.425270,0,0.000,-0.051,0.026,-5.714,18.721,110.577,0.224,0.000,0.000,-31.875,5.125,22.375,-3.127,-10.099,-29.810,0.106,-0.815,-0.555,0.133,1,-37.087,-1.600,-24.931,0.000,2,41.519032,-86.239639,0.000000,0.501,248.600006,10,42,14,44,12,3,U_TURN_HDG,AP_HDG_SEL_IMU,116.453,5.876,20.000,4,13,8,13,ROLL_LEFT
1489,112.498016,0,0.000,0.077,0.026,-5.701,18.729,110.579,-0.224,0.112,-0.112,-31.875,5.125,22.375,-3.127,-10.124,-29.810,0.106,-0.815,-0.555,0.133,1,-37.386,-1.601,-25.031,0.000,2,41.519032,-86.239639,0.000000,0.338,248.600006,10,42,14,52,12,3,U_TURN_HDG,AP_HDG_SEL_IMU,116.453,5.874,20.000,4,13,8,13,ROLL_LEFT
1490,112.584839,0,0.000,0.077,0.026,-5.701,18.729,110.579,-0.112,0.000,0.000,-31.875,5.125,22.375,-3.127,-10.099,-29.810,0.106,-0.815,-0.555,0.133,1,-37.097,-1.618,-24.934,0.000,2,41.519032,-86.239639,0.000000,0.231,248.699997,10,42,14,60,12,3,U_TURN_HDG,AP_HDG_SEL_IMU,116.453,5.874,20.000,4,13,8,13,ROLL_LEFT
1491,112.664192,0,0.000,-0.077,0.026,-5.696,18.725,110.585,0.112,0.000,0.112,-31.875,5.125,22.375,-3.127,-10.099,-29.810,0.106,-0.815,-0.554,0.133,1,-37.404,-1.634,-25.037,0.000,2,41.519032,-86.239639,0.000000,0.206,248.699997,10,42,14,68,12,3,U_TURN_HDG,AP_HDG_SEL_IMU,116.453,5.868,20.000,4,13,8,13,ROLL_LEFT
1492,112.724274,0,-0.128,0.051,0.026,-5.697,18.724,110.589,0.000,0.000,0.000,-31.875,5.125,22.375,-3.127,-10.099,-29.810,0.106,-0.815,-0.554,0.133,1,-38.042,-1.578,-25.250,0.000,2,41.519035,-86.239639,0.000000,0.130,248.699997,10,42,14,72,12,3,U_TURN_HDG,AP_HDG_SEL_IMU,116.453,5.864,20.000,4,13,8,13,ROLL_LEFT
1493,112.799515,0,0.000,0.051,-0.090,-5.691,18.720,110.591,0.000,0.000,0.000,-31.875,5.125,22.375,-3.127,-10.099,-29.810,0.106,-0.815,-0.554,0.133,1,-37.216,-1.561,-24.974,0.000,2,41.519035,-86.239639,0.000000,0.105,248.699997,10,42,14,80,12,3,U_TURN_HDG,AP_HDG_SEL_IMU,116.453,5.862,20.000,4,13,8,13,ROLL_LEFT
1494,112.858139,0,0.000,-0.205,0.154,-5.691,18.720,110.591,0.000,0.000,0.000,-31.875,5.125,22.375,-3.127,-10.099,-29.810,0.106,-0.815,-0.554,0.133,1,-37.549,-1.627,-25.086,0.000,2,41.519035,-86.239639,0.000000,0.049,248.699997,10,42,14,84,12,3,U_TURN_HDG,AP_HDG_SEL_IMU,116.453,5.862,20.000,4,13,8,13,ROLL_LEFT
1495,112.918510,0,0.000,0.051,0.026,-5.691,18.720,110.591,0.000,0.000,0.000,-31.875,5.125,22.375,-3.127,-10.099,-29.810,0.106,-0.815,-0.554,0.133,1,-37.179,-1.633,-24.962,0.000,2,41.519035,-86.239639,0.000000,0.017,248.600006,10,42,14,92,12,3,U_TURN_HDG,AP_HDG_SEL_IMU,116.453,5.862,20.000,4,13,8,13,ROLL_LEFT
1496,112.977394,0,0.000,0.051,0.026,-5.691,18.720,110.591,0.000,0.000,0.000,-31.875,5.125,22.375,-3.127,-10.099,-29.810,0.106,-0.815,-0.554,0.133,1,-37.509,-1.555,-25.072,0.000,2,41.519035,-86.239639,0.000000,0.240,248.600006,10,42,14,96,12,3,U_TURN_HDG,AP_HDG_SEL_IMU,116.453,5.862,20.000,4,13,8,13,ROLL_LEFT
1497,113.038513,0,0.000,-0.205,0.154,-5.691,18.720,110.591,0.000,0.000,0.000,-31.875,5.125,22.375,-3.127,-10.099,-29.810,0.106,-0.815,-0.554,0.133,1,-37.010,-1.594,-24.905,0.000,2,41.519035,-86.239639,0.000000,0.125,248.600006,10,42,15,4,12,3,U_TURN_HDG,AP_HDG_SEL_IMU,116.453,5.862,20.000,4,13,8,13,ROLL_LEFT
1498,113.094505,0,0.000,-0.205,0.026,-5.685,18.716,110.592,0.000,0.000,0.000,-31.875,5.125,22.375,-3.127,-10.099,-29.810,0.106,-0.815,-0.554,0.133,1,-37.316,-1.612,-25.008,0.000,2,41.519035,-86.239639,0.000000,0.258,248.600006,10,42,15,8,12,3,U_TURN_HDG,AP_HDG_SEL_IMU,116.453,5.861,20.000,4,13,8,13,ROLL_LEFT
1499,113.178101,0,0.026,0.051,-0.090,-5.684,18.716,110.586,0.000,0.000,0.000,-31.875,5.125,22.375,-3.153,-10.099,-29.810,0.106,-0.815,-0.555,0.133,1,-37.531,-1.593,-25.080,0.000,2,41.519032,-86.239639,0.000000,0.388,248.600006,10,42,15,20,12,3,U_TURN_HDG,AP_HDG_SEL_IMU,116.453,5.867,20.000,4,13,8,13,ROLL_LEFT
1500,113.233192,0,0.026,0.051,-0.090,-5.685,18.716,110.592,0.000,0.000,0.000,-31.875,5.125,22.375,-3.153,-10.099,-29.810,0.106,-0.815,-0.554,0.133,1,-37.659,-1.552,-25.122,0.000,2,41.519032,-86.239639,0.000000,0.427,248.600006,10,42,15,24,12,3,U_TURN_HDG,AP_HDG_SEL_IMU,116.453,5.861,20.000,4,13,8,13,ROLL_LEFT
1501,113.297417,0,0.026,-0.077,0.000,-5.691,18.720,110.591,0.000,0.000,0.000,-31.875,5.125,22.375,-3.153,-10.099,-29.810,0.106,-0.815,-0.554,0.133,1,-37.089,-1.604,-24.932,0.000,2,41.519032,-86.239639,0.000000,0.258,248.600006,10,42,15,32,12,3,U_TURN_HDG,AP_HDG_SEL_IMU,116.453,5.862,20.000,4,13,8,13,ROLL_LEFT
1502,113.378014,0,0.026,-0.077,0.000,-5.695,18.714,110.590,0.000,0.000,0.000,-31.875,5.125,22.375,-3.153,-10.099,-29.784,0.106,-0.815,-0.554,0.133,1,-37.597,-1.577,-25.102,0.000,2,41.519035,-86.239639,0.000000,0.184,248.600006,10,42,15,40,12,3,U_TURN_HDG,AP_HDG_SEL_IMU,116.453,5.863,20.000,4,13,8,13,ROLL_LEFT
1503,113.446480,0,0.026,0.051,0.000,-5.695,18.714,110.590,0.000,0.000,0.000,-31.875,5.125,22.375,-3.153,-10.099,-29.784,0.106,-0.815,-0.554,0.133,1,-36.925,-1.578,-24.876,0.000,2,41.519035,-86.239639,0.000000,0.165,248.600006,10,42,15,44,12,3,U_TURN_HDG,AP_HDG_SEL_IMU,116.453,5.863,20.000,4,13,8,13,ROLL_LEFT
1504,113.516457,0,0.026,-0.205,0.128,-5.701,18.718,110.589,0.000,0.000,0.000,-31.875,5.125,22.375,-3.153,-10.099,-29.784,0.106,-0.815,-0.554,0.133,1,-37.583,-1.556,-25.097,0.000,2,41.519035,-86.239639,0.000000,0.182,248.600006,10,42,15,52,12,3,U_TURN_HDG,AP_HDG_SEL_IMU,116.453,5.864,20.000,4,13,8,13,ROLL_LEFT
1505,113.577202,0,0.000,0.051,0.026,-5.701,18.718,110.589,0.000,0.000,0.000,-31.875,5.125,22.375,-3.127,-10.099,-29.810,0.106,-0.815,-0.554,0.133,1,-37.600,-1.582,-25.103,0.000,2,41.519035,-86.239639,0.000000,0.177,248.600006,10,42,15,60,12,3,U_TURN_HDG,AP_HDG_SEL_IMU,116.453,5.864,20.000,4,13,8,13,ROLL_LEFT
1506,113.659248,0,0.000,-0.077,-0.090,-5.701,18.718,110.589,0.000,0.000,0.000,-31.875,5.125,22.375,-3.127,-10.099,-29.810,0.106,-0.815,-0.554,0.133,1,-36.936,-1.597,-24.880,0.000,2,41.519035,-86.239639,0.000000,0.186,248.600006,10,42,15,68,12,3,U_TURN_HDG,AP_HDG_SEL_IMU,116.453,5.864,20.000,4,13,8,13,ROLL_LEFT
1507,113.784622,0,0.000,-0.103,0.026,-5.701,18.718,110.589,0.000,0.000,0.000,-31.875,5.125,22.375,-3.127,-10.073,-29.810,0.106,-0.815,-0.554,0.133,1,-37.290,-1.565,-24.999,0.000,2,41.519035,-86.239639,0.000000,0.140,248.600006,10,42,15,80,12,3,U_TURN_HDG,AP_HDG_SEL_IMU,116.453,5.864,20.000,4,13,8,13,ROLL_LEFT
1508,113.860001,0,0.000,-0.103,0.026,-5.695,18.714,110.590,0.000,0.000,0.000,-31.875,5.125,22.375,-3.127,-10.073,-29.810,0.106,-0.815,-0.554,0.133,1,-37.425,-1.535,-25.044,0.000,2,41.519035,-86.239639,0.000000,0.165,248.600006,10,42,15,88,12,3,U_TURN_HDG,AP_HDG_SEL_IMU,116.453,5.863,20.000,4,13,8,13,ROLL_LEFT
1509,113.947021,0,-0.128,-0.128,-0.064,-5.689,18.710,110.591,0.000,0.000,0.000,-31.875,5.125,22.375,-3.127,-10.048,-29.835,0.106,-0.815,-0.554,0.133,1,-37.249,-1.621,-24.985,0.000,2,41.519035,-86.239639,0.000000,0.257,248.600006,10,42,15,96,12,3,U_TURN_HDG,AP_HDG_SEL_IMU,116.453,5.862,20.000,4,13,8,13,ROLL_LEFT
1510,114.059433,0,0.000,-0.103,0.026,-5.690,18.695,110.586,0.000,0.000,0.000,-31.875,5.125,22.375,-3.127,-10.048,-29.835,0.105,-0.815,-0.555,0.133,1,-36.989,-1.554,-24.898,0.000,2,41.519035,-86.239639,0.000000,0.164,248.600006,10,42,16,8,12,3,U_TURN_HDG,AP_HDG_SEL_IMU,116.453,5.867,20.000,4,13,8,13,ROLL_LEFT
1511,114.138245,0,0.000,-0.103,0.026,-5.685,18.691,110.587,0.000,0.000,0.000,-31.875,5.125,22.375,-3.127,-10.073,-29.810,0.105,-0.815,-0.555,0.133,1,-37.400,-1.625,-25.036,0.000,2,41.519035,-86.239639,0.000000,0.093,248.600006,10,42,16,16,12,3,U_TURN_HDG,AP_HDG_SEL_IMU,116.453,5.866,20.000,4,13,8,13,ROLL_LEFT
1512,114.222092,0,0.000,-0.077,-0.090,-5.685,18.691,110.587,0.000,0.000,0.000,-31.875,5.125,22.375,-3.127,-10.099,-29.810,0.105,-0.815,-0.555,0.133,1,-37.430,-1.549,-25.046,0.000,2,41.519035,-86.239639,0.000000,0.155,248.600006,10,42,16,24,12,3,U_TURN_HDG,AP_HDG_SEL_IMU,116.453,5.866,20.000,4,13,8,13,ROLL_LEFT
1513,114.271507,0,0.000,0.051,0.026,-5.685,18.691,110.587,0.000,0.000,0.000,-31.875,5.125,22.375,-3.127,-10.099,-29.810,0.105,-0.815,-0.555,0.133,1,-37.393,-1.616,-25.034,0.000,2,41.519035,-86.239639,0.000000,0.096,248.600006,10,42,16,28,12,3,U_TURN_HDG,AP_HDG_SEL_IMU,116.453,5.866,20.000,4,13,8,13,ROLL_LEFT
1514,114.345505,0,0.000,-0.205,0.026,-5.685,18.691,110.587,0.000,0.000,0.000,-31.875,5.125,22.375,-3.127,-10.099,-29.810,0.105,-0.815,-0.555,0.133,1,-37.356,-1.546,-25.021,0.000,2,41.519035,-86.239639,0.000000,0.068,248.600006,10,42,16,36,12,3,U_TURN_HDG,AP_HDG_SEL_IMU,116.453,5.866,20.000,4,13,8,13,ROLL_LEFT
1515,114.458023,0,-0.128,-0.077,-0.090,-5.681,18.696,110.588,0.000,0.000,0.000,-31.875,5.125,22.375,-3.127,-10.099,-29.810,0.106,-0.815,-0.555,0.133,1,-37.005,-1.587,-24.904,0.000,2,41.519035,-86.239639,0.000000,0.277,248.500000,10,42,16,48,12,3,U_TURN_HDG,AP_HDG_SEL_IMU,116.453,5.865,20.000,4,13,8,13,ROLL_LEFT
1516,114.545517,0,0.000,0.051,0.026,-5.681,18.696,110.588,0.000,0.000,0.000,-31.875,5.125,22.375,-3.127,-10.099,-29.810,0.106,-0.815,-0.555,0.133,1,-37.755,-1.597,-25.154,0.000,2,41.519035,-86.239639,0.000000,0.339,248.500000,10,42,16,56,12,3,U_TURN_HDG,AP_HDG_SEL_IMU,116.453,5.865,20.000,4,13,8,13,ROLL_LEFT
1517,114.603233,0,0.000,-0.077,0.026,-5.681,18.696,110.588,0.000,0.000,0.000,-31.875,5.125,22.375,-3.127,-10.099,-29.810,0.106,-0.815,-0.555,0.133,1,-37.142,-1.565,-24.949,0.000,2,41.519035,-86.239639,0.000000,0.484,248.500000,10,42,16,60,12,3,U_TURN_HDG,AP_HDG_SEL_IMU,116.453,5.865,20.000,4,13,8,13,ROLL_LEFT
1518,114.664162,0,0.000,-0.077,-0.090,-5.681,18.696,110.588,0.000,0.000,0.000,-31.875,5.125,22.375,-3.127,-10.099,-29.810,0.106,-0.815,-0.555,0.133,1,-37.430,-1.546,-25.046,0.000,2,41.519035,-86.239639,0.000000,0.449,248.500000,10,42,16,68,12,3,U_TURN_HDG,AP_HDG_SEL_IMU,116.453,5.865,20.000,4,13,8,13,ROLL_LEFT
1519,114.710510,0,0.000,0.051,-0.090,-5.677,18.702,110.588,0.000,0.000,0.000,-31.875,5.125,22.375,-3.127,-10.099,-29.810,0.106,-0.815,-0.555,0.133,1,-37.949,-1.537,-25.219,0.000,2,41.519035,-86.239639,0.000000,0.495,248.500000,10,42,16,72,12,3,U_TURN_HDG,AP_HDG_SEL_IMU,116.453,5.865,20.000,4,13,8,13,ROLL_LEFT
1520,114.785507,0,-0.128,0.026,-0.090,-5.677,18.702,110.588,0.000,0.000,0.000,-31.875,5.125,22.375,-3.127,-10.073,-29.810,0.106,-0.815,-0.555,0.133,1,-36.986,-1.548,-24.897,0.000,2,41.519035,-86.239639,0.000000,0.405,248.500000,10,42,16,80,12,3,U_TURN_HDG,AP_HDG_SEL_IMU,116.453,5.865,20.000,4,13,8,13,ROLL_LEFT
1521,114.855392,0,-0.128,0.051,-0.090,-5.687,18.726,110.591,0.895,-0.112,0.000,-31.875,5.125,22.375,-3.127,-10.099,-29.810,0.106,-0.815,-0.554,0.133,1,-37.162,-1.602,-24.956,0.000,2,41.519035,-86.239639,0.000000,0.233,248.600006,10,42,16,88,12,3,U_TURN_HDG,AP_HDG_SEL_IMU,116.453,5.862,20.000,4,13,8,13,ROLL_LEFT
1522,114.924019,0,0.026,0.115,-0.192,-5.678,18.713,110.583,0.336,0.000,0.000,-31.875,5.125,22.375,-3.178,-10.073,-29.835,0.106,-0.815,-0.555,0.133,1,-36.415,-1.592,-24.704,0.000,2,41.519035,-86.239639,0.000000,0.275,248.600006,10,42,16,92,12,3,U_TURN_HDG,AP_HDG_SEL_IMU,116.453,5.870,20.000,4,13,8,13,ROLL_LEFT
1523,114.970139,0,0.026,0.000,0.051,-5.688,18.685,110.581,-1.119,0.000,0.000,-31.875,5.125,22.375,-3.153,-10.048,-29.835,0.105,-0.815,-0.555,0.133,1,-36.607,-1.543,-24.769,0.000,2,41.519035,-86.239639,0.000000,0.051,248.600006,10,42,16,96,12,3,U_TURN_HDG,AP_HDG_SEL_IMU,116.453,5.872,20.000,4,13,8,13,ROLL_LEFT
1524,115.023666,0,-0.128,0.000,-0.038,-5.683,18.656,110.584,-0.560,-0.112,-0.112,-31.875,5.125,22.375,-3.127,-10.048,-29.835,0.105,-0.815,-0.555,0.132,1,-36.978,-1.536,-24.894,0.000,2,41.519035,-86.239639,0.000000,0.118,248.500000,10,42,17,4,12,3,U_TURN_HDG,AP_HDG_SEL_IMU,116.453,5.870,20.000,4,13,8,13,ROLL_LEFT
1525,115.094200,0,0.000,0.000,-0.038,-5.686,18.650,110.577,0.000,0.000,0.112,-31.875,5.125,22.375,-3.127,-10.048,-29.861,0.105,-0.815,-0.555,0.132,1,-37.221,-1.573,-24.976,0.000,2,41.519035,-86.239639,0.000000,0.079,248.600006,10,42,17,12,12,3,U_TURN_HDG,AP_HDG_SEL_IMU,116.453,5.876,20.000,4,13,8,13,ROLL_LEFT
1526,115.182350,0,0.026,-0.026,-0.038,-5.683,18.615,110.574,-0.671,0.112,0.000,-31.875,5.125,22.375,-3.153,-10.022,-29.861,0.105,-0.815,-0.555,0.132,1,-36.978,-1.534,-24.894,0.000,2,41.519035,-86.239639,0.000000,0.243,248.600006,10,42,17,20,12,3,U_TURN_HDG,AP_HDG_SEL_IMU,116.453,5.879,20.000,4,13,8,13,ROLL_LEFT
1527,115.258217,0,0.026,0.000,0.026,-5.681,18.619,110.584,0.560,0.112,0.000,-31.875,5.125,22.375,-3.153,-10.048,-29.810,0.105,-0.815,-0.555,0.132,1,-37.521,-1.578,-25.076,0.000,2,41.519035,-86.239639,0.000000,0.332,248.600006,10,42,17,28,12,3,U_TURN_HDG,AP_HDG_SEL_IMU,116.453,5.869,20.000,4,13,8,13,ROLL_LEFT
1528,115.329514,0,0.026,0.026,0.026,-5.682,18.630,110.579,-0.224,0.000,-0.112,-31.875,5.125,22.375,-3.153,-10.073,-29.810,0.105,-0.815,-0.555,0.132,1,-37.161,-1.597,-24.956,0.000,2,41.519035,-86.239639,0.000000,0.327,248.699997,10,42,17,32,12,3,U_TURN_HDG,AP_HDG_SEL_IMU,116.453,5.874,20.000,4,13,8,13,ROLL_LEFT
1529,115.387352,0,0.026,0.026,0.051,-5.688,18.634,110.578,-0.112,0.000,0.000,-31.875,5.125,22.375,-3.153,-10.073,-29.810,0.105,-0.815,-0.555,0.132,1,-37.277,-1.535,-24.995,0.000,2,41.519035,-86.239639,0.000000,0.324,248.699997,10,42,17,40,12,3,U_TURN_HDG,AP_HDG_SEL_IMU,116.453,5.875,20.000,4,13,8,13,ROLL_LEFT
1530,115.500038,0,0.000,0.026,-0.064,-5.688,18.634,110.578,0.000,-0.112,0.112,-31.875,5.125,22.375,-3.127,-10.073,-29.835,0.105,-0.815,-0.555,0.132,1,-37.373,-1.573,-25.027,0.000,2,41.519035,-86.239639,0.000000,0.186,248.699997,10,42,17,52,12,3,U_TURN_HDG,AP_HDG_SEL_IMU,116.453,5.875,20.000,4,13,8,13,ROLL_LEFT
1531,115.574341,0,0.000,-0.103,0.051,-5.693,18.638,110.577,-0.448,0.000,0.000,-31.875,5.125,22.375,-3.127,-10.073,-29.835,0.105,-0.815,-0.555,0.132,1,-37.751,-1.585,-25.153,0.000,2,41.519035,-86.239639,0.000000,0.154,248.600006,10,42,17,60,12,3,U_TURN_HDG,AP_HDG_SEL_IMU,116.453,5.876,20.000,4,13,8,13,ROLL_LEFT
1532,115.649513,0,-0.128,-0.103,0.179,-5.697,18.633,110.576,-0.224,0.000,-0.112,-31.875,5.125,22.375,-3.127,-10.073,-29.835,0.105,-0.815,-0.555,0.132,1,-36.851,-1.575,-24.851,0.000,2,41.519035,-86.239639,0.000000,0.165,248.600006,10,42,17,64,12,3,U_TURN_HDG,AP_HDG_SEL_IMU,116.453,5.877,20.000,4,13,8,13,ROLL_LEFT
1533,115.712021,0,0.000,-0.103,0.051,-5.692,18.638,110.571,0.783,-0.112,0.224,-31.875,5.125,22.375,-3.127,-10.073,-29.835,0.105,-0.815,-0.555,0.132,1,-37.161,-1.595,-24.956,0.000,2,41.519035,-86.239639,0.000000,0.064,248.600006,10,42,17,72,12,3,U_TURN_HDG,AP_HDG_SEL_IMU,116.453,5.882,20.000,4,13,8,13,ROLL_LEFT
1534,115.784248,0,0.000,0.026,0.051,-5.692,18.638,110.571,-0.336,0.000,0.000,-31.875,5.125,22.375,-3.127,-10.073,-29.835,0.105,-0.815,-0.555,0.132,1,-37.523,-1.581,-25.077,0.000,2,41.519035,-86.239639,0.000000,0.165,248.600006,10,42,17,80,12,3,U_TURN_HDG,AP_HDG_SEL_IMU,116.453,5.882,20.000,4,13,8,13,ROLL_LEFT
1535,115.864250,0,0.000,0.141,-0.090,-5.691,18.628,110.572,0.560,0.000,0.112,-31.875,5.125,22.375,-3.127,-10.073,-29.810,0.105,-0.815,-0.555,0.132,1,-37.816,-1.573,-25.175,0.000,2,41.519035,-86.239639,0.000000,0.172,248.500000,10,42,17,88,12,3,U_TURN_HDG,AP_HDG_SEL_IMU,116.453,5.881,20.000,4,13,8,13,ROLL_LEFT
1536,115.919357,0,-0.103,0.026,-0.090,-5.691,18.628,110.572,-0.112,0.112,0.000,-31.875,5.125,22.375,-3.153,-10.073,-29.810,0.105,-0.815,-0.555,0.132,1,-37.963,-1.565,-25.224,0.000,2,41.519035,-86.239639,0.000000,0.402,248.500000,10,42,17,92,12,3,U_TURN_HDG,AP_HDG_SEL_IMU,116.453,5.881,20.000,4,13,8,13,ROLL_LEFT
1537,115.968513,0,0.026,-0.077,0.026,-5.687,18.634,110.572,0.112,-0.112,0.112,-31.875,5.125,22.375,-3.153,-10.099,-29.810,0.105,-0.815,-0.555,0.132,1,-37.738,-1.560,-25.149,0.000,2,41.519035,-86.239639,0.000000,0.469,248.500000,10,42,17,96,12,3,U_TURN_HDG,AP_HDG_SEL_IMU,116.453,5.881,20.000,4,13,8,13,ROLL_LEFT
1538,116.018509,0,0.026,-0.077,0.026,-5.689,18.644,110.577,-0.448,-0.112,0.000,-31.875,5.125,22.375,-3.153,-10.099,-29.810,0.105,-0.815,-0.555,0.132,1,-37.162,-1.602,-24.956,0.000,2,41.519035,-86.239639,0.000000,0.552,248.500000,10,42,18,0,12,3,U_TURN_HDG,AP_HDG_SEL_IMU,116.453,5.876,20.000,4,13,8,13,ROLL_LEFT
1539,116.139183,0,0.026,-0.077,0.026,-5.695,18.648,110.576,-0.336,0.000,-0.112,-31.875,5.125,22.375,-3.153,-10.099,-29.810,0.105,-0.815,-0.555,0.132,1,-36.898,-1.530,-24.868,0.000,2,41.519035,-86.239647,0.000000,0.608,248.399994,10,42,18,16,12,3,U_TURN_HDG,AP_HDG_SEL_IMU,116.453,5.877,20.000,4,13,8,13,ROLL_LEFT
1540,116.260010,0,-0.128,0.051,0.026,-5.691,18.654,110.576,0.000,0.112,0.000,-31.875,5.125,22.375,-3.127,-10.099,-29.810,0.105,-0.815,-0.555,0.132,1,-37.237,-1.598,-24.981,0.000,2,41.519035,-86.239647,0.000000,0.576,248.399994,10,42,18,28,12,3,U_TURN_HDG,AP_HDG_SEL_IMU,116.453,5.877,20.000,4,13,8,13,ROLL_LEFT
1541,116.379013,0,-0.128,-0.051,0.051,-5.687,18.660,110.573,0.224,0.112,-0.112,-31.875,5.125,22.375,-3.127,-10.099,-29.810,0.105,-0.815,-0.555,0.132,1,-37.060,-1.546,-24.922,0.000,2,41.519035,-86.239647,0.000000,0.476,248.399994,10,42,18,40,12,3,U_TURN_HDG,AP_HDG_SEL_IMU,116.453,5.880,20.000,4,13,8,13,ROLL_LEFT
1542,116.462112,0,-0.128,0.051,0.026,-5.687,18.660,110.573,-0.112,0.000,0.112,-31.875,5.125,22.375,-3.127,-10.099,-29.810,0.105,-0.815,-0.555,0.132,1,-37.287,-1.559,-24.998,0.000,2,41.519035,-86.239647,0.000000,0.196,248.399994,10,42,18,48,12,3,U_TURN_HDG,AP_HDG_SEL_IMU,116.453,5.880,20.000,4,13,8,13,ROLL_LEFT
1543,116.576385,0,0.000,-0.103,0.051,-5.687,18.659,110.577,0.000,0.000,-0.112,-31.875,5.125,22.375,-3.127,-10.073,-29.835,0.105,-0.815,-0.555,0.132,1,-37.353,-1.541,-25.020,0.000,2,41.519035,-86.239647,0.000000,0.218,248.300003,10,42,18,60,12,3,U_TURN_HDG,AP_HDG_SEL_IMU,116.453,5.876,20.000,4,13,8,13,ROLL_LEFT
1544,116.702835,0,0.000,-0.077,0.026,-5.683,18.666,110.573,0.000,0.000,0.000,-31.875,5.125,22.375,-3.127,-10.099,-29.810,0.105,-0.815,-0.555,0.132,1,-36.963,-1.506,-24.889,0.000,2,41.519035,-86.239647,0.000000,0.327,248.300003,10,42,18,72,12,3,U_TURN_HDG,AP_HDG_SEL_IMU,116.453,5.880,20.000,4,13,8,13,ROLL_LEFT
1545,116.782341,0,0.000,0.026,0.051,-5.679,18.672,110.573,0.112,0.000,0.000,-31.875,5.125,22.375,-3.127,-10.073,-29.835,0.105,-0.815,-0.555,0.132,1,-37.351,-1.537,-25.020,0.000,2,41.519035,-86.239647,0.000000,0.282,248.300003,10,42,18,80,12,3,U_TURN_HDG,AP_HDG_SEL_IMU,116.453,5.880,20.000,4,13,8,13,ROLL_LEFT
1546,116.837677,0,0.000,0.051,0.026,-5.683,18.666,110.573,0.000,0.000,0.000,-31.875,5.125,22.375,-3.127,-10.099,-29.810,0.105,-0.815,-0.555,0.132,1,-37.655,-1.549,-25.121,0.000,2,41.519035,-86.239647,0.000000,0.235,248.300003,10,42,18,84,12,3,U_TURN_HDG,AP_HDG_SEL_IMU,116.453,5.880,20.000,4,13,8,13,ROLL_LEFT
1547,116.947838,0,0.000,-0.077,0.026,-5.679,18.672,110.573,0.000,0.000,0.000,-31.875,5.125,22.375,-3.127,-10.099,-29.810,0.105,-0.815,-0.555,0.132,1,-36.769,-1.562,-24.824,0.000,2,41.519035,-86.239647,0.000000,0.032,248.300003,10,42,18,96,12,3,U_TURN_HDG,AP_HDG_SEL_IMU,116.453,5.880,20.000,4,13,8,13,ROLL_LEFT
1548,117.020386,0,0.000,-0.103,0.051,-5.679,18.672,110.573,0.000,0.000,0.000,-31.875,5.125,22.375,-3.127,-10.073,-29.835,0.105,-0.815,-0.555,0.132,1,-37.655,-1.546,-25.121,0.000,2,41.519035,-86.239647,0.000000,0.135,248.300003,10,42,19,4,12,3,U_TURN_HDG,AP_HDG_SEL_IMU,116.453,5.880,20.000,4,13,8,13,ROLL_LEFT
1549,117.102798,0,0.000,0.026,-0.064,-5.679,18.672,110.573,0.000,0.000,0.000,-31.875,5.125,22.375,-3.127,-10.073,-29.835,0.105,-0.815,-0.555,0.132,1,-37.261,-1.508,-24.989,0.000,2,41.519035,-86.239647,0.000000,0.231,248.300003,10,42,19,12,12,3,U_TURN_HDG,AP_HDG_SEL_IMU,116.453,5.880,20.000,4,13,8,13,ROLL_LEFT
1550,117.182312,0,0.000,0.115,0.026,-5.679,18.672,110.573,0.000,0.000,0.000,-31.875,5.125,22.375,-3.127,-10.048,-29.810,0.105,-0.815,-0.555,0.132,1,-37.187,-1.510,-24.965,0.000,2,41.519035,-86.239647,0.000000,0.150,248.300003,10,42,19,20,12,3,U_TURN_HDG,AP_HDG_SEL_IMU,116.453,5.880,20.000,4,13,8,13,ROLL_LEFT
1551,117.260391,0,0.000,-0.128,-0.090,-5.673,18.668,110.575,0.000,0.000,0.000,-31.875,5.125,22.375,-3.127,-10.048,-29.810,0.105,-0.815,-0.555,0.132,1,-37.586,-1.560,-25.098,0.000,2,41.519035,-86.239647,0.000000,0.164,248.300003,10,42,19,28,12,3,U_TURN_HDG,AP_HDG_SEL_IMU,116.453,5.878,20.000,4,13,8,13,ROLL_LEFT
1552,117.305511,0,0.000,0.000,0.026,-5.677,18.662,110.574,0.000,0.000,0.000,-31.875,5.125,22.375,-3.127,-10.048,-29.810,0.105,-0.815,-0.555,0.132,1,-37.516,-1.565,-25.075,0.000,2,41.519035,-86.239647,0.000000,0.127,248.300003,10,42,19,32,12,3,U_TURN_HDG,AP_HDG_SEL_IMU,116.453,5.879,20.000,4,13,8,13,ROLL_LEFT
1553,117.419319,0,0.000,-0.103,0.051,-5.678,18.661,110.578,0.000,0.000,0.000,-31.875,5.125,22.375,-3.127,-10.073,-29.835,0.105,-0.815,-0.555,0.132,1,-37.960,-1.557,-25.223,0.000,2,41.519035,-86.239647,0.000000,0.025,248.300003,10,42,19,44,12,3,U_TURN_HDG,AP_HDG_SEL_IMU,116.453,5.875,20.000,4,13,8,13,ROLL_LEFT
1554,117.499451,0,0.000,0.026,-0.064,-5.678,18.661,110.578,0.000,0.000,0.000,-31.875,5.125,22.375,-3.127,-10.073,-29.835,0.105,-0.815,-0.555,0.132,1,-37.452,-1.586,-25.053,0.000,2,41.519035,-86.239647,0.000000,0.116,248.300003,10,42,19,52,12,3,U_TURN_HDG,AP_HDG_SEL_IMU,116.453,5.875,20.000,4,13,8,13,ROLL_LEFT
1555,117.619255,0,0.000,0.026,0.051,-5.678,18.661,110.578,0.000,0.000,0.000,-31.875,5.125,22.375,-3.127,-10.073,-29.835,0.105,-0.815,-0.555,0.132,1,-37.540,-1.610,-25.083,0.000,2,41.519035,-86.239647,0.000000,0.044,248.300003,10,42,19,64,12,3,U_TURN_HDG,AP_HDG_SEL_IMU,116.453,5.875,20.000,4,13,8,13,ROLL_LEFT
1556,117.705513,0,-0.128,-0.077,0.179,-5.677,18.662,110.574,0.000,0.000,0.000,-31.875,5.125,22.375,-3.127,-10.099,-29.835,0.105,-0.815,-0.555,0.132,1,-38.012,-1.524,-25.240,0.000,2,41.519035,-86.239647,0.000000,0.538,248.300003,10,42,19,72,12,3,U_TURN_HDG,AP_HDG_SEL_IMU,116.453,5.879,20.000,4,13,8,13,ROLL_LEFT
1557,117.775314,0,0.026,-0.077,0.000,-5.673,18.668,110.575,0.000,0.000,0.000,-31.875,5.125,22.375,-3.153,-10.099,-29.810,0.105,-0.815,-0.555,0.132,1,-37.738,-1.563,-25.149,0.000,2,41.519035,-86.239647,0.000000,0.142,248.199997,10,42,19,80,12,3,U_TURN_HDG,AP_HDG_SEL_IMU,116.453,5.878,20.000,4,13,8,13,ROLL_LEFT
1558,117.900017,0,0.026,0.051,-0.115,-5.679,18.672,110.573,0.000,0.000,0.000,-31.875,5.125,22.375,-3.153,-10.099,-29.784,0.105,-0.815,-0.555,0.132,1,-37.726,-1.543,-25.145,0.000,2,41.519035,-86.239647,0.000000,0.231,248.199997,10,42,19,92,12,3,U_TURN_HDG,AP_HDG_SEL_IMU,116.453,5.880,20.000,4,13,8,13,ROLL_LEFT
1559,117.978683,0,-0.103,-0.205,0.128,-5.685,18.676,110.572,0.000,0.000,0.000,-31.875,5.125,22.375,-3.153,-10.099,-29.784,0.105,-0.815,-0.555,0.133,1,-37.521,-1.572,-25.076,0.000,2,41.519035,-86.239647,0.000000,0.258,248.199997,10,42,20,0,12,3,U_TURN_HDG,AP_HDG_SEL_IMU,116.453,5.881,20.000,4,13,8,13,ROLL_LEFT
1560,118.038460,0,-0.103,-0.077,0.154,-5.686,18.685,110.572,0.000,0.000,0.000,-31.875,5.125,22.375,-3.153,-10.099,-29.810,0.105,-0.815,-0.555,0.133,1,-37.137,-1.556,-24.948,0.000,2,41.519035,-86.239647,0.000000,0.223,248.199997,10,42,20,4,12,3,U_TURN_HDG,AP_HDG_SEL_IMU,116.453,5.881,20.000,4,13,8,13,ROLL_LEFT
1561,118.099464,0,0.000,0.051,0.026,-5.695,18.674,110.576,-1.343,0.000,0.000,-31.875,5.125,22.375,-3.153,-10.099,-29.810,0.105,-0.815,-0.555,0.133,1,-37.523,-1.577,-25.077,0.000,2,41.519035,-86.239647,0.000000,0.118,248.300003,10,42,20,12,12,3,U_TURN_HDG,AP_HDG_SEL_IMU,116.453,5.877,20.000,4,13,8,13,ROLL_LEFT
1562,118.183907,0,0.000,0.051,-0.090,-5.691,18.654,110.576,0.336,0.000,0.000,-31.875,5.125,22.375,-3.127,-10.099,-29.810,0.105,-0.815,-0.555,0.132,1,-37.145,-1.572,-24.950,0.000,2,41.519035,-86.239647,0.000000,0.172,248.300003,10,42,20,20,12,3,U_TURN_HDG,AP_HDG_SEL_IMU,116.453,5.877,20.000,4,13,8,13,ROLL_LEFT
1563,118.234283,0,0.000,-0.205,0.026,-5.685,18.676,110.572,-0.560,0.112,-0.112,-31.875,5.125,22.375,-3.127,-10.099,-29.810,0.105,-0.815,-0.555,0.133,1,-36.991,-1.558,-24.899,0.000,2,41.519035,-86.239647,0.000000,0.297,248.300003,10,42,20,24,12,3,U_TURN_HDG,AP_HDG_SEL_IMU,116.453,5.881,20.000,4,13,8,13,ROLL_LEFT
1564,118.294518,0,0.000,0.051,0.026,-5.685,18.676,110.572,-0.448,0.000,0.000,-31.875,5.125,22.375,-3.127,-10.099,-29.810,0.105,-0.815,-0.555,0.133,1,-37.659,-1.556,-25.122,0.000,2,41.519035,-86.239647,0.000000,0.412,248.300003,10,42,20,28,12,3,U_TURN_HDG,AP_HDG_SEL_IMU,116.453,5.881,20.000,4,13,8,13,ROLL_LEFT
1565,118.357643,0,0.026,-0.179,0.128,-5.691,18.705,110.576,0.560,0.000,0.000,-31.875,5.125,22.375,-3.127,-10.124,-29.810,0.106,-0.815,-0.555,0.133,1,-37.000,-1.572,-24.902,0.000,2,41.519035,-86.239647,0.000000,0.451,248.300003,10,42,20,36,12,3,U_TURN_HDG,AP_HDG_SEL_IMU,116.453,5.877,20.000,4,13,8,13,ROLL_LEFT
1566,118.414513,0,0.026,-0.051,0.026,-5.692,18.715,110.575,-0.112,0.000,0.112,-31.875,5.125,22.375,-3.153,-10.124,-29.810,0.106,-0.815,-0.555,0.133,1,-37.378,-1.582,-25.028,0.000,2,41.519035,-86.239647,0.000000,0.432,248.300003,10,42,20,40,12,3,U_TURN_HDG,AP_HDG_SEL_IMU,116.453,5.878,20.000,4,13,8,13,ROLL_LEFT
1567,118.468277,0,0.026,0.077,-0.090,-5.687,18.711,110.576,0.112,0.112,0.000,-31.875,5.125,22.375,-3.153,-10.124,-29.810,0.106,-0.815,-0.555,0.133,1,-37.221,-1.570,-24.976,0.000,2,41.519035,-86.239647,0.000000,0.284,248.300003,10,42,20,48,12,3,U_TURN_HDG,AP_HDG_SEL_IMU,116.453,5.877,20.000,4,13,8,13,ROLL_LEFT
1568,118.534958,0,0.000,0.077,-0.090,-5.687,18.711,110.576,0.112,-0.112,0.000,-31.875,5.125,22.375,-3.127,-10.099,-29.810,0.106,-0.815,-0.555,0.133,1,-37.464,-1.609,-25.057,0.000,2,41.519035,-86.239647,0.000000,0.199,248.300003,10,42,20,52,12,3,U_TURN_HDG,AP_HDG_SEL_IMU,116.453,5.877,20.000,4,13,8,13,ROLL_LEFT
1569,118.587173,0,0.000,0.077,0.026,-5.688,18.720,110.575,-0.224,0.000,0.000,-31.875,5.125,22.375,-3.127,-10.124,-29.810,0.106,-0.815,-0.555,0.133,1,-37.542,-1.612,-25.083,0.000,2,41.519035,-86.239647,0.000000,0.120,248.300003,10,42,20,60,12,3,U_TURN_HDG,AP_HDG_SEL_IMU,116.453,5.878,20.000,4,13,8,13,ROLL_LEFT
1570,118.703522,0,0.026,0.051,0.051,-5.688,18.720,110.575,0.000,-0.112,-0.112,-31.875,5.125,22.375,-3.127,-10.099,-29.835,0.106,-0.815,-0.555,0.133,1,-37.677,-1.588,-25.128,0.000,2,41.519035,-86.239647,0.000000,0.137,248.300003,10,42,20,72,12,3,U_TURN_HDG,AP_HDG_SEL_IMU,116.453,5.878,20.000,4,13,8,13,ROLL_LEFT
1571,118.765984,0,0.026,0.051,0.051,-5.692,18.715,110.575,0.000,-0.112,0.112,-31.875,5.125,22.375,-3.153,-10.099,-29.835,0.106,-0.815,-0.555,0.133,1,-36.893,-1.516,-24.866,0.000,2,41.519035,-86.239647,0.000000,0.078,248.300003,10,42,20,76,12,3,U_TURN_HDG,AP_HDG_SEL_IMU,116.453,5.878,20.000,4,13,8,13,ROLL_LEFT
1572,118.821236,0,0.026,-0.077,0.051,-5.693,18.715,110.581,0.112,-0.112,0.000,-31.875,5.125,22.375,-3.153,-10.099,-29.835,0.106,-0.815,-0.555,0.133,1,-38.010,-1.513,-25.239,0.000,2,41.519035,-86.239647,0.000000,0.294,248.300003,10,42,20,84,12,3,U_TURN_HDG,AP_HDG_SEL_IMU,116.453,5.872,20.000,4,13,8,13,ROLL_LEFT
1573,118.873398,0,0.026,-0.077,-0.064,-5.693,18.715,110.581,0.224,0.000,0.000,-31.875,5.125,22.375,-3.153,-10.099,-29.835,0.106,-0.815,-0.555,0.133,1,-37.938,-1.524,-25.215,0.000,2,41.519035,-86.239647,0.000000,0.368,248.300003,10,42,20,88,12,3,U_TURN_HDG,AP_HDG_SEL_IMU,116.453,5.872,20.000,4,13,8,13,ROLL_LEFT
1574,118.933510,0,0.026,-0.051,0.051,-5.693,18.715,110.581,-0.336,-0.112,0.000,-31.875,5.125,22.375,-3.153,-10.124,-29.835,0.106,-0.815,-0.555,0.133,1,-37.526,-1.582,-25.078,0.000,2,41.519035,-86.239647,0.000000,0.398,248.199997,10,42,20,92,12,3,U_TURN_HDG,AP_HDG_SEL_IMU,116.453,5.872,20.000,4,13,8,13,ROLL_LEFT
1575,119.022133,0,0.026,-0.077,0.051,-5.693,18.715,110.581,0.224,0.000,-0.112,-31.875,5.125,22.375,-3.153,-10.099,-29.835,0.106,-0.815,-0.555,0.133,1,-36.975,-1.531,-24.893,0.000,2,41.519035,-86.239647,0.000000,0.368,248.199997,10,42,21,4,12,3,U_TURN_HDG,AP_HDG_SEL_IMU,116.453,5.872,20.000,4,13,8,13,ROLL_LEFT
1576,119.083511,0,0.026,0.051,0.051,-5.691,18.705,110.576,0.112,0.112,0.000,-31.875,5.125,22.375,-3.153,-10.099,-29.835,0.106,-0.815,-0.555,0.133,1,-37.330,-1.496,-25.013,0.000,2,41.519035,-86.239647,0.000000,0.285,248.199997,10,42,21,8,12,3,U_TURN_HDG,AP_HDG_SEL_IMU,116.453,5.877,20.000,4,13,8,13,ROLL_LEFT
1577,119.138359,0,0.026,0.051,-0.064,-5.696,18.709,110.575,0.000,0.112,0.000,-31.875,5.125,22.375,-3.127,-10.099,-29.835,0.106,-0.815,-0.555,0.133,1,-37.924,-1.496,-25.211,0.000,2,41.519035,-86.239647,0.000000,0.260,248.100006,10,42,21,16,12,3,U_TURN_HDG,AP_HDG_SEL_IMU,116.453,5.878,20.000,4,13,8,13,ROLL_LEFT
1578,119.216995,0,0.026,0.051,-0.064,-5.696,18.709,110.575,-0.224,0.000,0.000,-31.875,5.125,22.375,-3.153,-10.099,-29.835,0.106,-0.815,-0.555,0.133,1,-37.932,-1.510,-25.214,0.000,2,41.519035,-86.239647,0.000000,0.673,248.199997,10,42,21,24,12,3,U_TURN_HDG,AP_HDG_SEL_IMU,116.453,5.878,20.000,4,13,8,13,ROLL_LEFT
1579,119.283318,0,0.000,-0.077,0.026,-5.701,18.704,110.580,0.224,0.000,0.000,-31.875,5.125,22.375,-3.127,-10.099,-29.810,0.105,-0.815,-0.555,0.133,1,-37.338,-1.512,-25.015,0.000,2,41.519035,-86.239647,0.000000,0.565,248.199997,10,42,21,28,12,3,U_TURN_HDG,AP_HDG_SEL_IMU,116.453,5.873,20.000,4,13,8,13,ROLL_LEFT
1580,119.353188,0,0.000,0.051,-0.090,-5.701,18.704,110.580,-0.336,0.000,0.000,-31.875,5.125,22.375,-3.127,-10.099,-29.810,0.105,-0.815,-0.555,0.133,1,-38.001,-1.499,-25.236,0.000,2,41.519035,-86.239647,0.000000,0.263,248.199997,10,42,21,36,12,3,U_TURN_HDG,AP_HDG_SEL_IMU,116.453,5.873,20.000,4,13,8,13,ROLL_LEFT
1581,119.402222,0,0.000,0.051,-0.090,-5.700,18.703,110.574,-0.112,0.000,-0.112,-31.875,5.125,22.375,-3.127,-10.099,-29.810,0.105,-0.815,-0.555,0.133,1,-37.660,-1.559,-25.123,0.000,2,41.519035,-86.239647,0.000000,0.155,248.199997,10,42,21,40,12,3,U_TURN_HDG,AP_HDG_SEL_IMU,116.453,5.879,20.000,4,13,8,13,ROLL_LEFT
1582,119.458138,0,0.000,-0.077,0.026,-5.696,18.709,110.575,0.224,0.000,0.112,-31.875,5.125,22.375,-3.127,-10.099,-29.810,0.106,-0.815,-0.555,0.133,1,-37.261,-1.510,-24.989,0.000,2,41.519035,-86.239647,0.000000,0.407,248.199997,10,42,21,48,12,3,U_TURN_HDG,AP_HDG_SEL_IMU,116.453,5.878,20.000,4,13,8,13,ROLL_LEFT
1583,119.545448,0,0.000,0.192,-0.090,-5.693,18.715,110.581,0.000,0.000,0.000,-31.875,5.125,22.375,-3.127,-10.099,-29.810,0.106,-0.815,-0.555,0.133,1,-37.089,-1.466,-24.932,0.000,2,41.519035,-86.239647,0.000000,0.270,248.199997,10,42,21,52,12,3,U_TURN_HDG,AP_HDG_SEL_IMU,116.453,5.872,20.000,4,13,8,13,ROLL_LEFT
1584,119.605499,0,0.000,-0.051,0.026,-5.689,18.721,110.581,0.000,0.000,0.000,-31.875,5.125,22.375,-3.127,-10.124,-29.810,0.106,-0.815,-0.555,0.133,1,-37.162,-1.464,-24.956,0.000,2,41.519035,-86.239647,0.000000,0.052,248.199997,10,42,21,60,12,3,U_TURN_HDG,AP_HDG_SEL_IMU,116.453,5.872,20.000,4,13,8,13,ROLL_LEFT
1585,119.651314,0,0.000,0.077,-0.090,-5.695,18.725,110.580,0.000,0.000,0.000,-31.875,5.125,22.375,-3.127,-10.124,-29.810,0.106,-0.815,-0.555,0.133,1,-37.269,-1.523,-24.992,0.000,2,41.519035,-86.239647,0.000000,0.020,248.199997,10,42,21,64,12,3,U_TURN_HDG,AP_HDG_SEL_IMU,116.453,5.873,20.000,4,13,8,13,ROLL_LEFT
1586,119.707314,0,0.000,0.077,-0.090,-5.695,18.725,110.580,0.000,0.000,0.000,-31.875,5.125,22.375,-3.127,-10.124,-29.810,0.106,-0.815,-0.555,0.133,1,-38.094,-1.532,-25.267,0.000,2,41.519035,-86.239647,0.000000,0.130,248.199997,10,42,21,72,12,3,U_TURN_HDG,AP_HDG_SEL_IMU,116.453,5.873,20.000,4,13,8,13,ROLL_LEFT
1587,119.762192,0,0.026,-0.077,0.026,-5.691,18.730,110.580,0.000,0.000,0.000,-31.875,5.125,22.375,-3.153,-10.099,-29.810,0.106,-0.815,-0.555,0.133,1,-38.079,-1.502,-25.262,0.000,2,41.519035,-86.239647,0.000000,0.230,248.199997,10,42,21,76,12,3,U_TURN_HDG,AP_HDG_SEL_IMU,116.453,5.873,20.000,4,13,8,13,ROLL_LEFT
1588,119.817169,0,0.026,0.051,-0.090,-5.695,18.725,110.580,0.000,0.000,0.000,-31.875,5.125,22.375,-3.153,-10.099,-29.810,0.106,-0.815,-0.555,0.133,1,-36.953,-1.483,-24.886,0.000,2,41.519035,-86.239647,0.000000,0.292,248.199997,10,42,21,84,12,3,U_TURN_HDG,AP_HDG_SEL_IMU,116.453,5.873,20.000,4,13,8,13,ROLL_LEFT
1589,119.902115,0,-0.103,-0.077,0.026,-5.695,18.725,110.580,0.000,0.000,0.000,-31.875,5.125,22.375,-3.153,-10.099,-29.810,0.106,-0.815,-0.555,0.133,1,-37.023,-1.480,-24.909,0.000,2,41.519035,-86.239647,0.000000,0.132,248.199997,10,42,21,92,12,3,U_TURN_HDG,AP_HDG_SEL_IMU,116.453,5.873,20.000,4,13,8,13,ROLL_LEFT
1590,119.962189,0,0.026,-0.077,0.026,-5.695,18.725,110.580,0.000,0.000,0.000,-31.875,5.125,22.375,-3.153,-10.099,-29.810,0.106,-0.815,-0.555,0.133,1,-36.944,-1.472,-24.883,0.000,2,41.519035,-86.239647,0.000000,0.174,248.199997,10,42,21,96,12,3,U_TURN_HDG,AP_HDG_SEL_IMU,116.453,5.873,20.000,4,13,8,13,ROLL_LEFT
1591,120.046509,0,0.026,0.051,-0.115,-5.695,18.725,110.580,0.000,0.000,0.000,-31.875,5.125,22.375,-3.153,-10.099,-29.784,0.106,-0.815,-0.555,0.133,1,-37.422,-1.529,-25.043,0.000,2,41.519035,-86.239647,0.000000,0.174,248.300003,10,42,22,4,12,3,U_TURN_HDG,AP_HDG_SEL_IMU,116.453,5.873,20.000,4,13,8,13,ROLL_LEFT
1592,120.135201,0,-0.128,-0.051,0.026,-5.705,18.723,110.578,0.000,0.000,0.000,-31.875,5.125,22.375,-3.127,-10.124,-29.810,0.106,-0.815,-0.555,0.133,1,-37.145,-1.566,-24.950,0.000,2,41.519035,-86.239647,0.000000,0.260,248.199997,10,42,22,12,12,3,U_TURN_HDG,AP_HDG_SEL_IMU,116.453,5.875,20.000,4,13,8,13,ROLL_LEFT
1593,120.196800,0,0.000,-0.051,-0.090,-5.701,18.729,110.579,0.000,0.000,0.000,-31.875,5.125,22.375,-3.127,-10.124,-29.810,0.106,-0.815,-0.555,0.133,1,-37.063,-1.554,-24.923,0.000,2,41.519035,-86.239647,0.000000,0.429,248.300003,10,42,22,20,12,3,U_TURN_HDG,AP_HDG_SEL_IMU,116.453,5.874,20.000,4,13,8,13,ROLL_LEFT
1594,120.276505,0,0.000,0.077,0.026,-5.697,18.734,110.579,0.000,0.000,0.000,-31.875,5.125,22.375,-3.127,-10.124,-29.810,0.106,-0.815,-0.555,0.133,1,-36.968,-1.517,-24.891,0.000,2,41.519035,-86.239647,0.000000,0.425,248.300003,10,42,22,28,12,3,U_TURN_HDG,AP_HDG_SEL_IMU,116.453,5.874,20.000,4,13,8,13,ROLL_LEFT
1595,120.374397,0,0.000,0.026,-0.064,-5.697,18.734,110.579,0.000,0.000,0.000,-31.875,5.125,22.375,-3.153,-10.099,-29.835,0.106,-0.815,-0.555,0.133,1,-37.195,-1.527,-24.967,0.000,2,41.519035,-86.239647,0.000000,0.398,248.300003,10,42,22,36,12,3,U_TURN_HDG,AP_HDG_SEL_IMU,116.453,5.874,20.000,4,13,8,13,ROLL_LEFT
1596,120.434509,0,0.000,0.026,0.051,-5.695,18.725,110.580,0.000,0.000,0.000,-31.875,5.125,22.375,-3.127,-10.073,-29.835,0.106,-0.815,-0.555,0.133,1,-36.968,-1.517,-24.891,0.000,2,41.519035,-86.239647,0.000000,0.039,248.300003,10,42,22,44,12,3,U_TURN_HDG,AP_HDG_SEL_IMU,116.453,5.873,20.000,4,13,8,13,ROLL_LEFT
1597,120.495377,0,-0.128,0.026,-0.064,-5.695,18.725,110.580,0.000,0.000,0.000,-31.875,5.125,22.375,-3.127,-10.073,-29.835,0.106,-0.815,-0.555,0.133,1,-37.081,-1.450,-24.929,0.000,2,41.519035,-86.239647,0.000000,0.128,248.300003,10,42,22,52,12,3,U_TURN_HDG,AP_HDG_SEL_IMU,116.453,5.873,20.000,4,13,8,13,ROLL_LEFT
1598,120.550331,0,0.000,0.026,0.051,-5.693,18.715,110.581,0.000,0.000,0.000,-31.875,5.125,22.375,-3.127,-10.073,-29.835,0.106,-0.815,-0.555,0.133,1,-37.252,-1.491,-24.986,0.000,2,41.519035,-86.239647,0.000000,0.142,248.300003,10,42,22,56,12,3,U_TURN_HDG,AP_HDG_SEL_IMU,116.453,5.872,20.000,4,13,8,13,ROLL_LEFT
1599,120.620003,0,0.000,0.026,-0.064,-5.688,18.711,110.582,0.000,0.000,0.000,-31.875,5.125,22.375,-3.127,-10.073,-29.835,0.106,-0.815,-0.555,0.133,1,-36.907,-1.537,-24.870,0.000,2,41.519035,-86.239647,0.000000,0.353,248.300003,10,42,22,64,12,3,U_TURN_HDG,AP_HDG_SEL_IMU,116.453,5.871,20.000,4,13,8,13,ROLL_LEFT
1600,120.739716,0,-0.128,0.026,0.051,-5.688,18.711,110.582,0.000,0.000,0.000,-31.875,5.125,22.375,-3.127,-10.073,-29.835,0.106,-0.815,-0.555,0.133,1,-37.420,-1.530,-25.043,0.000,2,41.519035,-86.239647,0.000000,0.336,248.199997,10,42,22,76,12,3,U_TURN_HDG,AP_HDG_SEL_IMU,116.453,5.871,20.000,4,13,8,13,ROLL_LEFT
1601,120.815437,0,0.000,-0.103,0.051,-5.692,18.705,110.581,0.000,0.000,0.000,-31.875,5.125,22.375,-3.127,-10.073,-29.835,0.106,-0.815,-0.555,0.133,1,-37.230,-1.587,-24.979,0.000,2,41.519035,-86.239647,0.000000,0.454,248.300003,10,42,22,84,12,3,U_TURN_HDG,AP_HDG_SEL_IMU,116.453,5.872,20.000,4,13,8,13,ROLL_LEFT
1602,120.893661,0,0.000,0.026,0.051,-5.686,18.701,110.582,0.000,0.000,0.000,-31.875,5.125,22.375,-3.127,-10.073,-29.835,0.106,-0.815,-0.555,0.133,1,-36.806,-1.489,-24.836,0.000,2,41.519035,-86.239647,0.000000,0.484,248.300003,10,42,22,88,12,3,U_TURN_HDG,AP_HDG_SEL_IMU,116.453,5.871,20.000,4,13,8,13,ROLL_LEFT
1603,120.973427,0,0.000,0.026,0.051,-5.684,18.690,110.582,0.000,0.000,0.000,-31.875,5.125,22.375,-3.127,-10.073,-29.835,0.105,-0.815,-0.555,0.133,1,-37.252,-1.487,-24.986,0.000,2,41.519035,-86.239647,0.000000,0.142,248.300003,10,42,22,96,12,3,U_TURN_HDG,AP_HDG_SEL_IMU,116.453,5.871,20.000,4,13,8,13,ROLL_LEFT
1604,121.053093,0,0.026,-0.103,0.026,-5.684,18.690,110.582,0.000,0.000,0.000,-31.875,5.125,22.375,-3.153,-10.073,-29.810,0.105,-0.815,-0.555,0.133,1,-36.896,-1.523,-24.867,0.000,2,41.519035,-86.239647,0.000000,0.208,248.199997,10,42,23,4,12,3,U_TURN_HDG,AP_HDG_SEL_IMU,116.453,5.871,20.000,4,13,8,13,ROLL_LEFT
1605,121.144089,0,0.026,0.051,-0.115,-5.689,18.685,110.587,0.000,0.000,0.000,-31.875,5.125,22.375,-3.153,-10.099,-29.784,0.105,-0.815,-0.555,0.133,1,-37.478,-1.496,-25.062,0.000,2,41.519035,-86.239647,0.000000,0.395,248.199997,10,42,23,16,12,3,U_TURN_HDG,AP_HDG_SEL_IMU,116.453,5.866,20.000,4,13,8,13,ROLL_LEFT
1606,121.211891,0,0.026,-0.077,0.000,-5.685,18.691,110.587,0.000,0.000,0.000,-31.875,5.125,22.375,-3.153,-10.099,-29.784,0.105,-0.815,-0.555,0.133,1,-37.554,-1.499,-25.088,0.000,2,41.519035,-86.239647,0.000000,0.327,248.199997,10,42,23,20,12,3,U_TURN_HDG,AP_HDG_SEL_IMU,116.453,5.866,20.000,4,13,8,13,ROLL_LEFT
1607,121.262497,0,0.026,0.051,0.000,-5.690,18.695,110.586,0.000,0.000,0.000,-31.875,5.125,22.375,-3.153,-10.099,-29.810,0.105,-0.815,-0.555,0.133,1,-37.840,-1.479,-25.183,0.000,2,41.519035,-86.239647,0.000000,0.516,248.199997,10,42,23,28,12,3,U_TURN_HDG,AP_HDG_SEL_IMU,116.453,5.867,20.000,4,13,8,13,ROLL_LEFT
1608,121.311516,0,0.026,0.051,-0.090,-5.696,18.699,110.585,0.000,0.000,0.000,-31.875,5.125,22.375,-3.153,-10.099,-29.810,0.105,-0.815,-0.555,0.133,1,-37.182,-1.498,-24.963,0.000,2,41.519035,-86.239647,0.000000,0.419,248.199997,10,42,23,32,12,3,U_TURN_HDG,AP_HDG_SEL_IMU,116.453,5.868,20.000,4,13,8,13,ROLL_LEFT
1609,121.382111,0,0.026,0.051,-0.090,-5.696,18.699,110.585,0.000,0.000,0.000,-31.875,5.125,22.375,-3.153,-10.099,-29.810,0.105,-0.815,-0.555,0.133,1,-37.793,-1.529,-25.167,0.000,2,41.519035,-86.239647,0.000000,0.277,248.199997,10,42,23,40,12,3,U_TURN_HDG,AP_HDG_SEL_IMU,116.453,5.868,20.000,4,13,8,13,ROLL_LEFT
1610,121.462250,0,0.026,-0.077,0.026,-5.696,18.699,110.585,0.000,0.000,0.000,-31.875,5.125,22.375,-3.153,-10.099,-29.810,0.105,-0.815,-0.555,0.133,1,-37.685,-1.461,-25.131,0.000,2,41.519035,-86.239647,0.000000,0.208,248.300003,10,42,23,48,12,3,U_TURN_HDG,AP_HDG_SEL_IMU,116.453,5.868,20.000,4,13,8,13,ROLL_LEFT
1611,121.521149,0,0.000,0.077,-0.090,-5.696,18.699,110.585,0.000,0.000,0.000,-31.875,5.125,22.375,-3.127,-10.124,-29.810,0.105,-0.815,-0.555,0.133,1,-37.192,-1.520,-24.966,0.000,2,41.519035,-86.239647,0.000000,0.118,248.300003,10,42,23,52,12,3,U_TURN_HDG,AP_HDG_SEL_IMU,116.453,5.868,20.000,4,13,8,13,ROLL_LEFT
1612,121.584656,0,0.000,0.077,0.026,-5.697,18.709,110.580,0.000,0.000,0.000,-31.875,5.125,22.375,-3.127,-10.124,-29.810,0.106,-0.815,-0.555,0.133,1,-36.880,-1.489,-24.861,0.000,2,41.519035,-86.239647,0.000000,0.056,248.199997,10,42,23,60,12,3,U_TURN_HDG,AP_HDG_SEL_IMU,116.453,5.873,20.000,4,13,8,13,ROLL_LEFT
1613,121.642113,0,0.000,-0.051,0.026,-5.697,18.709,110.580,0.000,0.000,0.000,-31.875,5.125,22.375,-3.127,-10.124,-29.810,0.106,-0.815,-0.555,0.133,1,-37.139,-1.419,-24.949,0.000,2,41.519035,-86.239647,0.000000,0.057,248.300003,10,42,23,64,12,3,U_TURN_HDG,AP_HDG_SEL_IMU,116.453,5.873,20.000,4,13,8,13,ROLL_LEFT
1614,121.704300,0,0.000,-0.051,0.026,-5.693,18.715,110.581,0.000,0.000,0.000,-31.875,5.125,22.375,-3.127,-10.124,-29.810,0.106,-0.815,-0.555,0.133,1,-37.249,-1.480,-24.985,0.000,2,41.519035,-86.239647,0.000000,0.069,248.300003,10,42,23,72,12,3,U_TURN_HDG,AP_HDG_SEL_IMU,116.453,5.872,20.000,4,13,8,13,ROLL_LEFT
1615,121.761482,0,0.000,-0.051,0.026,-5.693,18.715,110.581,0.000,0.000,0.000,-31.875,5.125,22.375,-3.127,-10.124,-29.810,0.106,-0.815,-0.555,0.133,1,-36.599,-1.525,-24.767,0.000,2,41.519035,-86.239647,0.000000,0.115,248.300003,10,42,23,76,12,3,U_TURN_HDG,AP_HDG_SEL_IMU,116.453,5.872,20.000,4,13,8,13,ROLL_LEFT
1616,121.822479,0,0.000,0.051,0.026,-5.689,18.721,110.581,0.000,0.000,0.000,-31.875,5.125,22.375,-3.127,-10.099,-29.810,0.106,-0.815,-0.555,0.133,1,-37.981,-1.459,-25.230,0.000,2,41.519035,-86.239647,0.000000,0.123,248.199997,10,42,23,84,12,3,U_TURN_HDG,AP_HDG_SEL_IMU,116.453,5.872,20.000,4,13,8,13,ROLL_LEFT
1617,121.881340,0,0.000,-0.077,0.026,-5.689,18.721,110.581,0.000,0.000,0.000,-31.875,5.125,22.375,-3.127,-10.099,-29.810,0.106,-0.815,-0.555,0.133,1,-37.252,-1.492,-24.986,0.000,2,41.519035,-86.239647,0.000000,0.027,248.199997,10,42,23,88,12,3,U_TURN_HDG,AP_HDG_SEL_IMU,116.453,5.872,20.000,4,13,8,13,ROLL_LEFT
1618,121.942230,0,0.000,-0.077,-0.090,-5.689,18.721,110.581,0.000,0.000,0.000,-31.875,5.125,22.375,-3.127,-10.099,-29.810,0.106,-0.815,-0.555,0.133,1,-37.318,-1.478,-25.009,0.000,2,41.519035,-86.239647,0.000000,0.100,248.300003,10,42,23,96,12,3,U_TURN_HDG,AP_HDG_SEL_IMU,116.453,5.872,20.000,4,13,8,13,ROLL_LEFT
1619,122.022354,0,0.000,-0.077,0.026,-5.689,18.721,110.581,0.000,0.000,0.000,-31.875,5.125,22.375,-3.127,-10.099,-29.810,0.106,-0.815,-0.555,0.133,1,-37.743,-1.572,-25.150,0.000,2,41.519035,-86.239647,0.000000,0.143,248.199997,10,42,24,4,12,3,U_TURN_HDG,AP_HDG_SEL_IMU,116.453,5.872,20.000,4,13,8,13,ROLL_LEFT
1620,122.080070,0,0.000,0.026,0.051,-5.684,18.717,110.582,0.000,0.000,0.000,-31.875,5.125,22.375,-3.127,-10.073,-29.835,0.106,-0.815,-0.555,0.133,1,-37.010,-1.454,-24.905,0.000,2,41.519035,-86.239647,0.000000,0.096,248.199997,10,42,24,8,12,3,U_TURN_HDG,AP_HDG_SEL_IMU,116.453,5.871,20.000,4,13,8,13,ROLL_LEFT
1621,122.139038,0,0.000,-0.103,-0.064,-5.688,18.711,110.582,0.112,0.000,0.000,-31.875,5.125,22.375,-3.127,-10.099,-29.810,0.106,-0.815,-0.555,0.133,1,-38.010,-1.515,-25.239,0.000,2,41.519035,-86.239647,0.000000,0.154,248.199997,10,42,24,16,12,3,U_TURN_HDG,AP_HDG_SEL_IMU,116.453,5.871,20.000,4,13,8,13,ROLL_LEFT
1622,122.222115,0,0.000,0.051,-0.090,-5.687,18.711,110.576,0.560,-0.112,0.000,-31.875,5.125,22.375,-3.127,-10.099,-29.810,0.106,-0.815,-0.555,0.133,1,-37.145,-1.570,-24.950,0.000,2,41.519035,-86.239647,0.000000,0.238,248.199997,10,42,24,24,12,3,U_TURN_HDG,AP_HDG_SEL_IMU,116.453,5.877,20.000,4,13,8,13,ROLL_LEFT
1623,122.302322,0,0.000,0.077,0.026,-5.691,18.730,110.580,0.224,0.000,0.000,-31.875,5.125,22.375,-3.127,-10.124,-29.810,0.106,-0.815,-0.555,0.133,1,-37.252,-1.486,-24.986,0.000,2,41.519035,-86.239647,0.000000,0.321,248.199997,10,42,24,32,12,3,U_TURN_HDG,AP_HDG_SEL_IMU,116.453,5.873,20.000,4,13,8,13,ROLL_LEFT
1624,122.360413,0,0.000,0.077,0.000,-5.684,18.727,110.572,0.112,-0.112,0.112,-31.875,5.125,22.375,-3.127,-10.124,-29.784,0.106,-0.815,-0.555,0.133,1,-37.955,-1.550,-25.221,0.000,2,41.519035,-86.239647,0.000000,0.380,248.199997,10,42,24,36,12,3,U_TURN_HDG,AP_HDG_SEL_IMU,116.453,5.881,20.000,4,13,8,13,ROLL_LEFT
1625,122.417252,0,-0.128,0.077,0.026,-5.684,18.727,110.572,-0.112,0.000,-0.112,-31.875,5.125,22.375,-3.127,-10.124,-29.810,0.106,-0.815,-0.555,0.133,1,-37.457,-1.458,-25.055,0.000,2,41.519035,-86.239647,0.000000,0.491,248.199997,10,42,24,44,12,3,U_TURN_HDG,AP_HDG_SEL_IMU,116.453,5.881,20.000,4,13,8,13,ROLL_LEFT
1626,122.488251,0,0.026,0.077,0.000,-5.688,18.720,110.575,0.000,0.000,0.000,-31.875,5.125,22.375,-3.153,-10.124,-29.784,0.106,-0.815,-0.555,0.133,1,-37.687,-1.467,-25.132,0.000,2,41.519035,-86.239647,0.000000,0.547,248.100006,10,42,24,48,12,3,U_TURN_HDG,AP_HDG_SEL_IMU,116.453,5.878,20.000,4,13,8,13,ROLL_LEFT
1627,122.550148,0,0.026,0.077,0.000,-5.685,18.726,110.581,-0.112,-0.112,0.000,-31.875,5.125,22.375,-3.153,-10.124,-29.784,0.106,-0.815,-0.555,0.133,1,-37.563,-1.513,-25.090,0.000,2,41.519035,-86.239647,0.000000,0.667,248.100006,10,42,24,56,12,3,U_TURN_HDG,AP_HDG_SEL_IMU,116.453,5.872,20.000,4,13,8,13,ROLL_LEFT
1628,122.661636,0,0.026,0.051,-0.090,-5.691,18.730,110.580,0.224,0.000,0.000,-31.875,5.125,22.375,-3.153,-10.124,-29.784,0.106,-0.815,-0.555,0.133,1,-37.313,-1.468,-25.007,0.000,2,41.519035,-86.239647,182.119995,0.846,248.000000,10,42,24,68,12,3,U_TURN_HDG,AP_HDG_SEL_IMU,116.453,5.873,20.000,4,13,8,13,ROLL_LEFT
1629,122.727509,0,0.026,0.051,0.026,-5.694,18.724,110.574,-0.336,0.000,0.112,-31.875,5.125,22.375,-3.153,-10.099,-29.810,0.106,-0.815,-0.555,0.133,1,-37.443,-1.572,-25.050,0.000,2,41.519035,-86.239647,179.009995,0.834,248.000000,10,42,24,72,12,3,U_TURN_HDG,AP_HDG_SEL_IMU,116.453,5.879,20.000,4,13,8,13,ROLL_LEFT
1630,122.780846,0,0.026,0.026,0.000,-5.702,18.713,110.573,-0.224,0.000,0.000,-31.875,5.125,22.375,-3.153,-10.073,-29.784,0.106,-0.815,-0.555,0.133,1,-36.884,-1.499,-24.863,0.000,2,41.519035,-86.239647,0.000000,0.704,248.000000,10,42,24,80,12,3,U_TURN_HDG,AP_HDG_SEL_IMU,116.453,5.880,20.000,4,13,8,13,ROLL_LEFT
1631,122.845757,0,0.000,-0.077,0.026,-5.702,18.713,110.573,0.112,0.000,-0.112,-31.875,5.125,22.375,-3.127,-10.099,-29.810,0.106,-0.815,-0.555,0.133,1,-37.955,-1.552,-25.221,0.000,2,41.519035,-86.239647,175.979996,0.776,248.000000,10,42,24,84,12,3,U_TURN_HDG,AP_HDG_SEL_IMU,116.453,5.880,20.000,4,13,8,13,ROLL_LEFT
1632,122.901016,0,0.000,-0.077,0.026,-5.700,18.703,110.574,0.112,0.000,0.000,-31.875,5.125,22.375,-3.127,-10.099,-29.810,0.105,-0.815,-0.555,0.133,1,-37.244,-1.470,-24.984,0.000,2,41.519035,-86.239647,0.000000,0.574,248.000000,10,42,24,92,12,3,U_TURN_HDG,AP_HDG_SEL_IMU,116.453,5.879,20.000,4,13,8,13,ROLL_LEFT
1633,122.959023,0,0.000,-0.077,0.026,-5.700,18.703,110.574,-0.112,0.000,0.000,-31.875,5.125,22.375,-3.127,-10.099,-29.810,0.105,-0.815,-0.555,0.133,1,-38.072,-1.494,-25.260,0.000,2,41.519035,-86.239647,0.000000,0.604,248.000000,10,42,24,96,12,3,U_TURN_HDG,AP_HDG_SEL_IMU,116.453,5.879,20.000,4,13,8,13,ROLL_LEFT
1634,123.021912,0,-0.128,0.051,0.026,-5.695,18.699,110.575,0.112,0.000,0.000,-31.875,5.125,22.375,-3.127,-10.099,-29.810,0.105,-0.815,-0.555,0.133,1,-37.174,-1.483,-24.960,0.000,2,41.519035,-86.239647,0.000000,0.493,248.000000,10,42,25,4,12,3,U_TURN_HDG,AP_HDG_SEL_IMU,116.453,5.878,20.000,4,13,8,13,ROLL_LEFT
1635,123.086342,0,0.000,0.051,-0.090,-5.695,18.699,110.575,0.000,-0.112,0.112,-31.875,5.125,22.375,-3.127,-10.099,-29.810,0.105,-0.815,-0.555,0.133,1,-37.798,-1.534,-25.169,0.000,2,41.519035,-86.239647,0.000000,0.361,248.000000,10,42,25,8,12,3,U_TURN_HDG,AP_HDG_SEL_IMU,116.453,5.878,20.000,4,13,8,13,ROLL_LEFT
1636,123.177834,0,0.000,0.051,0.154,-5.696,18.709,110.575,0.112,-0.112,-0.112,-31.875,5.125,22.375,-3.127,-10.099,-29.810,0.106,-0.815,-0.555,0.133,1,-37.420,-1.527,-25.043,0.000,2,41.519035,-86.239647,0.000000,0.353,248.000000,10,42,25,20,12,3,U_TURN_HDG,AP_HDG_SEL_IMU,116.453,5.878,20.000,4,13,8,13,ROLL_LEFT
1637,123.245323,0,0.000,-0.077,0.026,-5.696,18.709,110.575,0.000,0.112,0.000,-31.875,5.125,22.375,-3.127,-10.099,-29.810,0.106,-0.815,-0.555,0.133,1,-37.523,-1.439,-25.077,0.000,2,41.519035,-86.239647,0.000000,0.383,248.000000,10,42,25,24,12,3,U_TURN_HDG,AP_HDG_SEL_IMU,116.453,5.878,20.000,4,13,8,13,ROLL_LEFT
1638,123.301147,0,0.000,0.051,0.026,-5.687,18.711,110.576,0.000,0.000,0.000,-31.875,5.125,22.375,-3.127,-10.099,-29.810,0.106,-0.815,-0.555,0.133,1,-37.906,-1.462,-25.205,0.000,2,41.519035,-86.239647,0.000000,0.424,248.000000,10,42,25,32,12,3,U_TURN_HDG,AP_HDG_SEL_IMU,116.453,5.877,20.000,4,13,8,13,ROLL_LEFT
1639,123.381882,0,-0.128,0.051,0.026,-5.687,18.711,110.576,0.000,0.000,0.000,-31.875,5.125,22.375,-3.127,-10.099,-29.810,0.106,-0.815,-0.555,0.133,1,-37.623,-1.486,-25.111,0.000,2,41.519035,-86.239647,0.000000,0.429,248.000000,10,42,25,40,12,3,U_TURN_HDG,AP_HDG_SEL_IMU,116.453,5.877,20.000,4,13,8,13,ROLL_LEFT
1640,123.498642,0,0.026,0.051,0.154,-5.687,18.711,110.576,0.000,0.000,0.000,-31.875,5.125,22.375,-3.153,-10.099,-29.810,0.106,-0.815,-0.555,0.133,1,-37.322,-1.479,-25.010,0.000,2,41.519035,-86.239647,0.000000,0.375,248.000000,10,42,25,52,12,3,U_TURN_HDG,AP_HDG_SEL_IMU,116.453,5.877,20.000,4,13,8,13,ROLL_LEFT
1641,123.615410,0,0.026,0.051,0.026,-5.687,18.711,110.576,0.000,0.000,0.000,-31.875,5.125,22.375,-3.153,-10.099,-29.810,0.106,-0.815,-0.555,0.133,1,-36.986,-1.553,-24.897,0.000,2,41.519035,-86.239647,0.000000,0.073,248.000000,10,42,25,64,12,3,U_TURN_HDG,AP_HDG_SEL_IMU,116.453,5.877,20.000,4,13,8,13,ROLL_LEFT
1642,123.676514,0,0.026,-0.077,0.051,-5.692,18.715,110.575,0.000,0.000,0.000,-31.875,5.125,22.375,-3.127,-10.099,-29.810,0.106,-0.815,-0.555,0.133,1,-37.708,-1.510,-25.139,0.000,2,41.519035,-86.239647,0.000000,0.035,248.000000,10,42,25,68,12,3,U_TURN_HDG,AP_HDG_SEL_IMU,116.453,5.878,20.000,4,13,8,13,ROLL_LEFT
1643,123.742111,0,0.026,0.051,-0.064,-5.692,18.715,110.575,0.000,-0.112,0.000,-31.875,5.125,22.375,-3.153,-10.099,-29.835,0.106,-0.815,-0.555,0.133,1,-37.253,-1.494,-24.987,0.000,2,41.519035,-86.239647,0.000000,0.105,248.000000,10,42,25,76,12,3,U_TURN_HDG,AP_HDG_SEL_IMU,116.453,5.878,20.000,4,13,8,13,ROLL_LEFT
1644,123.820152,0,0.000,-0.077,0.026,-5.698,18.719,110.574,0.000,0.000,0.000,-31.875,5.125,22.375,-3.127,-10.099,-29.810,0.106,-0.815,-0.555,0.133,1,-37.552,-1.494,-25.087,0.000,2,41.519035,-86.239647,0.000000,0.091,248.100006,10,42,25,84,12,3,U_TURN_HDG,AP_HDG_SEL_IMU,116.453,5.879,20.000,4,13,8,13,ROLL_LEFT
1645,123.874512,0,0.000,-0.103,-0.090,-5.698,18.720,110.570,0.000,-0.112,0.000,-31.875,5.125,22.375,-3.127,-10.073,-29.810,0.106,-0.815,-0.555,0.133,1,-37.271,-1.524,-24.993,0.000,2,41.519035,-86.239647,0.000000,0.181,248.100006,10,42,25,88,12,3,U_TURN_HDG,AP_HDG_SEL_IMU,116.453,5.883,20.000,4,13,8,13,ROLL_LEFT
1646,123.950943,0,0.000,0.026,0.026,-5.696,18.709,110.575,-0.112,-0.112,0.000,-31.875,5.125,22.375,-3.127,-10.073,-29.810,0.106,-0.815,-0.555,0.133,1,-37.422,-1.531,-25.043,0.000,2,41.519035,-86.239647,0.000000,0.348,248.100006,10,42,25,96,12,3,U_TURN_HDG,AP_HDG_SEL_IMU,116.453,5.878,20.000,4,13,8,13,ROLL_LEFT
1647,124.063530,0,0.000,0.026,0.026,-5.692,18.716,110.571,-0.112,0.000,0.112,-31.875,5.125,22.375,-3.127,-10.073,-29.810,0.106,-0.815,-0.555,0.133,1,-37.150,-1.440,-24.952,0.000,2,41.519035,-86.239647,0.000000,0.373,248.100006,10,42,26,8,12,3,U_TURN_HDG,AP_HDG_SEL_IMU,116.453,5.882,20.000,4,13,8,13,ROLL_LEFT
1648,124.140869,0,0.000,0.141,0.026,-5.688,18.695,110.571,-0.112,-0.112,0.000,-31.875,5.125,22.375,-3.127,-10.073,-29.810,0.105,-0.815,-0.555,0.133,1,-37.842,-1.480,-25.183,0.000,2,41.519035,-86.239647,0.000000,0.277,248.199997,10,42,26,16,12,3,U_TURN_HDG,AP_HDG_SEL_IMU,116.453,5.882,20.000,4,13,8,13,ROLL_LEFT
1649,124.220963,0,0.000,0.026,-0.090,-5.687,18.696,110.567,-0.224,-0.112,0.000,-31.875,5.125,22.375,-3.127,-10.073,-29.810,0.105,-0.815,-0.555,0.133,1,-37.716,-1.527,-25.142,0.000,2,41.519035,-86.239647,0.000000,0.346,248.100006,10,42,26,24,12,3,U_TURN_HDG,AP_HDG_SEL_IMU,116.453,5.886,20.000,4,13,8,13,ROLL_LEFT
1650,124.343384,0,0.000,-0.103,0.026,-5.686,18.685,110.572,-0.448,0.112,0.112,-31.875,5.125,22.375,-3.127,-10.073,-29.810,0.105,-0.815,-0.555,0.133,1,-37.570,-1.528,-25.093,0.000,2,41.519035,-86.239647,0.000000,0.101,248.199997,10,42,26,36,12,3,U_TURN_HDG,AP_HDG_SEL_IMU,116.453,5.881,20.000,4,13,8,13,ROLL_LEFT
1651,124.420860,0,0.000,0.026,0.026,-5.681,18.681,110.573,0.224,0.112,0.112,-31.875,5.125,22.375,-3.127,-10.073,-29.810,0.105,-0.815,-0.555,0.133,1,-37.174,-1.483,-24.960,0.000,2,41.519035,-86.239647,0.000000,0.255,248.199997,10,42,26,44,12,3,U_TURN_HDG,AP_HDG_SEL_IMU,116.453,5.880,20.000,4,13,8,13,ROLL_LEFT
1652,124.474510,0,0.000,-0.103,0.026,-5.683,18.691,110.578,0.000,0.000,0.000,-31.875,5.125,22.375,-3.127,-10.073,-29.810,0.105,-0.815,-0.555,0.133,1,-37.726,-1.540,-25.145,0.000,2,41.519035,-86.239647,0.000000,0.255,248.100006,10,42,26,48,12,3,U_TURN_HDG,AP_HDG_SEL_IMU,116.453,5.875,20.000,4,13,8,13,ROLL_LEFT
1653,124.548508,0,0.000,0.051,0.026,-5.683,18.691,110.578,0.112,0.000,0.000,-31.875,5.125,22.375,-3.127,-10.099,-29.810,0.105,-0.815,-0.555,0.133,1,-38.086,-1.518,-25.265,0.000,2,41.519035,-86.239647,0.000000,0.057,248.100006,10,42,26,56,12,3,U_TURN_HDG,AP_HDG_SEL_IMU,116.453,5.875,20.000,4,13,8,13,ROLL_LEFT
1654,124.619217,0,0.000,-0.103,0.026,-5.685,18.701,110.577,-0.224,-0.112,0.000,-31.875,5.125,22.375,-3.127,-10.073,-29.810,0.106,-0.815,-0.555,0.133,1,-37.393,-1.473,-25.034,0.000,2,41.519035,-86.239647,0.000000,0.251,248.100006,10,42,26,64,12,3,U_TURN_HDG,AP_HDG_SEL_IMU,116.453,5.876,20.000,4,13,8,13,ROLL_LEFT
1655,124.695435,0,0.000,0.026,0.026,-5.685,18.691,110.587,-0.112,0.112,0.000,-31.875,5.125,22.375,-3.127,-10.073,-29.810,0.105,-0.815,-0.555,0.133,1,-37.472,-1.488,-25.060,0.000,2,41.519035,-86.239647,0.000000,0.366,248.100006,10,42,26,72,12,3,U_TURN_HDG,AP_HDG_SEL_IMU,116.453,5.866,20.000,4,13,8,13,ROLL_LEFT
1656,124.779663,0,0.000,0.141,0.026,-5.680,18.671,110.583,0.000,0.000,0.000,-31.875,5.125,22.375,-3.127,-10.073,-29.810,0.105,-0.815,-0.555,0.132,1,-37.232,-1.454,-24.980,0.000,2,41.519035,-86.239647,0.000000,0.565,248.000000,10,42,26,80,12,3,U_TURN_HDG,AP_HDG_SEL_IMU,116.453,5.870,20.000,4,13,8,13,ROLL_LEFT
1657,124.846283,0,0.000,-0.077,-0.090,-5.680,18.671,110.583,0.000,0.000,0.000,-31.875,5.125,22.375,-3.127,-10.099,-29.810,0.105,-0.815,-0.555,0.132,1,-37.644,-1.529,-25.117,0.000,2,41.519035,-86.239647,0.000000,0.522,248.000000,10,42,26,84,12,3,U_TURN_HDG,AP_HDG_SEL_IMU,116.453,5.870,20.000,4,13,8,13,ROLL_LEFT
1658,124.906784,0,0.000,-0.077,0.026,-5.676,18.678,110.579,0.000,0.000,0.000,-31.875,5.125,22.375,-3.127,-10.099,-29.810,0.105,-0.815,-0.555,0.132,1,-36.896,-1.521,-24.867,0.000,2,41.519035,-86.239647,0.000000,0.471,248.000000,10,42,26,92,12,3,U_TURN_HDG,AP_HDG_SEL_IMU,116.453,5.874,20.000,4,13,8,13,ROLL_LEFT
1659,124.952507,0,0.000,0.051,0.000,-5.682,18.682,110.578,0.000,0.000,0.000,-31.875,5.125,22.375,-3.127,-10.099,-29.784,0.105,-0.815,-0.555,0.133,1,-37.932,-1.511,-25.214,0.000,2,41.519035,-86.239647,0.000000,0.186,248.000000,10,42,26,96,12,3,U_TURN_HDG,AP_HDG_SEL_IMU,116.453,5.875,20.000,4,13,8,13,ROLL_LEFT
1660,125.026352,0,0.000,0.051,0.000,-5.682,18.682,110.578,0.000,0.000,0.000,-31.875,5.125,22.375,-3.127,-10.099,-29.784,0.105,-0.815,-0.555,0.133,1,-36.938,-1.461,-24.881,0.000,2,41.519035,-86.239647,0.000000,0.363,248.000000,10,42,27,4,12,3,U_TURN_HDG,AP_HDG_SEL_IMU,116.453,5.875,20.000,4,13,8,13,ROLL_LEFT
1661,125.097435,0,0.026,0.077,-0.115,-5.678,18.687,110.579,0.000,0.000,0.000,-31.875,5.125,22.375,-3.153,-10.124,-29.784,0.105,-0.815,-0.555,0.133,1,-37.612,-1.470,-25.107,0.000,2,41.519035,-86.239647,0.000000,0.550,247.899994,10,42,27,12,12,3,U_TURN_HDG,AP_HDG_SEL_IMU,116.453,5.874,20.000,4,13,8,13,ROLL_LEFT
1662,125.177193,0,0.026,0.077,0.000,-5.683,18.691,110.578,0.000,0.000,0.000,-31.875,5.125,22.375,-3.153,-10.124,-29.784,0.105,-0.815,-0.555,0.133,1,-37.774,-1.493,-25.161,0.000,2,41.519035,-86.239647,0.000000,0.513,247.899994,10,42,27,20,12,3,U_TURN_HDG,AP_HDG_SEL_IMU,116.453,5.875,20.000,4,13,8,13,ROLL_LEFT
1663,125.305511,0,0.026,-0.051,0.000,-5.691,18.705,110.576,0.000,0.000,0.000,-31.875,5.125,22.375,-3.153,-10.124,-29.784,0.106,-0.815,-0.555,0.133,1,-37.644,-1.529,-25.117,0.000,2,41.519035,-86.239647,183.009995,0.915,247.800003,10,42,27,32,12,3,U_TURN_HDG,AP_HDG_SEL_IMU,116.453,5.877,20.000,4,13,8,13,ROLL_LEFT
1664,125.380562,0,0.026,0.077,0.051,-5.687,18.711,110.576,0.000,0.000,0.000,-31.875,5.125,22.375,-3.153,-10.124,-29.835,0.106,-0.815,-0.555,0.133,1,-37.257,-1.501,-24.988,0.000,2,41.519035,-86.239647,178.070007,0.969,247.800003,10,42,27,40,12,3,U_TURN_HDG,AP_HDG_SEL_IMU,116.453,5.877,20.000,4,13,8,13,ROLL_LEFT
1665,125.432579,0,0.026,0.077,0.051,-5.687,18.711,110.576,0.000,0.000,0.000,-31.875,5.125,22.375,-3.153,-10.124,-29.835,0.106,-0.815,-0.555,0.133,1,-38.205,-1.460,-25.304,0.000,2,41.519035,-86.239647,178.940002,0.839,247.800003,10,42,27,44,12,3,U_TURN_HDG,AP_HDG_SEL_IMU,116.453,5.877,20.000,4,13,8,13,ROLL_LEFT
1666,125.502502,0,0.000,0.051,-0.115,-5.692,18.715,110.575,0.000,0.000,0.000,-31.875,5.125,22.375,-3.127,-10.099,-29.784,0.106,-0.815,-0.555,0.133,1,-37.175,-1.489,-24.961,0.000,2,41.519035,-86.239647,182.160004,0.763,247.800003,10,42,27,48,12,3,U_TURN_HDG,AP_HDG_SEL_IMU,116.453,5.878,20.000,4,13,8,13,ROLL_LEFT
1667,125.555496,0,0.000,-0.077,-0.115,-5.692,18.715,110.575,0.000,0.000,0.000,-31.875,5.125,22.375,-3.127,-10.099,-29.784,0.106,-0.815,-0.555,0.133,1,-37.787,-1.516,-25.165,0.000,2,41.519035,-86.239647,0.000000,0.565,247.800003,10,42,27,56,12,3,U_TURN_HDG,AP_HDG_SEL_IMU,116.453,5.878,20.000,4,13,8,13,ROLL_LEFT
1668,125.621513,0,0.026,0.077,-0.064,-5.688,18.720,110.575,0.000,0.000,0.000,-31.875,5.125,22.375,-3.153,-10.124,-29.835,0.106,-0.815,-0.555,0.133,1,-37.636,-1.513,-25.115,0.000,2,41.519035,-86.239647,0.000000,0.324,247.800003,10,42,27,60,12,3,U_TURN_HDG,AP_HDG_SEL_IMU,116.453,5.878,20.000,4,13,8,13,ROLL_LEFT
1669,125.675507,0,0.026,0.077,0.051,-5.688,18.720,110.575,0.000,0.000,0.000,-31.875,5.125,22.375,-3.153,-10.124,-29.835,0.106,-0.815,-0.555,0.133,1,-37.697,-1.488,-25.135,0.000,2,41.519035,-86.239647,0.000000,0.164,247.800003,10,42,27,68,12,3,U_TURN_HDG,AP_HDG_SEL_IMU,116.453,5.878,20.000,4,13,8,13,ROLL_LEFT
1670,125.755280,0,0.026,0.077,0.051,-5.694,18.724,110.574,0.000,0.000,0.000,-31.875,5.125,22.375,-3.153,-10.124,-29.835,0.106,-0.815,-0.555,0.133,1,-37.257,-1.501,-24.988,0.000,2,41.519035,-86.239647,0.000000,0.199,247.800003,10,42,27,72,12,3,U_TURN_HDG,AP_HDG_SEL_IMU,116.453,5.879,20.000,4,13,8,13,ROLL_LEFT
1671,125.836678,0,-0.103,0.077,0.051,-5.694,18.724,110.574,0.000,0.000,0.000,-31.875,5.125,22.375,-3.153,-10.124,-29.835,0.106,-0.815,-0.555,0.133,1,-37.170,-1.480,-24.959,0.000,2,41.519035,-86.239647,0.000000,0.289,247.800003,10,42,27,84,12,3,U_TURN_HDG,AP_HDG_SEL_IMU,116.453,5.879,20.000,4,13,8,13,ROLL_LEFT
1672,125.897339,0,0.051,0.077,0.026,-5.694,18.725,110.570,0.000,0.000,0.000,-31.875,5.125,22.375,-3.153,-10.124,-29.835,0.106,-0.815,-0.555,0.133,1,-37.478,-1.496,-25.062,0.000,2,41.519035,-86.239647,0.000000,0.273,247.800003,10,42,27,92,12,3,U_TURN_HDG,AP_HDG_SEL_IMU,116.453,5.883,20.000,4,13,8,13,ROLL_LEFT
1673,125.971497,0,0.051,0.077,0.026,-5.700,18.730,110.575,0.000,0.000,0.000,-31.875,5.125,22.375,-3.178,-10.124,-29.810,0.106,-0.815,-0.555,0.133,1,-37.412,-1.513,-25.040,0.000,2,41.519035,-86.239647,0.000000,0.253,247.800003,10,42,27,96,12,3,U_TURN_HDG,AP_HDG_SEL_IMU,116.453,5.878,20.000,4,13,8,13,ROLL_LEFT
1674,126.024643,0,0.051,-0.051,0.026,-5.706,18.734,110.574,0.000,0.000,0.000,-31.875,5.125,22.375,-3.178,-10.124,-29.810,0.106,-0.815,-0.555,0.133,1,-37.603,-1.448,-25.104,0.000,2,41.519035,-86.239647,0.000000,0.334,247.800003,10,42,28,4,12,3,U_TURN_HDG,AP_HDG_SEL_IMU,116.453,5.879,20.000,4,13,8,13,ROLL_LEFT
1675,126.104393,0,0.026,-0.051,-0.064,-5.706,18.734,110.574,0.000,0.000,0.000,-31.875,5.125,22.375,-3.153,-10.124,-29.835,0.106,-0.815,-0.555,0.133,1,-37.101,-1.483,-24.936,0.000,2,41.519035,-86.239647,0.000000,0.392,247.800003,10,42,28,12,12,3,U_TURN_HDG,AP_HDG_SEL_IMU,116.453,5.879,20.000,4,13,8,13,ROLL_LEFT
1676,126.171516,0,0.000,-0.077,0.026,-5.712,18.738,110.572,0.000,0.000,0.000,-31.875,5.125,22.375,-3.127,-10.099,-29.810,0.106,-0.815,-0.555,0.133,1,-37.472,-1.486,-25.060,0.000,2,41.519035,-86.239647,0.000000,0.311,247.800003,10,42,28,16,12,3,U_TURN_HDG,AP_HDG_SEL_IMU,116.453,5.881,20.000,4,13,8,13,ROLL_LEFT
1677,126.224663,0,0.026,-0.077,0.026,-5.706,18.734,110.574,0.000,0.000,0.000,-31.875,5.125,22.375,-3.153,-10.099,-29.810,0.106,-0.815,-0.555,0.133,1,-37.626,-1.494,-25.111,0.000,2,41.519035,-86.239647,0.000000,0.299,247.800003,10,42,28,24,12,3,U_TURN_HDG,AP_HDG_SEL_IMU,116.453,5.879,20.000,4,13,8,13,ROLL_LEFT
1678,126.290314,0,0.000,0.051,0.154,-5.710,18.728,110.573,0.000,0.000,0.000,-31.875,5.125,22.375,-3.153,-10.099,-29.810,0.106,-0.815,-0.555,0.133,1,-37.427,-1.537,-25.045,0.000,2,41.519035,-86.239647,0.000000,0.383,247.800003,10,42,28,28,12,3,U_TURN_HDG,AP_HDG_SEL_IMU,116.453,5.880,20.000,4,13,8,13,ROLL_LEFT
1679,126.346504,0,0.000,-0.077,0.026,-5.710,18.728,110.573,0.000,0.000,0.000,-31.875,5.125,22.375,-3.127,-10.099,-29.810,0.106,-0.815,-0.555,0.133,1,-37.232,-1.455,-24.980,0.000,2,41.519035,-86.239647,0.000000,0.305,247.800003,10,42,28,36,12,3,U_TURN_HDG,AP_HDG_SEL_IMU,116.453,5.880,20.000,4,13,8,13,ROLL_LEFT
1680,126.457855,0,0.026,0.051,0.026,-5.706,18.734,110.574,0.000,0.000,0.000,-31.875,5.125,22.375,-3.153,-10.099,-29.810,0.106,-0.815,-0.555,0.133,1,-37.071,-1.430,-24.926,0.000,2,41.519035,-86.239647,0.000000,0.219,247.800003,10,42,28,48,12,3,U_TURN_HDG,AP_HDG_SEL_IMU,116.453,5.879,20.000,4,13,8,13,ROLL_LEFT
1681,126.514572,0,-0.103,-0.077,0.026,-5.710,18.728,110.573,0.000,0.000,0.000,-31.875,5.125,22.375,-3.153,-10.099,-29.810,0.106,-0.815,-0.555,0.133,1,-37.914,-1.476,-25.208,0.000,2,41.519035,-86.239647,0.000000,0.149,247.800003,10,42,28,52,12,3,U_TURN_HDG,AP_HDG_SEL_IMU,116.453,5.880,20.000,4,13,8,13,ROLL_LEFT
1682,126.570511,0,0.026,-0.077,0.154,-5.710,18.727,110.577,0.000,0.000,0.000,-31.875,5.125,22.375,-3.153,-10.099,-29.810,0.106,-0.815,-0.555,0.133,1,-38.126,-1.456,-25.278,0.000,2,41.519035,-86.239647,0.000000,0.150,247.800003,10,42,28,56,12,3,U_TURN_HDG,AP_HDG_SEL_IMU,116.453,5.876,20.000,4,13,8,13,ROLL_LEFT
1683,126.623634,0,0.026,0.051,-0.090,-5.710,18.727,110.577,0.000,0.000,0.000,-31.875,5.125,22.375,-3.153,-10.099,-29.810,0.106,-0.815,-0.555,0.133,1,-37.373,-1.438,-25.027,0.000,2,41.519035,-86.239647,0.000000,0.174,247.800003,10,42,28,64,12,3,U_TURN_HDG,AP_HDG_SEL_IMU,116.453,5.876,20.000,4,13,8,13,ROLL_LEFT
1684,126.689247,0,0.026,0.051,0.026,-5.710,18.727,110.577,0.000,0.000,0.000,-31.875,5.125,22.375,-3.153,-10.099,-29.810,0.106,-0.815,-0.555,0.133,1,-36.946,-1.475,-24.884,0.000,2,41.519035,-86.239647,0.000000,0.106,247.800003,10,42,28,68,12,3,U_TURN_HDG,AP_HDG_SEL_IMU,116.453,5.876,20.000,4,13,8,13,ROLL_LEFT
1685,126.772682,0,0.026,-0.077,0.026,-5.710,18.727,110.577,0.000,0.000,0.000,-31.875,5.125,22.375,-3.153,-10.099,-29.810,0.106,-0.815,-0.555,0.133,1,-37.087,-1.462,-24.931,0.000,2,41.519035,-86.239647,0.000000,0.289,247.800003,10,42,28,76,12,3,U_TURN_HDG,AP_HDG_SEL_IMU,116.453,5.876,20.000,4,13,8,13,ROLL_LEFT
1686,126.833504,0,0.000,0.051,0.026,-5.714,18.721,110.577,0.000,0.000,0.000,-31.875,5.125,22.375,-3.127,-10.099,-29.810,0.106,-0.815,-0.555,0.133,1,-37.673,-1.444,-25.127,0.000,2,41.519035,-86.239647,0.000000,0.186,247.800003,10,42,28,84,12,3,U_TURN_HDG,AP_HDG_SEL_IMU,116.453,5.876,20.000,4,13,8,13,ROLL_LEFT
1687,126.889503,0,0.000,-0.077,0.026,-5.705,18.723,110.578,0.000,0.000,0.000,-31.875,5.125,22.375,-3.127,-10.099,-29.810,0.106,-0.815,-0.555,0.133,1,-36.555,-1.443,-24.751,0.000,2,41.519035,-86.239647,0.000000,0.295,247.800003,10,42,28,88,12,3,U_TURN_HDG,AP_HDG_SEL_IMU,116.453,5.875,20.000,4,13,8,13,ROLL_LEFT
1688,126.942223,0,0.000,0.051,0.026,-5.705,18.723,110.578,0.000,0.000,0.000,-31.875,5.125,22.375,-3.127,-10.099,-29.810,0.106,-0.815,-0.555,0.133,1,-37.364,-1.422,-25.024,0.000,2,41.519035,-86.239647,0.000000,0.297,247.800003,10,42,28,96,12,3,U_TURN_HDG,AP_HDG_SEL_IMU,116.453,5.875,20.000,4,13,8,13,ROLL_LEFT
1689,126.998665,0,0.000,-0.077,0.026,-5.705,18.723,110.578,0.000,0.000,0.000,-31.875,5.125,22.375,-3.127,-10.099,-29.810,0.106,-0.815,-0.555,0.133,1,-37.881,-1.415,-25.196,0.000,2,41.519035,-86.239647,0.000000,0.299,247.800003,10,42,29,0,12,3,U_TURN_HDG,AP_HDG_SEL_IMU,116.453,5.875,20.000,4,13,8,13,ROLL_LEFT
1690,127.064392,0,0.000,0.051,-0.090,-5.705,18.723,110.578,0.000,0.000,0.000,-31.875,5.125,22.375,-3.127,-10.099,-29.810,0.106,-0.815,-0.555,0.133,1,-37.244,-1.474,-24.984,0.000,2,41.519035,-86.239647,0.000000,0.219,247.699997,10,42,29,8,12,3,U_TURN_HDG,AP_HDG_SEL_IMU,116.453,5.875,20.000,4,13,8,13,ROLL_LEFT
1691,127.144440,0,0.000,0.051,0.026,-5.698,18.719,110.574,0.000,0.000,0.000,-31.875,5.125,22.375,-3.127,-10.099,-29.810,0.106,-0.815,-0.555,0.133,1,-37.610,-1.460,-25.106,0.000,2,41.519035,-86.239647,0.000000,0.336,247.800003,10,42,29,16,12,3,U_TURN_HDG,AP_HDG_SEL_IMU,116.453,5.879,20.000,4,13,8,13,ROLL_LEFT
1692,127.224258,0,0.000,-0.077,0.026,-5.698,18.719,110.574,0.000,0.000,0.000,-31.875,5.125,22.375,-3.127,-10.099,-29.810,0.106,-0.815,-0.555,0.133,1,-37.153,-1.444,-24.953,0.000,2,41.519035,-86.239647,0.000000,0.349,247.800003,10,42,29,24,12,3,U_TURN_HDG,AP_HDG_SEL_IMU,116.453,5.879,20.000,4,13,8,13,ROLL_LEFT
1693,127.306244,0,0.000,0.051,0.026,-5.698,18.719,110.574,0.000,0.000,0.000,-31.875,5.125,22.375,-3.153,-10.099,-29.835,0.106,-0.815,-0.555,0.133,1,-37.211,-1.412,-24.973,0.000,2,41.519035,-86.239647,0.000000,0.069,247.800003,10,42,29,32,12,3,U_TURN_HDG,AP_HDG_SEL_IMU,116.453,5.879,20.000,4,13,8,13,ROLL_LEFT
1694,127.422188,0,0.026,-0.077,-0.064,-5.698,18.719,110.574,0.000,0.000,0.000,-31.875,5.125,22.375,-3.153,-10.099,-29.835,0.106,-0.815,-0.555,0.133,1,-37.277,-1.397,-24.995,0.000,2,41.519035,-86.239647,0.000000,0.052,247.800003,10,42,29,44,12,3,U_TURN_HDG,AP_HDG_SEL_IMU,116.453,5.879,20.000,4,13,8,13,ROLL_LEFT
1695,127.502312,0,0.000,0.051,0.026,-5.698,18.719,110.574,0.000,0.000,0.000,-31.875,5.125,22.375,-3.127,-10.099,-29.810,0.106,-0.815,-0.555,0.133,1,-37.766,-1.478,-25.158,0.000,2,41.519035,-86.239647,0.000000,0.115,247.800003,10,42,29,52,12,3,U_TURN_HDG,AP_HDG_SEL_IMU,116.453,5.879,20.000,4,13,8,13,ROLL_LEFT
1696,127.558517,0,0.000,0.051,0.026,-5.692,18.715,110.575,0.000,0.000,0.000,-31.875,5.125,22.375,-3.127,-10.099,-29.810,0.106,-0.815,-0.555,0.133,1,-37.449,-1.443,-25.052,0.000,2,41.519035,-86.239647,0.000000,0.101,247.800003,10,42,29,56,12,3,U_TURN_HDG,AP_HDG_SEL_IMU,116.453,5.878,20.000,4,13,8,13,ROLL_LEFT
1697,127.622353,0,0.000,0.051,-0.090,-5.692,18.715,110.575,0.000,0.000,0.000,-31.875,5.125,22.375,-3.127,-10.099,-29.810,0.106,-0.815,-0.555,0.133,1,-38.105,-1.417,-25.271,0.000,2,41.519035,-86.239647,0.000000,0.233,247.800003,10,42,29,64,12,3,U_TURN_HDG,AP_HDG_SEL_IMU,116.453,5.878,20.000,4,13,8,13,ROLL_LEFT
1698,127.679092,0,0.000,-0.077,0.026,-5.692,18.715,110.575,0.000,0.000,0.000,-31.875,5.125,22.375,-3.127,-10.099,-29.810,0.106,-0.815,-0.555,0.133,1,-37.467,-1.477,-25.058,0.000,2,41.519035,-86.239647,0.000000,0.331,247.800003,10,42,29,68,12,3,U_TURN_HDG,AP_HDG_SEL_IMU,116.453,5.878,20.000,4,13,8,13,ROLL_LEFT
1699,127.738304,0,0.000,0.051,0.026,-5.692,18.715,110.575,0.000,0.000,0.000,-31.875,5.125,22.375,-3.127,-10.099,-29.810,0.106,-0.815,-0.555,0.133,1,-37.396,-1.482,-25.035,0.000,2,41.519035,-86.239647,0.000000,0.348,247.800003,10,42,29,76,12,3,U_TURN_HDG,AP_HDG_SEL_IMU,116.453,5.878,20.000,4,13,8,13,ROLL_LEFT
1700,127.822258,0,0.000,0.051,0.026,-5.692,18.715,110.575,0.000,0.000,0.000,-31.875,5.125,22.375,-3.127,-10.099,-29.810,0.106,-0.815,-0.555,0.133,1,-37.540,-1.472,-25.083,0.000,2,41.519035,-86.239647,0.000000,0.197,247.699997,10,42,29,84,12,3,U_TURN_HDG,AP_HDG_SEL_IMU,116.453,5.878,20.000,4,13,8,13,ROLL_LEFT
1701,127.878510,0,0.000,-0.077,-0.090,-5.692,18.715,110.575,0.000,0.000,0.000,-31.875,5.125,22.375,-3.127,-10.099,-29.810,0.106,-0.815,-0.555,0.133,1,-38.105,-1.416,-25.271,0.000,2,41.519035,-86.239647,0.000000,0.338,247.699997,10,42,29,88,12,3,U_TURN_HDG,AP_HDG_SEL_IMU,116.453,5.878,20.000,4,13,8,13,ROLL_LEFT
1702,127.944260,0,0.026,0.077,-0.064,-5.688,18.720,110.575,0.000,0.000,0.000,-31.875,5.125,22.375,-3.153,-10.124,-29.835,0.106,-0.815,-0.555,0.133,1,-37.364,-1.419,-25.024,0.000,2,41.519035,-86.239647,0.000000,0.268,247.699997,10,42,29,96,12,3,U_TURN_HDG,AP_HDG_SEL_IMU,116.453,5.878,20.000,4,13,8,13,ROLL_LEFT
1703,127.998634,0,0.026,0.051,0.051,-5.688,18.720,110.575,0.000,0.000,0.000,-31.875,5.125,22.375,-3.153,-10.099,-29.835,0.106,-0.815,-0.555,0.133,1,-37.747,-1.444,-25.152,0.000,2,41.519035,-86.239647,0.000000,0.203,247.699997,10,42,30,0,12,3,U_TURN_HDG,AP_HDG_SEL_IMU,116.453,5.878,20.000,4,13,8,13,ROLL_LEFT
1704,128.062134,0,0.000,-0.077,0.026,-5.688,18.720,110.575,0.000,0.000,0.000,-31.875,5.125,22.375,-3.127,-10.099,-29.810,0.106,-0.815,-0.555,0.133,1,-37.603,-1.447,-25.104,0.000,2,41.519035,-86.239647,0.000000,0.339,247.699997,10,42,30,8,12,3,U_TURN_HDG,AP_HDG_SEL_IMU,116.453,5.878,20.000,4,13,8,13,ROLL_LEFT
1705,128.144608,0,0.000,-0.077,0.026,-5.688,18.720,110.575,0.000,0.000,0.000,-31.875,5.125,22.375,-3.127,-10.099,-29.810,0.106,-0.815,-0.555,0.133,1,-37.386,-1.461,-25.031,0.000,2,41.519035,-86.239647,0.000000,0.292,247.699997,10,42,30,16,12,3,U_TURN_HDG,AP_HDG_SEL_IMU,116.453,5.878,20.000,4,13,8,13,ROLL_LEFT
1706,128.222137,0,0.000,0.051,0.026,-5.688,18.720,110.575,0.000,0.000,0.000,-31.875,5.125,22.375,-3.127,-10.099,-29.810,0.106,-0.815,-0.555,0.133,1,-36.846,-1.425,-24.850,0.000,2,41.519035,-86.239647,0.000000,0.191,247.600006,10,42,30,24,12,3,U_TURN_HDG,AP_HDG_SEL_IMU,116.453,5.878,20.000,4,13,8,13,ROLL_LEFT
1707,128.267517,0,0.000,0.051,-0.090,-5.688,18.720,110.575,0.000,0.000,0.000,-31.875,5.125,22.375,-3.127,-10.099,-29.810,0.106,-0.815,-0.555,0.133,1,-37.478,-1.498,-25.062,0.000,2,41.519035,-86.239647,0.000000,0.159,247.600006,10,42,30,28,12,3,U_TURN_HDG,AP_HDG_SEL_IMU,116.453,5.878,20.000,4,13,8,13,ROLL_LEFT
1708,128.384323,0,-0.128,0.051,0.026,-5.683,18.716,110.576,0.000,0.000,0.000,-31.875,5.125,22.375,-3.127,-10.099,-29.810,0.106,-0.815,-0.555,0.133,1,-37.351,-1.397,-25.020,0.000,2,41.519035,-86.239647,0.000000,0.243,247.699997,10,42,30,40,12,3,U_TURN_HDG,AP_HDG_SEL_IMU,116.453,5.877,20.000,4,13,8,13,ROLL_LEFT
1709,128.462387,0,0.051,-0.051,0.026,-5.688,18.720,110.575,0.000,0.000,0.000,-31.875,5.125,22.375,-3.178,-10.124,-29.810,0.106,-0.815,-0.555,0.133,1,-37.472,-1.487,-25.060,0.000,2,41.519035,-86.239647,0.000000,0.403,247.600006,10,42,30,48,12,3,U_TURN_HDG,AP_HDG_SEL_IMU,116.453,5.878,20.000,4,13,8,13,ROLL_LEFT
1710,128.520737,0,-0.077,-0.051,0.154,-5.692,18.715,110.575,0.000,0.000,0.000,-31.875,5.125,22.375,-3.178,-10.124,-29.810,0.106,-0.815,-0.555,0.133,1,-36.925,-1.437,-24.876,0.000,2,41.519035,-86.239647,0.000000,0.478,247.600006,10,42,30,52,12,3,U_TURN_HDG,AP_HDG_SEL_IMU,116.453,5.878,20.000,4,13,8,13,ROLL_LEFT
1711,128.591507,0,0.051,-0.051,0.026,-5.705,18.723,110.578,0.000,0.000,0.000,-31.875,5.125,22.375,-3.178,-10.124,-29.810,0.106,-0.815,-0.555,0.133,1,-36.931,-1.448,-24.879,0.000,2,41.519035,-86.239647,0.000000,0.348,247.600006,10,42,30,60,12,3,U_TURN_HDG,AP_HDG_SEL_IMU,116.453,5.875,20.000,4,13,8,13,ROLL_LEFT
1712,128.700195,0,0.051,0.077,0.026,-5.705,18.723,110.578,0.000,0.000,0.000,-31.875,5.125,22.375,-3.178,-10.124,-29.810,0.106,-0.815,-0.555,0.133,1,-37.650,-1.396,-25.120,0.000,2,41.519035,-86.239647,0.000000,0.223,247.600006,10,42,30,72,12,3,U_TURN_HDG,AP_HDG_SEL_IMU,116.453,5.875,20.000,4,13,8,13,ROLL_LEFT
1713,128.818512,0,0.051,-0.051,0.026,-5.716,18.731,110.576,0.000,0.000,0.000,-31.875,5.125,22.375,-3.153,-10.099,-29.810,0.106,-0.815,-0.555,0.133,1,-37.957,-1.417,-25.222,0.000,2,41.519035,-86.239647,0.000000,0.344,247.600006,10,42,30,84,12,3,U_TURN_HDG,AP_HDG_SEL_IMU,116.453,5.877,20.000,4,13,8,13,ROLL_LEFT
1714,128.901337,0,0.026,-0.077,0.026,-5.710,18.727,110.577,0.000,0.000,0.000,-31.875,5.125,22.375,-3.153,-10.099,-29.810,0.106,-0.815,-0.555,0.133,1,-37.523,-1.439,-25.077,0.000,2,41.519035,-86.239647,0.000000,0.442,247.600006,10,42,30,92,12,3,U_TURN_HDG,AP_HDG_SEL_IMU,116.453,5.876,20.000,4,13,8,13,ROLL_LEFT
1715,128.956650,0,0.000,0.051,-0.090,-5.710,18.727,110.577,0.000,0.000,0.000,-31.875,5.125,22.375,-3.153,-10.099,-29.810,0.106,-0.815,-0.555,0.133,1,-37.517,-1.432,-25.075,0.000,2,41.519035,-86.239647,0.000000,0.616,247.600006,10,42,30,96,12,3,U_TURN_HDG,AP_HDG_SEL_IMU,116.453,5.876,20.000,4,13,8,13,ROLL_LEFT
1716,129.030579,0,0.000,0.051,0.026,-5.710,18.727,110.577,0.000,0.000,0.000,-31.875,5.125,22.375,-3.127,-10.099,-29.810,0.106,-0.815,-0.555,0.133,1,-37.941,-1.383,-25.216,0.000,2,41.519032,-86.239647,0.000000,0.673,247.500000,10,42,31,4,12,3,U_TURN_HDG,AP_HDG_SEL_IMU,116.453,5.876,20.000,4,13,8,13,ROLL_LEFT
1717,129.106506,0,0.000,-0.077,0.026,-5.710,18.727,110.577,0.000,0.000,0.000,-31.875,5.125,22.375,-3.127,-10.099,-29.810,0.106,-0.815,-0.555,0.133,1,-36.854,-1.441,-24.853,0.000,2,41.519032,-86.239647,0.000000,0.704,247.500000,10,42,31,8,12,3,U_TURN_HDG,AP_HDG_SEL_IMU,116.453,5.876,20.000,4,13,8,13,ROLL_LEFT
1718,129.186111,0,0.000,-0.077,0.026,-5.705,18.723,110.578,0.000,0.000,0.000,-31.875,5.125,22.375,-3.127,-10.099,-29.810,0.106,-0.815,-0.555,0.133,1,-36.986,-1.413,-24.897,0.000,2,41.519032,-86.239647,0.000000,0.722,247.399994,10,42,31,20,12,3,U_TURN_HDG,AP_HDG_SEL_IMU,116.453,5.875,20.000,4,13,8,13,ROLL_LEFT
1719,129.255753,0,0.000,0.051,0.026,-5.705,18.723,110.578,0.000,0.000,0.000,-31.875,5.125,22.375,-3.127,-10.099,-29.810,0.106,-0.815,-0.555,0.133,1,-37.353,-1.402,-25.020,0.000,2,41.519032,-86.239647,180.559998,0.861,247.399994,10,42,31,24,12,3,U_TURN_HDG,AP_HDG_SEL_IMU,116.453,5.875,20.000,4,13,8,13,ROLL_LEFT
1720,129.318832,0,0.000,0.051,-0.090,-5.698,18.719,110.574,0.000,0.000,0.000,-31.875,5.125,22.375,-3.127,-10.099,-29.810,0.106,-0.815,-0.555,0.133,1,-37.271,-1.388,-24.993,0.000,2,41.519032,-86.239647,177.520004,1.033,247.399994,10,42,31,32,12,3,U_TURN_HDG,AP_HDG_SEL_IMU,116.453,5.879,20.000,4,13,8,13,ROLL_LEFT
1721,129.377991,0,0.000,0.051,0.026,-5.694,18.724,110.574,0.000,0.000,0.000,-31.875,5.125,22.375,-3.127,-10.099,-29.810,0.106,-0.815,-0.555,0.133,1,-38.187,-1.426,-25.298,0.000,2,41.519032,-86.239647,175.690002,1.031,247.399994,10,42,31,36,12,3,U_TURN_HDG,AP_HDG_SEL_IMU,116.453,5.879,20.000,4,13,8,13,ROLL_LEFT
1722,129.430817,0,0.000,0.051,0.026,-5.694,18.724,110.574,0.000,0.000,0.000,-31.875,5.125,22.375,-3.127,-10.099,-29.810,0.106,-0.815,-0.555,0.133,1,-37.734,-1.416,-25.148,0.000,2,41.519032,-86.239647,178.190002,0.970,247.300003,10,42,31,44,12,3,U_TURN_HDG,AP_HDG_SEL_IMU,116.453,5.879,20.000,4,13,8,13,ROLL_LEFT
1723,129.504684,0,0.000,-0.077,0.026,-5.694,18.724,110.574,0.000,0.000,0.000,-31.875,5.125,22.375,-3.127,-10.099,-29.810,0.106,-0.815,-0.555,0.133,1,-37.820,-1.439,-25.176,0.000,2,41.519032,-86.239647,175.660004,0.847,247.399994,10,42,31,52,12,3,U_TURN_HDG,AP_HDG_SEL_IMU,116.453,5.879,20.000,4,13,8,13,ROLL_LEFT
1724,129.555511,0,0.000,0.051,-0.090,-5.688,18.720,110.575,0.000,0.000,0.000,-31.875,5.125,22.375,-3.127,-10.099,-29.810,0.106,-0.815,-0.555,0.133,1,-37.563,-1.379,-25.090,0.000,2,41.519032,-86.239647,0.000000,0.592,247.399994,10,42,31,56,12,3,U_TURN_HDG,AP_HDG_SEL_IMU,116.453,5.878,20.000,4,13,8,13,ROLL_LEFT
1725,129.619614,0,0.000,0.051,0.026,-5.688,18.720,110.575,0.000,0.000,0.000,-31.875,5.125,22.375,-3.127,-10.099,-29.810,0.106,-0.815,-0.555,0.133,1,-36.611,-1.404,-24.770,0.000,2,41.519032,-86.239647,0.000000,0.346,247.300003,10,42,31,64,12,3,U_TURN_HDG,AP_HDG_SEL_IMU,116.453,5.878,20.000,4,13,8,13,ROLL_LEFT
1726,129.687180,0,0.000,0.051,0.026,-5.688,18.720,110.575,0.000,0.000,0.000,-31.875,5.125,22.375,-3.127,-10.099,-29.810,0.106,-0.815,-0.555,0.133,1,-37.351,-1.396,-25.020,0.000,2,41.519032,-86.239647,0.000000,0.309,247.300003,10,42,31,68,12,3,U_TURN_HDG,AP_HDG_SEL_IMU,116.453,5.878,20.000,4,13,8,13,ROLL_LEFT
1727,129.738251,0,0.000,0.051,0.026,-5.688,18.720,110.575,0.000,0.000,0.000,-31.875,5.125,22.375,-3.127,-10.099,-29.810,0.106,-0.815,-0.555,0.133,1,-37.650,-1.399,-25.120,0.000,2,41.519032,-86.239647,0.000000,0.486,247.300003,10,42,31,76,12,3,U_TURN_HDG,AP_HDG_SEL_IMU,116.453,5.878,20.000,4,13,8,13,ROLL_LEFT
1728,129.814224,0,0.000,0.051,-0.090,-5.688,18.720,110.575,0.000,0.000,0.000,-31.875,5.125,22.375,-3.127,-10.099,-29.810,0.106,-0.815,-0.555,0.133,1,-36.925,-1.435,-24.876,0.000,2,41.519032,-86.239647,0.000000,0.543,247.300003,10,42,31,84,12,3,U_TURN_HDG,AP_HDG_SEL_IMU,116.453,5.878,20.000,4,13,8,13,ROLL_LEFT
1729,129.864334,0,0.000,-0.077,0.026,-5.688,18.720,110.575,0.000,0.000,0.000,-31.875,5.125,22.375,-3.127,-10.099,-29.810,0.106,-0.815,-0.555,0.133,1,-37.433,-1.414,-25.047,0.000,2,41.519032,-86.239647,0.000000,0.668,247.300003,10,42,31,88,12,3,U_TURN_HDG,AP_HDG_SEL_IMU,116.453,5.878,20.000,4,13,8,13,ROLL_LEFT
1730,129.942947,0,0.000,0.051,0.026,-5.683,18.716,110.576,0.000,0.000,0.000,-31.875,5.125,22.375,-3.127,-10.099,-29.810,0.106,-0.815,-0.555,0.133,1,-37.605,-1.454,-25.105,0.000,2,41.519032,-86.239647,178.759995,0.788,247.199997,10,42,31,96,12,3,U_TURN_HDG,AP_HDG_SEL_IMU,116.453,5.877,20.000,4,13,8,13,ROLL_LEFT
1731,130.014816,0,0.000,0.051,0.026,-5.683,18.716,110.576,0.000,0.000,0.000,-31.875,5.125,22.375,-3.127,-10.099,-29.810,0.106,-0.815,-0.555,0.133,1,-37.010,-1.455,-24.905,0.000,2,41.519032,-86.239647,179.059998,0.994,247.199997,10,42,32,0,12,3,U_TURN_HDG,AP_HDG_SEL_IMU,116.453,5.877,20.000,4,13,8,13,ROLL_LEFT
1732,130.099106,0,0.000,-0.077,0.026,-5.683,18.716,110.576,0.000,0.000,0.000,-31.875,5.125,22.375,-3.127,-10.099,-29.810,0.106,-0.815,-0.555,0.133,1,-37.512,-1.420,-25.074,0.000,2,41.519032,-86.239647,182.410004,0.920,247.100006,10,42,32,8,12,3,U_TURN_HDG,AP_HDG_SEL_IMU,116.453,5.877,20.000,4,13,8,13,ROLL_LEFT
1733,130.160507,0,0.000,0.051,0.026,-5.683,18.716,110.576,0.000,0.000,0.000,-31.875,5.125,22.375,-3.127,-10.099,-29.810,0.106,-0.815,-0.555,0.133,1,-37.158,-1.454,-24.955,0.000,2,41.519032,-86.239647,182.399994,0.815,247.100006,10,42,32,16,12,3,U_TURN_HDG,AP_HDG_SEL_IMU,116.453,5.877,20.000,4,13,8,13,ROLL_LEFT
1734,130.223221,0,0.000,0.051,0.026,-5.683,18.716,110.576,0.000,0.000,0.000,-31.875,5.125,22.375,-3.127,-10.099,-29.810,0.106,-0.815,-0.555,0.133,1,-36.769,-1.423,-24.824,0.000,2,41.519032,-86.239647,0.000000,0.636,247.100006,10,42,32,24,12,3,U_TURN_HDG,AP_HDG_SEL_IMU,116.453,5.877,20.000,4,13,8,13,ROLL_LEFT
1735,130.283508,0,0.000,-0.077,0.026,-5.683,18.716,110.576,0.000,0.000,0.000,-31.875,5.125,22.375,-3.127,-10.099,-29.810,0.106,-0.815,-0.555,0.133,1,-37.409,-1.366,-25.039,0.000,2,41.519032,-86.239647,0.000000,0.689,247.100006,10,42,32,28,12,3,U_TURN_HDG,AP_HDG_SEL_IMU,116.453,5.877,20.000,4,13,8,13,ROLL_LEFT
1736,130.356766,0,-0.128,0.051,0.154,-5.683,18.716,110.576,0.000,0.000,0.000,-31.875,5.125,22.375,-3.127,-10.099,-29.810,0.106,-0.815,-0.555,0.133,1,-37.041,-1.379,-24.915,0.000,2,41.519032,-86.239647,185.399994,0.751,247.000000,10,42,32,32,12,3,U_TURN_HDG,AP_HDG_SEL_IMU,116.453,5.877,20.000,4,13,8,13,ROLL_LEFT
1737,130.408508,0,0.026,0.051,0.026,-5.683,18.716,110.576,0.000,0.000,0.000,-31.875,5.125,22.375,-3.153,-10.099,-29.810,0.106,-0.815,-0.555,0.133,1,-37.277,-1.401,-24.995,0.000,2,41.519032,-86.239647,190.380005,0.795,247.000000,10,42,32,40,12,3,U_TURN_HDG,AP_HDG_SEL_IMU,116.453,5.877,20.000,4,13,8,13,ROLL_LEFT
1738,130.504166,0,0.026,0.051,0.000,-5.683,18.716,110.576,0.000,0.000,0.000,-31.875,5.125,22.375,-3.153,-10.099,-29.784,0.106,-0.815,-0.555,0.133,1,-36.679,-1.393,-24.793,0.000,2,41.519032,-86.239647,0.000000,0.663,247.000000,10,42,32,52,12,3,U_TURN_HDG,AP_HDG_SEL_IMU,116.453,5.877,20.000,4,13,8,13,ROLL_LEFT
1739,130.584167,0,-0.103,0.051,0.000,-5.688,18.720,110.575,0.000,0.000,0.000,-31.875,5.125,22.375,-3.153,-10.099,-29.784,0.106,-0.815,-0.555,0.133,1,-38.084,-1.374,-25.264,0.000,2,41.519032,-86.239647,0.000000,0.630,247.000000,10,42,32,60,12,3,U_TURN_HDG,AP_HDG_SEL_IMU,116.453,5.878,20.000,4,13,8,13,ROLL_LEFT
1740,130.642517,0,0.026,-0.077,0.000,-5.688,18.720,110.575,0.000,0.000,0.000,-31.875,5.125,22.375,-3.153,-10.099,-29.784,0.106,-0.815,-0.555,0.133,1,-37.295,-1.432,-25.001,0.000,2,41.519032,-86.239647,0.000000,0.547,247.000000,10,42,32,64,12,3,U_TURN_HDG,AP_HDG_SEL_IMU,116.453,5.878,20.000,4,13,8,13,ROLL_LEFT
1741,130.706177,0,0.026,0.051,0.026,-5.698,18.719,110.574,0.000,0.000,0.000,-31.875,5.125,22.375,-3.153,-10.099,-29.784,0.106,-0.815,-0.555,0.133,1,-37.496,-1.391,-25.068,0.000,2,41.519032,-86.239647,0.000000,0.321,247.000000,10,42,32,68,12,3,U_TURN_HDG,AP_HDG_SEL_IMU,116.453,5.879,20.000,4,13,8,13,ROLL_LEFT
1742,130.766678,0,0.026,0.051,-0.090,-5.698,18.719,110.574,0.000,0.000,0.000,-31.875,5.125,22.375,-3.153,-10.099,-29.810,0.106,-0.815,-0.555,0.133,1,-38.033,-1.424,-25.247,0.000,2,41.519032,-86.239647,0.000000,0.201,247.000000,10,42,32,76,12,3,U_TURN_HDG,AP_HDG_SEL_IMU,116.453,5.879,20.000,4,13,8,13,ROLL_LEFT
1743,130.812515,0,0.026,0.051,0.026,-5.698,18.719,110.574,0.000,0.000,0.000,-31.875,5.125,22.375,-3.153,-10.099,-29.810,0.106,-0.815,-0.555,0.133,1,-36.898,-1.388,-24.868,0.000,2,41.519032,-86.239647,0.000000,0.172,247.000000,10,42,32,80,12,3,U_TURN_HDG,AP_HDG_SEL_IMU,116.453,5.879,20.000,4,13,8,13,ROLL_LEFT
1744,130.874863,0,0.026,0.051,0.026,-5.698,18.719,110.574,0.000,0.000,0.000,-31.875,5.125,22.375,-3.153,-10.099,-29.810,0.106,-0.815,-0.555,0.133,1,-36.368,-1.368,-24.688,0.000,2,41.519032,-86.239647,0.000000,0.186,247.000000,10,42,32,88,12,3,U_TURN_HDG,AP_HDG_SEL_IMU,116.453,5.879,20.000,4,13,8,13,ROLL_LEFT
1745,130.947052,0,0.026,0.051,0.026,-5.698,18.719,110.574,0.000,0.000,0.000,-31.875,5.125,22.375,-3.153,-10.099,-29.810,0.106,-0.815,-0.555,0.133,1,-37.716,-1.383,-25.142,0.000,2,41.519032,-86.239647,0.000000,0.257,247.000000,10,42,32,96,12,3,U_TURN_HDG,AP_HDG_SEL_IMU,116.453,5.879,20.000,4,13,8,13,ROLL_LEFT
1746,131.104599,0,0.026,0.051,0.026,-5.705,18.723,110.578,0.000,0.000,0.000,-31.875,5.125,22.375,-3.153,-10.099,-29.810,0.106,-0.815,-0.555,0.133,1,-37.603,-1.450,-25.104,0.000,2,41.519032,-86.239647,0.000000,0.356,247.100006,10,42,33,12,12,3,U_TURN_HDG,AP_HDG_SEL_IMU,116.453,5.875,20.000,4,13,8,13,ROLL_LEFT
1747,131.215378,0,0.026,0.051,0.026,-5.709,18.717,110.578,0.000,0.000,0.000,-31.875,5.125,22.375,-3.153,-10.099,-29.810,0.106,-0.815,-0.555,0.133,1,-37.057,-1.407,-24.921,0.000,2,41.519032,-86.239647,0.000000,0.277,247.000000,10,42,33,24,12,3,U_TURN_HDG,AP_HDG_SEL_IMU,116.453,5.875,20.000,4,13,8,13,ROLL_LEFT
1748,131.305435,0,0.000,-0.077,-0.090,-5.709,18.717,110.578,0.000,0.000,0.000,-31.875,5.125,22.375,-3.127,-10.099,-29.810,0.106,-0.815,-0.555,0.133,1,-36.972,-1.385,-24.892,0.000,2,41.519032,-86.239647,0.000000,0.336,247.100006,10,42,33,32,12,3,U_TURN_HDG,AP_HDG_SEL_IMU,116.453,5.875,20.000,4,13,8,13,ROLL_LEFT
1749,131.386169,0,0.000,-0.077,0.026,-5.709,18.717,110.578,0.000,0.000,0.000,-31.875,5.125,22.375,-3.127,-10.099,-29.810,0.106,-0.815,-0.555,0.133,1,-37.126,-1.398,-24.944,0.000,2,41.519032,-86.239647,0.000000,0.196,247.100006,10,42,33,40,12,3,U_TURN_HDG,AP_HDG_SEL_IMU,116.453,5.875,20.000,4,13,8,13,ROLL_LEFT
1750,131.460266,0,0.000,0.051,0.026,-5.698,18.719,110.574,0.000,0.000,0.000,-31.875,5.125,22.375,-3.127,-10.099,-29.810,0.106,-0.815,-0.555,0.133,1,-37.427,-1.402,-25.045,0.000,2,41.519032,-86.239647,0.000000,0.074,247.100006,10,42,33,48,12,3,U_TURN_HDG,AP_HDG_SEL_IMU,116.453,5.879,20.000,4,13,8,13,ROLL_LEFT
1751,131.584610,0,0.000,0.051,0.026,-5.698,18.719,110.574,0.000,0.000,0.000,-31.875,5.125,22.375,-3.127,-10.099,-29.810,0.106,-0.815,-0.555,0.133,1,-37.039,-1.371,-24.915,0.000,2,41.519032,-86.239647,0.000000,0.100,247.100006,10,42,33,60,12,3,U_TURN_HDG,AP_HDG_SEL_IMU,116.453,5.879,20.000,4,13,8,13,ROLL_LEFT
1752,131.664444,0,0.026,0.192,-0.192,-5.698,18.719,110.574,0.000,0.000,0.000,-31.875,5.125,22.375,-3.127,-10.099,-29.810,0.106,-0.815,-0.555,0.133,1,-37.455,-1.449,-25.054,0.000,2,41.519032,-86.239647,0.000000,0.226,247.100006,10,42,33,68,12,3,U_TURN_HDG,AP_HDG_SEL_IMU,116.453,5.879,20.000,4,13,8,13,ROLL_LEFT
1753,131.711334,0,0.026,-0.051,-0.064,-5.698,18.719,110.574,0.000,0.000,0.000,-31.875,5.125,22.375,-3.153,-10.124,-29.835,0.106,-0.815,-0.555,0.133,1,-37.523,-1.444,-25.077,0.000,2,41.519032,-86.239647,0.000000,0.451,247.100006,10,42,33,72,12,3,U_TURN_HDG,AP_HDG_SEL_IMU,116.453,5.879,20.000,4,13,8,13,ROLL_LEFT
1754,131.784439,0,0.026,-0.051,0.051,-5.698,18.719,110.574,0.000,0.000,0.000,-31.875,5.125,22.375,-3.153,-10.124,-29.835,0.106,-0.815,-0.555,0.133,1,-37.597,-1.439,-25.102,0.000,2,41.519032,-86.239647,0.000000,0.317,247.100006,10,42,33,80,12,3,U_TURN_HDG,AP_HDG_SEL_IMU,116.453,5.879,20.000,4,13,8,13,ROLL_LEFT
1755,131.841217,0,0.000,-0.077,0.026,-5.704,18.723,110.573,0.000,0.000,0.000,-31.875,5.125,22.375,-3.127,-10.099,-29.810,0.106,-0.815,-0.555,0.133,1,-37.568,-1.384,-25.092,0.000,2,41.519032,-86.239647,0.000000,0.452,247.199997,10,42,33,84,12,3,U_TURN_HDG,AP_HDG_SEL_IMU,116.453,5.880,20.000,4,13,8,13,ROLL_LEFT
1756,131.910385,0,0.000,0.051,0.026,-5.698,18.719,110.574,0.000,0.000,0.000,-31.875,5.125,22.375,-3.127,-10.099,-29.810,0.106,-0.815,-0.555,0.133,1,-37.702,-1.358,-25.137,0.000,2,41.519032,-86.239647,0.000000,0.557,247.199997,10,42,33,92,12,3,U_TURN_HDG,AP_HDG_SEL_IMU,116.453,5.879,20.000,4,13,8,13,ROLL_LEFT
1757,131.959702,0,0.000,0.051,0.026,-5.694,18.724,110.574,0.000,0.000,0.000,-31.875,5.125,22.375,-3.127,-10.099,-29.810,0.106,-0.815,-0.555,0.133,1,-37.019,-1.336,-24.908,0.000,2,41.519032,-86.239647,0.000000,0.500,247.199997,10,42,33,96,12,3,U_TURN_HDG,AP_HDG_SEL_IMU,116.453,5.879,20.000,4,13,8,13,ROLL_LEFT
1758,132.062424,0,-0.128,0.051,-0.090,-5.694,18.724,110.574,0.000,0.000,0.000,-31.875,5.125,22.375,-3.127,-10.099,-29.810,0.106,-0.815,-0.555,0.133,1,-37.583,-1.417,-25.097,0.000,2,41.519032,-86.239647,0.000000,0.513,247.300003,10,42,34,8,12,3,U_TURN_HDG,AP_HDG_SEL_IMU,116.453,5.879,20.000,4,13,8,13,ROLL_LEFT
1759,132.178909,0,0.000,-0.077,0.026,-5.694,18.724,110.574,0.000,0.000,0.000,-31.875,5.125,22.375,-3.127,-10.099,-29.810,0.106,-0.815,-0.555,0.133,1,-37.327,-1.356,-25.011,0.000,2,41.519035,-86.239647,0.000000,0.613,247.300003,10,42,34,20,12,3,U_TURN_HDG,AP_HDG_SEL_IMU,116.453,5.879,20.000,4,13,8,13,ROLL_LEFT
1760,132.347656,0,-0.128,-0.077,0.026,-5.688,18.720,110.575,0.000,0.000,0.000,-31.875,5.125,22.375,-3.127,-10.099,-29.810,0.106,-0.815,-0.555,0.133,1,-37.780,-1.366,-25.163,0.000,2,41.519035,-86.239647,321.149994,0.758,247.399994,10,42,34,36,12,3,U_TURN_HDG,AP_HDG_SEL_IMU,116.453,5.878,20.000,4,13,8,13,ROLL_LEFT
1761,132.434509,0,0.026,0.077,0.051,-5.688,18.720,110.575,0.000,0.000,0.000,-31.875,5.125,22.375,-3.127,-10.099,-29.810,0.106,-0.815,-0.555,0.133,1,-37.373,-1.435,-25.027,0.000,2,41.519035,-86.239647,0.000000,0.626,247.500000,10,42,34,44,12,3,U_TURN_HDG,AP_HDG_SEL_IMU,116.453,5.878,20.000,4,13,8,13,ROLL_LEFT
1762,132.545731,0,0.026,-0.051,0.051,-5.694,18.724,110.574,0.000,0.000,0.000,-31.875,5.125,22.375,-3.153,-10.124,-29.835,0.106,-0.815,-0.555,0.133,1,-37.886,-1.422,-25.198,0.000,2,41.519035,-86.239647,350.989990,0.778,247.500000,10,42,34,56,12,3,U_TURN_HDG,AP_HDG_SEL_IMU,116.453,5.879,20.000,4,13,8,13,ROLL_LEFT
1763,132.620453,0,0.000,-0.051,-0.090,-5.694,18.725,110.570,0.000,0.000,0.000,-31.875,5.125,22.375,-3.127,-10.124,-29.810,0.106,-0.815,-0.555,0.133,1,-37.224,-1.434,-24.977,0.000,2,41.519035,-86.239647,0.000000,0.618,247.500000,10,42,34,64,12,3,U_TURN_HDG,AP_HDG_SEL_IMU,116.453,5.883,20.000,4,13,8,13,ROLL_LEFT
1764,132.668213,0,0.026,0.077,0.051,-5.690,18.731,110.571,0.000,0.000,0.000,-31.875,5.125,22.375,-3.153,-10.124,-29.835,0.106,-0.815,-0.555,0.133,1,-37.414,-1.377,-25.041,0.000,2,41.519035,-86.239647,0.000000,0.522,247.500000,10,42,34,68,12,3,U_TURN_HDG,AP_HDG_SEL_IMU,116.453,5.883,20.000,4,13,8,13,ROLL_LEFT
1765,132.744629,0,-0.103,-0.051,-0.064,-5.695,18.735,110.569,0.000,0.000,0.000,-31.875,5.125,22.375,-3.178,-10.124,-29.810,0.106,-0.815,-0.555,0.133,1,-37.491,-1.382,-25.066,0.000,2,41.519035,-86.239647,0.000000,0.503,247.500000,10,42,34,76,12,3,U_TURN_HDG,AP_HDG_SEL_IMU,116.453,5.884,20.000,4,13,8,13,ROLL_LEFT
1766,132.860275,0,0.026,0.077,0.051,-5.706,18.734,110.574,0.000,0.000,0.000,-31.875,5.125,22.375,-3.178,-10.124,-29.810,0.106,-0.815,-0.555,0.133,1,-37.375,-1.443,-25.028,0.000,2,41.519035,-86.239647,0.000000,0.044,247.500000,10,42,34,88,12,3,U_TURN_HDG,AP_HDG_SEL_IMU,116.453,5.879,20.000,4,13,8,13,ROLL_LEFT
1767,132.952438,0,0.000,-0.077,0.026,-5.706,18.734,110.574,0.000,0.000,0.000,-31.875,5.125,22.375,-3.127,-10.099,-29.810,0.106,-0.815,-0.555,0.133,1,-37.443,-1.432,-25.050,0.000,2,41.519035,-86.239647,0.000000,0.083,247.399994,10,42,34,96,12,3,U_TURN_HDG,AP_HDG_SEL_IMU,116.453,5.879,20.000,4,13,8,13,ROLL_LEFT
1768,133.009399,0,0.000,-0.077,0.154,-5.700,18.730,110.575,0.000,0.000,0.000,-31.875,5.125,22.375,-3.127,-10.099,-29.810,0.106,-0.815,-0.555,0.133,1,-37.213,-1.420,-24.973,0.000,2,41.519035,-86.239647,0.000000,0.221,247.399994,10,42,35,0,12,3,U_TURN_HDG,AP_HDG_SEL_IMU,116.453,5.878,20.000,4,13,8,13,ROLL_LEFT
1769,133.063217,0,0.000,-0.077,0.026,-5.698,18.719,110.574,-0.112,-0.112,0.112,-31.875,5.125,22.375,-3.127,-10.099,-29.784,0.106,-0.815,-0.555,0.133,1,-37.981,-1.457,-25.230,0.000,2,41.519035,-86.239647,0.000000,0.176,247.399994,10,42,35,8,12,3,U_TURN_HDG,AP_HDG_SEL_IMU,116.453,5.879,20.000,4,13,8,13,ROLL_LEFT
1770,133.121582,0,0.000,0.051,0.026,-5.698,18.719,110.574,-0.336,-0.112,0.000,-31.875,5.125,22.375,-3.127,-10.099,-29.810,0.106,-0.815,-0.555,0.133,1,-37.724,-1.397,-25.144,0.000,2,41.519035,-86.239647,0.000000,0.071,247.399994,10,42,35,12,12,3,U_TURN_HDG,AP_HDG_SEL_IMU,116.453,5.879,20.000,4,13,8,13,ROLL_LEFT
1771,133.183304,0,0.000,0.026,0.026,-5.693,18.715,110.581,0.112,-0.112,0.000,-31.875,5.125,22.375,-3.127,-10.073,-29.810,0.106,-0.815,-0.555,0.133,1,-37.097,-1.341,-24.934,0.000,2,41.519035,-86.239647,0.000000,0.251,247.500000,10,42,35,20,12,3,U_TURN_HDG,AP_HDG_SEL_IMU,116.453,5.872,20.000,4,13,8,13,ROLL_LEFT
1772,133.289307,0,0.000,0.026,-0.090,-5.697,18.709,110.580,-0.224,0.000,0.000,-31.875,5.125,22.375,-3.127,-10.073,-29.810,0.106,-0.815,-0.555,0.133,1,-37.568,-1.384,-25.092,0.000,2,41.519035,-86.239647,0.000000,0.095,247.500000,10,42,35,28,12,3,U_TURN_HDG,AP_HDG_SEL_IMU,116.453,5.873,20.000,4,13,8,13,ROLL_LEFT
1773,133.345764,0,0.000,0.026,0.026,-5.688,18.710,110.586,0.000,0.000,0.224,-31.875,5.125,22.375,-3.127,-10.073,-29.810,0.106,-0.815,-0.555,0.133,1,-37.708,-1.369,-25.139,0.000,2,41.519035,-86.239647,0.000000,0.142,247.500000,10,42,35,36,12,3,U_TURN_HDG,AP_HDG_SEL_IMU,116.453,5.867,20.000,4,13,8,13,ROLL_LEFT
1774,133.418121,0,0.000,0.026,-0.090,-5.688,18.710,110.586,0.112,0.000,0.112,-31.875,5.125,22.375,-3.127,-10.073,-29.810,0.106,-0.815,-0.555,0.133,1,-37.373,-1.439,-25.027,0.000,2,41.519035,-86.239647,0.000000,0.245,247.500000,10,42,35,44,12,3,U_TURN_HDG,AP_HDG_SEL_IMU,116.453,5.867,20.000,4,13,8,13,ROLL_LEFT
1775,133.487503,0,0.000,-0.077,0.026,-5.689,18.710,110.591,0.000,0.000,0.000,-31.875,5.125,22.375,-3.127,-10.099,-29.810,0.106,-0.815,-0.554,0.133,1,-37.427,-1.401,-25.045,0.000,2,41.519035,-86.239647,0.000000,0.334,247.500000,10,42,35,48,12,3,U_TURN_HDG,AP_HDG_SEL_IMU,116.453,5.862,20.000,4,13,8,13,ROLL_LEFT
1776,133.542603,0,0.000,-0.077,0.026,-5.691,18.720,110.591,-0.112,0.112,-0.112,-31.875,5.125,22.375,-3.127,-10.099,-29.810,0.106,-0.815,-0.554,0.133,1,-37.438,-1.420,-25.049,0.000,2,41.519035,-86.239647,0.000000,0.511,247.500000,10,42,35,56,12,3,U_TURN_HDG,AP_HDG_SEL_IMU,116.453,5.862,20.000,4,13,8,13,ROLL_LEFT
1777,133.661545,0,0.000,0.167,0.026,-5.685,18.716,110.592,0.000,-0.112,-0.112,-31.875,5.125,22.375,-3.127,-10.099,-29.810,0.106,-0.815,-0.554,0.133,1,-36.827,-1.395,-24.843,0.000,2,41.519035,-86.239647,0.000000,0.565,247.500000,10,42,35,68,12,3,U_TURN_HDG,AP_HDG_SEL_IMU,116.453,5.861,20.000,4,13,8,13,ROLL_LEFT
1778,133.758118,0,-0.103,-0.077,0.026,-5.685,18.716,110.592,-0.224,-0.224,0.000,-31.875,5.125,22.375,-3.127,-10.099,-29.810,0.106,-0.815,-0.554,0.133,1,-38.105,-1.413,-25.271,0.000,2,41.519035,-86.239647,0.000000,0.336,247.600006,10,42,35,76,12,3,U_TURN_HDG,AP_HDG_SEL_IMU,116.453,5.861,20.000,4,13,8,13,ROLL_LEFT
1779,133.830597,0,0.000,-0.205,0.154,-5.687,18.727,110.587,-1.231,0.112,0.000,-31.875,5.125,22.375,-3.127,-10.099,-29.810,0.106,-0.815,-0.554,0.133,1,-37.590,-1.423,-25.099,0.000,2,41.519035,-86.239647,0.000000,0.321,247.600006,10,42,35,80,12,3,U_TURN_HDG,AP_HDG_SEL_IMU,116.453,5.866,20.000,4,13,8,13,ROLL_LEFT
1780,133.890503,0,0.000,-0.205,0.154,-5.685,18.716,110.592,-0.112,0.000,-0.112,-31.875,5.125,22.375,-3.127,-10.099,-29.810,0.106,-0.815,-0.554,0.133,1,-37.716,-1.383,-25.142,0.000,2,41.519035,-86.239647,0.000000,0.446,247.500000,10,42,35,88,12,3,U_TURN_HDG,AP_HDG_SEL_IMU,116.453,5.861,20.000,4,13,8,13,ROLL_LEFT
1781,133.937500,0,-0.128,-0.077,0.026,-5.680,18.712,110.593,-0.112,0.000,0.000,-31.875,5.125,22.375,-3.127,-10.099,-29.810,0.106,-0.815,-0.554,0.133,1,-36.991,-1.423,-24.899,0.000,2,41.519035,-86.239647,0.000000,0.395,247.600006,10,42,35,92,12,3,U_TURN_HDG,AP_HDG_SEL_IMU,116.453,5.860,20.000,4,13,8,13,ROLL_LEFT
1782,134.030136,0,0.000,0.026,-0.090,-5.680,18.712,110.593,-0.224,0.000,0.000,-31.875,5.125,22.375,-3.127,-10.099,-29.810,0.106,-0.815,-0.554,0.133,1,-37.491,-1.380,-25.066,0.000,2,41.519035,-86.239647,0.000000,0.312,247.500000,10,42,36,0,12,3,U_TURN_HDG,AP_HDG_SEL_IMU,116.453,5.860,20.000,4,13,8,13,ROLL_LEFT
1783,134.091507,0,0.000,0.051,0.026,-5.678,18.702,110.594,0.000,0.000,0.000,-31.875,5.125,22.375,-3.127,-10.099,-29.810,0.106,-0.815,-0.554,0.133,1,-37.455,-1.448,-25.054,0.000,2,41.519035,-86.239647,0.000000,0.073,247.500000,10,42,36,8,12,3,U_TURN_HDG,AP_HDG_SEL_IMU,116.453,5.859,20.000,4,13,8,13,ROLL_LEFT
1784,134.151505,0,0.000,0.051,0.026,-5.678,18.702,110.594,0.000,0.000,0.000,-31.875,5.125,22.375,-3.127,-10.099,-29.810,0.106,-0.815,-0.554,0.133,1,-37.782,-1.369,-25.164,0.000,2,41.519035,-86.239647,0.000000,0.343,247.500000,10,42,36,16,12,3,U_TURN_HDG,AP_HDG_SEL_IMU,116.453,5.859,20.000,4,13,8,13,ROLL_LEFT
1785,134.207504,0,0.000,0.167,-0.090,-5.684,18.706,110.593,0.000,0.000,0.000,-31.875,5.125,22.375,-3.127,-10.099,-29.810,0.106,-0.815,-0.554,0.133,1,-37.438,-1.420,-25.049,0.000,2,41.519035,-86.239647,0.000000,0.314,247.500000,10,42,36,20,12,3,U_TURN_HDG,AP_HDG_SEL_IMU,116.453,5.861,20.000,4,13,8,13,ROLL_LEFT
1786,134.294510,0,0.000,0.051,-0.090,-5.684,18.706,110.593,0.000,0.000,0.000,-31.875,5.125,22.375,-3.127,-10.099,-29.810,0.106,-0.815,-0.554,0.133,1,-37.316,-1.332,-25.008,0.000,2,41.519035,-86.239647,0.000000,0.236,247.500000,10,42,36,28,12,3,U_TURN_HDG,AP_HDG_SEL_IMU,116.453,5.861,20.000,4,13,8,13,ROLL_LEFT
1787,134.380341,0,0.000,-0.077,0.026,-5.680,18.712,110.593,0.000,0.000,0.000,-31.875,5.125,22.375,-3.127,-10.099,-29.810,0.106,-0.815,-0.554,0.133,1,-37.581,-1.409,-25.097,0.000,2,41.519035,-86.239647,0.000000,0.238,247.500000,10,42,36,36,12,3,U_TURN_HDG,AP_HDG_SEL_IMU,116.453,5.860,20.000,4,13,8,13,ROLL_LEFT
1788,134.464325,0,0.000,0.051,0.026,-5.680,18.712,110.593,0.000,0.000,0.000,-31.875,5.125,22.375,-3.127,-10.099,-29.810,0.106,-0.815,-0.554,0.133,1,-37.644,-1.389,-25.117,0.000,2,41.519035,-86.239647,0.000000,0.025,247.399994,10,42,36,48,12,3,U_TURN_HDG,AP_HDG_SEL_IMU,116.453,5.860,20.000,4,13,8,13,ROLL_LEFT
1789,134.517517,0,0.000,0.051,0.026,-5.680,18.712,110.593,0.000,0.000,0.000,-31.875,5.125,22.375,-3.127,-10.099,-29.810,0.106,-0.815,-0.554,0.133,1,-37.348,-1.392,-25.019,0.000,2,41.519035,-86.239647,0.000000,0.115,247.399994,10,42,36,52,12,3,U_TURN_HDG,AP_HDG_SEL_IMU,116.453,5.860,20.000,4,13,8,13,ROLL_LEFT
1790,134.599503,0,0.000,-0.077,0.026,-5.680,18.712,110.593,0.000,0.000,0.000,-31.875,5.125,22.375,-3.127,-10.099,-29.810,0.106,-0.815,-0.554,0.133,1,-36.978,-1.393,-24.894,0.000,2,41.519035,-86.239647,0.000000,0.069,247.399994,10,42,36,60,12,3,U_TURN_HDG,AP_HDG_SEL_IMU,116.453,5.860,20.000,4,13,8,13,ROLL_LEFT
1791,134.668777,0,0.000,0.051,-0.090,-5.680,18.712,110.593,0.000,0.000,0.000,-31.875,5.125,22.375,-3.127,-10.099,-29.810,0.106,-0.815,-0.554,0.133,1,-37.867,-1.389,-25.192,0.000,2,41.519035,-86.239647,0.000000,0.103,247.399994,10,42,36,68,12,3,U_TURN_HDG,AP_HDG_SEL_IMU,116.453,5.860,20.000,4,13,8,13,ROLL_LEFT
1792,134.777115,0,0.000,0.167,-0.090,-5.680,18.712,110.593,0.000,0.000,0.000,-31.875,5.125,22.375,-3.127,-10.099,-29.810,0.106,-0.815,-0.554,0.133,1,-37.517,-1.430,-25.075,0.000,2,41.519035,-86.239647,0.000000,0.235,247.399994,10,42,36,80,12,3,U_TURN_HDG,AP_HDG_SEL_IMU,116.453,5.860,20.000,4,13,8,13,ROLL_LEFT
1793,134.838058,0,-0.128,0.051,0.026,-5.680,18.712,110.593,0.000,0.000,0.000,-31.875,5.125,22.375,-3.127,-10.099,-29.810,0.106,-0.815,-0.554,0.133,1,-37.509,-1.416,-25.072,0.000,2,41.519035,-86.239647,0.000000,0.275,247.399994,10,42,36,84,12,3,U_TURN_HDG,AP_HDG_SEL_IMU,116.453,5.860,20.000,4,13,8,13,ROLL_LEFT
1794,134.885803,0,0.000,0.051,-0.090,-5.680,18.712,110.593,0.000,0.000,0.000,-31.875,5.125,22.375,-3.127,-10.099,-29.810,0.106,-0.815,-0.554,0.133,1,-37.636,-1.375,-25.115,0.000,2,41.519035,-86.239647,0.000000,0.218,247.300003,10,42,36,88,12,3,U_TURN_HDG,AP_HDG_SEL_IMU,116.453,5.860,20.000,4,13,8,13,ROLL_LEFT
1795,134.955505,0,0.000,-0.179,0.026,-5.680,18.712,110.593,0.000,0.000,0.000,-31.875,5.125,22.375,-3.127,-10.124,-29.810,0.106,-0.815,-0.554,0.133,1,-37.544,-1.344,-25.084,0.000,2,41.519035,-86.239647,0.000000,0.513,247.300003,10,42,36,96,12,3,U_TURN_HDG,AP_HDG_SEL_IMU,116.453,5.860,20.000,4,13,8,13,ROLL_LEFT
1796,135.005508,0,0.000,0.077,-0.090,-5.676,18.718,110.593,0.000,0.000,0.000,-31.875,5.125,22.375,-3.127,-10.124,-29.810,0.106,-0.815,-0.554,0.133,1,-37.494,-1.388,-25.068,0.000,2,41.519035,-86.239647,0.000000,0.540,247.300003,10,42,37,0,12,3,U_TURN_HDG,AP_HDG_SEL_IMU,116.453,5.860,20.000,4,13,8,13,ROLL_LEFT
1797,135.102066,0,0.000,-0.051,0.026,-5.676,18.718,110.593,0.000,0.000,0.000,-31.875,5.125,22.375,-3.127,-10.124,-29.810,0.106,-0.815,-0.554,0.133,1,-37.467,-1.335,-25.058,0.000,2,41.519035,-86.239647,0.000000,0.461,247.300003,10,42,37,12,12,3,U_TURN_HDG,AP_HDG_SEL_IMU,116.453,5.860,20.000,4,13,8,13,ROLL_LEFT
1798,135.194504,0,0.000,0.051,0.026,-5.676,18.718,110.593,0.000,0.000,0.000,-31.875,5.125,22.375,-3.127,-10.124,-29.810,0.106,-0.815,-0.554,0.133,1,-37.406,-1.360,-25.038,0.000,2,41.519035,-86.239647,0.000000,0.420,247.300003,10,42,37,20,12,3,U_TURN_HDG,AP_HDG_SEL_IMU,116.453,5.860,20.000,4,13,8,13,ROLL_LEFT
1799,135.259048,0,0.000,0.051,0.026,-5.676,18.718,110.593,0.000,0.000,0.000,-31.875,5.125,22.375,-3.153,-10.099,-29.835,0.106,-0.815,-0.554,0.133,1,-37.544,-1.340,-25.084,0.000,2,41.519035,-86.239647,0.000000,0.348,247.300003,10,42,37,28,12,3,U_TURN_HDG,AP_HDG_SEL_IMU,116.453,5.860,20.000,4,13,8,13,ROLL_LEFT
1800,135.318619,0,0.000,0.051,0.026,-5.676,18.718,110.593,0.000,0.000,0.000,-31.875,5.125,22.375,-3.127,-10.099,-29.810,0.106,-0.815,-0.554,0.133,1,-37.623,-1.353,-25.111,0.000,2,41.519035,-86.239647,0.000000,0.407,247.300003,10,42,37,32,12,3,U_TURN_HDG,AP_HDG_SEL_IMU,116.453,5.860,20.000,4,13,8,13,ROLL_LEFT
1801,135.379013,0,0.000,0.051,0.026,-5.676,18.718,110.593,0.000,0.000,0.000,-31.875,5.125,22.375,-3.127,-10.099,-29.810,0.106,-0.815,-0.554,0.133,1,-37.478,-1.354,-25.062,0.000,2,41.519035,-86.239647,0.000000,0.257,247.399994,10,42,37,40,12,3,U_TURN_HDG,AP_HDG_SEL_IMU,116.453,5.860,20.000,4,13,8,13,ROLL_LEFT
1802,135.435516,0,0.000,-0.077,0.026,-5.676,18.718,110.593,0.000,0.000,0.000,-31.875,5.125,22.375,-3.127,-10.099,-29.810,0.106,-0.815,-0.554,0.133,1,-37.375,-1.437,-25.028,0.000,2,41.519035,-86.239647,0.000000,0.186,247.399994,10,42,37,44,12,3,U_TURN_HDG,AP_HDG_SEL_IMU,116.453,5.860,20.000,4,13,8,13,ROLL_LEFT
1803,135.508652,0,0.000,0.051,0.000,-5.676,18.718,110.593,0.000,0.000,0.000,-31.875,5.125,22.375,-3.127,-10.099,-29.784,0.106,-0.815,-0.554,0.133,1,-37.274,-1.389,-24.994,0.000,2,41.519035,-86.239647,0.000000,0.122,247.399994,10,42,37,52,12,3,U_TURN_HDG,AP_HDG_SEL_IMU,116.453,5.860,20.000,4,13,8,13,ROLL_LEFT
1804,135.564285,0,0.000,0.051,0.000,-5.676,18.718,110.593,0.000,0.000,0.000,-31.875,5.125,22.375,-3.127,-10.099,-29.784,0.106,-0.815,-0.554,0.133,1,-37.208,-1.411,-24.972,0.000,2,41.519035,-86.239647,0.000000,0.236,247.399994,10,42,37,56,12,3,U_TURN_HDG,AP_HDG_SEL_IMU,116.453,5.860,20.000,4,13,8,13,ROLL_LEFT
1805,135.637619,0,0.000,0.051,0.000,-5.676,18.718,110.593,0.000,0.000,0.000,-31.875,5.125,22.375,-3.127,-10.099,-29.784,0.106,-0.815,-0.554,0.133,1,-37.257,-1.359,-24.988,0.000,2,41.519039,-86.239647,0.000000,0.265,247.500000,10,42,37,64,12,3,U_TURN_HDG,AP_HDG_SEL_IMU,116.453,5.860,20.000,4,13,8,13,ROLL_LEFT
1806,135.727570,0,0.000,-0.077,-0.115,-5.676,18.718,110.593,0.000,0.000,0.000,-31.875,5.125,22.375,-3.127,-10.099,-29.784,0.106,-0.815,-0.554,0.133,1,-37.494,-1.385,-25.068,0.000,2,41.519039,-86.239647,0.000000,0.196,247.500000,10,42,37,72,12,3,U_TURN_HDG,AP_HDG_SEL_IMU,116.453,5.860,20.000,4,13,8,13,ROLL_LEFT
1807,135.807343,0,0.000,0.051,-0.115,-5.676,18.718,110.593,0.000,0.000,0.000,-31.875,5.125,22.375,-3.127,-10.099,-29.784,0.106,-0.815,-0.554,0.133,1,-36.963,-1.368,-24.889,0.000,2,41.519039,-86.239647,0.000000,0.272,247.500000,10,42,37,80,12,3,U_TURN_HDG,AP_HDG_SEL_IMU,116.453,5.860,20.000,4,13,8,13,ROLL_LEFT
1808,135.870193,0,0.000,0.051,0.000,-5.681,18.722,110.592,0.000,0.000,0.000,-31.875,5.125,22.375,-3.127,-10.099,-29.784,0.106,-0.815,-0.554,0.133,1,-37.422,-1.390,-25.043,0.000,2,41.519039,-86.239647,0.000000,0.329,247.500000,10,42,37,88,12,3,U_TURN_HDG,AP_HDG_SEL_IMU,116.453,5.861,20.000,4,13,8,13,ROLL_LEFT
1809,135.948257,0,0.000,-0.077,-0.115,-5.681,18.722,110.592,0.000,0.000,0.000,-31.875,5.125,22.375,-3.127,-10.099,-29.784,0.106,-0.815,-0.554,0.133,1,-36.946,-1.339,-24.884,0.000,2,41.519039,-86.239647,0.000000,0.417,247.500000,10,42,37,96,12,3,U_TURN_HDG,AP_HDG_SEL_IMU,116.453,5.861,20.000,4,13,8,13,ROLL_LEFT
1810,136.028442,0,0.000,-0.077,0.000,-5.677,18.727,110.592,0.000,0.000,0.000,-31.875,5.125,22.375,-3.127,-10.099,-29.784,0.106,-0.815,-0.554,0.133,1,-37.620,-1.345,-25.110,0.000,2,41.519039,-86.239647,0.000000,0.405,247.600006,10,42,38,4,12,3,U_TURN_HDG,AP_HDG_SEL_IMU,116.453,5.861,20.000,4,13,8,13,ROLL_LEFT
1811,136.086349,0,0.000,0.051,0.000,-5.677,18.727,110.592,0.000,0.000,0.000,-31.875,5.125,22.375,-3.127,-10.099,-29.784,0.106,-0.815,-0.554,0.133,1,-37.271,-1.391,-24.993,0.000,2,41.519039,-86.239647,0.000000,0.518,247.600006,10,42,38,8,12,3,U_TURN_HDG,AP_HDG_SEL_IMU,116.453,5.861,20.000,4,13,8,13,ROLL_LEFT
1812,136.148514,0,0.000,0.051,0.000,-5.677,18.727,110.592,0.000,0.000,0.000,-31.875,5.125,22.375,-3.127,-10.099,-29.784,0.106,-0.815,-0.554,0.133,1,-37.318,-1.335,-25.009,0.000,2,41.519039,-86.239647,0.000000,0.468,247.600006,10,42,38,16,12,3,U_TURN_HDG,AP_HDG_SEL_IMU,116.453,5.861,20.000,4,13,8,13,ROLL_LEFT
1813,136.233505,0,0.000,0.051,0.128,-5.677,18.727,110.592,0.000,0.000,0.000,-31.875,5.125,22.375,-3.127,-10.099,-29.784,0.106,-0.815,-0.554,0.133,1,-37.470,-1.339,-25.059,0.000,2,41.519039,-86.239647,0.000000,0.474,247.600006,10,42,38,24,12,3,U_TURN_HDG,AP_HDG_SEL_IMU,116.453,5.861,20.000,4,13,8,13,ROLL_LEFT
1814,136.344040,0,0.026,0.000,-0.090,-5.681,18.722,110.592,0.112,0.000,0.000,-31.875,5.125,22.375,-3.153,-10.099,-29.784,0.106,-0.815,-0.554,0.133,1,-37.719,-1.391,-25.142,0.000,2,41.519039,-86.239647,0.000000,0.503,247.699997,10,42,38,36,12,3,U_TURN_HDG,AP_HDG_SEL_IMU,116.453,5.861,20.000,4,13,8,13,ROLL_LEFT
1815,136.462418,0,0.026,0.000,0.026,-5.680,18.712,110.593,0.224,0.000,0.112,-31.875,5.125,22.375,-3.153,-10.048,-29.810,0.106,-0.815,-0.554,0.133,1,-37.113,-1.371,-24.940,0.000,2,41.519039,-86.239647,0.000000,0.645,247.699997,10,42,38,48,12,3,U_TURN_HDG,AP_HDG_SEL_IMU,116.453,5.860,20.000,4,13,8,13,ROLL_LEFT
1816,136.547516,0,0.026,0.026,0.026,-5.685,18.716,110.592,0.000,-0.112,0.000,-31.875,5.125,22.375,-3.153,-10.099,-29.810,0.106,-0.815,-0.554,0.133,1,-37.153,-1.306,-24.953,0.000,2,41.519039,-86.239647,0.000000,0.591,247.699997,10,42,38,56,12,3,U_TURN_HDG,AP_HDG_SEL_IMU,116.453,5.861,20.000,4,13,8,13,ROLL_LEFT
1817,136.604584,0,0.026,0.026,0.026,-5.695,18.714,110.590,-0.112,-0.112,-0.112,-31.875,5.125,22.375,-3.127,-10.073,-29.810,0.106,-0.815,-0.554,0.133,1,-37.401,-1.351,-25.036,0.000,2,41.519039,-86.239647,0.000000,0.569,247.699997,10,42,38,60,12,3,U_TURN_HDG,AP_HDG_SEL_IMU,116.453,5.863,20.000,4,13,8,13,ROLL_LEFT
1818,136.663132,0,0.000,0.026,0.026,-5.692,18.704,110.585,-0.112,0.112,0.000,-31.875,5.125,22.375,-3.127,-10.073,-29.810,0.106,-0.815,-0.555,0.133,1,-37.895,-1.304,-25.201,0.000,2,41.519039,-86.239647,0.000000,0.538,247.699997,10,42,38,68,12,3,U_TURN_HDG,AP_HDG_SEL_IMU,116.453,5.868,20.000,4,13,8,13,ROLL_LEFT
1819,136.713516,0,0.000,0.026,0.026,-5.692,18.704,110.585,0.000,0.000,0.000,-31.875,5.125,22.375,-3.127,-10.073,-29.810,0.106,-0.815,-0.555,0.133,1,-37.924,-1.355,-25.211,0.000,2,41.519039,-86.239647,0.000000,0.611,247.699997,10,42,38,72,12,3,U_TURN_HDG,AP_HDG_SEL_IMU,116.453,5.868,20.000,4,13,8,13,ROLL_LEFT
1820,136.781509,0,0.000,0.051,0.026,-5.692,18.705,110.581,0.112,0.000,-0.112,-31.875,5.125,22.375,-3.127,-10.099,-29.810,0.106,-0.815,-0.555,0.133,1,-37.443,-1.296,-25.050,0.000,2,41.519039,-86.239647,0.000000,0.591,247.800003,10,42,38,76,12,3,U_TURN_HDG,AP_HDG_SEL_IMU,116.453,5.872,20.000,4,13,8,13,ROLL_LEFT
1821,136.866516,0,0.000,0.167,-0.090,-5.686,18.701,110.582,-0.112,-0.112,0.000,-31.875,5.125,22.375,-3.127,-10.099,-29.810,0.106,-0.815,-0.555,0.133,1,-37.313,-1.328,-25.007,0.000,2,41.519039,-86.239647,0.000000,0.501,247.800003,10,42,38,84,12,3,U_TURN_HDG,AP_HDG_SEL_IMU,116.453,5.871,20.000,4,13,8,13,ROLL_LEFT
1822,136.915512,0,0.000,0.026,-0.090,-5.686,18.701,110.582,0.000,-0.112,0.000,-31.875,5.125,22.375,-3.127,-10.073,-29.810,0.106,-0.815,-0.555,0.133,1,-37.713,-1.378,-25.141,0.000,2,41.519039,-86.239647,0.000000,0.392,247.699997,10,42,38,92,12,3,U_TURN_HDG,AP_HDG_SEL_IMU,116.453,5.871,20.000,4,13,8,13,ROLL_LEFT
1823,136.972504,0,0.000,0.026,0.026,-5.689,18.695,110.576,0.000,-0.112,0.000,-31.875,5.125,22.375,-3.127,-10.073,-29.810,0.105,-0.815,-0.555,0.133,1,-37.620,-1.342,-25.110,0.000,2,41.519039,-86.239647,0.000000,0.321,247.699997,10,42,38,96,12,3,U_TURN_HDG,AP_HDG_SEL_IMU,116.453,5.877,20.000,4,13,8,13,ROLL_LEFT
1824,137.024643,0,0.000,0.026,0.154,-5.685,18.691,110.587,0.112,0.112,0.112,-31.875,5.125,22.375,-3.127,-10.073,-29.810,0.105,-0.815,-0.555,0.133,1,-37.706,-1.363,-25.138,0.000,2,41.519039,-86.239647,0.000000,0.224,247.699997,10,42,39,4,12,3,U_TURN_HDG,AP_HDG_SEL_IMU,116.453,5.866,20.000,4,13,8,13,ROLL_LEFT
1825,137.099060,0,0.000,0.051,0.000,-5.686,18.700,110.586,0.560,0.000,0.112,-31.875,5.125,22.375,-3.127,-10.099,-29.784,0.106,-0.815,-0.555,0.133,1,-37.156,-1.306,-24.954,0.000,2,41.519039,-86.239647,0.000000,0.152,247.699997,10,42,39,12,12,3,U_TURN_HDG,AP_HDG_SEL_IMU,116.453,5.867,20.000,4,13,8,13,ROLL_LEFT
1826,137.182755,0,0.000,0.000,0.026,-5.686,18.700,110.586,0.000,-0.112,0.000,-31.875,5.125,22.375,-3.127,-10.048,-29.810,0.106,-0.815,-0.555,0.133,1,-37.628,-1.363,-25.112,0.000,2,41.519039,-86.239647,0.000000,0.208,247.600006,10,42,39,20,12,3,U_TURN_HDG,AP_HDG_SEL_IMU,116.453,5.867,20.000,4,13,8,13,ROLL_LEFT
1827,137.303894,0,0.000,0.115,-0.090,-5.685,18.691,110.587,0.112,-0.112,0.000,-31.875,5.125,22.375,-3.127,-10.048,-29.810,0.105,-0.815,-0.555,0.133,1,-37.724,-1.396,-25.144,0.000,2,41.519039,-86.239647,0.000000,0.181,247.600006,10,42,39,32,12,3,U_TURN_HDG,AP_HDG_SEL_IMU,116.453,5.866,20.000,4,13,8,13,ROLL_LEFT
1828,137.420074,0,0.000,0.000,0.026,-5.688,18.685,110.581,0.000,0.000,0.000,-31.875,5.125,22.375,-3.127,-10.048,-29.810,0.105,-0.815,-0.555,0.133,1,-37.252,-1.350,-24.986,0.000,2,41.519039,-86.239647,0.000000,0.130,247.600006,10,42,39,44,12,3,U_TURN_HDG,AP_HDG_SEL_IMU,116.453,5.872,20.000,4,13,8,13,ROLL_LEFT
1829,137.540421,0,0.000,-0.128,0.026,-5.690,18.669,110.582,0.000,0.000,0.000,-31.875,5.125,22.375,-3.127,-10.048,-29.810,0.105,-0.815,-0.555,0.133,1,-37.540,-1.334,-25.083,0.000,2,41.519039,-86.239647,0.000000,0.348,247.600006,10,42,39,56,12,3,U_TURN_HDG,AP_HDG_SEL_IMU,116.453,5.871,20.000,4,13,8,13,ROLL_LEFT
1830,137.617935,0,0.000,-0.205,0.026,-5.687,18.659,110.577,-0.224,-0.112,0.000,-31.875,5.125,22.375,-3.127,-10.073,-29.784,0.105,-0.815,-0.555,0.132,1,-36.966,-1.373,-24.890,0.000,2,41.519039,-86.239647,0.000000,0.299,247.500000,10,42,39,64,12,3,U_TURN_HDG,AP_HDG_SEL_IMU,116.453,5.876,20.000,4,13,8,13,ROLL_LEFT
1831,137.743927,0,0.000,0.051,-0.090,-5.688,18.660,110.582,-0.224,0.000,-0.112,-31.875,5.125,22.375,-3.127,-10.099,-29.810,0.105,-0.815,-0.555,0.132,1,-37.208,-1.410,-24.972,0.000,2,41.519039,-86.239647,0.000000,0.469,247.500000,10,42,39,76,12,3,U_TURN_HDG,AP_HDG_SEL_IMU,116.453,5.871,20.000,4,13,8,13,ROLL_LEFT
1832,137.791504,0,-0.128,0.051,0.026,-5.684,18.665,110.583,-0.448,0.000,0.112,-31.875,5.125,22.375,-3.153,-10.073,-29.810,0.105,-0.815,-0.555,0.132,1,-37.639,-1.379,-25.116,0.000,2,41.519039,-86.239647,0.000000,0.527,247.500000,10,42,39,80,12,3,U_TURN_HDG,AP_HDG_SEL_IMU,116.453,5.870,20.000,4,13,8,13,ROLL_LEFT
1833,137.863953,0,0.026,0.026,-0.090,-5.694,18.664,110.581,0.224,-0.112,-0.112,-31.875,5.125,22.375,-3.127,-10.073,-29.810,0.105,-0.815,-0.555,0.133,1,-37.253,-1.356,-24.987,0.000,2,41.519039,-86.239647,0.000000,0.608,247.500000,10,42,39,88,12,3,U_TURN_HDG,AP_HDG_SEL_IMU,116.453,5.872,20.000,4,13,8,13,ROLL_LEFT
1834,137.950348,0,0.000,-0.103,0.051,-5.694,18.664,110.581,-0.224,0.000,-0.112,-31.875,5.125,22.375,-3.153,-10.073,-29.810,0.105,-0.815,-0.555,0.133,1,-36.890,-1.373,-24.865,0.000,2,41.519039,-86.239647,0.000000,0.459,247.399994,10,42,39,96,12,3,U_TURN_HDG,AP_HDG_SEL_IMU,116.453,5.872,20.000,4,13,8,13,ROLL_LEFT
1835,138.010513,0,0.154,-0.103,0.026,-5.696,18.659,110.571,-0.112,-0.112,-0.112,-31.875,5.125,22.375,-3.153,-10.073,-29.810,0.105,-0.815,-0.555,0.133,1,-37.175,-1.350,-24.961,0.000,2,41.519039,-86.239647,0.000000,0.414,247.399994,10,42,40,0,12,3,U_TURN_HDG,AP_HDG_SEL_IMU,116.453,5.882,20.000,4,13,8,13,ROLL_LEFT
1836,138.063751,0,0.000,-0.103,0.051,-5.696,18.659,110.571,-0.224,0.000,-0.112,-31.875,5.125,22.375,-3.127,-10.073,-29.835,0.105,-0.815,-0.555,0.133,1,-37.768,-1.341,-25.159,0.000,2,41.519039,-86.239647,0.000000,0.294,247.399994,10,42,40,8,12,3,U_TURN_HDG,AP_HDG_SEL_IMU,116.453,5.882,20.000,4,13,8,13,ROLL_LEFT
1837,138.144318,0,0.000,-0.103,0.051,-5.700,18.653,110.571,0.224,0.000,-0.112,-31.875,5.125,22.375,-3.127,-10.073,-29.835,0.105,-0.815,-0.555,0.133,1,-36.963,-1.367,-24.889,0.000,2,41.519039,-86.239647,0.000000,0.235,247.399994,10,42,40,16,12,3,U_TURN_HDG,AP_HDG_SEL_IMU,116.453,5.882,20.000,4,13,8,13,ROLL_LEFT
1838,138.215439,0,0.000,-0.077,0.051,-5.696,18.659,110.571,-0.224,0.112,0.000,-31.875,5.125,22.375,-3.127,-10.099,-29.835,0.105,-0.815,-0.555,0.133,1,-38.296,-1.352,-25.334,0.000,2,41.519039,-86.239647,0.000000,0.366,247.399994,10,42,40,24,12,3,U_TURN_HDG,AP_HDG_SEL_IMU,116.453,5.882,20.000,4,13,8,13,ROLL_LEFT
1839,138.272552,0,-0.103,0.167,0.051,-5.690,18.654,110.567,-0.448,-0.112,0.000,-31.875,5.125,22.375,-3.153,-10.099,-29.835,0.105,-0.815,-0.555,0.132,1,-36.352,-1.340,-24.683,0.000,2,41.519039,-86.239647,0.000000,0.366,247.399994,10,42,40,28,12,3,U_TURN_HDG,AP_HDG_SEL_IMU,116.453,5.886,20.000,4,13,8,13,ROLL_LEFT
1840,138.349396,0,0.026,0.167,0.026,-5.698,18.643,110.566,0.448,0.000,-0.112,-31.875,5.125,22.375,-3.153,-10.099,-29.810,0.105,-0.815,-0.555,0.132,1,-37.318,-1.335,-25.009,0.000,2,41.519039,-86.239647,0.000000,0.246,247.399994,10,42,40,36,12,3,U_TURN_HDG,AP_HDG_SEL_IMU,116.453,5.887,20.000,4,13,8,13,ROLL_LEFT
1841,138.399506,0,0.128,-0.103,0.154,-5.695,18.658,110.566,-0.224,-0.112,0.000,-31.875,5.125,22.375,-3.127,-10.073,-29.810,0.105,-0.815,-0.555,0.133,1,-37.685,-1.323,-25.131,0.000,2,41.519039,-86.239647,0.000000,0.213,247.399994,10,42,40,40,12,3,U_TURN_HDG,AP_HDG_SEL_IMU,116.453,5.887,20.000,4,13,8,13,ROLL_LEFT
1842,138.465805,0,0.000,0.141,-0.090,-5.696,18.643,110.560,-0.671,0.000,-0.112,-31.875,5.125,22.375,-3.127,-10.073,-29.810,0.105,-0.815,-0.555,0.132,1,-37.271,-1.391,-24.993,0.000,2,41.519039,-86.239647,0.000000,0.062,247.399994,10,42,40,48,12,3,U_TURN_HDG,AP_HDG_SEL_IMU,116.453,5.893,20.000,4,13,8,13,ROLL_LEFT
1843,138.579590,0,0.000,-0.103,0.026,-5.691,18.639,110.561,0.000,0.000,-0.112,-31.875,5.125,22.375,-3.127,-10.073,-29.810,0.105,-0.815,-0.555,0.132,1,-37.134,-1.408,-24.947,0.000,2,41.519039,-86.239647,0.000000,0.159,247.399994,10,42,40,60,12,3,U_TURN_HDG,AP_HDG_SEL_IMU,116.453,5.892,20.000,4,13,8,13,ROLL_LEFT
1844,138.638519,0,0.026,0.026,0.051,-5.687,18.645,110.558,0.000,-0.112,0.112,-31.875,5.125,22.375,-3.153,-10.073,-29.835,0.105,-0.815,-0.555,0.132,1,-36.944,-1.329,-24.883,0.000,2,41.519039,-86.239647,0.000000,0.260,247.399994,10,42,40,64,12,3,U_TURN_HDG,AP_HDG_SEL_IMU,116.453,5.895,20.000,4,13,8,13,ROLL_LEFT
1845,138.696304,0,-0.103,0.026,0.051,-5.692,18.649,110.557,-0.112,0.000,0.000,-31.875,5.125,22.375,-3.153,-10.073,-29.835,0.105,-0.815,-0.555,0.132,1,-36.806,-1.356,-24.836,0.000,2,41.519039,-86.239647,0.000000,0.253,247.500000,10,42,40,72,12,3,U_TURN_HDG,AP_HDG_SEL_IMU,116.453,5.896,20.000,4,13,8,13,ROLL_LEFT
1846,138.819138,0,0.154,-0.128,0.051,-5.692,18.649,110.557,0.000,0.000,0.000,-31.875,5.125,22.375,-3.153,-10.048,-29.835,0.105,-0.815,-0.555,0.132,1,-37.480,-1.363,-25.063,0.000,2,41.519039,-86.239647,0.000000,0.263,247.500000,10,42,40,84,12,3,U_TURN_HDG,AP_HDG_SEL_IMU,116.453,5.896,20.000,4,13,8,13,ROLL_LEFT
1847,138.896439,0,0.026,0.000,-0.064,-5.693,18.648,110.561,0.000,0.000,0.000,-31.875,5.125,22.375,-3.153,-10.048,-29.835,0.105,-0.815,-0.555,0.132,1,-37.335,-1.367,-25.014,0.000,2,41.519039,-86.239647,0.000000,0.316,247.500000,10,42,40,92,12,3,U_TURN_HDG,AP_HDG_SEL_IMU,116.453,5.892,20.000,4,13,8,13,ROLL_LEFT
1848,138.958282,0,0.026,-0.128,-0.064,-5.696,18.643,110.560,0.000,0.000,0.000,-31.875,5.125,22.375,-3.153,-10.048,-29.835,0.105,-0.815,-0.555,0.132,1,-37.447,-1.293,-25.052,0.000,2,41.519039,-86.239647,0.000000,0.361,247.500000,10,42,40,96,12,3,U_TURN_HDG,AP_HDG_SEL_IMU,116.453,5.893,20.000,4,13,8,13,ROLL_LEFT
1849,139.034119,0,0.026,-0.103,0.051,-5.700,18.637,110.560,0.000,0.000,0.000,-31.875,5.125,22.375,-3.153,-10.048,-29.835,0.105,-0.815,-0.555,0.132,1,-36.804,-1.350,-24.836,0.000,2,41.519039,-86.239647,0.000000,0.336,247.500000,10,42,41,4,12,3,U_TURN_HDG,AP_HDG_SEL_IMU,116.453,5.893,20.000,4,13,8,13,ROLL_LEFT
1850,139.096100,0,0.179,0.026,-0.064,-5.700,18.637,110.560,0.000,0.000,0.000,-31.875,5.125,22.375,-3.178,-10.073,-29.835,0.105,-0.815,-0.555,0.132,1,-37.763,-1.332,-25.157,0.000,2,41.519039,-86.239647,0.000000,0.191,247.500000,10,42,41,12,12,3,U_TURN_HDG,AP_HDG_SEL_IMU,116.453,5.893,20.000,4,13,8,13,ROLL_LEFT
1851,139.181473,0,-0.103,0.026,0.051,-5.706,18.641,110.559,0.000,0.000,0.000,-31.875,5.125,22.375,-3.153,-10.073,-29.835,0.105,-0.815,-0.555,0.133,1,-37.610,-1.325,-25.106,0.000,2,41.519039,-86.239647,0.000000,0.149,247.500000,10,42,41,16,12,3,U_TURN_HDG,AP_HDG_SEL_IMU,116.453,5.894,20.000,4,13,8,13,ROLL_LEFT
1852,139.234802,0,0.026,0.141,0.051,-5.707,18.641,110.564,0.000,0.000,0.000,-31.875,5.125,22.375,-3.153,-10.073,-29.835,0.105,-0.815,-0.555,0.133,1,-36.871,-1.341,-24.858,0.000,2,41.519039,-86.239647,0.000000,0.181,247.399994,10,42,41,24,12,3,U_TURN_HDG,AP_HDG_SEL_IMU,116.453,5.889,20.000,4,13,8,13,ROLL_LEFT
1853,139.331421,0,0.026,0.026,0.051,-5.707,18.641,110.564,0.000,0.000,0.000,-31.875,5.125,22.375,-3.153,-10.073,-29.835,0.105,-0.815,-0.555,0.133,1,-37.780,-1.364,-25.163,0.000,2,41.519039,-86.239647,0.000000,0.113,247.399994,10,42,41,32,12,3,U_TURN_HDG,AP_HDG_SEL_IMU,116.453,5.889,20.000,4,13,8,13,ROLL_LEFT
1854,139.391510,0,0.154,-0.231,0.051,-5.707,18.641,110.564,0.000,0.000,0.000,-31.875,5.125,22.375,-3.153,-10.073,-29.835,0.105,-0.815,-0.555,0.133,1,-37.113,-1.371,-24.940,0.000,2,41.519039,-86.239647,0.000000,0.366,247.399994,10,42,41,40,12,3,U_TURN_HDG,AP_HDG_SEL_IMU,116.453,5.889,20.000,4,13,8,13,ROLL_LEFT
1855,139.437500,0,-0.103,0.026,0.179,-5.713,18.645,110.563,0.000,0.000,0.000,-31.875,5.125,22.375,-3.153,-10.073,-29.835,0.105,-0.815,-0.555,0.133,1,-37.184,-1.361,-24.963,0.000,2,41.519039,-86.239647,0.000000,0.348,247.300003,10,42,41,44,12,3,U_TURN_HDG,AP_HDG_SEL_IMU,116.453,5.890,20.000,4,13,8,13,ROLL_LEFT
1856,139.511566,0,-0.231,-0.231,0.308,-5.713,18.645,110.563,0.000,0.000,0.000,-31.875,5.125,22.375,-3.153,-10.073,-29.835,0.105,-0.815,-0.555,0.133,1,-37.544,-1.338,-25.084,0.000,2,41.519039,-86.239647,0.000000,0.419,247.300003,10,42,41,52,12,3,U_TURN_HDG,AP_HDG_SEL_IMU,116.453,5.890,20.000,4,13,8,13,ROLL_LEFT
1857,139.580292,0,0.000,-0.103,0.026,-5.713,18.645,110.563,0.000,0.000,0.000,-31.875,5.125,22.375,-3.127,-10.099,-29.810,0.105,-0.815,-0.555,0.133,1,-37.821,-1.302,-25.177,0.000,2,41.519039,-86.239647,0.000000,0.412,247.300003,10,42,41,56,12,3,U_TURN_HDG,AP_HDG_SEL_IMU,116.453,5.890,20.000,4,13,8,13,ROLL_LEFT
1858,139.660507,0,-0.128,0.026,-0.090,-5.698,18.602,110.556,0.560,0.000,0.000,-31.875,5.125,22.375,-3.127,-10.073,-29.810,0.105,-0.815,-0.555,0.132,1,-37.244,-1.332,-24.984,0.000,2,41.519039,-86.239647,0.000000,0.321,247.300003,10,42,41,64,12,3,U_TURN_HDG,AP_HDG_SEL_IMU,116.453,5.897,20.000,4,13,8,13,ROLL_LEFT
1859,139.718506,0,0.000,0.141,0.026,-5.704,18.606,110.555,-0.224,0.000,0.000,-31.875,5.125,22.375,-3.127,-10.073,-29.810,0.105,-0.815,-0.555,0.132,1,-37.073,-1.298,-24.926,0.000,2,41.519039,-86.239647,0.000000,0.361,247.300003,10,42,41,72,12,3,U_TURN_HDG,AP_HDG_SEL_IMU,116.453,5.898,20.000,4,13,8,13,ROLL_LEFT
1860,139.767517,0,0.026,0.000,0.051,-5.704,18.606,110.555,-0.112,0.000,0.000,-31.875,5.125,22.375,-3.127,-10.073,-29.810,0.105,-0.815,-0.555,0.132,1,-37.842,-1.341,-25.183,0.000,2,41.519039,-86.239647,0.000000,0.329,247.300003,10,42,41,76,12,3,U_TURN_HDG,AP_HDG_SEL_IMU,116.453,5.898,20.000,4,13,8,13,ROLL_LEFT
1861,139.830276,0,0.000,0.000,0.051,-5.697,18.592,110.557,0.000,0.000,0.000,-31.875,5.125,22.375,-3.127,-10.048,-29.835,0.105,-0.815,-0.555,0.132,1,-37.840,-1.340,-25.183,0.000,2,41.519039,-86.239647,0.000000,0.218,247.300003,10,42,41,84,12,3,U_TURN_HDG,AP_HDG_SEL_IMU,116.453,5.896,20.000,4,13,8,13,ROLL_LEFT
1862,139.900986,0,-0.128,0.115,0.026,-5.694,18.608,110.557,-0.224,-0.112,-0.112,-31.875,5.125,22.375,-3.153,-10.022,-29.835,0.105,-0.815,-0.555,0.132,1,-37.266,-1.377,-24.991,0.000,2,41.519039,-86.239647,0.000000,0.221,247.300003,10,42,41,92,12,3,U_TURN_HDG,AP_HDG_SEL_IMU,116.453,5.896,20.000,4,13,8,13,ROLL_LEFT
1863,139.956512,0,0.026,-0.026,-0.064,-5.697,18.603,110.547,-0.671,0.000,-0.112,-31.875,5.125,22.375,-3.153,-10.022,-29.835,0.105,-0.815,-0.555,0.132,1,-37.963,-1.285,-25.224,0.000,2,41.519039,-86.239647,0.000000,0.089,247.300003,10,42,41,96,12,3,U_TURN_HDG,AP_HDG_SEL_IMU,116.453,5.906,20.000,4,13,8,13,ROLL_LEFT
1864,140.021866,0,-0.103,-0.026,0.051,-5.696,18.618,110.552,-0.224,-0.112,0.112,-31.875,5.125,22.375,-3.127,-10.048,-29.835,0.105,-0.815,-0.555,0.132,1,-37.673,-1.304,-25.127,0.000,2,41.519039,-86.239647,0.000000,0.199,247.300003,10,42,42,4,12,3,U_TURN_HDG,AP_HDG_SEL_IMU,116.453,5.901,20.000,4,13,8,13,ROLL_LEFT
1865,140.099716,0,0.026,0.090,-0.064,-5.700,18.612,110.555,0.895,0.000,0.112,-31.875,5.125,22.375,-3.127,-10.048,-29.835,0.105,-0.815,-0.555,0.132,1,-37.393,-1.336,-25.034,0.000,2,41.519039,-86.239647,0.000000,0.360,247.300003,10,42,42,12,12,3,U_TURN_HDG,AP_HDG_SEL_IMU,116.453,5.898,20.000,4,13,8,13,ROLL_LEFT
1866,140.217133,0,0.026,0.090,-0.192,-5.700,18.612,110.555,-0.112,0.000,0.000,-31.875,5.125,22.375,-3.153,-10.022,-29.835,0.105,-0.815,-0.555,0.132,1,-36.912,-1.273,-24.872,0.000,2,41.519039,-86.239647,0.000000,0.631,247.199997,10,42,42,24,12,3,U_TURN_HDG,AP_HDG_SEL_IMU,116.453,5.898,20.000,4,13,8,13,ROLL_LEFT
1867,140.300858,0,-0.103,-0.154,0.051,-5.704,18.606,110.555,0.112,0.000,-0.112,-31.875,5.125,22.375,-3.153,-10.022,-29.835,0.105,-0.815,-0.555,0.132,1,-37.313,-1.330,-25.007,0.000,2,41.519039,-86.239647,0.000000,0.645,247.199997,10,42,42,32,12,3,U_TURN_HDG,AP_HDG_SEL_IMU,116.453,5.898,20.000,4,13,8,13,ROLL_LEFT
1868,140.355515,0,-0.103,-0.026,0.051,-5.704,18.606,110.555,-0.112,0.000,0.000,-31.875,5.125,22.375,-3.153,-10.022,-29.835,0.105,-0.815,-0.555,0.132,1,-37.990,-1.339,-25.233,0.000,2,41.519039,-86.239647,0.000000,0.506,247.199997,10,42,42,36,12,3,U_TURN_HDG,AP_HDG_SEL_IMU,116.453,5.898,20.000,4,13,8,13,ROLL_LEFT
1869,140.421631,0,0.026,0.115,0.051,-5.710,18.610,110.554,0.336,-0.112,-0.112,-31.875,5.125,22.375,-3.153,-10.048,-29.835,0.105,-0.815,-0.555,0.132,1,-36.944,-1.328,-24.883,0.000,2,41.519039,-86.239647,0.000000,0.398,247.199997,10,42,42,44,12,3,U_TURN_HDG,AP_HDG_SEL_IMU,116.453,5.899,20.000,4,13,8,13,ROLL_LEFT
1870,140.496506,0,0.026,0.000,-0.064,-5.708,18.626,110.559,0.224,0.000,0.000,-31.875,5.125,22.375,-3.153,-10.048,-29.835,0.105,-0.815,-0.555,0.132,1,-37.393,-1.335,-25.034,0.000,2,41.519039,-86.239647,0.000000,0.238,247.199997,10,42,42,48,12,3,U_TURN_HDG,AP_HDG_SEL_IMU,116.453,5.894,20.000,4,13,8,13,ROLL_LEFT
1871,140.550385,0,0.026,0.000,-0.064,-5.710,18.635,110.558,0.000,0.000,-0.112,-31.875,5.125,22.375,-3.153,-10.048,-29.835,0.105,-0.815,-0.555,0.133,1,-36.946,-1.340,-24.884,0.000,2,41.519039,-86.239647,0.000000,0.132,247.199997,10,42,42,56,12,3,U_TURN_HDG,AP_HDG_SEL_IMU,116.453,5.895,20.000,4,13,8,13,ROLL_LEFT
1872,140.607620,0,-0.103,0.000,0.179,-5.710,18.635,110.558,-0.112,-0.112,0.000,-31.875,5.125,22.375,-3.153,-10.048,-29.835,0.105,-0.815,-0.555,0.133,1,-37.316,-1.334,-25.008,0.000,2,41.519039,-86.239647,0.000000,0.105,247.300003,10,42,42,60,12,3,U_TURN_HDG,AP_HDG_SEL_IMU,116.453,5.895,20.000,4,13,8,13,ROLL_LEFT
1873,140.704453,0,0.282,0.000,-0.064,-5.710,18.636,110.554,0.224,0.000,0.000,-31.875,5.125,22.375,-3.153,-10.073,-29.835,0.105,-0.815,-0.555,0.133,1,-36.810,-1.358,-24.838,0.000,2,41.519039,-86.239647,0.000000,0.035,247.300003,10,42,42,72,12,3,U_TURN_HDG,AP_HDG_SEL_IMU,116.453,5.899,20.000,4,13,8,13,ROLL_LEFT
1874,140.790390,0,-0.128,-0.128,0.051,-5.709,18.636,110.549,-0.112,0.000,0.000,-31.875,5.125,22.375,-3.153,-10.073,-29.835,0.105,-0.815,-0.555,0.133,1,-37.531,-1.318,-25.080,0.000,2,41.519039,-86.239647,0.000000,0.062,247.300003,10,42,42,80,12,3,U_TURN_HDG,AP_HDG_SEL_IMU,116.453,5.904,20.000,4,13,8,13,ROLL_LEFT
1875,140.848114,0,-0.103,0.026,0.051,-5.705,18.642,110.549,0.000,0.000,0.112,-31.875,5.125,22.375,-3.153,-10.073,-29.835,0.105,-0.815,-0.555,0.133,1,-38.051,-1.317,-25.253,0.000,2,41.519039,-86.239647,0.000000,0.165,247.300003,10,42,42,84,12,3,U_TURN_HDG,AP_HDG_SEL_IMU,116.453,5.904,20.000,4,13,8,13,ROLL_LEFT
1876,140.900040,0,-0.103,0.026,-0.064,-5.706,18.653,110.544,-0.112,0.000,0.000,-31.875,5.125,22.375,-3.153,-10.073,-29.835,0.105,-0.815,-0.555,0.133,1,-37.153,-1.303,-24.953,0.000,2,41.519039,-86.239647,0.000000,0.138,247.300003,10,42,42,92,12,3,U_TURN_HDG,AP_HDG_SEL_IMU,116.453,5.909,20.000,4,13,8,13,ROLL_LEFT
1877,140.957840,0,0.000,0.000,-0.064,-5.712,18.657,110.543,0.000,0.000,0.000,-31.875,5.125,22.375,-3.127,-10.048,-29.835,0.105,-0.815,-0.555,0.133,1,-37.392,-1.329,-25.033,0.000,2,41.519039,-86.239647,0.000000,0.100,247.300003,10,42,42,96,12,3,U_TURN_HDG,AP_HDG_SEL_IMU,116.453,5.910,20.000,4,13,8,13,ROLL_LEFT
1878,141.020248,0,0.000,0.000,-0.064,-5.712,18.657,110.543,0.000,0.000,0.000,-31.875,5.125,22.375,-3.127,-10.048,-29.835,0.105,-0.815,-0.555,0.133,1,-37.079,-1.307,-24.928,0.000,2,41.519039,-86.239647,0.000000,0.066,247.300003,10,42,43,4,12,3,U_TURN_HDG,AP_HDG_SEL_IMU,116.453,5.910,20.000,4,13,8,13,ROLL_LEFT
1879,141.100281,0,0.154,0.026,0.051,-5.706,18.653,110.544,0.000,0.000,0.000,-31.875,5.125,22.375,-3.153,-10.073,-29.835,0.105,-0.815,-0.555,0.133,1,-37.478,-1.355,-25.062,0.000,2,41.519039,-86.239647,0.000000,0.057,247.300003,10,42,43,12,12,3,U_TURN_HDG,AP_HDG_SEL_IMU,116.453,5.909,20.000,4,13,8,13,ROLL_LEFT
1880,141.220901,0,0.026,0.026,0.051,-5.706,18.653,110.544,0.000,0.000,0.000,-31.875,5.125,22.375,-3.153,-10.073,-29.835,0.105,-0.815,-0.555,0.133,1,-37.324,-1.345,-25.011,0.000,2,41.519039,-86.239647,0.000000,0.081,247.199997,10,42,43,24,12,3,U_TURN_HDG,AP_HDG_SEL_IMU,116.453,5.909,20.000,4,13,8,13,ROLL_LEFT
1881,141.346649,0,0.026,0.026,0.051,-5.712,18.657,110.543,0.000,0.000,0.000,-31.875,5.125,22.375,-3.153,-10.073,-29.835,0.105,-0.815,-0.555,0.133,1,-37.219,-1.290,-24.975,0.000,2,41.519039,-86.239647,0.000000,0.127,247.199997,10,42,43,36,12,3,U_TURN_HDG,AP_HDG_SEL_IMU,116.453,5.910,20.000,4,13,8,13,ROLL_LEFT
1882,141.457382,0,-0.103,0.026,0.051,-5.712,18.657,110.543,0.000,0.000,0.000,-31.875,5.125,22.375,-3.153,-10.073,-29.835,0.105,-0.815,-0.555,0.133,1,-37.669,-1.294,-25.126,0.000,2,41.519039,-86.239647,0.000000,0.338,247.199997,10,42,43,48,12,3,U_TURN_HDG,AP_HDG_SEL_IMU,116.453,5.910,20.000,4,13,8,13,ROLL_LEFT
1883,141.524246,0,0.000,0.026,0.051,-5.712,18.657,110.543,0.000,0.000,0.000,-31.875,5.125,22.375,-3.153,-10.073,-29.835,0.105,-0.815,-0.555,0.133,1,-37.316,-1.334,-25.008,0.000,2,41.519039,-86.239647,0.000000,0.387,247.100006,10,42,43,52,12,3,U_TURN_HDG,AP_HDG_SEL_IMU,116.453,5.910,20.000,4,13,8,13,ROLL_LEFT
1884,141.573517,0,0.000,0.026,0.051,-5.712,18.657,110.543,0.000,0.000,0.000,-31.875,5.125,22.375,-3.127,-10.073,-29.835,0.105,-0.815,-0.555,0.133,1,-37.549,-1.353,-25.086,0.000,2,41.519039,-86.239647,0.000000,0.397,247.100006,10,42,43,56,12,3,U_TURN_HDG,AP_HDG_SEL_IMU,116.453,5.910,20.000,4,13,8,13,ROLL_LEFT
1885,141.637115,0,0.000,0.026,0.051,-5.706,18.653,110.544,0.000,0.000,0.000,-31.875,5.125,22.375,-3.127,-10.073,-29.835,0.105,-0.815,-0.555,0.133,1,-37.612,-1.331,-25.107,0.000,2,41.519039,-86.239647,0.000000,0.236,247.100006,10,42,43,64,12,3,U_TURN_HDG,AP_HDG_SEL_IMU,116.453,5.909,20.000,4,13,8,13,ROLL_LEFT
1886,141.698166,0,0.000,0.026,0.051,-5.706,18.653,110.544,0.000,0.000,0.000,-31.875,5.125,22.375,-3.127,-10.073,-29.835,0.105,-0.815,-0.555,0.133,1,-37.304,-1.311,-25.004,0.000,2,41.519039,-86.239647,0.000000,0.189,247.100006,10,42,43,72,12,3,U_TURN_HDG,AP_HDG_SEL_IMU,116.453,5.909,20.000,4,13,8,13,ROLL_LEFT
1887,141.762299,0,0.000,0.026,-0.064,-5.706,18.653,110.544,0.000,0.000,0.000,-31.875,5.125,22.375,-3.127,-10.073,-29.835,0.105,-0.815,-0.555,0.133,1,-37.221,-1.294,-24.976,0.000,2,41.519039,-86.239647,0.000000,0.299,247.100006,10,42,43,76,12,3,U_TURN_HDG,AP_HDG_SEL_IMU,116.453,5.909,20.000,4,13,8,13,ROLL_LEFT
1888,141.823257,0,0.000,0.026,-0.064,-5.696,18.654,110.546,0.000,0.000,0.000,-31.875,5.125,22.375,-3.127,-10.073,-29.835,0.105,-0.815,-0.555,0.133,1,-37.230,-1.311,-24.979,0.000,2,41.519039,-86.239647,0.000000,0.192,247.199997,10,42,43,84,12,3,U_TURN_HDG,AP_HDG_SEL_IMU,116.453,5.907,20.000,4,13,8,13,ROLL_LEFT
1889,141.883224,0,0.000,0.026,-0.064,-5.696,18.654,110.546,0.000,0.000,0.000,-31.875,5.125,22.375,-3.127,-10.073,-29.835,0.105,-0.815,-0.555,0.133,1,-36.904,-1.259,-24.869,0.000,2,41.519039,-86.239647,0.000000,0.057,247.100006,10,42,43,88,12,3,U_TURN_HDG,AP_HDG_SEL_IMU,116.453,5.907,20.000,4,13,8,13,ROLL_LEFT
1890,141.955063,0,0.000,0.026,0.051,-5.696,18.654,110.546,0.000,0.000,0.000,-31.875,5.125,22.375,-3.127,-10.073,-29.835,0.105,-0.815,-0.555,0.133,1,-37.438,-1.286,-25.049,0.000,2,41.519039,-86.239647,0.000000,0.122,247.199997,10,42,43,96,12,3,U_TURN_HDG,AP_HDG_SEL_IMU,116.453,5.907,20.000,4,13,8,13,ROLL_LEFT
1891,142.018768,0,0.000,-0.103,0.179,-5.695,18.654,110.540,0.000,0.000,0.000,-31.875,5.125,22.375,-3.127,-10.073,-29.835,0.105,-0.815,-0.555,0.133,1,-37.216,-1.283,-24.974,0.000,2,41.519039,-86.239647,0.000000,0.228,247.199997,10,42,44,4,12,3,U_TURN_HDG,AP_HDG_SEL_IMU,116.453,5.913,20.000,4,13,8,13,ROLL_LEFT
1892,142.105804,0,0.000,0.026,-0.064,-5.695,18.654,110.540,0.000,0.000,0.000,-31.875,5.125,22.375,-3.153,-10.073,-29.835,0.105,-0.815,-0.555,0.133,1,-37.258,-1.366,-24.988,0.000,2,41.519039,-86.239647,0.000000,0.086,247.199997,10,42,44,12,12,3,U_TURN_HDG,AP_HDG_SEL_IMU,116.453,5.913,20.000,4,13,8,13,ROLL_LEFT
1893,142.163513,0,0.000,0.026,-0.064,-5.691,18.659,110.541,0.000,0.000,0.000,-31.875,5.125,22.375,-3.127,-10.073,-29.835,0.105,-0.815,-0.555,0.133,1,-37.023,-1.343,-24.909,0.000,2,41.519039,-86.239647,0.000000,0.246,247.199997,10,42,44,16,12,3,U_TURN_HDG,AP_HDG_SEL_IMU,116.453,5.912,20.000,4,13,8,13,ROLL_LEFT
1894,142.221817,0,0.000,0.026,-0.064,-5.686,18.655,110.542,0.000,0.000,0.000,-31.875,5.125,22.375,-3.127,-10.073,-29.835,0.105,-0.815,-0.555,0.132,1,-37.404,-1.360,-25.037,0.000,2,41.519039,-86.239647,0.000000,0.317,247.199997,10,42,44,24,12,3,U_TURN_HDG,AP_HDG_SEL_IMU,116.453,5.911,20.000,4,13,8,13,ROLL_LEFT
1895,142.343933,0,0.000,0.026,-0.064,-5.686,18.655,110.542,0.000,0.000,0.000,-31.875,5.125,22.375,-3.127,-10.073,-29.835,0.105,-0.815,-0.555,0.132,1,-37.318,-1.338,-25.009,0.000,2,41.519039,-86.239647,0.000000,0.113,247.199997,10,42,44,36,12,3,U_TURN_HDG,AP_HDG_SEL_IMU,116.453,5.911,20.000,4,13,8,13,ROLL_LEFT
1896,142.463776,0,0.000,0.026,-0.064,-5.686,18.655,110.542,0.000,0.000,0.000,-31.875,5.125,22.375,-3.127,-10.073,-29.835,0.105,-0.815,-0.555,0.132,1,-37.018,-1.333,-24.908,0.000,2,41.519039,-86.239647,0.000000,0.292,247.300003,10,42,44,48,12,3,U_TURN_HDG,AP_HDG_SEL_IMU,116.453,5.911,20.000,4,13,8,13,ROLL_LEFT
1897,142.536636,0,0.026,0.026,0.051,-5.686,18.655,110.542,0.000,0.000,0.000,-31.875,5.125,22.375,-3.153,-10.073,-29.835,0.105,-0.815,-0.555,0.132,1,-37.906,-1.323,-25.205,0.000,2,41.519039,-86.239647,0.000000,0.358,247.300003,10,42,44,56,12,3,U_TURN_HDG,AP_HDG_SEL_IMU,116.453,5.911,20.000,4,13,8,13,ROLL_LEFT
1898,142.592514,0,0.000,0.000,-0.064,-5.686,18.655,110.542,0.000,0.000,0.000,-31.875,5.125,22.375,-3.127,-10.048,-29.835,0.105,-0.815,-0.555,0.132,1,-37.150,-1.302,-24.952,0.000,2,41.519039,-86.239647,0.000000,0.380,247.199997,10,42,44,60,12,3,U_TURN_HDG,AP_HDG_SEL_IMU,116.453,5.911,20.000,4,13,8,13,ROLL_LEFT
1899,142.657486,0,0.000,0.000,0.051,-5.686,18.655,110.542,0.000,0.000,0.000,-31.875,5.125,22.375,-3.127,-10.048,-29.835,0.105,-0.815,-0.555,0.132,1,-36.923,-1.292,-24.876,0.000,2,41.519039,-86.239647,0.000000,0.481,247.199997,10,42,44,68,12,3,U_TURN_HDG,AP_HDG_SEL_IMU,116.453,5.911,20.000,4,13,8,13,ROLL_LEFT
1900,142.712402,0,-0.128,0.026,0.051,-5.686,18.655,110.542,0.000,0.000,0.000,-31.875,5.125,22.375,-3.127,-10.073,-29.835,0.105,-0.815,-0.555,0.132,1,-37.219,-1.290,-24.975,0.000,2,41.519039,-86.239647,0.000000,0.493,247.199997,10,42,44,72,12,3,U_TURN_HDG,AP_HDG_SEL_IMU,116.453,5.911,20.000,4,13,8,13,ROLL_LEFT
1901,142.782104,0,0.026,0.026,0.051,-5.686,18.655,110.542,0.000,0.000,0.000,-31.875,5.125,22.375,-3.153,-10.073,-29.835,0.105,-0.815,-0.555,0.132,1,-37.005,-1.307,-24.904,0.000,2,41.519039,-86.239647,0.000000,0.533,247.100006,10,42,44,80,12,3,U_TURN_HDG,AP_HDG_SEL_IMU,116.453,5.911,20.000,4,13,8,13,ROLL_LEFT
1902,142.831436,0,0.026,0.026,0.051,-5.690,18.650,110.541,0.000,0.000,0.000,-31.875,5.125,22.375,-3.153,-10.073,-29.835,0.105,-0.815,-0.555,0.132,1,-36.917,-1.286,-24.874,0.000,2,41.519039,-86.239647,0.000000,0.636,247.199997,10,42,44,84,12,3,U_TURN_HDG,AP_HDG_SEL_IMU,116.453,5.912,20.000,4,13,8,13,ROLL_LEFT
1903,142.906250,0,0.026,0.141,-0.064,-5.690,18.650,110.541,0.000,0.000,0.000,-31.875,5.125,22.375,-3.153,-10.073,-29.835,0.105,-0.815,-0.555,0.132,1,-36.991,-1.281,-24.899,0.000,2,41.519039,-86.239647,0.000000,0.609,247.199997,10,42,44,92,12,3,U_TURN_HDG,AP_HDG_SEL_IMU,116.453,5.912,20.000,4,13,8,13,ROLL_LEFT
1904,142.961044,0,0.026,0.141,0.051,-5.690,18.650,110.541,0.000,0.000,0.000,-31.875,5.125,22.375,-3.153,-10.073,-29.835,0.105,-0.815,-0.555,0.132,1,-37.211,-1.274,-24.973,0.000,2,41.519039,-86.239647,0.000000,0.579,247.199997,10,42,44,96,12,3,U_TURN_HDG,AP_HDG_SEL_IMU,116.453,5.912,20.000,4,13,8,13,ROLL_LEFT
1905,143.017899,0,0.026,0.026,-0.064,-5.695,18.654,110.540,0.000,0.000,0.000,-31.875,5.125,22.375,-3.153,-10.073,-29.835,0.105,-0.815,-0.555,0.133,1,-37.221,-1.295,-24.976,0.000,2,41.519039,-86.239647,0.000000,0.530,247.199997,10,42,45,4,12,3,U_TURN_HDG,AP_HDG_SEL_IMU,116.453,5.913,20.000,4,13,8,13,ROLL_LEFT
1906,143.097961,0,-0.103,0.026,0.051,-5.695,18.654,110.540,0.000,0.000,0.000,-31.875,5.125,22.375,-3.153,-10.073,-29.835,0.105,-0.815,-0.555,0.133,1,-36.915,-1.278,-24.873,0.000,2,41.519039,-86.239647,0.000000,0.414,247.199997,10,42,45,12,12,3,U_TURN_HDG,AP_HDG_SEL_IMU,116.453,5.913,20.000,4,13,8,13,ROLL_LEFT
1907,143.154526,0,0.026,0.115,-0.038,-5.696,18.654,110.546,0.000,0.000,0.000,-31.875,5.125,22.375,-3.153,-10.073,-29.835,0.105,-0.815,-0.555,0.133,1,-36.626,-1.294,-24.775,0.000,2,41.519039,-86.239647,0.000000,0.398,247.199997,10,42,45,16,12,3,U_TURN_HDG,AP_HDG_SEL_IMU,116.453,5.907,20.000,4,13,8,13,ROLL_LEFT
1908,143.224472,0,0.154,0.000,0.077,-5.700,18.649,110.546,0.000,0.000,0.000,-31.875,5.125,22.375,-3.153,-10.048,-29.861,0.105,-0.815,-0.555,0.133,1,-36.607,-1.261,-24.769,0.000,2,41.519039,-86.239647,0.000000,0.672,247.100006,10,42,45,24,12,3,U_TURN_HDG,AP_HDG_SEL_IMU,116.453,5.908,20.000,4,13,8,13,ROLL_LEFT
1909,143.272522,0,0.026,0.026,0.051,-5.700,18.649,110.546,0.000,0.000,0.000,-31.875,5.125,22.375,-3.153,-10.048,-29.861,0.105,-0.815,-0.555,0.133,1,-36.597,-1.244,-24.766,0.000,2,41.519039,-86.239647,266.739990,0.830,247.100006,10,42,45,28,12,3,U_TURN_HDG,AP_HDG_SEL_IMU,116.453,5.908,20.000,4,13,8,13,ROLL_LEFT
1910,143.342026,0,-0.103,0.141,-0.064,-5.700,18.649,110.546,0.000,0.000,0.000,-31.875,5.125,22.375,-3.153,-10.073,-29.835,0.105,-0.815,-0.555,0.133,1,-36.686,-1.269,-24.796,0.000,2,41.519039,-86.239647,0.000000,0.766,247.100006,10,42,45,36,12,3,U_TURN_HDG,AP_HDG_SEL_IMU,116.453,5.908,20.000,4,13,8,13,ROLL_LEFT
1911,143.425446,0,0.026,0.000,0.077,-5.700,18.649,110.546,0.000,0.000,0.000,-31.875,5.125,22.375,-3.153,-10.048,-29.861,0.105,-0.815,-0.555,0.133,1,-36.455,-1.251,-24.718,0.000,2,41.519039,-86.239647,0.000000,0.619,247.100006,10,42,45,44,12,3,U_TURN_HDG,AP_HDG_SEL_IMU,116.453,5.908,20.000,4,13,8,13,ROLL_LEFT
1912,143.540878,0,0.026,-0.103,-0.064,-5.704,18.643,110.545,0.000,0.000,0.000,-31.875,5.125,22.375,-3.153,-10.073,-29.835,0.105,-0.815,-0.555,0.133,1,-36.923,-1.293,-24.876,0.000,2,41.519039,-86.239647,0.000000,0.685,247.100006,10,42,45,56,12,3,U_TURN_HDG,AP_HDG_SEL_IMU,116.453,5.908,20.000,4,13,8,13,ROLL_LEFT
1913,143.617905,0,0.026,0.026,-0.064,-5.704,18.643,110.545,0.000,0.000,0.000,-31.875,5.125,22.375,-3.153,-10.073,-29.835,0.105,-0.815,-0.555,0.133,1,-36.381,-1.256,-24.693,0.000,2,41.519039,-86.239647,0.000000,0.761,247.000000,10,42,45,64,12,3,U_TURN_HDG,AP_HDG_SEL_IMU,116.453,5.908,20.000,4,13,8,13,ROLL_LEFT
1914,143.671509,0,-0.103,0.000,0.077,-5.710,18.647,110.544,0.000,0.000,0.000,-31.875,5.125,22.375,-3.153,-10.048,-29.861,0.105,-0.815,-0.555,0.133,1,-36.994,-1.284,-24.900,0.000,2,41.519039,-86.239647,198.320007,0.940,247.000000,10,42,45,68,12,3,U_TURN_HDG,AP_HDG_SEL_IMU,116.453,5.909,20.000,4,13,8,13,ROLL_LEFT
1915,143.749786,0,0.026,0.000,0.077,-5.704,18.643,110.545,0.000,0.000,0.000,-31.875,5.125,22.375,-3.153,-10.048,-29.861,0.105,-0.815,-0.555,0.133,1,-37.073,-1.299,-24.926,0.000,2,41.519039,-86.239647,198.789993,0.972,247.000000,10,42,45,76,12,3,U_TURN_HDG,AP_HDG_SEL_IMU,116.453,5.908,20.000,4,13,8,13,ROLL_LEFT
1916,143.863083,0,0.026,0.000,-0.038,-5.709,18.636,110.549,0.000,0.000,0.000,-31.875,5.125,22.375,-3.153,-10.048,-29.861,0.105,-0.815,-0.555,0.133,1,-37.060,-1.273,-24.922,0.000,2,41.519039,-86.239647,199.570007,1.004,246.899994,10,42,45,88,12,3,U_TURN_HDG,AP_HDG_SEL_IMU,116.453,5.904,20.000,4,13,8,13,ROLL_LEFT
1917,143.950607,0,0.026,0.000,-0.038,-5.709,18.636,110.549,0.000,0.000,0.000,-31.875,5.125,22.375,-3.153,-10.048,-29.861,0.105,-0.815,-0.555,0.133,1,-36.788,-1.320,-24.830,0.000,2,41.519039,-86.239647,190.729996,1.038,246.899994,10,42,45,96,12,3,U_TURN_HDG,AP_HDG_SEL_IMU,116.453,5.904,20.000,4,13,8,13,ROLL_LEFT
1918,144.029785,0,0.000,0.026,-0.167,-5.709,18.636,110.549,0.000,0.000,0.000,-31.875,5.125,22.375,-3.127,-10.073,-29.861,0.105,-0.815,-0.555,0.133,1,-37.092,-1.330,-24.933,0.000,2,41.519039,-86.239647,195.240005,1.016,246.800003,10,42,46,4,12,3,U_TURN_HDG,AP_HDG_SEL_IMU,116.453,5.904,20.000,4,13,8,13,ROLL_LEFT
1919,144.099594,0,0.000,0.243,-0.038,-5.703,18.632,110.550,-0.224,0.112,0.000,-31.875,5.125,22.375,-3.127,-10.048,-29.861,0.105,-0.815,-0.555,0.132,1,-37.071,-1.290,-24.926,0.000,2,41.519039,-86.239647,193.690002,1.089,246.800003,10,42,46,12,12,3,U_TURN_HDG,AP_HDG_SEL_IMU,116.453,5.903,20.000,4,13,8,13,ROLL_LEFT
1920,144.150986,0,0.000,0.026,0.077,-5.703,18.632,110.550,0.112,0.000,0.000,-31.875,5.125,22.375,-3.127,-10.073,-29.861,0.105,-0.815,-0.555,0.132,1,-36.533,-1.261,-24.744,0.000,2,41.519039,-86.239647,192.050003,0.950,246.699997,10,42,46,16,12,3,U_TURN_HDG,AP_HDG_SEL_IMU,116.453,5.903,20.000,4,13,8,13,ROLL_LEFT
1921,144.212646,0,0.000,0.026,0.077,-5.703,18.632,110.550,0.000,0.000,-0.112,-31.875,5.125,22.375,-3.127,-10.073,-29.861,0.105,-0.815,-0.555,0.132,1,-36.155,-1.252,-24.616,0.000,2,41.519039,-86.239647,191.889999,1.065,246.699997,10,42,46,20,12,3,U_TURN_HDG,AP_HDG_SEL_IMU,116.453,5.903,20.000,4,13,8,13,ROLL_LEFT
1922,144.266403,0,0.000,0.026,-0.038,-5.697,18.639,110.541,0.112,0.000,0.000,-31.875,5.125,22.375,-3.127,-10.073,-29.861,0.105,-0.815,-0.555,0.132,1,-36.972,-1.248,-24.892,0.000,2,41.519039,-86.239647,193.990005,0.989,246.699997,10,42,46,28,12,3,U_TURN_HDG,AP_HDG_SEL_IMU,116.453,5.912,20.000,4,13,8,13,ROLL_LEFT
1923,144.382401,0,0.000,-0.103,-0.038,-5.699,18.648,110.540,0.224,-0.112,0.000,-31.875,5.125,22.375,-3.127,-10.073,-29.861,0.105,-0.815,-0.555,0.133,1,-36.508,-1.215,-24.736,0.000,2,41.519039,-86.239647,0.000000,0.758,246.600006,10,42,46,40,12,3,U_TURN_HDG,AP_HDG_SEL_IMU,116.453,5.913,20.000,4,13,8,13,ROLL_LEFT
1924,144.442032,0,0.000,0.026,-0.038,-5.694,18.644,110.541,-0.224,0.000,0.000,-31.875,5.125,22.375,-3.127,-10.073,-29.861,0.105,-0.815,-0.555,0.132,1,-36.603,-1.254,-24.768,0.000,2,41.519039,-86.239647,0.000000,0.643,246.600006,10,42,46,44,12,3,U_TURN_HDG,AP_HDG_SEL_IMU,116.453,5.912,20.000,4,13,8,13,ROLL_LEFT
1925,144.503372,0,0.026,0.026,-0.064,-5.694,18.644,110.541,-0.112,-0.112,0.112,-31.875,5.125,22.375,-3.153,-10.073,-29.835,0.105,-0.815,-0.555,0.132,1,-37.089,-1.326,-24.932,0.000,2,41.519039,-86.239647,0.000000,0.452,246.600006,10,42,46,52,12,3,U_TURN_HDG,AP_HDG_SEL_IMU,116.453,5.912,20.000,4,13,8,13,ROLL_LEFT
1926,144.579575,0,0.026,0.026,0.051,-5.694,18.644,110.541,-0.112,0.000,0.000,-31.875,5.125,22.375,-3.153,-10.073,-29.835,0.105,-0.815,-0.555,0.132,1,-37.279,-1.263,-24.995,0.000,2,41.519039,-86.239647,0.000000,0.462,246.600006,10,42,46,60,12,3,U_TURN_HDG,AP_HDG_SEL_IMU,116.453,5.912,20.000,4,13,8,13,ROLL_LEFT
1927,144.699966,0,0.026,0.141,0.051,-5.697,18.639,110.541,-0.112,0.000,0.000,-31.875,5.125,22.375,-3.153,-10.073,-29.835,0.105,-0.815,-0.555,0.132,1,-36.589,-1.227,-24.763,0.000,2,41.519035,-86.239655,0.000000,0.618,246.500000,10,42,46,72,12,3,U_TURN_HDG,AP_HDG_SEL_IMU,116.453,5.912,20.000,4,13,8,13,ROLL_LEFT
1928,144.815384,0,0.128,0.000,0.051,-5.697,18.639,110.541,0.000,0.000,-0.112,-31.875,5.125,22.375,-3.101,-10.048,-29.835,0.105,-0.815,-0.555,0.132,1,-37.208,-1.269,-24.972,0.000,2,41.519035,-86.239655,0.000000,0.651,246.500000,10,42,46,84,12,3,U_TURN_HDG,AP_HDG_SEL_IMU,116.453,5.912,20.000,4,13,8,13,ROLL_LEFT
1929,144.888275,0,0.000,0.000,0.051,-5.690,18.650,110.541,-0.224,0.112,0.000,-31.875,5.125,22.375,-3.127,-10.073,-29.835,0.105,-0.815,-0.555,0.132,1,-36.936,-1.317,-24.880,0.000,2,41.519035,-86.239655,0.000000,0.604,246.500000,10,42,46,88,12,3,U_TURN_HDG,AP_HDG_SEL_IMU,116.453,5.912,20.000,4,13,8,13,ROLL_LEFT
1930,144.943939,0,0.000,-0.128,0.051,-5.687,18.640,110.536,0.112,0.000,-0.112,-31.875,5.125,22.375,-3.127,-10.048,-29.835,0.105,-0.815,-0.555,0.132,1,-36.931,-1.307,-24.879,0.000,2,41.519035,-86.239655,0.000000,0.665,246.399994,10,42,46,96,12,3,U_TURN_HDG,AP_HDG_SEL_IMU,116.453,5.917,20.000,4,13,8,13,ROLL_LEFT
1931,145.026794,0,0.000,0.000,0.051,-5.688,18.640,110.542,0.112,0.112,-0.112,-31.875,5.125,22.375,-3.127,-10.048,-29.835,0.105,-0.815,-0.555,0.132,1,-37.205,-1.265,-24.971,0.000,2,41.519035,-86.239655,0.000000,0.741,246.399994,10,42,47,4,12,3,U_TURN_HDG,AP_HDG_SEL_IMU,116.453,5.911,20.000,4,13,8,13,ROLL_LEFT
1932,145.099808,0,0.128,0.000,0.179,-5.684,18.646,110.542,0.000,0.000,-0.112,-31.875,5.125,22.375,-3.127,-10.048,-29.835,0.105,-0.815,-0.555,0.132,1,-37.208,-1.269,-24.972,0.000,2,41.519035,-86.239655,0.000000,0.871,246.399994,10,42,47,12,12,3,U_TURN_HDG,AP_HDG_SEL_IMU,116.453,5.911,20.000,4,13,8,13,ROLL_LEFT
1933,145.168503,0,0.000,-0.128,-0.064,-5.683,18.645,110.537,0.000,0.000,0.000,-31.875,5.125,22.375,-3.127,-10.048,-29.835,0.105,-0.815,-0.555,0.132,1,-36.246,-1.282,-24.647,0.000,2,41.519035,-86.239655,202.039993,1.114,246.399994,10,42,47,16,12,3,U_TURN_HDG,AP_HDG_SEL_IMU,116.453,5.916,20.000,4,13,8,13,ROLL_LEFT
1934,145.230881,0,0.372,0.000,-0.064,-5.681,18.636,110.538,0.000,0.000,0.000,-31.875,5.125,22.375,-3.127,-10.048,-29.835,0.105,-0.815,-0.555,0.132,1,-37.139,-1.283,-24.949,0.000,2,41.519035,-86.239655,0.000000,0.857,246.300003,10,42,47,24,12,3,U_TURN_HDG,AP_HDG_SEL_IMU,116.453,5.915,20.000,4,13,8,13,ROLL_LEFT
1935,145.303391,0,-0.256,0.372,0.051,-5.681,18.636,110.538,0.000,0.000,0.000,-31.875,5.125,22.375,-3.127,-10.048,-29.835,0.105,-0.815,-0.555,0.132,1,-36.555,-1.300,-24.751,0.000,2,41.519035,-86.239655,0.000000,0.727,246.300003,10,42,47,32,12,3,U_TURN_HDG,AP_HDG_SEL_IMU,116.453,5.915,20.000,4,13,8,13,ROLL_LEFT
1936,145.360275,0,-0.026,0.115,0.051,-5.677,18.641,110.538,0.000,0.000,-0.112,-31.875,5.125,22.375,-3.101,-10.048,-29.835,0.105,-0.815,-0.555,0.132,1,-36.456,-1.258,-24.718,0.000,2,41.519035,-86.239655,0.000000,0.905,246.300003,10,42,47,36,12,3,U_TURN_HDG,AP_HDG_SEL_IMU,116.453,5.915,20.000,4,13,8,13,ROLL_LEFT
1937,145.421402,0,-0.154,0.243,-0.064,-5.675,18.632,110.539,-0.448,0.112,0.000,-31.875,5.125,22.375,-3.101,-10.048,-29.835,0.105,-0.815,-0.555,0.132,1,-36.074,-1.236,-24.588,0.000,2,41.519035,-86.239655,0.000000,0.569,246.300003,10,42,47,44,12,3,U_TURN_HDG,AP_HDG_SEL_IMU,116.453,5.914,20.000,4,13,8,13,ROLL_LEFT
1938,145.487518,0,0.000,0.115,0.077,-5.673,18.647,110.538,0.112,0.000,0.000,-31.875,5.125,22.375,-3.127,-10.048,-29.835,0.105,-0.815,-0.555,0.132,1,-36.727,-1.342,-24.810,0.000,2,41.519035,-86.239655,0.000000,0.597,246.300003,10,42,47,48,12,3,U_TURN_HDG,AP_HDG_SEL_IMU,116.453,5.915,20.000,4,13,8,13,ROLL_LEFT
1939,145.544296,0,0.000,0.000,0.051,-5.677,18.641,110.538,0.112,0.000,-0.112,-31.875,5.125,22.375,-3.127,-10.048,-29.835,0.105,-0.815,-0.555,0.132,1,-36.823,-1.245,-24.842,0.000,2,41.519035,-86.239655,0.000000,0.614,246.199997,10,42,47,56,12,3,U_TURN_HDG,AP_HDG_SEL_IMU,116.453,5.915,20.000,4,13,8,13,ROLL_LEFT
1940,145.607407,0,0.000,0.000,0.051,-5.675,18.632,110.539,0.000,0.000,-0.112,-31.875,5.125,22.375,-3.127,-10.048,-29.835,0.105,-0.815,-0.555,0.132,1,-37.044,-1.240,-24.917,0.000,2,41.519035,-86.239655,0.000000,0.621,246.199997,10,42,47,60,12,3,U_TURN_HDG,AP_HDG_SEL_IMU,116.453,5.914,20.000,4,13,8,13,ROLL_LEFT
1941,145.659912,0,0.000,0.000,-0.064,-5.675,18.632,110.539,0.000,0.000,-0.112,-31.875,5.125,22.375,-3.127,-10.048,-29.835,0.105,-0.815,-0.555,0.132,1,-37.137,-1.276,-24.948,0.000,2,41.519035,-86.239655,0.000000,0.387,246.199997,10,42,47,68,12,3,U_TURN_HDG,AP_HDG_SEL_IMU,116.453,5.914,20.000,4,13,8,13,ROLL_LEFT
1942,145.740448,0,0.000,0.026,-0.064,-5.674,18.631,110.533,0.224,0.000,0.112,-31.875,5.125,22.375,-3.127,-10.073,-29.835,0.105,-0.815,-0.555,0.132,1,-37.285,-1.276,-24.997,0.000,2,41.519035,-86.239655,0.000000,0.633,246.199997,10,42,47,76,12,3,U_TURN_HDG,AP_HDG_SEL_IMU,116.453,5.920,20.000,4,13,8,13,ROLL_LEFT
1943,145.823364,0,0.000,-0.077,-0.064,-5.670,18.638,110.529,-0.224,0.000,0.000,-31.875,5.125,22.375,-3.127,-10.099,-29.835,0.105,-0.815,-0.555,0.132,1,-36.857,-1.307,-24.854,0.000,2,41.519035,-86.239655,0.000000,0.457,246.199997,10,42,47,84,12,3,U_TURN_HDG,AP_HDG_SEL_IMU,116.453,5.924,20.000,4,13,8,13,ROLL_LEFT
1944,145.901520,0,0.000,0.051,0.051,-5.676,18.642,110.528,0.000,0.000,0.000,-31.875,5.125,22.375,-3.127,-10.099,-29.835,0.105,-0.815,-0.555,0.132,1,-37.348,-1.254,-25.019,0.000,2,41.519035,-86.239655,0.000000,0.235,246.199997,10,42,47,92,12,3,U_TURN_HDG,AP_HDG_SEL_IMU,116.453,5.925,20.000,4,13,8,13,ROLL_LEFT
1945,145.975388,0,0.000,0.051,0.051,-5.674,18.658,110.534,0.112,0.000,0.000,-31.875,5.125,22.375,-3.127,-10.073,-29.810,0.105,-0.815,-0.555,0.132,1,-36.679,-1.257,-24.793,0.000,2,41.519035,-86.239655,0.000000,0.506,246.199997,10,42,48,0,12,3,U_TURN_HDG,AP_HDG_SEL_IMU,116.453,5.919,20.000,4,13,8,13,ROLL_LEFT
1946,146.175507,0,0.000,-0.103,0.051,-5.670,18.664,110.534,0.000,0.000,0.112,-31.875,5.125,22.375,-3.127,-10.073,-29.835,0.105,-0.815,-0.555,0.132,1,-37.109,-1.224,-24.938,0.000,2,41.519035,-86.239655,0.000000,0.142,246.300003,10,42,48,20,12,3,U_TURN_HDG,AP_HDG_SEL_IMU,116.453,5.919,20.000,4,13,8,13,ROLL_LEFT
1947,146.260117,0,0.154,0.051,-0.090,-5.681,18.687,110.537,0.336,0.000,0.000,-31.875,5.125,22.375,-3.153,-10.073,-29.810,0.105,-0.815,-0.555,0.133,1,-36.898,-1.249,-24.868,0.000,2,41.519035,-86.239655,0.000000,0.267,246.300003,10,42,48,28,12,3,U_TURN_HDG,AP_HDG_SEL_IMU,116.453,5.916,20.000,4,13,8,13,ROLL_LEFT
1948,146.316193,0,0.026,-0.077,0.026,-5.687,18.717,110.540,0.224,0.000,-0.112,-31.875,5.125,22.375,-3.153,-10.099,-29.810,0.106,-0.815,-0.555,0.133,1,-36.720,-1.333,-24.807,0.000,2,41.519035,-86.239655,0.000000,0.363,246.300003,10,42,48,32,12,3,U_TURN_HDG,AP_HDG_SEL_IMU,116.453,5.913,20.000,4,13,8,13,ROLL_LEFT
1949,146.385178,0,0.026,0.051,0.026,-5.691,18.711,110.540,0.000,0.000,0.000,-31.875,5.125,22.375,-3.153,-10.099,-29.810,0.106,-0.815,-0.555,0.133,1,-37.219,-1.288,-24.975,0.000,2,41.519035,-86.239655,0.000000,0.127,246.300003,10,42,48,40,12,3,U_TURN_HDG,AP_HDG_SEL_IMU,116.453,5.913,20.000,4,13,8,13,ROLL_LEFT
1950,146.460373,0,0.026,-0.103,0.026,-5.693,18.705,110.534,0.000,0.000,0.000,-31.875,5.125,22.375,-3.153,-10.073,-29.810,0.105,-0.815,-0.555,0.133,1,-36.456,-1.255,-24.718,0.000,2,41.519035,-86.239655,0.000000,0.150,246.300003,10,42,48,48,12,3,U_TURN_HDG,AP_HDG_SEL_IMU,116.453,5.919,20.000,4,13,8,13,ROLL_LEFT
1951,146.515839,0,-0.103,0.026,0.154,-5.688,18.701,110.535,0.224,0.000,0.000,-31.875,5.125,22.375,-3.153,-10.073,-29.810,0.105,-0.815,-0.555,0.133,1,-36.954,-1.215,-24.886,0.000,2,41.519035,-86.239655,0.000000,0.211,246.300003,10,42,48,52,12,3,U_TURN_HDG,AP_HDG_SEL_IMU,116.453,5.918,20.000,4,13,8,13,ROLL_LEFT
1952,146.575455,0,-0.103,0.026,0.026,-5.693,18.696,110.540,-0.112,0.112,-0.112,-31.875,5.125,22.375,-3.153,-10.073,-29.810,0.105,-0.815,-0.555,0.133,1,-36.917,-1.280,-24.874,0.000,2,41.519035,-86.239655,0.000000,0.275,246.300003,10,42,48,60,12,3,U_TURN_HDG,AP_HDG_SEL_IMU,116.453,5.913,20.000,4,13,8,13,ROLL_LEFT
1953,146.648651,0,0.000,-0.628,0.910,-5.693,18.696,110.540,0.112,-0.224,0.112,-31.875,5.125,22.375,-3.153,-10.073,-29.810,0.105,-0.815,-0.555,0.133,1,-36.028,-1.294,-24.572,0.000,2,41.519035,-86.239655,0.000000,0.311,246.300003,10,42,48,64,12,3,U_TURN_HDG,AP_HDG_SEL_IMU,116.453,5.913,20.000,4,13,8,13,ROLL_LEFT
1954,146.737991,0,1.307,0.077,-1.166,-5.665,17.756,110.549,-4.588,1.231,-1.790,-31.875,5.125,22.375,-3.050,-9.125,-30.117,0.099,-0.815,-0.556,0.128,1,-35.735,-1.301,-24.472,0.000,2,41.519035,-86.239655,0.000000,0.358,246.300003,10,42,48,72,12,3,U_TURN_HDG,AP_HDG_SEL_IMU,116.453,5.904,20.000,4,12,7,12,ROLL_LEFT
1955,146.808289,0,1.358,-2.256,-3.999,-5.519,16.886,110.471,-17.010,1.567,-2.798,-31.875,5.125,22.375,-3.050,-9.176,-30.091,0.093,-0.816,-0.558,0.123,1,-35.869,-1.275,-24.518,0.000,2,41.519035,-86.239655,0.000000,0.380,246.399994,10,42,48,80,12,3,U_TURN_HDG,AP_HDG_SEL_IMU,116.453,5.982,20.000,4,11,6,11,ROLL_LEFT
1956,146.902344,0,-0.128,0.026,-0.449,-5.275,12.922,110.208,-62.555,3.245,-0.448,-31.875,5.125,22.375,-2.896,-7.049,-30.681,0.066,-0.817,-0.564,0.102,1,-35.425,-1.281,-24.366,0.000,2,41.519035,-86.239655,0.000000,0.601,246.399994,10,42,48,92,12,3,U_TURN_HDG,AP_HDG_SEL_IMU,116.453,6.245,20.000,4,7,2,7,ROLL_LEFT
1957,146.954514,0,-0.628,-0.936,0.743,-5.157,8.872,110.217,-56.512,-3.021,2.014,-31.875,5.125,22.375,-2.871,-3.460,-31.271,0.038,-0.819,-0.567,0.081,1,-35.325,-1.231,-24.332,0.000,2,41.519035,-86.239655,0.000000,0.579,246.399994,10,42,48,96,12,3,U_TURN_HDG,AP_HDG_SEL_IMU,116.453,6.236,20.000,4,0,-5,0,MAINTAIN_ANGLE
1958,147.028503,0,0.846,0.115,-1.141,-5.386,4.459,110.309,-30.662,-3.805,-0.448,-31.875,5.125,22.375,-2.999,-2.256,-31.373,0.005,-0.820,-0.569,0.061,1,-34.968,-1.259,-24.208,0.000,2,41.519035,-86.239655,0.000000,0.344,246.500000,10,42,49,4,12,3,U_TURN_HDG,AP_HDG_SEL_IMU,116.453,6.144,20.000,4,0,-5,0,MAINTAIN_ANGLE
1959,147.177124,0,-0.461,-0.564,-0.692,-5.320,2.648,110.304,-23.388,2.350,-1.343,-31.875,5.125,22.375,-2.896,-1.205,-31.450,0.008,0.820,0.570,-0.051,1,-35.129,-1.285,-24.264,0.000,2,41.519035,-86.239655,0.000000,0.437,246.600006,10,42,49,20,12,3,U_TURN_HDG,AP_HDG_SEL_IMU,116.453,6.149,20.000,4,0,-5,0,MAINTAIN_ANGLE
1960,147.232513,0,-0.128,0.910,-0.333,-5.378,-0.653,110.639,6.267,-0.560,-0.895,-31.875,5.125,22.375,-3.127,1.179,-31.450,0.031,0.821,0.569,-0.035,1,-35.282,-1.291,-24.317,0.000,2,41.519035,-86.239655,0.000000,0.597,246.600006,10,42,49,24,12,3,U_TURN_HDG,AP_HDG_SEL_IMU,116.453,5.814,20.000,4,-6,-11,6,ROLL_RIGHT
1961,147.299606,0,0.128,-0.167,-0.218,-5.677,-1.692,111.558,20.703,-1.455,-0.336,-31.875,5.125,22.375,-3.101,0.820,-31.476,0.040,0.825,0.562,-0.033,1,-35.576,-1.284,-24.418,0.000,2,41.519035,-86.239647,0.000000,1.121,246.600006,10,42,49,32,12,3,U_TURN_HDG,AP_HDG_SEL_IMU,116.453,0.000,20.000,4,0,-5,0,MAINTAIN_ANGLE
1962,147.367004,0,2.166,1.807,-1.192,-5.713,-1.479,111.513,5.371,-2.014,-0.448,-31.875,5.125,22.375,-3.153,0.308,-31.476,0.039,0.825,0.562,-0.034,1,-34.762,-1.295,-24.137,0.000,2,41.519035,-86.239647,0.000000,0.957,246.600006,10,42,49,36,12,3,GPS_HOMING,AP_HDG_SEL_GPS,324.735,-30.000,20.000,4,20,15,20,ROLL_LEFT
1963,147.427521,0,-1.410,-2.973,-1.897,-5.759,3.359,111.565,108.101,5.371,-0.783,-31.875,5.125,22.375,-3.153,-1.794,-31.424,0.004,0.826,0.560,-0.058,1,-37.189,-1.237,-24.965,0.000,2,41.519035,-86.239655,0.000000,0.859,246.500000,10,42,49,44,12,3,GPS_HOMING,AP_HDG_SEL_GPS,325.268,-30.000,20.000,4,20,15,20,ROLL_LEFT
1964,147.505646,0,0.154,0.103,-0.397,-5.524,6.941,111.180,22.829,-0.448,-2.350,-31.875,5.125,22.375,-3.025,-4.024,-31.245,0.023,-0.824,-0.561,0.074,1,-35.259,-1.246,-24.309,0.000,2,41.519035,-86.239655,0.000000,0.922,246.399994,10,42,49,52,12,3,GPS_HOMING,AP_HDG_SEL_GPS,325.268,-30.000,20.000,4,20,15,20,ROLL_LEFT
1965,147.553513,0,0.026,0.320,-0.218,-5.488,6.581,111.135,5.260,-0.112,0.112,-31.875,5.125,22.375,-3.025,-3.588,-31.322,0.020,-0.824,-0.562,0.072,1,-36.446,-1.237,-24.715,0.000,2,41.519035,-86.239655,0.000000,0.922,246.399994,10,42,49,56,12,3,GPS_HOMING,AP_HDG_SEL_GPS,325.268,-30.000,20.000,4,20,15,20,ROLL_LEFT
1966,147.625641,0,-0.103,0.000,-0.115,-5.488,6.717,111.134,-1.007,0.112,0.000,-31.875,5.125,22.375,-3.025,-3.640,-31.296,0.021,-0.824,-0.562,0.073,1,-36.656,-1.212,-24.786,0.000,2,41.519035,-86.239655,0.000000,0.906,246.399994,10,42,49,64,12,3,GPS_HOMING,AP_HDG_SEL_GPS,325.268,-30.000,20.000,4,20,15,20,ROLL_LEFT
1967,147.683243,0,0.000,-0.154,-0.243,-5.487,6.682,111.136,-0.448,0.000,0.000,-31.875,5.125,22.375,-2.999,-3.614,-31.322,0.021,-0.824,-0.562,0.072,1,-36.483,-1.307,-24.727,0.000,2,41.519035,-86.239655,0.000000,0.932,246.399994,10,42,49,68,12,3,GPS_HOMING,AP_HDG_SEL_GPS,325.268,-30.000,20.000,4,20,15,20,ROLL_LEFT
1968,147.746750,0,-0.128,-0.026,-0.192,-5.482,6.653,111.138,0.895,0.000,0.000,-31.875,5.125,22.375,-2.999,-3.614,-31.347,0.021,-0.824,-0.562,0.072,1,-35.481,-1.244,-24.385,0.000,2,41.519035,-86.239655,0.000000,0.869,246.300003,10,42,49,76,12,3,GPS_HOMING,AP_HDG_SEL_GPS,325.268,-30.000,20.000,4,20,15,20,ROLL_LEFT
1969,147.803268,0,0.000,0.090,-0.192,-5.471,6.655,111.132,-0.224,0.000,0.112,-31.875,5.125,22.375,-2.999,-3.614,-31.347,0.021,-0.824,-0.562,0.072,1,-36.456,-1.255,-24.718,0.000,2,41.519035,-86.239655,0.000000,0.822,246.300003,10,42,49,80,12,3,GPS_HOMING,AP_HDG_SEL_GPS,325.268,-30.000,20.000,4,20,15,20,ROLL_LEFT
1970,147.857391,0,0.000,0.218,-0.320,-5.476,6.649,111.138,0.671,-0.112,0.000,-31.875,5.125,22.375,-2.999,-3.614,-31.347,0.021,-0.824,-0.562,0.072,1,-36.090,-1.266,-24.594,0.000,2,41.519035,-86.239655,0.000000,0.657,246.300003,10,42,49,88,12,3,GPS_HOMING,AP_HDG_SEL_GPS,325.268,-30.000,20.000,4,20,15,20,ROLL_LEFT
1971,147.951141,0,-0.051,-0.205,0.038,-5.478,6.659,111.138,0.336,0.000,0.000,-31.875,5.125,22.375,-3.076,-3.563,-31.578,0.021,-0.824,-0.562,0.072,1,-36.157,-1.256,-24.616,0.000,2,41.519035,-86.239655,0.000000,0.457,246.199997,10,42,49,96,12,3,GPS_HOMING,AP_HDG_SEL_GPS,325.268,-30.000,20.000,4,20,15,20,ROLL_LEFT
1972,148.017365,0,0.051,-0.205,0.141,-5.482,6.628,111.139,-1.790,0.000,0.000,-31.875,5.125,22.375,-3.050,-3.563,-31.552,0.021,-0.824,-0.562,0.072,1,-36.441,-1.226,-24.713,0.000,2,41.519035,-86.239655,0.000000,0.322,246.100006,10,42,50,4,12,3,GPS_HOMING,AP_HDG_SEL_GPS,325.268,-30.000,20.000,4,20,15,20,ROLL_LEFT
1973,148.097809,0,-0.077,-0.077,0.013,-5.480,6.567,111.140,-0.112,0.000,-0.112,-31.875,5.125,22.375,-3.050,-3.563,-31.552,0.020,-0.824,-0.562,0.072,1,-36.031,-1.297,-24.574,0.000,2,41.519035,-86.239655,0.000000,0.390,246.000000,10,42,50,12,12,3,GPS_HOMING,AP_HDG_SEL_GPS,325.268,-30.000,20.000,4,20,15,20,ROLL_LEFT
1974,148.165588,0,-0.077,0.397,0.013,-5.479,6.582,111.145,0.000,-0.112,0.000,-31.875,5.125,22.375,-3.050,-3.563,-31.552,0.020,-0.824,-0.562,0.072,1,-36.004,-1.250,-24.564,0.000,2,41.519035,-86.239655,0.000000,0.581,246.000000,10,42,50,16,12,3,GPS_HOMING,AP_HDG_SEL_GPS,325.268,-30.000,20.000,4,20,15,20,ROLL_LEFT
1975,148.212402,0,-0.077,-0.461,-0.013,-5.480,6.567,111.136,-0.112,0.112,-0.224,-31.875,5.125,22.375,-3.050,-3.563,-31.527,0.020,-0.824,-0.562,0.072,1,-36.007,-1.256,-24.565,0.000,2,41.519035,-86.239655,0.000000,0.684,246.000000,10,42,50,20,12,3,GPS_HOMING,AP_HDG_SEL_GPS,325.268,-30.000,20.000,4,20,15,20,ROLL_LEFT
1976,148.301926,0,-0.077,-0.333,-0.013,-5.481,6.542,111.137,-0.336,0.000,0.112,-31.875,5.125,22.375,-3.050,-3.563,-31.527,0.020,-0.824,-0.562,0.072,1,-36.009,-1.258,-24.566,0.000,2,41.519032,-86.239655,0.000000,0.943,246.000000,10,42,50,32,12,3,GPS_HOMING,AP_HDG_SEL_GPS,325.514,-30.000,20.000,4,20,15,20,ROLL_LEFT
1977,148.381546,0,0.051,-0.205,0.013,-5.481,6.516,111.142,1.567,-0.112,0.112,-31.875,5.125,22.375,-3.050,-3.563,-31.552,0.020,-0.824,-0.562,0.071,1,-36.463,-1.264,-24.720,0.000,2,41.519032,-86.239655,0.000000,1.117,245.899994,10,42,50,40,12,3,GPS_HOMING,AP_HDG_SEL_GPS,325.514,-30.000,20.000,4,20,15,20,ROLL_LEFT
1978,148.462601,0,-0.077,-0.077,0.013,-5.481,6.491,111.138,0.671,0.000,0.000,-31.875,5.125,22.375,-3.050,-3.537,-31.527,0.020,-0.824,-0.562,0.071,1,-35.962,-1.306,-24.550,0.000,2,41.519032,-86.239655,187.839996,1.311,245.899994,10,42,50,48,12,3,GPS_HOMING,AP_HDG_SEL_GPS,325.514,30.000,20.000,4,-20,-25,20,ROLL_RIGHT
1979,148.531784,0,1.051,-1.512,-9.432,-5.485,6.536,111.141,14.548,-0.224,0.448,-31.875,5.125,22.375,-3.050,-3.640,-31.527,0.020,-0.824,-0.562,0.072,1,-36.040,-1.309,-24.576,0.000,2,41.519032,-86.239655,184.830002,1.394,245.899994,10,42,50,52,12,3,GPS_HOMING,AP_HDG_SEL_GPS,325.514,30.000,20.000,4,-20,-25,20,ROLL_RIGHT
1980,148.619751,0,-1.205,5.344,-0.449,-6.196,11.267,111.528,225.155,-20.703,23.612,-31.875,5.125,22.375,-3.563,-7.356,-30.835,0.051,-0.825,-0.555,0.100,1,-36.890,-1.233,-24.865,0.000,2,41.519032,-86.239655,0.000000,1.251,245.699997,10,42,50,64,12,3,GPS_HOMING,AP_HDG_SEL_GPS,325.514,-30.000,20.000,4,20,15,20,ROLL_LEFT
1981,148.690521,0,-0.320,-5.588,-6.421,-6.852,19.434,111.516,-5.036,1.902,-2.238,-31.875,5.125,22.375,-3.640,-11.278,-29.630,0.106,-0.819,-0.545,0.143,1,-34.606,-1.279,-24.083,0.000,2,41.519032,-86.239655,0.000000,1.077,245.600006,10,42,50,68,12,3,GPS_HOMING,AP_HDG_SEL_GPS,325.514,-30.000,20.000,4,20,15,20,ROLL_LEFT
1982,148.754196,0,0.026,3.345,-0.615,-5.586,13.175,110.676,-27.305,2.574,0.895,-31.875,5.125,22.375,-3.101,-7.202,-30.937,0.067,-0.819,-0.560,0.105,1,-35.541,-1.218,-24.406,0.000,2,41.519032,-86.239655,0.000000,0.881,245.500000,10,42,50,76,12,3,GPS_HOMING,AP_HDG_SEL_GPS,325.514,-30.000,20.000,4,20,15,20,ROLL_LEFT
1983,148.810516,0,-0.103,-0.346,0.231,-5.433,9.920,110.690,24.395,-1.007,0.224,-31.875,5.125,22.375,-3.025,-5.434,-31.296,0.044,-0.821,-0.562,0.088,1,-36.253,-1.299,-24.649,0.000,2,41.519032,-86.239655,0.000000,0.795,245.500000,10,42,50,80,12,3,GPS_HOMING,AP_HDG_SEL_GPS,325.514,-30.000,20.000,4,20,15,20,ROLL_LEFT
1984,148.860504,0,-0.077,-0.513,0.282,-5.459,10.766,110.677,-4.141,0.336,-0.112,-31.875,5.125,22.375,-3.050,-5.895,-31.194,0.050,-0.820,-0.562,0.092,1,-36.664,-1.222,-24.788,0.000,2,41.519032,-86.239655,0.000000,0.884,245.500000,10,42,50,84,12,3,GPS_HOMING,AP_HDG_SEL_GPS,325.514,-30.000,20.000,4,20,15,20,ROLL_LEFT
1985,148.944504,0,0.026,0.410,-0.064,-5.452,10.625,110.671,0.448,0.000,0.112,-31.875,5.125,22.375,-3.025,-5.818,-31.219,0.049,-0.821,-0.562,0.092,1,-36.526,-1.251,-24.742,0.000,2,41.519032,-86.239655,0.000000,1.102,245.399994,10,42,50,92,12,3,GPS_HOMING,AP_HDG_SEL_GPS,325.514,-30.000,20.000,4,20,15,20,ROLL_LEFT
1986,149.024414,0,0.026,0.038,0.064,-5.450,10.615,110.672,0.448,0.000,-0.112,-31.875,5.125,22.375,-3.025,-5.818,-31.219,0.049,-0.821,-0.562,0.091,1,-36.603,-1.251,-24.768,0.000,2,41.519032,-86.239655,0.000000,1.262,245.399994,10,42,51,0,12,3,GPS_HOMING,AP_HDG_SEL_GPS,325.514,-30.000,20.000,4,20,15,20,ROLL_LEFT
1987,149.104233,0,0.026,0.295,0.038,-5.452,10.574,110.668,-0.895,-0.112,0.000,-31.875,5.125,22.375,-3.025,-5.818,-31.194,0.049,-0.821,-0.562,0.091,1,-36.233,-1.256,-24.642,0.000,2,41.519032,-86.239647,164.229996,1.524,245.399994,10,42,51,8,12,3,GPS_HOMING,AP_HDG_SEL_GPS,324.983,30.000,20.000,4,-19,-24,19,ROLL_RIGHT
1988,149.166504,0,1.525,-0.859,2.678,-5.460,10.664,110.674,12.869,-0.783,1.343,-31.875,5.125,22.375,-3.025,-5.844,-31.194,0.049,-0.821,-0.562,0.092,1,-37.134,-1.270,-24.947,0.000,2,41.519028,-86.239647,162.710007,1.590,245.399994,10,42,51,16,12,3,GPS_HOMING,AP_HDG_SEL_GPS,325.350,30.000,20.000,4,-19,-24,19,ROLL_RIGHT
1989,149.245514,0,-2.512,-5.613,9.573,-5.748,12.460,110.736,174.909,-21.486,23.276,-31.875,5.125,22.375,-3.460,-8.458,-30.527,0.061,-0.820,-0.560,0.103,1,-34.875,-1.226,-24.176,0.000,2,41.519028,-86.239647,164.080002,1.458,245.300003,10,42,51,24,12,3,GPS_HOMING,AP_HDG_SEL_GPS,325.350,30.000,20.000,4,-18,-23,18,ROLL_RIGHT
1990,149.303757,0,0.077,3.230,1.294,-5.769,10.222,110.446,-139.099,-2.686,12.645,-31.875,5.125,22.375,-3.332,-2.973,-31.578,0.044,-0.820,-0.564,0.092,1,-35.493,-1.264,-24.389,0.000,2,41.519028,-86.239647,166.789993,1.367,245.199997,10,42,51,28,12,3,GPS_HOMING,AP_HDG_SEL_GPS,325.350,30.000,20.000,4,-20,-25,20,ROLL_RIGHT
1991,149.363510,0,-1.551,0.295,0.820,-5.975,4.364,111.424,2.014,-0.336,5.595,-31.875,5.125,22.375,-3.306,-2.409,-31.629,0.002,-0.826,-0.561,0.064,1,-35.329,-1.236,-24.333,0.000,2,41.519028,-86.239655,0.000000,0.960,245.000000,10,42,51,36,12,3,GPS_HOMING,AP_HDG_SEL_GPS,325.879,-30.000,20.000,4,20,15,20,ROLL_LEFT
1992,149.419510,0,1.307,1.077,-2.140,-5.828,4.006,111.469,-31.781,14.436,17.793,-31.875,5.125,22.375,-3.127,-1.769,-31.681,0.000,-0.826,-0.560,0.062,1,-36.157,-1.255,-24.616,0.000,2,41.519032,-86.239655,0.000000,0.722,245.000000,10,42,51,40,12,3,GPS_HOMING,AP_HDG_SEL_GPS,325.514,-30.000,20.000,4,20,15,20,ROLL_LEFT
1993,149.503632,0,-0.833,-3.601,-7.151,-5.100,-0.962,111.455,-80.125,11.638,-9.960,-31.875,5.125,22.375,-2.871,0.538,-31.732,0.032,0.825,0.563,-0.032,1,-34.069,-1.254,-23.895,0.000,2,41.519032,-86.239655,0.000000,0.582,244.899994,10,42,51,48,12,3,GPS_HOMING,AP_HDG_SEL_GPS,325.514,-30.000,20.000,4,20,15,20,ROLL_LEFT
1994,149.582809,0,2.191,-2.025,-5.254,-1.881,-9.450,111.218,-121.642,24.731,37.600,-31.875,5.125,22.375,-1.051,5.203,-31.476,0.077,0.822,0.564,0.033,1,-35.687,-1.209,-24.456,0.000,2,41.519032,-86.239655,0.000000,0.776,244.899994,10,42,51,56,12,3,GPS_HOMING,AP_HDG_SEL_GPS,325.514,-30.000,20.000,4,20,15,20,ROLL_LEFT
1995,149.643509,0,-0.038,-2.140,-4.114,-1.813,-20.340,113.842,-140.330,-27.529,47.896,-31.875,5.125,22.375,-1.025,11.047,-29.963,0.156,0.823,0.539,0.083,1,-36.798,-1.202,-24.834,0.000,2,41.519032,-86.239655,0.000000,0.768,244.899994,10,42,51,64,12,3,GPS_HOMING,AP_HDG_SEL_GPS,325.514,-30.000,20.000,4,10,5,10,ROLL_LEFT
1996,149.711456,0,0.128,7.177,0.397,-1.333,-27.241,117.232,-123.768,-23.388,37.265,-31.875,5.125,22.375,-1.384,17.455,-26.836,0.207,0.828,0.508,0.113,1,-36.907,-1.262,-24.870,0.000,2,41.519032,-86.239655,0.000000,0.884,245.000000,10,42,51,72,12,3,GPS_HOMING,AP_HDG_SEL_GPS,325.514,-30.000,20.000,4,0,-5,0,MAINTAIN_ANGLE
1997,149.782364,0,0.141,-0.231,2.332,-3.193,-36.582,120.948,-115.823,-54.274,43.755,-31.875,5.125,22.375,-1.820,19.019,-25.734,0.286,0.822,0.475,0.132,1,-35.638,-1.259,-24.439,0.000,2,41.519032,-86.239655,0.000000,1.009,245.000000,10,42,51,80,12,3,GPS_HOMING,AP_PROT_ROLL_MIN,325.514,30.000,20.000,4,-20,-25,20,ROLL_RIGHT
1998,149.837509,0,-0.051,3.729,0.602,-3.152,-44.616,125.096,-95.344,-32.565,41.293,-31.875,5.125,22.375,-1.845,22.171,-23.145,0.348,0.816,0.436,0.152,1,-37.113,-1.233,-24.940,0.000,2,41.519032,-86.239655,0.000000,0.987,245.000000,10,42,51,84,12,3,GPS_HOMING,AP_PROT_ROLL_MIN,325.514,30.000,20.000,4,-20,-25,20,ROLL_RIGHT
1999,149.940460,0,6.087,8.625,3.473,-4.254,-50.492,125.880,-160.361,-28.424,-19.695,-31.875,5.125,22.375,-1.794,22.453,-22.889,0.395,0.798,0.425,0.164,1,-37.560,-1.235,-25.090,0.000,2,41.519032,-86.239655,0.000000,0.888,245.100006,10,42,51,96,12,3,GPS_HOMING,AP_PROT_ROLL_MIN,325.514,30.000,20.000,4,-20,-25,20,ROLL_RIGHT
2000,150.023331,0,0.320,-6.113,0.500,-5.198,-57.747,126.288,-152.751,-43.867,-43.419,-31.875,5.125,22.375,-5.588,30.117,-10.048,0.448,0.771,0.415,0.182,1,-35.929,-1.245,-24.539,0.000,2,41.519032,-86.239655,0.000000,1.117,245.100006,10,42,52,4,12,3,GPS_HOMING,AP_PROT_ROLL_MIN,325.514,30.000,20.000,4,-20,-25,20,ROLL_RIGHT
2001,150.137787,0,-3.332,-7.574,-5.344,-11.010,-78.872,129.047,-174.014,-2.686,10.072,-31.875,5.125,22.375,-6.075,31.706,-1.179,0.603,0.668,0.386,0.205,1,-34.065,-1.247,-23.894,0.000,2,41.519032,-86.239655,0.000000,1.099,245.199997,10,42,52,16,12,3,GPS_HOMING,AP_PROT_ROLL_MIN,325.514,30.000,20.000,4,-20,-25,20,ROLL_RIGHT
2002,150.189514,0,-3.627,-2.320,-6.036,-11.057,-91.488,129.676,-186.659,-26.186,24.507,-31.875,5.125,22.375,-5.280,31.347,6.049,0.674,0.599,0.358,0.242,1,-41.285,-1.230,-26.304,0.000,2,41.519032,-86.239655,0.000000,0.891,245.199997,10,42,52,20,12,3,GPS_HOMING,AP_PROT_ROLL_MIN,325.514,30.000,20.000,4,-20,-25,20,ROLL_RIGHT
2003,150.238510,0,0.820,0.115,-3.165,-9.517,-106.652,131.718,-114.256,-31.893,-30.215,-31.875,5.125,22.375,-5.460,30.425,9.714,0.750,0.516,0.304,0.282,1,-39.342,-1.220,-25.678,0.000,2,41.519032,-86.239655,0.000000,0.873,245.300003,10,42,52,24,12,3,GPS_HOMING,AP_PROT_ROLL_MIN,325.514,30.000,20.000,4,-20,-25,20,ROLL_RIGHT
2004,150.312820,0,1.282,-2.191,-3.781,-10.429,-113.777,133.745,-100.156,-19.024,-23.276,-31.875,5.125,22.375,-5.793,29.451,12.175,0.787,0.470,0.284,0.282,1,-38.072,-1.218,-25.260,0.000,2,41.519032,-86.239655,0.000000,0.753,245.300003,10,42,52,32,12,3,GPS_HOMING,AP_PROT_ROLL_MIN,325.514,30.000,20.000,4,-20,-25,20,ROLL_RIGHT
2005,150.382233,0,0.038,1.756,-1.294,-11.313,-119.008,135.577,-69.270,-8.057,-18.688,-31.875,5.125,22.375,-6.485,27.426,15.968,0.813,0.435,0.270,0.278,1,-40.013,-1.225,-25.896,0.000,2,41.519032,-86.239655,0.000000,0.125,245.399994,10,42,52,40,12,3,GPS_HOMING,AP_PROT_ROLL_MIN,325.514,30.000,20.000,4,-20,-25,20,ROLL_RIGHT
2006,150.459045,0,0.154,-1.666,-1.897,-12.376,-126.112,137.524,-98.029,-17.122,-28.984,-31.875,5.125,22.375,-7.049,25.298,18.993,0.844,0.385,0.253,0.276,1,-39.297,-1.274,-25.663,0.000,2,41.519032,-86.239647,0.000000,0.407,245.600006,10,42,52,48,12,3,GPS_HOMING,AP_PROT_ROLL_MIN,325.514,30.000,20.000,4,-20,-25,20,ROLL_RIGHT
2007,150.542297,0,-1.807,-3.319,-4.114,-13.611,-130.729,139.175,-43.643,-3.469,-38.272,-31.875,5.125,22.375,-8.074,23.504,20.813,0.863,0.350,0.245,0.268,1,-38.149,-1.217,-25.286,0.000,2,41.519032,-86.239647,0.000000,0.577,245.699997,10,42,52,56,12,3,GPS_HOMING,AP_PROT_ROLL_MIN,325.514,30.000,20.000,4,-20,-25,20,ROLL_RIGHT
2008,150.623413,0,0.884,-1.307,-1.179,-14.981,-134.317,141.141,-19.695,-28.760,-27.417,-31.875,5.125,22.375,-8.407,21.915,22.299,0.879,0.323,0.241,0.256,1,-39.952,-1.244,-25.876,0.000,2,41.519032,-86.239647,0.000000,0.631,245.899994,10,42,52,64,12,3,GPS_HOMING,AP_PROT_ROLL_MIN,325.514,30.000,20.000,4,-20,-25,20,ROLL_RIGHT
2009,150.681900,0,2.179,-0.513,-0.256,-14.823,-136.292,144.099,-15.667,-29.431,-18.464,-31.875,5.125,22.375,-8.279,21.582,22.607,0.890,0.314,0.228,0.238,1,-43.019,-1.270,-26.851,0.000,2,41.519032,-86.239647,0.000000,0.432,245.899994,10,42,52,68,12,3,GPS_HOMING,AP_PROT_ROLL_MIN,325.514,30.000,20.000,4,-20,-25,20,ROLL_RIGHT
2010,150.751495,0,0.666,3.178,0.923,-13.666,-137.740,146.347,9.512,-14.660,12.310,-31.875,5.125,22.375,-7.766,21.325,23.043,0.899,0.310,0.210,0.227,1,-45.603,-1.228,-27.645,0.000,2,41.519032,-86.239647,0.000000,0.518,246.100006,10,42,52,76,12,3,GPS_HOMING,AP_PROT_ROLL_MIN,325.514,30.000,20.000,4,-20,-25,20,ROLL_RIGHT
2011,150.820404,0,-2.755,-1.948,-1.166,-12.909,-137.507,145.361,-16.450,12.869,25.067,-31.875,5.125,22.375,-7.254,21.428,23.068,0.896,0.313,0.207,0.237,1,-39.497,-1.226,-25.728,0.000,2,41.519032,-86.239647,0.000000,0.663,246.199997,10,42,52,84,12,3,GPS_HOMING,AP_PROT_ROLL_MIN,325.514,30.000,20.000,4,-20,-25,20,ROLL_RIGHT
2012,150.867508,0,-2.960,3.652,0.474,-13.379,-136.765,143.601,16.114,22.157,1.567,-31.875,5.125,22.375,-7.587,21.736,22.658,0.891,0.314,0.217,0.248,1,-40.972,-1.206,-26.204,0.000,2,41.519032,-86.239647,0.000000,0.758,246.300003,10,42,52,88,12,3,GPS_HOMING,AP_PROT_ROLL_MIN,325.514,30.000,20.000,4,-20,-25,20,ROLL_RIGHT
2013,150.942688,0,1.397,-0.538,-0.718,-13.463,-137.654,144.032,-22.269,-4.924,-11.191,-31.875,5.125,22.375,-7.638,21.377,22.992,0.894,0.307,0.215,0.246,1,-39.720,-1.232,-25.801,0.000,2,41.519032,-86.239647,120.239998,0.841,246.500000,10,42,52,96,12,3,GPS_HOMING,AP_PROT_ROLL_MIN,325.514,30.000,20.000,4,-20,-25,20,ROLL_RIGHT
2014,151.022675,0,-0.282,-0.128,-2.204,-14.108,-138.532,144.342,-10.631,11.079,-8.057,-31.875,5.125,22.375,-8.382,20.736,23.325,0.897,0.299,0.217,0.243,1,-40.175,-1.245,-25.948,0.000,2,41.519032,-86.239647,103.290001,0.945,246.699997,10,42,53,4,12,3,GPS_HOMING,AP_PROT_ROLL_MIN,325.514,30.000,20.000,4,-20,-25,20,ROLL_RIGHT
2015,151.102310,0,1.141,3.986,-0.064,-15.214,-139.055,143.993,-17.793,-7.162,-4.588,-31.875,5.125,22.375,-8.663,20.403,23.453,0.897,0.291,0.225,0.243,1,-39.636,-1.213,-25.774,0.000,2,41.519032,-86.239647,0.000000,0.599,246.699997,10,42,53,12,12,3,GPS_HOMING,AP_PROT_ROLL_MIN,325.514,30.000,20.000,4,-20,-25,20,ROLL_RIGHT
2016,151.186203,0,-2.371,-0.974,-1.371,-15.054,-140.936,144.551,-22.157,6.826,-14.548,-31.875,5.125,22.375,-8.740,19.429,24.247,0.903,0.278,0.219,0.243,1,-40.595,-1.199,-26.084,0.000,2,41.519032,-86.239647,0.000000,0.530,246.899994,10,42,53,20,12,3,GPS_HOMING,AP_PROT_ROLL_MIN,325.514,30.000,20.000,4,-20,-25,20,ROLL_RIGHT
2017,151.300385,0,0.923,0.179,0.384,-16.116,-143.470,145.215,-22.605,-6.938,-9.736,-31.875,5.125,22.375,-9.150,18.609,24.734,0.910,0.256,0.220,0.239,1,-41.174,-1.305,-26.269,0.000,2,41.519032,-86.239647,0.000000,0.496,247.100006,10,42,53,32,12,3,GPS_HOMING,AP_PROT_ROLL_MIN,325.514,30.000,20.000,4,-20,-25,20,ROLL_RIGHT
2018,151.380432,0,-1.384,4.498,0.679,-16.453,-145.326,146.079,14.548,4.812,-10.967,-31.875,5.125,22.375,-9.689,18.019,24.940,0.916,0.242,0.217,0.235,1,-41.859,-1.184,-26.486,0.000,2,41.519032,-86.239647,0.000000,0.550,247.100006,10,42,53,40,12,3,GPS_HOMING,AP_PROT_ROLL_MIN,325.514,30.000,20.000,4,-20,-25,20,ROLL_RIGHT
2019,151.439880,0,0.359,-2.166,-3.050,-16.766,-146.685,146.544,-40.174,-14.883,4.029,-31.875,5.125,22.375,-10.022,17.122,25.427,0.920,0.231,0.215,0.233,1,-40.404,-1.255,-26.022,0.000,2,41.519032,-86.239647,0.000000,0.549,247.199997,10,42,53,44,12,3,GPS_HOMING,AP_PROT_ROLL_MIN,325.514,30.000,20.000,4,-20,-25,20,ROLL_RIGHT
2020,151.500275,0,-0.038,-0.782,-2.948,-18.416,-146.388,146.309,4.476,12.310,7.386,-31.875,5.125,22.375,-10.381,17.224,25.247,0.918,0.229,0.229,0.230,1,-40.081,-1.208,-25.918,0.000,2,41.519032,-86.239647,0.000000,0.662,247.399994,10,42,53,52,12,3,GPS_HOMING,AP_PROT_ROLL_MIN,325.514,30.000,20.000,4,-20,-25,20,ROLL_RIGHT
2021,151.616211,0,-0.436,-1.640,-1.833,-18.230,-145.970,145.744,12.533,-3.133,3.021,-31.875,5.125,22.375,-10.201,17.558,25.042,0.916,0.232,0.230,0.234,1,-40.142,-1.180,-25.937,0.000,2,41.519032,-86.239647,0.000000,0.702,247.399994,10,42,53,64,12,3,GPS_HOMING,AP_PROT_ROLL_MIN,325.514,30.000,20.000,4,-20,-25,20,ROLL_RIGHT
2022,151.700439,0,-2.666,1.102,0.538,-17.583,-143.303,144.265,24.507,-1.679,13.205,-31.875,5.125,22.375,-9.894,18.634,24.350,0.908,0.252,0.234,0.242,1,-40.315,-1.228,-25.993,0.000,2,41.519032,-86.239647,0.000000,0.667,247.500000,10,42,53,72,12,3,GPS_HOMING,AP_PROT_ROLL_MIN,325.514,30.000,20.000,4,-20,-25,20,ROLL_RIGHT
2023,151.756516,0,-0.192,0.461,-0.602,-18.424,-142.544,144.001,-0.112,-15.779,3.917,-31.875,5.125,22.375,-10.253,19.019,23.889,0.905,0.255,0.242,0.240,1,-40.116,-1.273,-25.929,0.000,2,41.519032,-86.239647,0.000000,0.603,247.600006,10,42,53,76,12,3,GPS_HOMING,AP_PROT_ROLL_MIN,325.514,30.000,20.000,4,-20,-25,20,ROLL_RIGHT
2024,151.815369,0,0.590,1.615,-1.410,-17.880,-142.157,144.494,3.693,-2.462,-2.910,-31.875,5.125,22.375,-10.073,19.096,23.940,0.905,0.260,0.238,0.237,1,-40.305,-1.208,-25.990,0.000,2,41.519032,-86.239647,0.000000,0.332,247.899994,10,42,53,84,12,3,GPS_HOMING,AP_PROT_ROLL_MIN,325.514,30.000,20.000,4,-20,-25,20,ROLL_RIGHT
2025,151.945389,0,-1.551,0.666,-0.910,-18.223,-141.827,144.226,0.112,1.902,4.364,-31.875,5.125,22.375,-10.253,19.172,23.786,0.904,0.261,0.242,0.237,1,-40.380,-1.207,-26.014,0.000,2,41.519032,-86.239647,0.000000,0.481,247.899994,10,42,53,96,12,3,GPS_HOMING,AP_PROT_ROLL_MIN,325.514,30.000,20.000,4,-20,-25,20,ROLL_RIGHT
2026,152.019379,0,0.743,0.602,-0.064,-18.212,-141.678,144.059,0.671,-0.560,-1.902,-31.875,5.125,22.375,-10.432,19.377,23.581,0.903,0.262,0.242,0.238,1,-39.763,-1.169,-25.815,0.000,2,41.519032,-86.239647,0.000000,0.093,247.899994,10,42,54,4,12,3,GPS_HOMING,AP_PROT_ROLL_MIN,325.514,30.000,20.000,4,-20,-25,20,ROLL_RIGHT
2027,152.089203,0,-0.513,0.756,0.167,-18.512,-141.079,143.864,6.155,8.617,0.448,-31.875,5.125,22.375,-10.483,19.531,23.427,0.901,0.266,0.246,0.238,1,-39.418,-1.217,-25.702,0.000,2,41.519032,-86.239647,0.000000,0.230,248.100006,10,42,54,8,12,3,GPS_HOMING,AP_PROT_ROLL_MIN,325.514,30.000,20.000,4,-20,-25,20,ROLL_RIGHT
2028,152.140411,0,-0.833,1.461,-0.038,-18.598,-140.589,143.409,0.112,2.350,7.833,-31.875,5.125,22.375,-10.458,19.659,23.299,0.899,0.268,0.249,0.240,1,-39.546,-1.185,-25.744,0.000,2,41.519032,-86.239647,0.000000,0.331,248.100006,10,42,54,16,12,3,GPS_HOMING,AP_PROT_ROLL_MIN,325.514,30.000,20.000,4,-20,-25,20,ROLL_RIGHT
2029,152.222336,0,-1.269,0.551,-0.423,-18.671,-140.514,143.242,-0.783,0.112,-6.043,-31.875,5.125,22.375,-10.535,19.659,23.299,0.899,0.268,0.250,0.241,1,-39.935,-1.213,-25.871,0.000,2,41.519032,-86.239647,0.000000,0.380,248.199997,10,42,54,24,12,3,GPS_HOMING,AP_PROT_ROLL_MIN,325.514,30.000,20.000,4,-20,-25,20,ROLL_RIGHT
2030,152.295517,0,0.974,1.102,-0.692,-18.584,-141.002,143.621,-8.281,-7.274,0.224,-31.875,5.125,22.375,-10.458,19.480,23.479,0.901,0.265,0.247,0.239,1,-39.999,-1.195,-25.891,0.000,2,41.519032,-86.239647,0.000000,0.314,248.300003,10,42,54,28,12,3,GPS_HOMING,AP_PROT_ROLL_MIN,325.514,30.000,20.000,4,-20,-25,20,ROLL_RIGHT
2031,152.367508,0,0.295,0.948,-1.423,-18.440,-140.890,143.328,0.224,-1.119,8.057,-31.875,5.125,22.375,-10.381,19.557,23.479,0.900,0.266,0.247,0.242,1,-40.156,-1.210,-25.942,0.000,2,41.519032,-86.239647,0.000000,0.108,248.399994,10,42,54,36,12,3,GPS_HOMING,AP_PROT_ROLL_MIN,325.514,30.000,20.000,4,-20,-25,20,ROLL_RIGHT
2032,152.428040,0,-0.564,0.525,-0.602,-17.959,-140.655,143.163,-1.455,-0.671,12.757,-31.875,5.125,22.375,-10.099,19.711,23.479,0.899,0.269,0.245,0.244,1,-39.071,-1.267,-25.589,0.000,2,41.519032,-86.239647,0.000000,0.285,248.500000,10,42,54,44,12,3,GPS_HOMING,AP_PROT_ROLL_MIN,325.514,30.000,20.000,4,-20,-25,20,ROLL_RIGHT
2033,152.499634,0,-1.653,0.167,-1.179,-17.862,-140.638,143.073,4.252,-3.805,-4.364,-31.875,5.125,22.375,-10.048,19.813,23.402,0.899,0.269,0.244,0.245,1,-40.380,-1.212,-26.014,0.000,2,41.519032,-86.239647,0.000000,0.623,248.500000,10,42,54,52,12,3,GPS_HOMING,AP_PROT_ROLL_MIN,325.514,30.000,20.000,4,-20,-25,20,ROLL_RIGHT
2034,152.553513,0,-1.704,-0.051,1.820,-17.238,-140.661,143.407,1.679,-9.176,-3.133,-31.875,5.125,22.375,-9.868,19.813,23.504,0.900,0.272,0.238,0.244,1,-39.933,-1.209,-25.870,0.000,2,41.519032,-86.239647,0.000000,0.513,248.500000,10,42,54,56,12,3,GPS_HOMING,AP_PROT_ROLL_MIN,325.514,30.000,20.000,4,-20,-25,20,ROLL_RIGHT
2035,152.617371,0,1.179,0.628,1.717,-17.468,-140.767,143.786,-10.295,-6.379,-6.379,-31.875,5.125,22.375,-9.740,19.788,23.555,0.901,0.271,0.239,0.241,1,-40.258,-1.260,-25.975,0.000,2,41.519032,-86.239647,0.000000,0.255,248.699997,10,42,54,64,12,3,GPS_HOMING,AP_PROT_ROLL_MIN,325.514,30.000,20.000,4,-20,-25,20,ROLL_RIGHT
2036,152.700439,0,-0.064,-0.679,0.449,-17.576,-141.432,143.958,-5.931,10.631,-5.931,-31.875,5.125,22.375,-9.971,19.403,23.812,0.903,0.266,0.238,0.241,1,-41.142,-1.239,-26.259,0.000,2,41.519032,-86.239647,0.000000,0.224,248.800003,10,42,54,72,12,3,GPS_HOMING,AP_PROT_ROLL_MIN,325.514,30.000,20.000,4,-20,-25,20,ROLL_RIGHT
2037,152.757843,0,1.871,2.243,0.679,-18.076,-141.629,143.890,-4.812,-1.007,-3.245,-31.875,5.125,22.375,-10.278,19.121,23.966,0.903,0.263,0.242,0.240,1,-40.302,-1.204,-25.989,0.000,2,41.519032,-86.239647,0.000000,0.257,248.800003,10,42,54,76,12,3,GPS_HOMING,AP_PROT_ROLL_MIN,325.514,30.000,20.000,4,-20,-25,20,ROLL_RIGHT
2038,152.817459,0,0.538,0.256,-1.064,-18.336,-142.350,143.936,-9.624,12.198,0.000,-31.875,5.125,22.375,-10.330,18.967,24.068,0.904,0.256,0.242,0.240,1,-40.094,-1.231,-25.922,0.000,2,41.519032,-86.239647,0.000000,0.616,248.899994,10,42,54,84,12,3,GPS_HOMING,AP_PROT_ROLL_MIN,325.514,30.000,20.000,4,-20,-25,20,ROLL_RIGHT
2039,152.902283,0,0.077,1.640,-1.333,-18.979,-142.286,143.647,8.281,4.812,-9.960,-31.875,5.125,22.375,-10.842,18.967,23.863,0.903,0.254,0.248,0.241,1,-39.661,-1.256,-25.782,0.000,2,41.519032,-86.239647,0.000000,0.758,249.000000,10,42,54,92,12,3,GPS_HOMING,AP_PROT_ROLL_MIN,325.514,30.000,20.000,4,-20,-25,20,ROLL_RIGHT
2040,152.955444,0,0.551,1.525,-0.859,-18.930,-142.303,144.861,1.902,-8.729,-8.505,-31.875,5.125,22.375,-10.637,18.916,24.017,0.906,0.257,0.245,0.231,1,-40.108,-1.259,-25.927,0.000,2,41.519032,-86.239647,0.000000,0.562,249.000000,10,42,54,96,12,3,GPS_HOMING,AP_PROT_ROLL_MIN,325.514,30.000,20.000,4,-20,-25,20,ROLL_RIGHT
2041,153.064789,0,0.243,0.436,-0.551,-19.187,-142.520,145.621,5.036,-0.895,-20.703,-31.875,5.125,22.375,-10.791,18.814,24.017,0.908,0.256,0.244,0.225,1,-40.056,-1.164,-25.910,0.000,2,41.519032,-86.239647,0.000000,0.177,249.000000,10,42,55,8,12,3,GPS_HOMING,AP_PROT_ROLL_MIN,325.514,30.000,20.000,4,-20,-25,20,ROLL_RIGHT
2042,153.137558,0,-0.384,-0.115,0.500,-19.150,-142.770,146.127,-6.938,-6.602,-0.224,-31.875,5.125,22.375,-10.740,18.711,24.119,0.909,0.255,0.242,0.221,1,-40.234,-1.214,-25.967,0.000,2,41.519032,-86.239647,0.000000,0.106,249.100006,10,42,55,16,12,3,GPS_HOMING,AP_PROT_ROLL_MIN,325.514,30.000,20.000,4,-20,-25,20,ROLL_RIGHT
2043,153.222427,0,0.218,-0.205,-0.256,-19.137,-142.662,146.256,-3.245,-0.112,0.671,-31.875,5.125,22.375,-10.740,18.711,24.145,0.909,0.256,0.242,0.220,1,-39.933,-1.207,-25.870,0.000,2,41.519032,-86.239647,0.000000,0.064,249.100006,10,42,55,24,12,3,GPS_HOMING,AP_PROT_ROLL_MIN,325.514,30.000,20.000,4,-20,-25,20,ROLL_RIGHT
2044,153.296387,0,0.654,0.141,0.000,-19.405,-142.749,146.361,0.224,-5.036,1.902,-31.875,5.125,22.375,-10.868,18.685,24.119,0.910,0.255,0.244,0.219,1,-39.920,-1.184,-25.866,0.000,2,41.519032,-86.239647,0.000000,0.182,249.100006,10,42,55,32,12,3,GPS_HOMING,AP_PROT_ROLL_MIN,325.514,30.000,20.000,4,-20,-25,20,ROLL_RIGHT
2045,153.375519,0,-0.397,0.487,0.449,-19.339,-142.607,146.426,1.567,0.783,-4.029,-31.875,5.125,22.375,-10.919,18.762,24.068,0.910,0.257,0.244,0.218,1,-39.999,-1.195,-25.891,0.000,2,41.519032,-86.239647,0.000000,0.147,249.100006,10,42,55,40,12,3,GPS_HOMING,AP_PROT_ROLL_MIN,325.514,30.000,20.000,4,-20,-25,20,ROLL_RIGHT
2046,153.443405,0,-0.602,1.051,-0.359,-19.249,-142.672,146.609,0.448,6.379,-4.141,-31.875,5.125,22.375,-10.842,18.711,24.145,0.910,0.257,0.242,0.217,1,-40.447,-1.197,-26.036,0.000,2,41.519032,-86.239647,0.000000,0.218,249.100006,10,42,55,44,12,3,GPS_HOMING,AP_PROT_ROLL_MIN,325.514,30.000,20.000,4,-20,-25,20,ROLL_RIGHT
2047,153.500122,0,-0.910,-0.461,-1.064,-19.632,-142.742,146.688,-4.700,-1.343,-3.245,-31.875,5.125,22.375,-11.022,18.557,24.196,0.910,0.255,0.245,0.215,1,-40.757,-1.222,-26.136,0.000,2,41.519032,-86.239647,0.000000,0.441,249.100006,10,42,55,52,12,3,GPS_HOMING,AP_PROT_ROLL_MIN,325.514,30.000,20.000,4,-20,-25,20,ROLL_RIGHT
2048,153.554504,0,-0.782,-0.513,-0.730,-19.681,-143.027,146.808,-3.245,-12.533,-6.826,-31.875,5.125,22.375,-10.970,18.403,24.324,0.911,0.253,0.245,0.215,1,-40.417,-1.283,-26.026,0.000,2,41.519032,-86.239647,0.000000,0.294,249.100006,10,42,55,56,12,3,GPS_HOMING,AP_PROT_ROLL_MIN,325.514,30.000,20.000,4,-20,-25,20,ROLL_RIGHT
2049,153.603363,0,0.795,-0.833,1.371,-19.105,-143.720,147.758,-6.379,-15.443,-1.790,-31.875,5.125,22.375,-10.765,18.327,24.504,0.915,0.251,0.237,0.211,1,-41.047,-1.206,-26.228,0.000,2,41.519032,-86.239639,0.000000,0.466,249.100006,10,42,55,60,12,3,GPS_HOMING,AP_PROT_ROLL_MIN,325.514,30.000,20.000,4,-20,-25,20,ROLL_RIGHT
2050,153.657715,0,1.397,-0.346,1.294,-19.051,-143.945,147.935,-3.917,-5.819,-3.133,-31.875,5.125,22.375,-10.688,18.173,24.632,0.915,0.250,0.236,0.210,1,-39.920,-1.186,-25.866,0.000,2,41.519032,-86.239639,0.000000,0.317,249.100006,10,42,55,68,12,3,GPS_HOMING,AP_PROT_ROLL_MIN,325.514,30.000,20.000,4,-20,-25,20,ROLL_RIGHT
2051,153.773361,0,0.051,0.282,-0.295,-19.133,-144.182,147.745,-6.602,1.902,1.455,-31.875,5.125,22.375,-10.714,18.070,24.709,0.916,0.247,0.236,0.212,1,-40.541,-1.233,-26.066,0.000,2,41.519032,-86.239639,0.000000,0.149,249.199997,10,42,55,80,12,3,GPS_HOMING,AP_PROT_ROLL_MIN,325.514,30.000,20.000,4,-20,-25,20,ROLL_RIGHT
2052,153.859726,0,-0.077,1.153,0.038,-19.147,-143.989,147.285,0.783,-2.238,0.000,-31.875,5.125,22.375,-10.740,18.198,24.606,0.914,0.248,0.238,0.215,1,-40.595,-1.197,-26.084,0.000,2,41.519028,-86.239639,0.000000,0.452,249.199997,10,42,55,88,12,3,GPS_HOMING,AP_PROT_ROLL_MIN,325.514,30.000,20.000,4,-20,-25,20,ROLL_RIGHT
2053,153.945480,0,-0.205,0.077,-0.538,-19.003,-143.873,147.093,-2.686,3.917,-2.350,-31.875,5.125,22.375,-10.714,18.173,24.658,0.914,0.249,0.237,0.216,1,-39.570,-1.227,-25.752,0.000,2,41.519028,-86.239639,0.000000,0.395,249.300003,10,42,55,92,12,3,GPS_HOMING,AP_PROT_ROLL_MIN,325.514,30.000,20.000,4,-20,-25,20,ROLL_RIGHT
2054,153.996506,0,-1.192,-0.654,-0.564,-19.184,-144.034,146.808,0.895,3.133,1.343,-31.875,5.125,22.375,-10.740,18.122,24.709,0.913,0.246,0.239,0.219,1,-40.030,-1.253,-25.901,0.000,2,41.519032,-86.239639,0.000000,0.214,249.300003,10,42,56,0,12,3,GPS_HOMING,AP_PROT_ROLL_MIN,325.514,30.000,20.000,4,-20,-25,20,ROLL_RIGHT
2055,154.051361,0,-0.705,0.679,0.487,-19.196,-143.917,146.842,0.783,-5.148,-1.567,-31.875,5.125,22.375,-10.688,18.173,24.658,0.913,0.247,0.239,0.218,1,-39.734,-1.254,-25.805,0.000,2,41.519032,-86.239639,0.000000,0.098,249.300003,10,42,56,4,12,3,GPS_HOMING,AP_PROT_ROLL_MIN,325.514,30.000,20.000,4,-20,-25,20,ROLL_RIGHT
2056,154.140869,0,0.795,0.525,0.987,-18.939,-144.161,147.321,-3.469,-6.491,-3.357,-31.875,5.125,22.375,-10.611,18.096,24.760,0.915,0.247,0.236,0.215,1,-40.320,-1.240,-25.995,0.000,2,41.519032,-86.239639,0.000000,0.192,249.399994,10,42,56,16,12,3,GPS_HOMING,AP_PROT_ROLL_MIN,325.514,30.000,20.000,4,-20,-25,20,ROLL_RIGHT
2057,154.191315,0,0.449,0.525,-0.500,-19.020,-144.319,147.332,2.014,5.371,3.581,-31.875,5.125,22.375,-10.740,18.070,24.760,0.915,0.246,0.236,0.215,1,-40.382,-1.215,-26.015,0.000,2,41.519032,-86.239639,0.000000,0.056,249.399994,10,42,56,20,12,3,GPS_HOMING,AP_PROT_ROLL_MIN,325.514,30.000,20.000,4,-20,-25,20,ROLL_RIGHT
2058,154.259460,0,-0.756,0.128,-1.294,-19.354,-144.058,146.889,-1.119,5.036,-0.895,-31.875,5.125,22.375,-10.791,18.096,24.709,0.914,0.246,0.240,0.217,1,-40.710,-1.268,-26.121,0.000,2,41.519032,-86.239639,0.000000,0.253,249.500000,10,42,56,28,12,3,GPS_HOMING,AP_PROT_ROLL_MIN,325.514,30.000,20.000,4,-20,-25,20,ROLL_RIGHT
2059,154.311310,0,-0.359,0.256,-0.192,-19.463,-144.076,146.923,2.910,-7.498,-1.231,-31.875,5.125,22.375,-10.817,18.096,24.709,0.914,0.246,0.241,0.217,1,-40.468,-1.235,-26.043,0.000,2,41.519032,-86.239639,0.000000,0.091,249.500000,10,42,56,32,12,3,GPS_HOMING,AP_PROT_ROLL_MIN,325.514,30.000,20.000,4,-20,-25,20,ROLL_RIGHT
2060,154.376816,0,0.243,1.205,1.166,-19.091,-143.972,147.239,-3.021,-3.133,-1.567,-31.875,5.125,22.375,-10.663,18.147,24.734,0.914,0.248,0.237,0.215,1,-40.463,-1.226,-26.041,0.000,2,41.519032,-86.239639,0.000000,0.250,249.500000,10,42,56,40,12,3,GPS_HOMING,AP_PROT_ROLL_MIN,325.514,30.000,20.000,4,-20,-25,20,ROLL_RIGHT
2061,154.440247,0,0.628,-1.128,0.128,-19.140,-144.267,147.527,-2.574,-8.057,-7.050,-31.875,5.125,22.375,-10.637,17.942,24.914,0.915,0.246,0.237,0.213,1,-41.519,-1.253,-26.379,0.000,2,41.519032,-86.239639,0.000000,0.221,249.500000,10,42,56,44,12,3,GPS_HOMING,AP_PROT_ROLL_MIN,325.514,30.000,20.000,4,-20,-25,20,ROLL_RIGHT
2062,154.496490,0,1.102,-0.974,0.103,-18.524,-144.633,148.058,-2.238,-8.281,7.498,-31.875,5.125,22.375,-10.406,17.916,25.016,0.917,0.246,0.230,0.212,1,-40.332,-1.259,-25.999,0.000,2,41.519032,-86.239639,0.000000,0.164,249.600006,10,42,56,52,12,3,GPS_HOMING,AP_PROT_ROLL_MIN,325.514,30.000,20.000,4,-20,-25,20,ROLL_RIGHT
2063,154.551346,0,-0.410,0.679,-0.666,-18.820,-143.989,147.328,2.126,0.895,8.841,-31.875,5.125,22.375,-10.381,18.096,24.914,0.915,0.249,0.235,0.215,1,-41.265,-1.192,-26.298,0.000,2,41.519032,-86.239639,0.000000,0.160,249.600006,10,42,56,56,12,3,GPS_HOMING,AP_PROT_ROLL_MIN,325.514,30.000,20.000,4,-20,-25,20,ROLL_RIGHT
2064,154.616776,0,-1.589,-0.179,-0.615,-18.818,-143.807,146.946,-0.112,-1.790,9.288,-31.875,5.125,22.375,-10.458,18.275,24.760,0.913,0.250,0.236,0.218,1,-40.250,-1.242,-25.972,0.000,2,41.519032,-86.239639,0.000000,0.079,249.699997,10,42,56,64,12,3,GPS_HOMING,AP_PROT_ROLL_MIN,325.514,30.000,20.000,4,-20,-25,20,ROLL_RIGHT
2065,154.671295,0,0.038,1.525,0.282,-18.741,-143.495,146.641,2.910,-2.126,0.224,-31.875,5.125,22.375,-10.458,18.455,24.606,0.912,0.252,0.237,0.220,1,-40.544,-1.240,-26.067,0.000,2,41.519032,-86.239639,0.000000,0.149,249.699997,10,42,56,68,12,3,GPS_HOMING,AP_PROT_ROLL_MIN,325.514,30.000,20.000,4,-20,-25,20,ROLL_RIGHT
2066,154.742325,0,-0.282,-0.654,-0.923,-18.600,-143.506,146.582,0.895,3.357,-2.014,-31.875,5.125,22.375,-10.406,18.403,24.683,0.912,0.252,0.236,0.221,1,-41.569,-1.209,-26.395,0.000,2,41.519032,-86.239639,0.000000,0.268,249.699997,10,42,56,76,12,3,GPS_HOMING,AP_PROT_ROLL_MIN,325.514,30.000,20.000,4,-20,-25,20,ROLL_RIGHT
2067,154.862152,0,-0.038,0.167,-0.038,-18.553,-143.436,146.811,1.343,-8.505,-1.231,-31.875,5.125,22.375,-10.381,18.429,24.683,0.913,0.253,0.235,0.219,1,-39.266,-1.218,-25.653,0.000,2,41.519032,-86.239639,0.000000,0.353,249.899994,10,42,56,88,12,3,GPS_HOMING,AP_PROT_ROLL_MIN,325.514,30.000,20.000,4,-20,-25,20,ROLL_RIGHT
2068,154.943405,0,0.333,-1.064,-0.090,-18.397,-143.363,146.827,-4.476,-9.400,2.350,-31.875,5.125,22.375,-10.201,18.378,24.760,0.912,0.254,0.234,0.219,1,-42.907,-1.201,-26.816,0.000,2,41.519032,-86.239639,0.000000,0.066,249.899994,10,42,56,96,12,3,GPS_HOMING,AP_PROT_ROLL_MIN,325.514,30.000,20.000,4,-20,-25,20,ROLL_RIGHT
2069,154.991516,0,0.282,-0.910,0.128,-18.074,-143.649,147.273,1.455,-1.343,-0.671,-31.875,5.125,22.375,-10.099,18.378,24.811,0.914,0.254,0.230,0.217,1,-41.129,-1.215,-26.254,0.000,2,41.519032,-86.239639,0.000000,0.047,250.000000,10,42,57,0,12,3,GPS_HOMING,AP_PROT_ROLL_MIN,325.514,30.000,20.000,4,-20,-25,20,ROLL_RIGHT
2070,155.061172,0,1.217,-0.423,0.705,-17.914,-143.860,147.414,-2.462,-3.581,-0.895,-31.875,5.125,22.375,-10.048,18.327,24.888,0.915,0.253,0.228,0.217,1,-41.056,-1.225,-26.231,0.000,2,41.519032,-86.239639,0.000000,0.037,250.000000,10,42,57,8,12,3,GPS_HOMING,AP_PROT_ROLL_MIN,325.514,30.000,20.000,4,-20,-25,20,ROLL_RIGHT
2071,155.135437,0,0.333,0.525,0.487,-17.847,-143.878,147.360,1.567,2.686,7.386,-31.875,5.125,22.375,-9.996,18.327,24.914,0.915,0.253,0.228,0.218,1,-41.226,-1.258,-26.285,0.000,2,41.519032,-86.239639,0.000000,0.083,250.100006,10,42,57,16,12,3,GPS_HOMING,AP_PROT_ROLL_MIN,325.514,30.000,20.000,4,-20,-25,20,ROLL_RIGHT
2072,155.218506,0,-1.102,0.730,-1.077,-17.801,-143.678,146.928,-1.231,2.910,-3.693,-31.875,5.125,22.375,-10.073,18.378,24.837,0.914,0.253,0.229,0.221,1,-44.933,-1.226,-27.442,0.000,2,41.519032,-86.239639,0.000000,0.056,250.199997,10,42,57,24,12,3,GPS_HOMING,AP_PROT_ROLL_MIN,325.514,30.000,20.000,4,-20,-25,20,ROLL_RIGHT
2073,155.296494,0,-0.013,-0.654,-0.449,-17.985,-143.848,147.064,0.783,-4.812,-6.267,-31.875,5.125,22.375,-10.022,18.250,24.965,0.914,0.252,0.229,0.220,1,-41.061,-1.230,-26.233,0.000,2,41.519032,-86.239639,0.000000,0.061,250.199997,10,42,57,32,12,3,GPS_HOMING,AP_PROT_ROLL_MIN,325.514,30.000,20.000,4,-20,-25,20,ROLL_RIGHT
2074,155.362869,0,0.282,-0.897,1.256,-17.828,-144.077,147.676,-4.364,-7.274,-1.343,-31.875,5.125,22.375,-9.817,18.122,25.145,0.916,0.252,0.226,0.216,1,-40.673,-1.197,-26.109,0.000,2,41.519032,-86.239639,0.000000,0.133,250.199997,10,42,57,36,12,3,GPS_HOMING,AP_PROT_ROLL_MIN,325.514,30.000,20.000,4,-20,-25,20,ROLL_RIGHT
2075,155.419586,0,0.282,0.705,1.538,-17.523,-144.327,147.908,0.895,4.364,3.357,-31.875,5.125,22.375,-9.791,18.147,25.145,0.917,0.251,0.223,0.215,1,-40.323,-1.243,-25.996,0.000,2,41.519032,-86.239639,0.000000,0.169,250.300003,10,42,57,44,12,3,GPS_HOMING,AP_PROT_ROLL_MIN,325.514,30.000,20.000,4,-20,-25,20,ROLL_RIGHT
2076,155.496796,0,-0.795,0.154,-0.397,-17.610,-144.403,147.620,-6.938,5.707,-1.343,-31.875,5.125,22.375,-9.843,18.096,25.170,0.917,0.249,0.224,0.217,1,-41.140,-1.232,-26.258,0.000,2,41.519032,-86.239639,0.000000,0.113,250.300003,10,42,57,52,12,3,GPS_HOMING,AP_PROT_ROLL_MIN,325.514,30.000,20.000,4,-20,-25,20,ROLL_RIGHT
2077,155.579391,0,-1.000,0.564,-1.717,-17.916,-144.653,147.657,-4.700,-12.645,-3.581,-31.875,5.125,22.375,-9.791,17.814,25.401,0.917,0.247,0.226,0.217,1,-40.404,-1.252,-26.022,0.000,2,41.519032,-86.239639,0.000000,0.332,250.399994,10,42,57,60,12,3,GPS_HOMING,AP_PROT_ROLL_MIN,325.514,30.000,20.000,4,-20,-25,20,ROLL_RIGHT
2078,155.662445,0,-1.410,1.974,-1.487,-16.770,-145.871,149.260,-23.165,-34.691,-10.183,-31.875,5.125,22.375,-9.407,17.532,25.734,0.923,0.243,0.211,0.209,1,-40.468,-1.237,-26.043,0.000,2,41.519032,-86.239639,0.000000,0.373,250.500000,10,42,57,68,12,3,GPS_HOMING,AP_PROT_ROLL_MIN,325.514,30.000,20.000,4,-20,-25,20,ROLL_RIGHT
2079,155.718506,0,-1.384,2.204,-1.474,-12.909,-149.722,153.409,-38.048,-67.255,-8.617,-31.875,5.125,22.375,-7.536,16.199,27.144,0.940,0.228,0.165,0.192,1,-41.749,-1.263,-26.452,0.000,2,41.519032,-86.239639,0.000000,0.329,250.500000,10,42,57,72,12,3,GPS_HOMING,AP_PROT_ROLL_MIN,325.514,30.000,20.000,4,-20,-25,20,ROLL_RIGHT
2080,155.791138,0,5.434,-1.435,0.410,-8.964,-153.139,157.681,-61.884,-132.608,-28.200,-31.875,5.125,22.375,-7.331,16.045,27.323,0.955,0.212,0.119,0.170,1,-42.556,-1.241,-26.706,0.000,2,41.519032,-86.239639,0.000000,0.486,250.600006,10,42,57,80,12,3,GPS_HOMING,AP_PROT_ROLL_MIN,325.514,30.000,20.000,4,-20,-25,20,ROLL_RIGHT
2081,155.903442,0,1.192,0.256,-1.025,-3.933,-155.939,161.056,-18.688,-54.498,-0.224,-31.875,5.125,22.375,-1.179,12.944,29.810,0.965,0.200,0.067,0.154,1,-44.068,-1.280,-27.176,0.000,2,41.519032,-86.239639,0.000000,0.662,250.600006,10,42,57,92,12,3,GPS_HOMING,AP_PROT_ROLL_MIN,325.514,30.000,20.000,4,-20,-25,20,ROLL_RIGHT
2082,155.962204,0,-0.474,1.089,-0.859,-2.596,-156.098,161.833,16.338,13.317,3.917,-31.875,5.125,22.375,-1.897,13.687,29.425,0.967,0.201,0.055,0.150,1,-42.106,-1.232,-26.564,0.000,2,41.519032,-86.239639,0.000000,0.309,250.600006,10,42,57,96,12,3,GPS_HOMING,AP_PROT_ROLL_MIN,325.514,30.000,20.000,4,-20,-25,20,ROLL_RIGHT
2083,156.022415,0,0.666,-0.692,0.397,-2.793,-154.962,161.550,-3.357,-16.674,5.595,-31.875,5.125,22.375,-1.640,13.790,29.374,0.964,0.210,0.058,0.151,1,-41.519,-1.252,-26.379,0.000,2,41.519032,-86.239639,0.000000,0.700,250.600006,10,42,58,4,12,3,GPS_HOMING,AP_PROT_ROLL_MIN,325.514,30.000,20.000,4,-20,-25,20,ROLL_RIGHT
2084,156.079498,0,-0.590,0.282,0.320,-2.379,-154.828,161.679,9.736,-1.007,-4.252,-31.875,5.125,22.375,-1.410,13.944,29.323,0.964,0.212,0.055,0.151,1,-41.753,-1.275,-26.453,0.000,2,41.519032,-86.239639,100.900002,0.798,250.600006,10,42,58,8,12,3,GPS_HOMING,AP_PROT_ROLL_MIN,325.514,30.000,20.000,4,-20,-25,20,ROLL_RIGHT
2085,156.184372,0,-0.295,0.051,0.871,-1.963,-154.530,161.749,0.671,-8.393,5.931,-31.875,5.125,22.375,-1.153,14.020,29.297,0.964,0.215,0.051,0.151,1,-40.913,-1.235,-26.186,0.000,2,41.519032,-86.239639,102.669998,0.837,250.600006,10,42,58,20,12,3,GPS_HOMING,AP_PROT_ROLL_MIN,325.514,30.000,20.000,4,-20,-25,20,ROLL_RIGHT
2086,156.299561,0,0.115,-0.628,-0.026,-2.017,-154.251,161.729,2.238,1.790,-4.141,-31.875,5.125,22.375,-1.205,14.174,29.194,0.963,0.217,0.052,0.151,1,-42.188,-1.248,-26.590,0.000,2,41.519032,-86.239639,0.000000,0.584,250.699997,10,42,58,32,12,3,GPS_HOMING,AP_PROT_ROLL_MIN,325.514,30.000,20.000,4,-20,-25,20,ROLL_RIGHT
2087,156.419189,0,-0.718,-0.359,-1.410,-2.259,-153.907,161.370,0.112,5.931,9.064,-31.875,5.125,22.375,-1.384,14.405,29.066,0.962,0.220,0.055,0.153,1,-41.680,-1.277,-26.430,0.000,2,41.519032,-86.239639,0.000000,0.511,250.699997,10,42,58,44,12,3,GPS_HOMING,AP_PROT_ROLL_MIN,325.514,30.000,20.000,4,-20,-25,20,ROLL_RIGHT
2088,156.502167,0,-1.435,-0.308,-0.525,-2.633,-153.409,160.341,7.050,1.679,3.917,-31.875,5.125,22.375,-1.564,14.815,28.861,0.960,0.223,0.061,0.161,1,-40.983,-1.220,-26.208,0.000,2,41.519032,-86.239639,0.000000,0.462,250.800003,10,42,58,52,12,3,GPS_HOMING,AP_PROT_ROLL_MIN,325.514,30.000,20.000,4,-20,-25,20,ROLL_RIGHT
2089,156.570892,0,-0.141,0.090,0.359,-2.521,-152.521,159.734,2.686,-2.462,9.848,-31.875,5.125,22.375,-1.384,15.174,28.656,0.957,0.230,0.063,0.166,1,-42.580,-1.285,-26.714,0.000,2,41.519032,-86.239639,0.000000,0.547,250.800003,10,42,58,56,12,3,GPS_HOMING,AP_PROT_ROLL_MIN,325.514,30.000,20.000,4,-20,-25,20,ROLL_RIGHT
2090,156.623459,0,-0.410,1.038,-0.038,-2.721,-151.911,159.043,6.267,14.212,3.357,-31.875,5.125,22.375,-1.589,15.302,28.579,0.955,0.234,0.067,0.171,1,-41.752,-1.269,-26.453,0.000,2,41.519032,-86.239639,0.000000,0.351,250.800003,10,42,58,64,12,3,GPS_HOMING,AP_PROT_ROLL_MIN,325.514,30.000,20.000,4,-20,-25,20,ROLL_RIGHT
2091,156.687515,0,-1.615,-0.449,-0.718,-2.997,-151.770,158.654,0.783,4.812,4.029,-31.875,5.125,22.375,-1.769,15.405,28.502,0.954,0.235,0.070,0.173,1,-40.980,-1.217,-26.207,0.000,2,41.519032,-86.239639,0.000000,0.332,250.800003,10,42,58,68,12,3,GPS_HOMING,AP_PROT_ROLL_MIN,325.514,30.000,20.000,4,-20,-25,20,ROLL_RIGHT
2092,156.741135,0,0.449,0.128,0.064,-2.977,-151.601,158.581,-0.783,-6.714,3.469,-31.875,5.125,22.375,-1.692,15.456,28.477,0.953,0.236,0.070,0.174,1,-40.752,-1.207,-26.134,0.000,2,41.519032,-86.239639,0.000000,0.098,250.899994,10,42,58,76,12,3,GPS_HOMING,AP_PROT_ROLL_MIN,325.514,30.000,20.000,4,-20,-25,20,ROLL_RIGHT
2093,156.807419,0,0.051,0.179,0.218,-2.739,-151.582,158.494,4.141,5.148,-3.469,-31.875,5.125,22.375,-1.615,15.507,28.451,0.953,0.237,0.069,0.175,1,-43.376,-1.241,-26.962,0.000,2,41.519032,-86.239639,0.000000,0.046,250.899994,10,42,58,80,12,3,GPS_HOMING,AP_PROT_ROLL_MIN,325.514,30.000,20.000,4,-20,-25,20,ROLL_RIGHT
2094,156.865051,0,0.423,-0.807,-0.410,-2.897,-151.509,158.507,-0.560,-0.448,2.126,-31.875,5.125,22.375,-1.666,15.507,28.451,0.953,0.237,0.070,0.175,1,-41.296,-1.245,-26.308,0.000,2,41.519032,-86.239639,0.000000,0.221,251.000000,10,42,58,88,12,3,GPS_HOMING,AP_PROT_ROLL_MIN,325.514,30.000,20.000,4,-20,-25,20,ROLL_RIGHT
2095,156.942200,0,-0.628,1.000,0.090,-2.908,-151.365,158.391,7.610,5.595,3.917,-31.875,5.125,22.375,-1.743,15.661,28.349,0.953,0.238,0.070,0.175,1,-41.400,-1.306,-26.341,0.000,2,41.519032,-86.239639,0.000000,0.137,251.000000,10,42,58,96,12,3,GPS_HOMING,AP_PROT_ROLL_MIN,325.514,30.000,20.000,4,-20,-25,20,ROLL_RIGHT
2096,157.136383,0,-0.384,0.179,0.871,-3.081,-151.023,158.216,1.567,-3.469,-1.119,-31.875,5.125,22.375,-1.743,15.763,28.297,0.952,0.241,0.073,0.176,1,-40.697,-1.245,-26.116,0.000,2,41.519032,-86.239639,0.000000,0.204,251.000000,10,42,59,16,12,3,GPS_HOMING,AP_PROT_ROLL_MIN,325.514,30.000,20.000,4,-20,-25,20,ROLL_RIGHT
2097,157.197296,0,-0.974,0.474,0.038,-3.028,-150.961,158.403,4.924,4.141,-2.574,-31.875,5.125,22.375,-2.127,15.712,28.272,0.952,0.241,0.072,0.175,1,-41.453,-1.265,-26.358,0.000,2,41.519032,-86.239639,0.000000,0.383,251.100006,10,42,59,20,12,3,GPS_HOMING,AP_PROT_ROLL_MIN,325.514,30.000,20.000,4,-20,-25,20,ROLL_RIGHT
2098,157.254364,0,-0.243,-0.154,0.397,-3.678,-150.963,158.202,-5.483,-3.805,1.567,-31.875,5.125,22.375,-2.153,15.763,28.272,0.952,0.240,0.078,0.175,1,-41.164,-1.286,-26.266,0.000,2,41.519032,-86.239639,0.000000,0.172,251.100006,10,42,59,28,12,3,GPS_HOMING,AP_PROT_ROLL_MIN,325.514,30.000,20.000,4,-20,-25,20,ROLL_RIGHT
2099,157.309250,0,1.282,0.051,0.346,-3.689,-151.118,158.336,0.448,-0.671,-4.924,-31.875,5.125,22.375,-2.153,15.661,28.323,0.952,0.239,0.077,0.174,1,-39.591,-1.268,-25.759,0.000,2,41.519032,-86.239639,0.000000,0.096,251.100006,10,42,59,32,12,3,GPS_HOMING,AP_PROT_ROLL_MIN,325.514,30.000,20.000,4,-20,-25,20,ROLL_RIGHT
2100,157.381912,0,-0.397,-0.551,-0.666,-3.851,-151.180,158.145,0.783,10.295,-2.238,-31.875,5.125,22.375,-2.230,15.635,28.323,0.952,0.238,0.079,0.175,1,-41.207,-1.227,-26.279,0.000,2,41.519032,-86.239639,0.000000,0.133,251.100006,10,42,59,40,12,3,GPS_HOMING,AP_PROT_ROLL_MIN,325.514,30.000,20.000,4,-20,-25,20,ROLL_RIGHT
2101,157.438980,0,-0.141,0.551,0.243,-4.099,-151.122,158.147,0.112,-7.050,1.679,-31.875,5.125,22.375,-2.230,15.687,28.297,0.952,0.238,0.081,0.175,1,-40.980,-1.218,-26.207,0.000,2,41.519032,-86.239639,0.000000,0.147,251.100006,10,42,59,44,12,3,GPS_HOMING,AP_PROT_ROLL_MIN,325.514,30.000,20.000,4,-20,-25,20,ROLL_RIGHT
2102,157.539566,0,-0.372,-0.333,-0.615,-3.837,-151.100,158.296,-0.448,2.238,-1.679,-31.875,5.125,22.375,-2.230,15.687,28.272,0.952,0.239,0.079,0.174,1,-40.782,-1.265,-26.143,0.000,2,41.519032,-86.239639,0.000000,0.160,251.199997,10,42,59,52,12,3,GPS_HOMING,AP_PROT_ROLL_MIN,325.514,30.000,20.000,4,-20,-25,20,ROLL_RIGHT
2103,157.601501,0,0.282,0.154,0.397,-3.995,-151.064,158.420,0.671,-6.267,2.462,-31.875,5.125,22.375,-2.332,15.661,28.272,0.952,0.239,0.080,0.173,1,-41.149,-1.255,-26.261,0.000,2,41.519032,-86.239639,0.000000,0.387,251.199997,10,42,59,60,12,3,GPS_HOMING,AP_PROT_ROLL_MIN,325.514,30.000,20.000,4,-20,-25,20,ROLL_RIGHT
2104,157.698486,0,-0.820,0.423,-0.538,-3.916,-150.968,158.322,4.812,9.288,-3.021,-31.875,5.125,22.375,-2.435,15.789,28.195,0.952,0.240,0.080,0.174,1,-40.035,-1.262,-25.903,0.000,2,41.519032,-86.239639,0.000000,0.155,251.199997,10,42,59,72,12,3,GPS_HOMING,AP_PROT_ROLL_MIN,325.514,30.000,20.000,4,-20,-25,20,ROLL_RIGHT
2105,157.753403,0,-0.692,0.295,-0.410,-4.062,-151.005,158.581,-2.910,-3.805,-3.469,-31.875,5.125,22.375,-2.358,15.712,28.246,0.952,0.239,0.080,0.171,1,-40.795,-1.289,-26.148,0.000,2,41.519032,-86.239639,0.000000,0.115,251.199997,10,42,59,76,12,3,GPS_HOMING,AP_PROT_ROLL_MIN,325.514,30.000,20.000,4,-20,-25,20,ROLL_RIGHT
2106,157.817596,0,0.038,-0.308,0.064,-3.895,-150.918,158.625,0.112,-4.588,3.357,-31.875,5.125,22.375,-2.358,15.712,28.246,0.952,0.240,0.079,0.171,1,-43.019,-1.273,-26.851,0.000,2,41.519032,-86.239639,0.000000,0.020,251.199997,10,42,59,80,12,3,GPS_HOMING,AP_PROT_ROLL_MIN,325.514,30.000,20.000,4,-20,-25,20,ROLL_RIGHT
2107,157.879425,0,0.090,-0.077,-0.038,-3.993,-150.870,158.727,1.567,1.455,-2.798,-31.875,5.125,22.375,-2.332,15.763,28.220,0.952,0.241,0.080,0.170,1,-42.723,-1.277,-26.758,0.000,2,41.519032,-86.239632,0.000000,0.192,251.199997,10,42,59,88,12,3,GPS_HOMING,AP_PROT_ROLL_MIN,325.514,30.000,20.000,4,-20,-25,20,ROLL_RIGHT
2108,157.946335,0,-0.167,0.026,-0.282,-4.013,-150.801,158.651,1.567,1.343,1.679,-31.875,5.125,22.375,-2.358,15.840,28.169,0.952,0.241,0.080,0.170,1,-41.646,-1.206,-26.419,0.000,2,41.519032,-86.239632,0.000000,0.240,251.300003,10,42,59,96,12,3,GPS_HOMING,AP_PROT_ROLL_MIN,325.514,30.000,20.000,4,-20,-25,20,ROLL_RIGHT
2109,158.099823,0,-0.769,0.000,-0.256,-4.034,-150.664,158.655,-0.112,-1.231,1.343,-31.875,5.125,22.375,-2.358,15.840,28.143,0.952,0.242,0.080,0.170,1,-42.645,-1.267,-26.734,0.000,2,41.519032,-86.239632,0.000000,0.164,251.300003,10,43,0,12,12,3,GPS_HOMING,AP_PROT_ROLL_MIN,325.514,30.000,20.000,4,-20,-25,20,ROLL_RIGHT
2110,158.182327,0,0.115,0.372,0.141,-3.958,-150.628,158.732,-0.112,2.014,-2.686,-31.875,5.125,22.375,-2.384,15.687,27.938,0.952,0.243,0.080,0.170,1,-41.991,-1.294,-26.528,0.000,2,41.519032,-86.239632,0.000000,0.177,251.300003,10,43,0,20,12,3,GPS_HOMING,AP_PROT_ROLL_MIN,325.514,30.000,20.000,4,-20,-25,20,ROLL_RIGHT
2111,158.236511,0,0.090,0.179,0.397,-3.886,-150.574,158.716,3.693,2.238,-1.007,-31.875,5.125,22.375,-2.409,15.738,27.938,0.952,0.243,0.079,0.170,1,-40.130,-1.299,-25.934,0.000,2,41.519032,-86.239632,0.000000,0.184,251.300003,10,43,0,24,12,3,GPS_HOMING,AP_PROT_ROLL_MIN,325.514,30.000,20.000,4,-20,-25,20,ROLL_RIGHT
2112,158.309509,0,-0.115,-0.359,-0.333,-3.960,-150.631,158.768,-1.567,-0.671,-0.560,-31.875,5.125,22.375,-2.358,15.789,28.067,0.952,0.243,0.080,0.169,1,-40.967,-1.196,-26.203,0.000,2,41.519032,-86.239632,0.000000,0.147,251.300003,10,43,0,32,12,3,GPS_HOMING,AP_PROT_ROLL_MIN,325.514,30.000,20.000,4,-20,-25,20,ROLL_RIGHT
2113,158.367920,0,0.064,0.218,-0.384,-3.933,-150.637,158.797,2.798,1.343,1.567,-31.875,5.125,22.375,-2.307,15.866,28.041,0.952,0.243,0.079,0.169,1,-41.950,-1.225,-26.515,0.000,2,41.519032,-86.239632,0.000000,0.098,251.399994,10,43,0,36,12,3,GPS_HOMING,AP_PROT_ROLL_MIN,325.514,30.000,20.000,4,-20,-25,20,ROLL_RIGHT
2114,158.426773,0,-0.218,0.295,-0.436,-3.950,-150.477,158.662,1.567,2.014,0.112,-31.875,5.125,22.375,-2.281,15.917,27.964,0.951,0.244,0.080,0.170,1,-40.908,-1.221,-26.184,0.000,2,41.519032,-86.239632,0.000000,0.275,251.399994,10,43,0,44,12,3,GPS_HOMING,AP_PROT_ROLL_MIN,325.514,30.000,20.000,4,-20,-25,20,ROLL_RIGHT
2115,158.542343,0,-0.487,0.423,-0.179,-4.054,-150.316,158.576,4.588,1.902,1.567,-31.875,5.125,22.375,-2.384,16.045,27.836,0.951,0.245,0.081,0.171,1,-41.001,-1.255,-26.214,0.000,2,41.519032,-86.239632,0.000000,0.064,251.399994,10,43,0,56,12,3,GPS_HOMING,AP_PROT_ROLL_MIN,325.514,30.000,20.000,4,-20,-25,20,ROLL_RIGHT
2116,158.594452,0,0.884,-0.090,1.576,-4.079,-150.128,158.576,2.910,-2.126,-3.693,-31.875,5.125,22.375,-2.384,16.174,27.836,0.951,0.247,0.082,0.170,1,-36.303,-1.253,-24.666,0.000,2,41.519032,-86.239632,0.000000,0.073,251.399994,10,43,0,60,12,3,GPS_HOMING,AP_PROT_ROLL_MIN,325.514,30.000,20.000,4,-20,-25,20,ROLL_RIGHT
2117,158.667511,0,-0.769,-0.538,-0.859,-4.015,-150.052,158.667,-1.902,11.974,4.252,-31.875,5.125,22.375,-2.384,16.122,28.015,0.950,0.247,0.081,0.170,1,-40.760,-1.223,-26.136,0.000,2,41.519032,-86.239632,0.000000,0.105,251.399994,10,43,0,68,12,3,GPS_HOMING,AP_PROT_ROLL_MIN,325.514,30.000,20.000,4,-20,-25,20,ROLL_RIGHT
2118,158.740952,0,0.372,0.423,-0.961,-4.584,-149.969,158.268,-1.790,-3.581,3.469,-31.875,5.125,22.375,-2.589,16.148,28.015,0.950,0.247,0.087,0.172,1,-41.820,-1.260,-26.474,0.000,2,41.519032,-86.239632,0.000000,0.095,251.399994,10,43,0,76,12,3,GPS_HOMING,AP_PROT_ROLL_MIN,325.514,30.000,20.000,4,-20,-25,20,ROLL_RIGHT
2119,158.806229,0,-0.192,0.461,-0.179,-4.541,-149.952,158.146,2.910,3.693,-1.119,-31.875,5.125,22.375,-2.589,16.225,27.964,0.950,0.247,0.087,0.173,1,-40.554,-1.258,-26.070,0.000,2,41.519032,-86.239632,0.000000,0.128,251.399994,10,43,0,80,12,3,GPS_HOMING,AP_PROT_ROLL_MIN,325.514,30.000,20.000,4,-20,-25,20,ROLL_RIGHT
2120,158.885895,0,-0.795,1.115,0.474,-4.342,-149.709,158.179,2.798,-4.364,2.238,-31.875,5.125,22.375,-2.461,16.276,27.990,0.949,0.249,0.085,0.173,1,-42.413,-1.249,-26.661,0.000,2,41.519032,-86.239632,0.000000,0.020,251.399994,10,43,0,84,12,3,GPS_HOMING,AP_PROT_ROLL_MIN,325.514,30.000,20.000,4,-20,-25,20,ROLL_RIGHT
2121,158.947510,0,-0.692,0.269,-0.308,-4.358,-149.638,158.175,-2.686,-2.350,-1.455,-31.875,5.125,22.375,-2.461,16.327,27.964,0.949,0.250,0.086,0.173,1,-46.497,-1.228,-27.915,0.000,2,41.519032,-86.239632,0.000000,0.169,251.399994,10,43,0,92,12,3,GPS_HOMING,AP_PROT_ROLL_MIN,325.514,30.000,20.000,4,-20,-25,20,ROLL_RIGHT
2122,159.006287,0,0.064,-0.231,-1.166,-4.097,-149.871,158.541,-3.581,-5.036,0.112,-31.875,5.125,22.375,-2.256,16.199,28.067,0.950,0.249,0.082,0.171,1,-42.860,-1.253,-26.801,0.000,2,41.519032,-86.239632,0.000000,0.213,251.399994,10,43,0,96,12,3,GPS_HOMING,AP_PROT_ROLL_MIN,325.514,30.000,20.000,4,-20,-25,20,ROLL_RIGHT
2123,159.066513,0,-0.141,-0.064,-0.077,-4.369,-149.786,158.701,3.693,5.707,-7.610,-31.875,5.125,22.375,-2.461,16.250,28.015,0.950,0.249,0.084,0.169,1,-41.043,-1.199,-26.227,0.000,2,41.519032,-86.239632,0.000000,0.204,251.399994,10,43,1,4,12,3,GPS_HOMING,AP_PROT_ROLL_MIN,325.514,30.000,20.000,4,-20,-25,20,ROLL_RIGHT
2124,159.117493,0,-0.115,-0.923,0.115,-4.320,-149.814,158.835,-0.224,-5.931,-0.783,-31.875,5.125,22.375,-2.384,16.250,28.041,0.950,0.249,0.084,0.168,1,-39.520,-1.274,-25.736,0.000,2,41.519032,-86.239632,0.000000,0.034,251.399994,10,43,1,12,12,3,GPS_HOMING,AP_PROT_ROLL_MIN,325.514,30.000,20.000,4,-20,-25,20,ROLL_RIGHT
2125,159.178360,0,1.166,-0.090,0.397,-4.285,-149.759,159.046,-0.671,1.007,0.895,-31.875,5.125,22.375,-2.409,16.302,28.015,0.950,0.250,0.083,0.166,1,-40.327,-1.249,-25.997,0.000,2,41.519032,-86.239632,0.000000,0.015,251.500000,10,43,1,20,12,3,GPS_HOMING,AP_PROT_ROLL_MIN,325.514,30.000,20.000,4,-20,-25,20,ROLL_RIGHT
2126,159.232513,0,-0.269,0.013,-0.256,-4.168,-149.776,158.984,2.686,-0.224,-1.790,-31.875,5.125,22.375,-2.358,16.327,28.041,0.950,0.250,0.082,0.167,1,-40.024,-1.244,-25.899,0.000,2,41.519032,-86.239632,0.000000,0.204,251.500000,10,43,1,24,12,3,GPS_HOMING,AP_PROT_ROLL_MIN,325.514,30.000,20.000,4,-20,-25,20,ROLL_RIGHT
2127,159.307510,0,-0.449,0.590,-0.205,-4.182,-149.591,158.994,0.224,-1.790,1.231,-31.875,5.125,22.375,-2.332,16.353,27.990,0.950,0.251,0.082,0.166,1,-38.486,-1.288,-25.397,0.000,2,41.519032,-86.239632,0.000000,0.083,251.500000,10,43,1,32,12,3,GPS_HOMING,AP_PROT_ROLL_MIN,325.514,30.000,20.000,4,-20,-25,20,ROLL_RIGHT
2128,159.382278,0,-0.192,0.090,-0.705,-4.164,-149.614,159.133,-0.895,-1.567,1.119,-31.875,5.125,22.375,-2.307,16.353,27.990,0.950,0.251,0.082,0.165,1,-39.960,-1.260,-25.879,0.000,2,41.519032,-86.239632,0.000000,0.056,251.500000,10,43,1,40,12,3,GPS_HOMING,AP_PROT_ROLL_MIN,325.514,30.000,20.000,4,-20,-25,20,ROLL_RIGHT
2129,159.452515,0,-0.038,-0.538,-0.077,-4.264,-149.564,159.292,-1.455,-3.581,-0.671,-31.875,5.125,22.375,-2.384,16.379,27.964,0.950,0.252,0.082,0.164,1,-40.631,-1.259,-26.095,0.000,2,41.519032,-86.239632,0.000000,0.167,251.500000,10,43,1,44,12,3,GPS_HOMING,AP_PROT_ROLL_MIN,325.514,30.000,20.000,4,-20,-25,20,ROLL_RIGHT
2130,159.507797,0,-0.538,0.641,-0.500,-4.338,-149.489,159.258,4.700,3.693,-4.588,-31.875,5.125,22.375,-2.409,16.430,27.938,0.950,0.252,0.083,0.164,1,-38.848,-1.271,-25.516,0.000,2,41.519032,-86.239632,0.000000,0.407,251.500000,10,43,1,52,12,3,GPS_HOMING,AP_PROT_ROLL_MIN,325.514,30.000,20.000,4,-20,-25,20,ROLL_RIGHT
2131,159.580368,0,-0.218,-0.320,0.449,-4.274,-149.484,159.408,-2.574,-8.393,0.895,-31.875,5.125,22.375,-2.307,16.404,27.964,0.950,0.252,0.082,0.163,1,-40.649,-1.294,-26.101,0.000,2,41.519032,-86.239632,0.000000,0.224,251.500000,10,43,1,60,12,3,GPS_HOMING,AP_PROT_ROLL_MIN,325.514,30.000,20.000,4,-20,-25,20,ROLL_RIGHT
2132,159.652512,0,-0.167,-0.923,0.051,-4.226,-149.515,159.571,-2.014,-1.567,-0.895,-31.875,5.125,22.375,-2.358,16.404,27.964,0.951,0.252,0.082,0.161,1,-40.178,-1.250,-25.949,0.000,2,41.519032,-86.239632,0.000000,0.280,251.600006,10,43,1,64,12,3,GPS_HOMING,AP_PROT_ROLL_MIN,325.514,30.000,20.000,4,-20,-25,20,ROLL_RIGHT
2133,159.739624,0,0.141,0.333,-0.179,-4.239,-149.600,159.480,-1.007,0.448,-2.014,-31.875,5.125,22.375,-2.384,16.379,27.964,0.951,0.251,0.082,0.162,1,-41.061,-1.231,-26.233,0.000,2,41.519032,-86.239632,0.000000,0.196,251.600006,10,43,1,76,12,3,GPS_HOMING,AP_PROT_ROLL_MIN,325.514,30.000,20.000,4,-20,-25,20,ROLL_RIGHT
2134,159.812515,0,-0.269,0.192,-1.410,-4.258,-149.688,159.438,2.686,4.812,1.343,-31.875,5.125,22.375,-2.461,16.379,27.964,0.951,0.251,0.082,0.163,1,-44.268,-1.234,-27.238,0.000,2,41.519032,-86.239632,0.000000,0.251,251.600006,10,43,1,80,12,3,GPS_HOMING,AP_PROT_ROLL_MIN,325.514,30.000,20.000,4,-20,-25,20,ROLL_RIGHT
2135,159.867493,0,-0.038,-0.320,-1.205,-4.422,-149.337,159.229,3.357,-2.014,4.588,-31.875,5.125,22.375,-2.486,16.507,27.862,0.950,0.253,0.084,0.164,1,-41.242,-1.288,-26.291,0.000,2,41.519032,-86.239632,0.000000,0.209,251.600006,10,43,1,88,12,3,GPS_HOMING,AP_PROT_ROLL_MIN,325.514,30.000,20.000,4,-20,-25,20,ROLL_RIGHT
2136,159.942383,0,-0.269,0.308,0.231,-4.297,-149.038,159.068,9.624,-2.014,0.895,-31.875,5.125,22.375,-2.384,16.763,27.733,0.949,0.256,0.084,0.165,1,-43.231,-1.247,-26.917,0.000,2,41.519032,-86.239632,0.000000,0.081,251.600006,10,43,1,96,12,3,GPS_HOMING,AP_PROT_ROLL_MIN,325.514,30.000,20.000,4,-20,-25,20,ROLL_RIGHT
2137,159.994568,0,0.090,-0.051,0.231,-4.132,-148.480,158.903,4.700,-0.895,-0.560,-31.875,5.125,22.375,-2.332,16.968,27.605,0.947,0.260,0.084,0.166,1,-42.045,-1.259,-26.545,0.000,2,41.519032,-86.239632,0.000000,0.224,251.600006,10,43,2,0,12,3,GPS_HOMING,AP_PROT_ROLL_MIN,325.514,30.000,20.000,4,-20,-25,20,ROLL_RIGHT
2138,160.057571,0,-0.718,0.000,0.282,-4.069,-148.183,158.917,2.350,-3.133,2.686,-31.875,5.125,22.375,-2.307,17.071,27.503,0.947,0.263,0.084,0.166,1,-40.419,-1.285,-26.027,0.000,2,41.519032,-86.239632,0.000000,0.147,251.600006,10,43,2,8,12,3,GPS_HOMING,AP_PROT_ROLL_MIN,325.514,30.000,20.000,4,-20,-25,20,ROLL_RIGHT
2139,160.136398,0,-0.090,0.295,0.333,-3.999,-148.065,158.928,2.574,1.790,0.671,-31.875,5.125,22.375,-2.256,17.173,27.451,0.946,0.264,0.083,0.166,1,-40.258,-1.261,-25.975,0.000,2,41.519032,-86.239632,0.000000,0.159,251.600006,10,43,2,16,12,3,GPS_HOMING,AP_PROT_ROLL_MIN,325.514,30.000,20.000,4,-20,-25,20,ROLL_RIGHT
2140,160.216522,0,-0.820,-0.333,-0.654,-4.232,-147.945,158.590,1.902,4.588,-3.917,-31.875,5.125,22.375,-2.461,17.173,27.426,0.946,0.265,0.086,0.168,1,-42.370,-1.315,-26.648,0.000,2,41.519032,-86.239632,0.000000,0.106,251.600006,10,43,2,24,12,3,GPS_HOMING,AP_PROT_ROLL_MIN,325.514,30.000,20.000,4,-20,-25,20,ROLL_RIGHT
2141,160.291382,0,0.013,0.551,0.231,-4.098,-147.986,158.670,-2.014,-6.826,2.686,-31.875,5.125,22.375,-2.332,17.173,27.426,0.946,0.264,0.085,0.168,1,-40.789,-1.278,-26.146,0.000,2,41.519032,-86.239632,0.000000,0.277,251.600006,10,43,2,28,12,3,GPS_HOMING,AP_PROT_ROLL_MIN,325.514,30.000,20.000,4,-20,-25,20,ROLL_RIGHT
2142,160.343765,0,0.141,0.795,0.359,-4.211,-147.904,158.674,-2.350,-2.462,0.224,-31.875,5.125,22.375,-2.384,17.173,27.426,0.946,0.265,0.086,0.168,1,-40.567,-1.282,-26.074,0.000,2,41.519032,-86.239632,0.000000,0.079,251.600006,10,43,2,36,12,3,GPS_HOMING,AP_PROT_ROLL_MIN,325.514,30.000,20.000,4,-20,-25,20,ROLL_RIGHT
2143,160.425903,0,-0.192,-0.256,-1.205,-4.156,-148.073,158.712,-2.462,5.707,1.231,-31.875,5.125,22.375,-2.384,17.096,27.477,0.946,0.264,0.085,0.168,1,-39.520,-1.272,-25.736,0.000,2,41.519032,-86.239632,0.000000,0.030,251.600006,10,43,2,44,12,3,GPS_HOMING,AP_PROT_ROLL_MIN,325.514,30.000,20.000,4,-20,-25,20,ROLL_RIGHT
2144,160.495438,0,-0.615,0.051,-0.500,-4.531,-147.974,158.446,0.448,-3.693,1.902,-31.875,5.125,22.375,-2.512,17.173,27.400,0.946,0.264,0.089,0.169,1,-43.024,-1.278,-26.853,0.000,2,41.519032,-86.239632,0.000000,0.236,251.600006,10,43,2,52,12,3,GPS_HOMING,AP_PROT_ROLL_MIN,325.514,30.000,20.000,4,-20,-25,20,ROLL_RIGHT
2145,160.613373,0,0.064,-0.128,0.666,-4.368,-147.924,158.585,1.567,-2.126,-0.671,-31.875,5.125,22.375,-2.461,17.199,27.375,0.946,0.264,0.087,0.168,1,-37.895,-1.303,-25.201,0.000,2,41.519032,-86.239632,0.000000,0.471,251.600006,10,43,2,64,12,3,GPS_HOMING,AP_PROT_ROLL_MIN,325.514,30.000,20.000,4,-20,-25,20,ROLL_RIGHT
2146,160.703400,0,-0.359,-0.628,-1.077,-4.357,-147.731,158.563,-2.686,0.448,1.343,-31.875,5.125,22.375,-2.538,17.224,27.349,0.945,0.266,0.088,0.168,1,-41.783,-1.329,-26.462,0.000,2,41.519032,-86.239632,0.000000,0.506,251.600006,10,43,2,72,12,3,GPS_HOMING,AP_PROT_ROLL_MIN,325.514,30.000,20.000,4,-20,-25,20,ROLL_RIGHT
2147,160.759735,0,-0.333,-0.756,-1.205,-4.320,-147.556,158.439,5.148,-3.581,3.021,-31.875,5.125,22.375,-2.486,17.353,27.272,0.945,0.267,0.088,0.169,1,-40.359,-1.306,-26.007,0.000,2,41.519032,-86.239632,0.000000,0.552,251.600006,10,43,2,76,12,3,GPS_HOMING,AP_PROT_ROLL_MIN,325.514,30.000,20.000,4,-20,-25,20,ROLL_RIGHT
2148,160.823410,0,-0.666,-0.179,-0.320,-4.338,-147.452,158.461,4.364,1.455,-1.231,-31.875,5.125,22.375,-2.461,17.353,27.272,0.944,0.268,0.088,0.169,1,-39.674,-1.281,-25.786,0.000,2,41.519032,-86.239632,0.000000,0.360,251.600006,10,43,2,84,12,3,GPS_HOMING,AP_PROT_ROLL_MIN,325.514,30.000,20.000,4,-20,-25,20,ROLL_RIGHT
2149,160.880508,0,0.743,-0.141,0.820,-4.257,-147.337,158.564,-1.231,-2.798,1.902,-31.875,5.125,22.375,-2.384,17.481,27.195,0.944,0.269,0.087,0.168,1,-40.061,-1.313,-25.911,0.000,2,41.519032,-86.239632,0.000000,0.365,251.600006,10,43,2,88,12,3,GPS_HOMING,AP_PROT_ROLL_MIN,325.514,30.000,20.000,4,-20,-25,20,ROLL_RIGHT
2150,160.949753,0,-0.064,-0.282,-1.115,-4.213,-147.365,158.446,3.021,4.476,-1.119,-31.875,5.125,22.375,-2.435,17.506,27.144,0.944,0.269,0.087,0.169,1,-40.583,-1.313,-26.080,0.000,2,41.519032,-86.239632,0.000000,0.390,251.600006,10,43,2,96,12,3,GPS_HOMING,AP_PROT_ROLL_MIN,325.514,30.000,20.000,4,-20,-25,20,ROLL_RIGHT
2151,161.014465,0,0.461,-0.243,-0.090,-4.094,-147.120,158.341,4.812,1.343,6.043,-31.875,5.125,22.375,-2.332,17.583,27.118,0.943,0.271,0.087,0.170,1,-41.265,-1.332,-26.298,0.000,2,41.519032,-86.239632,0.000000,0.317,251.600006,10,43,3,4,12,3,GPS_HOMING,AP_PROT_ROLL_MIN,325.514,30.000,20.000,4,-20,-25,20,ROLL_RIGHT
2152,161.099747,0,-0.218,0.308,0.192,-4.226,-146.840,158.096,4.364,2.462,0.895,-31.875,5.125,22.375,-2.435,17.763,26.990,0.942,0.273,0.089,0.172,1,-40.388,-1.366,-26.017,0.000,2,41.519032,-86.239632,0.000000,0.353,251.600006,10,43,3,12,12,3,GPS_HOMING,AP_PROT_ROLL_MIN,325.514,30.000,20.000,4,-20,-25,20,ROLL_RIGHT
2153,161.160446,0,-0.743,0.103,-0.256,-4.118,-146.574,157.793,3.917,1.790,-1.231,-31.875,5.125,22.375,-2.384,17.865,26.913,0.941,0.275,0.089,0.174,1,-40.883,-1.320,-26.176,0.000,2,41.519032,-86.239632,0.000000,0.334,251.600006,10,43,3,16,12,3,GPS_HOMING,AP_PROT_ROLL_MIN,325.514,30.000,20.000,4,-20,-25,20,ROLL_RIGHT
2154,161.223419,0,0.333,0.205,0.346,-3.937,-146.444,157.843,-1.007,-4.588,2.686,-31.875,5.125,22.375,-2.204,17.891,26.939,0.941,0.277,0.088,0.174,1,-44.227,-1.305,-27.225,0.000,2,41.519032,-86.239632,0.000000,0.179,251.600006,10,43,3,24,12,3,GPS_HOMING,AP_PROT_ROLL_MIN,325.514,30.000,20.000,4,-20,-25,20,ROLL_RIGHT
2155,161.303436,0,0.103,0.179,-0.205,-3.916,-146.402,157.823,0.224,0.671,2.574,-31.875,5.125,22.375,-2.256,17.916,26.888,0.941,0.277,0.088,0.174,1,-40.360,-1.317,-26.008,0.000,2,41.519032,-86.239632,0.000000,0.251,251.600006,10,43,3,32,12,3,GPS_HOMING,AP_PROT_ROLL_MIN,325.514,30.000,20.000,4,-20,-25,20,ROLL_RIGHT
2156,161.359711,0,-0.820,-0.115,-0.308,-3.965,-146.344,157.624,1.231,1.231,1.007,-31.875,5.125,22.375,-2.307,17.942,26.862,0.940,0.277,0.089,0.176,1,-43.646,-1.330,-27.046,0.000,2,41.519032,-86.239632,0.000000,0.405,251.600006,10,43,3,36,12,3,GPS_HOMING,AP_PROT_ROLL_MIN,325.514,30.000,20.000,4,-20,-25,20,ROLL_RIGHT
2157,161.423447,0,0.103,1.230,0.064,-3.964,-146.214,157.576,-0.895,-4.700,-1.455,-31.875,5.125,22.375,-2.230,17.993,26.836,0.940,0.278,0.089,0.176,1,-42.127,-1.274,-26.571,0.000,2,41.519032,-86.239632,0.000000,0.341,251.600006,10,43,3,44,12,3,GPS_HOMING,AP_PROT_ROLL_MIN,325.514,30.000,20.000,4,-20,-25,20,ROLL_RIGHT
2158,161.504715,0,-0.525,0.564,0.641,-3.794,-146.332,157.758,-0.671,-3.805,-1.455,-31.875,5.125,22.375,-2.127,17.916,26.888,0.940,0.278,0.087,0.175,1,-40.286,-1.315,-25.984,0.000,2,41.519032,-86.239632,0.000000,0.241,251.600006,10,43,3,52,12,3,GPS_HOMING,AP_PROT_ROLL_MIN,325.514,30.000,20.000,4,-20,-25,20,ROLL_RIGHT
2159,161.622299,0,-0.628,1.820,1.051,-3.639,-146.698,157.913,-0.783,-7.050,5.036,-31.875,5.125,22.375,-1.948,17.737,27.016,0.942,0.275,0.085,0.174,1,-41.053,-1.355,-26.230,0.000,2,41.519032,-86.239632,0.000000,0.223,251.600006,10,43,3,64,12,3,GPS_HOMING,AP_PROT_ROLL_MIN,325.514,30.000,20.000,4,-20,-25,20,ROLL_RIGHT
2160,161.678497,0,-1.628,-0.897,0.090,-4.152,-146.593,157.442,-15.443,-15.555,-14.660,-31.875,5.125,22.375,-2.358,17.506,27.144,0.941,0.275,0.090,0.177,1,-40.665,-1.327,-26.106,0.000,2,41.519032,-86.239632,0.000000,0.172,251.600006,10,43,3,68,12,3,GPS_HOMING,AP_PROT_ROLL_MIN,325.514,30.000,20.000,4,-20,-25,20,ROLL_RIGHT
2161,161.729507,0,-1.025,-1.666,-0.243,-3.627,-147.958,159.093,-7.274,-21.486,-4.812,-31.875,5.125,22.375,-2.179,17.199,27.349,0.946,0.266,0.080,0.166,1,-40.877,-1.305,-26.174,0.000,2,41.519032,-86.239632,0.000000,0.238,251.600006,10,43,3,72,12,3,GPS_HOMING,AP_PROT_ROLL_MIN,325.514,30.000,20.000,4,-20,-25,20,ROLL_RIGHT
2162,161.812057,0,-1.307,0.038,-2.499,-3.583,-147.382,158.153,3.245,-12.310,14.100,-31.875,5.125,22.375,-1.922,17.353,27.272,0.944,0.270,0.083,0.173,1,-40.290,-1.321,-25.985,0.000,2,41.519032,-86.239632,0.000000,0.289,251.600006,10,43,3,80,12,3,GPS_HOMING,AP_PROT_ROLL_MIN,325.514,30.000,20.000,4,-20,-25,20,ROLL_RIGHT
2163,161.891312,0,0.615,2.922,1.025,-5.077,-146.719,156.969,-0.336,-17.681,8.281,-31.875,5.125,22.375,-2.896,17.737,26.939,0.940,0.272,0.099,0.179,1,-39.858,-1.212,-25.846,0.000,2,41.519032,-86.239632,0.000000,0.442,251.600006,10,43,3,88,12,3,GPS_HOMING,AP_PROT_ROLL_MIN,325.514,30.000,20.000,4,-20,-25,20,ROLL_RIGHT
2164,161.952515,0,-1.525,1.358,-0.730,-4.424,-145.442,156.288,13.876,23.165,0.112,-31.875,5.125,22.375,-2.486,18.327,26.554,0.936,0.283,0.097,0.185,1,-42.658,-1.293,-26.738,0.000,2,41.519032,-86.239632,0.000000,0.464,251.500000,10,43,3,96,12,3,GPS_HOMING,AP_PROT_ROLL_MIN,325.514,30.000,20.000,4,-20,-25,20,ROLL_RIGHT
2165,162.031509,0,0.756,-0.179,1.128,-4.876,-145.199,156.424,-5.819,-23.948,6.602,-31.875,5.125,22.375,-2.512,18.378,26.529,0.936,0.284,0.101,0.182,1,-40.619,-1.239,-26.091,0.000,2,41.519032,-86.239632,0.000000,0.459,251.500000,10,43,4,4,12,3,GPS_HOMING,AP_PROT_ROLL_MIN,325.514,30.000,20.000,4,-20,-25,20,ROLL_RIGHT
2166,162.141800,0,-0.820,2.409,1.141,-4.148,-144.721,156.467,6.938,13.429,-8.169,-31.875,5.125,22.375,-2.435,18.711,26.272,0.935,0.289,0.096,0.183,1,-40.652,-1.299,-26.102,0.000,2,41.519032,-86.239632,0.000000,0.417,251.500000,10,43,4,16,12,3,GPS_HOMING,AP_PROT_ROLL_MIN,325.514,30.000,20.000,4,-20,-25,20,ROLL_RIGHT
2167,162.254532,0,0.333,0.090,0.602,-4.650,-144.807,156.553,6.826,-4.029,4.700,-31.875,5.125,22.375,-2.332,18.557,26.401,0.935,0.288,0.099,0.182,1,-41.162,-1.279,-26.265,0.000,2,41.519032,-86.239632,0.000000,0.270,251.500000,10,43,4,28,12,3,GPS_HOMING,AP_PROT_ROLL_MIN,325.514,30.000,20.000,4,-20,-25,20,ROLL_RIGHT
2168,162.308350,0,-0.423,0.295,0.628,-3.729,-144.894,157.838,9.064,9.624,-8.393,-31.875,5.125,22.375,-2.102,18.583,26.375,0.937,0.290,0.088,0.174,1,-39.829,-1.294,-25.836,0.000,2,41.519032,-86.239632,0.000000,0.290,251.500000,10,43,4,32,12,3,GPS_HOMING,AP_PROT_ROLL_MIN,325.514,30.000,20.000,4,-20,-25,20,ROLL_RIGHT
2169,162.358398,0,-0.423,2.704,0.654,-4.132,-144.445,157.761,6.938,3.021,0.336,-31.875,5.125,22.375,-2.435,18.839,26.195,0.936,0.293,0.093,0.173,1,-38.930,-1.285,-25.543,0.000,2,41.519032,-86.239632,0.000000,0.236,251.500000,10,43,4,36,12,3,GPS_HOMING,AP_PROT_ROLL_MIN,325.514,30.000,20.000,4,-20,-25,20,ROLL_RIGHT
2170,162.427490,0,0.666,-3.704,-1.628,-4.510,-144.867,158.001,2.462,9.064,-6.826,-31.875,5.125,22.375,-2.563,18.737,26.247,0.937,0.289,0.094,0.170,1,-40.433,-1.306,-26.031,0.000,2,41.519032,-86.239632,0.000000,0.341,251.600006,10,43,4,44,12,3,GPS_HOMING,AP_PROT_ROLL_MIN,325.514,30.000,20.000,4,-20,-25,20,ROLL_RIGHT
2171,162.501923,0,2.089,-1.012,-0.179,-4.219,-145.121,158.463,4.476,-4.476,12.757,-31.875,5.125,22.375,-2.332,18.480,26.452,0.939,0.288,0.090,0.167,1,-42.446,-1.313,-26.672,0.000,2,41.519032,-86.239632,0.000000,0.241,251.500000,10,43,4,52,12,3,GPS_HOMING,AP_PROT_ROLL_MIN,325.514,30.000,20.000,4,-20,-25,20,ROLL_RIGHT
2172,162.556427,0,-0.064,0.192,0.910,-4.016,-144.753,158.000,8.729,0.336,6.043,-31.875,5.125,22.375,-2.281,18.839,26.195,0.937,0.291,0.091,0.171,1,-39.843,-1.325,-25.841,0.000,2,41.519032,-86.239632,0.000000,0.251,251.500000,10,43,4,56,12,3,GPS_HOMING,AP_PROT_ROLL_MIN,325.514,30.000,20.000,4,-20,-25,20,ROLL_RIGHT
2173,162.614441,0,-0.090,0.641,0.705,-3.889,-144.109,157.193,3.693,6.714,8.617,-31.875,5.125,22.375,-2.179,18.916,26.144,0.934,0.295,0.093,0.178,1,-40.811,-1.319,-26.153,0.000,2,41.519032,-86.239632,0.000000,0.419,251.500000,10,43,4,64,12,3,GPS_HOMING,AP_PROT_ROLL_MIN,325.514,30.000,20.000,4,-20,-25,20,ROLL_RIGHT
2174,162.667511,0,0.141,1.589,-0.397,-4.207,-143.840,156.911,8.169,10.295,0.671,-31.875,5.125,22.375,-2.384,19.044,26.016,0.933,0.297,0.096,0.179,1,-40.726,-1.302,-26.126,0.000,2,41.519032,-86.239632,0.000000,0.388,251.500000,10,43,4,68,12,3,GPS_HOMING,AP_PROT_ROLL_MIN,325.514,30.000,20.000,4,-20,-25,20,ROLL_RIGHT
2175,162.742126,0,-0.013,0.282,-0.192,-4.083,-144.121,156.988,-8.841,-4.700,2.238,-31.875,5.125,22.375,-2.307,18.916,26.119,0.934,0.295,0.095,0.179,1,-40.076,-1.338,-25.916,0.000,2,41.519032,-86.239632,0.000000,0.273,251.399994,10,43,4,76,12,3,GPS_HOMING,AP_PROT_ROLL_MIN,325.514,30.000,20.000,4,-20,-25,20,ROLL_RIGHT
2176,162.827515,0,-0.013,-1.653,0.590,-4.133,-143.846,156.959,-0.671,-1.007,-2.574,-31.875,5.125,22.375,-2.332,19.044,26.042,0.933,0.297,0.096,0.179,1,-40.367,-1.325,-26.010,0.000,2,41.519032,-86.239632,0.000000,0.457,251.500000,10,43,4,84,12,3,GPS_HOMING,AP_PROT_ROLL_MIN,325.514,30.000,20.000,4,-20,-25,20,ROLL_RIGHT
2177,162.896500,0,-0.090,0.884,-0.090,-4.231,-143.834,157.180,4.924,9.624,1.455,-31.875,5.125,22.375,-2.409,19.019,26.042,0.933,0.297,0.096,0.177,1,-43.577,-1.339,-27.025,0.000,2,41.519032,-86.239632,0.000000,0.398,251.500000,10,43,4,88,12,3,GPS_HOMING,AP_PROT_ROLL_MIN,325.514,30.000,20.000,4,-20,-25,20,ROLL_RIGHT
2178,162.951874,0,-0.743,0.743,-0.295,-4.649,-143.638,156.764,1.119,-0.560,0.336,-31.875,5.125,22.375,-2.640,19.121,25.939,0.932,0.298,0.101,0.179,1,-41.694,-1.302,-26.434,0.000,2,41.519032,-86.239632,0.000000,0.235,251.500000,10,43,4,96,12,3,GPS_HOMING,AP_PROT_ROLL_MIN,325.514,30.000,20.000,4,-20,-25,20,ROLL_RIGHT
2179,163.026382,0,0.461,-0.513,0.205,-4.505,-143.761,156.902,-7.386,-6.938,-0.560,-31.875,5.125,22.375,-2.512,19.044,26.016,0.933,0.297,0.099,0.178,1,-39.472,-1.327,-25.720,0.000,2,41.519032,-86.239632,0.000000,0.304,251.500000,10,43,5,4,12,3,GPS_HOMING,AP_PROT_ROLL_MIN,325.514,30.000,20.000,4,-20,-25,20,ROLL_RIGHT
2180,163.098450,0,0.141,-1.897,-1.269,-4.572,-144.019,156.862,1.343,2.798,0.224,-31.875,5.125,22.375,-2.589,18.967,26.067,0.934,0.295,0.099,0.179,1,-39.375,-1.281,-25.688,0.000,2,41.519032,-86.239632,0.000000,0.199,251.500000,10,43,5,12,12,3,GPS_HOMING,AP_PROT_ROLL_MIN,325.514,30.000,20.000,4,-20,-25,20,ROLL_RIGHT
2181,163.157822,0,-0.910,0.615,-0.192,-4.777,-143.462,156.425,11.750,6.155,0.000,-31.875,5.125,22.375,-2.743,19.301,25.811,0.931,0.299,0.103,0.181,1,-39.377,-1.288,-25.689,0.000,2,41.519032,-86.239632,0.000000,0.120,251.500000,10,43,5,16,12,3,GPS_HOMING,AP_PROT_ROLL_MIN,325.514,30.000,20.000,4,-20,-25,20,ROLL_RIGHT
2182,163.223038,0,1.525,-1.256,0.795,-4.565,-143.293,156.455,-6.379,-11.079,2.238,-31.875,5.125,22.375,-2.589,19.249,25.837,0.931,0.300,0.101,0.181,1,-40.150,-1.337,-25.940,0.000,2,41.519032,-86.239632,0.000000,0.186,251.500000,10,43,5,24,12,3,GPS_HOMING,AP_PROT_ROLL_MIN,325.514,30.000,20.000,4,-20,-25,20,ROLL_RIGHT
2183,163.340927,0,-1.192,1.666,-0.410,-4.345,-143.274,156.303,7.386,14.772,8.952,-31.875,5.125,22.375,-2.512,19.326,25.785,0.931,0.301,0.100,0.183,1,-37.295,-1.293,-25.001,0.000,2,41.519032,-86.239632,0.000000,0.064,251.500000,10,43,5,36,12,3,GPS_HOMING,AP_PROT_ROLL_MIN,325.514,30.000,20.000,4,-20,-25,20,ROLL_RIGHT
2184,163.423019,0,-0.718,0.308,-0.410,-4.570,-143.071,155.745,-3.021,7.050,-2.014,-31.875,5.125,22.375,-2.589,19.249,25.862,0.929,0.301,0.103,0.187,1,-39.713,-1.355,-25.799,0.000,2,41.519032,-86.239632,0.000000,0.106,251.500000,10,43,5,44,12,3,GPS_HOMING,AP_PROT_ROLL_MIN,325.514,30.000,20.000,4,-20,-25,20,ROLL_RIGHT
2185,163.500458,0,-0.564,-0.974,-1.397,-4.553,-143.282,155.774,-9.064,-1.343,4.029,-31.875,5.125,22.375,-2.538,19.224,25.888,0.930,0.300,0.103,0.187,1,-40.076,-1.336,-25.916,0.000,2,41.519032,-86.239632,0.000000,0.052,251.500000,10,43,5,52,12,3,GPS_HOMING,AP_PROT_ROLL_MIN,325.514,30.000,20.000,4,-20,-25,20,ROLL_RIGHT
2186,163.565506,0,0.295,-0.115,0.769,-4.790,-143.381,155.998,-1.679,-7.386,5.148,-31.875,5.125,22.375,-2.589,19.249,25.862,0.931,0.299,0.104,0.184,1,-40.881,-1.315,-26.175,0.000,2,41.519032,-86.239632,0.000000,0.035,251.600006,10,43,5,56,12,3,GPS_HOMING,AP_PROT_ROLL_MIN,325.514,30.000,20.000,4,-20,-25,20,ROLL_RIGHT
2187,163.698792,0,0.615,0.359,0.167,-4.626,-143.410,156.200,6.155,1.119,-4.141,-31.875,5.125,22.375,-2.589,19.198,25.888,0.931,0.299,0.102,0.183,1,-39.634,-1.349,-25.773,0.000,2,41.519035,-86.239632,0.000000,0.216,251.600006,10,43,5,72,12,3,GPS_HOMING,AP_PROT_ROLL_MIN,325.514,30.000,20.000,4,-20,-25,20,ROLL_RIGHT
2188,163.745514,0,-0.538,-0.269,-0.192,-4.861,-143.418,155.940,3.469,2.126,8.057,-31.875,5.125,22.375,-2.717,19.249,25.837,0.931,0.298,0.105,0.185,1,-39.448,-1.282,-25.712,0.000,2,41.519035,-86.239632,0.000000,0.154,251.600006,10,43,5,76,12,3,GPS_HOMING,AP_PROT_ROLL_MIN,325.514,30.000,20.000,4,-20,-25,20,ROLL_RIGHT
2189,163.805313,0,-0.256,0.308,-0.436,-4.976,-143.036,155.595,6.379,5.371,-4.812,-31.875,5.125,22.375,-2.845,19.403,25.708,0.929,0.301,0.107,0.187,1,-39.557,-1.347,-25.748,0.000,2,41.519035,-86.239632,0.000000,0.248,251.699997,10,43,5,80,12,3,GPS_HOMING,AP_PROT_ROLL_MIN,325.514,30.000,20.000,4,-20,-25,20,ROLL_RIGHT
2190,163.885330,0,0.205,0.551,1.153,-5.178,-142.562,155.740,12.869,-0.112,-3.693,-31.875,5.125,22.375,-2.896,19.531,25.606,0.928,0.304,0.109,0.185,1,-40.245,-1.376,-25.971,0.000,2,41.519035,-86.239632,0.000000,0.560,251.699997,10,43,5,88,12,3,GPS_HOMING,AP_PROT_ROLL_MIN,325.514,30.000,20.000,4,-20,-25,20,ROLL_RIGHT
2191,163.950974,0,0.410,1.461,1.589,-6.514,-140.537,155.787,23.388,22.045,-7.050,-31.875,5.125,22.375,-3.793,20.531,24.683,0.923,0.318,0.123,0.178,1,-41.576,-1.359,-26.397,0.000,2,41.519035,-86.239632,0.000000,0.349,251.699997,10,43,5,96,12,3,GPS_HOMING,AP_PROT_ROLL_MIN,325.514,30.000,20.000,4,-20,-25,20,ROLL_RIGHT
2192,164.017517,0,1.410,-1.538,0.769,-7.695,-139.576,155.489,9.848,10.743,-14.660,-31.875,5.125,22.375,-4.665,20.890,24.247,0.920,0.323,0.135,0.176,1,-40.256,-1.396,-25.974,0.000,2,41.519035,-86.239632,0.000000,0.120,251.699997,10,43,6,4,12,3,GPS_HOMING,AP_PROT_ROLL_MIN,325.514,30.000,20.000,4,-20,-25,20,ROLL_RIGHT
2193,164.139847,0,1.141,-0.128,0.474,-8.649,-138.869,155.266,5.931,22.717,3.357,-31.875,5.125,22.375,-4.973,21.095,23.991,0.918,0.327,0.144,0.174,1,-42.747,-1.318,-26.766,0.000,2,41.519035,-86.239632,0.000000,0.309,251.699997,10,43,6,16,12,3,GPS_HOMING,AP_PROT_ROLL_MIN,325.514,30.000,20.000,4,-20,-25,20,ROLL_RIGHT
2194,164.219238,0,-1.525,-0.269,-1.679,-9.751,-138.366,153.858,7.274,17.681,7.498,-31.875,5.125,22.375,-5.972,21.454,23.479,0.914,0.327,0.157,0.181,1,-41.112,-1.327,-26.249,0.000,2,41.519035,-86.239632,0.000000,0.361,251.699997,10,43,6,24,12,3,GPS_HOMING,AP_PROT_ROLL_MIN,325.514,30.000,20.000,4,-20,-25,20,ROLL_RIGHT
2195,164.293411,0,0.884,-0.141,-0.013,-11.114,-136.930,152.043,5.260,-5.036,-1.679,-31.875,5.125,22.375,-6.152,21.761,23.145,0.907,0.333,0.176,0.189,1,-38.649,-1.317,-25.451,0.000,2,41.519035,-86.239632,0.000000,0.400,251.699997,10,43,6,32,12,3,GPS_HOMING,AP_PROT_ROLL_MIN,325.514,30.000,20.000,4,-20,-25,20,ROLL_RIGHT
2196,164.363342,0,0.487,0.910,1.256,-11.089,-136.411,151.999,10.855,8.841,-0.224,-31.875,5.125,22.375,-6.254,21.915,22.966,0.905,0.337,0.176,0.189,1,-39.020,-1.315,-25.572,0.000,2,41.519035,-86.239632,0.000000,0.327,251.699997,10,43,6,36,12,3,GPS_HOMING,AP_PROT_ROLL_MIN,325.514,30.000,20.000,4,-20,-25,20,ROLL_RIGHT
2197,164.418335,0,-0.346,-0.423,-0.026,-11.289,-135.902,151.280,6.714,9.848,-1.902,-31.875,5.125,22.375,-6.331,22.069,22.761,0.903,0.339,0.181,0.193,1,-38.956,-1.337,-25.551,0.000,2,41.519035,-86.239632,0.000000,0.206,251.699997,10,43,6,44,12,3,GPS_HOMING,AP_PROT_ROLL_MIN,325.514,30.000,20.000,4,-20,-25,20,ROLL_RIGHT
2198,164.472305,0,-0.320,-0.449,-0.128,-11.617,-135.434,150.897,4.812,5.260,2.798,-31.875,5.125,22.375,-6.485,22.197,22.607,0.901,0.342,0.185,0.194,1,-38.877,-1.326,-25.525,0.000,2,41.519035,-86.239632,0.000000,0.116,251.699997,10,43,6,48,12,3,GPS_HOMING,AP_PROT_ROLL_MIN,325.514,30.000,20.000,4,-20,-25,20,ROLL_RIGHT
2199,164.537750,0,1.423,-1.461,1.307,-11.749,-135.142,150.546,7.050,6.826,-0.783,-31.875,5.125,22.375,-6.485,22.223,22.581,0.899,0.343,0.188,0.196,1,-40.533,-1.354,-26.064,0.000,2,41.519035,-86.239632,0.000000,0.278,251.699997,10,43,6,56,12,3,GPS_HOMING,AP_PROT_ROLL_MIN,325.514,30.000,20.000,4,-20,-25,20,ROLL_RIGHT
2200,164.614075,0,0.295,-0.859,-0.615,-11.912,-134.699,150.053,2.798,23.724,12.086,-31.875,5.125,22.375,-6.715,22.530,22.223,0.897,0.345,0.191,0.199,1,-40.609,-1.222,-26.088,0.000,2,41.519035,-86.239632,0.000000,0.218,251.699997,10,43,6,64,12,3,GPS_HOMING,AP_PROT_ROLL_MIN,325.514,30.000,20.000,4,-20,-25,20,ROLL_RIGHT
2201,164.682510,0,-1.256,0.308,-1.038,-12.677,-133.784,148.116,7.945,17.345,10.743,-31.875,5.125,22.375,-7.100,22.863,21.761,0.891,0.347,0.205,0.209,1,-39.567,-1.366,-25.751,0.000,2,41.519035,-86.239632,0.000000,0.211,251.699997,10,43,6,68,12,3,GPS_HOMING,AP_PROT_ROLL_MIN,325.514,30.000,20.000,4,-20,-25,20,ROLL_RIGHT
2202,164.738327,0,-0.397,0.666,-0.936,-13.064,-132.898,146.771,8.729,6.714,6.714,-31.875,5.125,22.375,-7.254,23.068,21.479,0.886,0.351,0.213,0.217,1,-39.760,-1.304,-25.814,0.000,2,41.519035,-86.239632,0.000000,0.371,251.699997,10,43,6,76,12,3,GPS_HOMING,AP_PROT_ROLL_MIN,325.514,30.000,20.000,4,-20,-25,20,ROLL_RIGHT
2203,164.796143,0,-1.551,0.910,-0.051,-13.005,-132.383,146.192,5.036,9.064,8.505,-31.875,5.125,22.375,-7.254,23.376,21.146,0.883,0.354,0.216,0.221,1,-39.181,-1.335,-25.625,0.000,2,41.519035,-86.239632,0.000000,0.309,251.699997,10,43,6,80,12,3,GPS_HOMING,AP_PROT_ROLL_MIN,325.514,30.000,20.000,4,-20,-25,20,ROLL_RIGHT
2204,164.862320,0,-0.449,1.205,-0.449,-13.189,-131.925,145.539,2.686,3.133,-0.671,-31.875,5.125,22.375,-7.331,23.402,21.069,0.880,0.355,0.220,0.224,1,-39.617,-1.316,-25.767,0.000,2,41.519035,-86.239632,0.000000,0.248,251.699997,10,43,6,88,12,3,GPS_HOMING,AP_PROT_ROLL_MIN,325.514,30.000,20.000,4,-20,-25,20,ROLL_RIGHT
2205,164.951050,0,-0.167,0.026,-0.295,-13.024,-132.049,145.576,-2.462,0.448,-0.448,-31.875,5.125,22.375,-7.228,23.350,21.172,0.881,0.355,0.218,0.225,1,-42.578,-1.282,-26.713,0.000,2,41.519035,-86.239632,0.000000,0.246,251.699997,10,43,6,96,12,3,GPS_HOMING,AP_PROT_ROLL_MIN,325.514,30.000,20.000,4,-20,-25,20,ROLL_RIGHT
2206,165.095520,0,0.384,-0.077,0.256,-13.037,-132.164,145.614,-1.343,-9.736,-0.560,-31.875,5.125,22.375,-7.151,23.325,21.249,0.881,0.354,0.218,0.224,1,-39.757,-1.302,-25.813,0.000,2,41.519035,-86.239632,0.000000,0.245,251.699997,10,43,7,12,12,3,GPS_HOMING,AP_PROT_ROLL_MIN,325.514,30.000,20.000,4,-20,-25,20,ROLL_RIGHT
2207,165.153503,0,0.000,-0.231,-0.256,-12.790,-132.306,145.996,-1.231,1.007,0.895,-31.875,5.125,22.375,-7.177,23.350,21.249,0.882,0.354,0.215,0.223,1,-43.939,-1.320,-27.137,0.000,2,41.519035,-86.239632,0.000000,0.332,251.699997,10,43,7,16,12,3,GPS_HOMING,AP_PROT_ROLL_MIN,325.514,30.000,20.000,4,-20,-25,20,ROLL_RIGHT
2208,165.217865,0,-0.192,0.525,-0.474,-12.936,-132.240,145.935,-0.448,-3.581,-2.014,-31.875,5.125,22.375,-7.202,23.350,21.197,0.882,0.354,0.216,0.223,1,-41.707,-1.326,-26.438,0.000,2,41.519035,-86.239632,0.000000,0.368,251.699997,10,43,7,24,12,3,GPS_HOMING,AP_PROT_ROLL_MIN,325.514,30.000,20.000,4,-20,-25,20,ROLL_RIGHT
2209,165.272507,0,0.077,0.410,0.256,-12.749,-132.355,146.202,3.021,-0.336,-0.895,-31.875,5.125,22.375,-7.100,23.350,21.249,0.883,0.355,0.214,0.221,1,-40.503,-1.299,-26.054,0.000,2,41.519035,-86.239632,0.000000,0.241,251.699997,10,43,7,28,12,3,GPS_HOMING,AP_PROT_ROLL_MIN,325.514,30.000,20.000,4,-20,-25,20,ROLL_RIGHT
2210,165.322510,0,0.423,-0.205,0.974,-12.728,-132.315,146.470,-3.021,-8.729,-1.567,-31.875,5.125,22.375,-7.100,23.350,21.249,0.883,0.355,0.213,0.219,1,-40.850,-1.256,-26.165,0.000,2,41.519035,-86.239632,0.000000,0.245,251.699997,10,43,7,32,12,3,GPS_HOMING,AP_PROT_ROLL_MIN,325.514,30.000,20.000,4,-20,-25,20,ROLL_RIGHT
2211,165.423492,0,0.551,0.461,0.679,-12.578,-132.444,146.658,0.671,4.364,-0.783,-31.875,5.125,22.375,-7.023,23.325,21.325,0.884,0.355,0.211,0.219,1,-43.104,-1.288,-26.877,0.000,2,41.519035,-86.239632,0.000000,0.211,251.699997,10,43,7,44,11,3,GPS_HOMING,AP_PROT_ROLL_MIN,325.514,30.000,20.000,4,-20,-25,20,ROLL_RIGHT
2212,165.539444,0,0.231,0.654,0.128,-12.653,-132.633,146.566,3.693,5.595,-1.902,-31.875,5.125,22.375,-7.126,23.222,21.377,0.884,0.353,0.211,0.219,1,-37.540,-1.330,-25.083,0.000,2,41.519035,-86.239632,0.000000,0.474,251.699997,10,43,7,56,11,3,GPS_HOMING,AP_PROT_ROLL_MIN,325.514,30.000,20.000,4,-20,-25,20,ROLL_RIGHT
2213,165.617661,0,1.012,-0.077,-0.333,-12.858,-132.592,146.358,0.112,-4.029,1.343,-31.875,5.125,22.375,-7.151,23.197,21.454,0.884,0.353,0.214,0.220,1,-38.215,-1.344,-25.307,0.000,2,41.519035,-86.239632,0.000000,0.343,251.699997,10,43,7,64,11,3,GPS_HOMING,AP_PROT_ROLL_MIN,325.514,30.000,20.000,4,-20,-25,20,ROLL_RIGHT
2214,165.739578,0,-1.256,-0.026,-0.859,-12.644,-132.682,146.258,3.021,7.833,-2.014,-31.875,5.125,22.375,-7.151,23.273,21.351,0.884,0.352,0.212,0.222,1,-39.920,-1.322,-25.866,0.000,2,41.519035,-86.239632,0.000000,0.491,251.699997,10,43,7,76,11,3,GPS_HOMING,AP_PROT_ROLL_MIN,325.514,30.000,20.000,4,-20,-25,20,ROLL_RIGHT
2215,165.791504,0,-0.397,-0.026,0.602,-12.729,-132.530,146.143,2.238,2.014,0.671,-31.875,5.125,22.375,-6.997,23.402,21.274,0.883,0.353,0.214,0.222,1,-40.891,-1.337,-26.178,0.000,2,41.519035,-86.239632,0.000000,0.432,251.699997,10,43,7,80,11,3,GPS_HOMING,AP_PROT_ROLL_MIN,325.514,30.000,20.000,4,-20,-25,20,ROLL_RIGHT
2216,165.863556,0,-0.103,0.205,0.231,-12.391,-132.236,146.142,0.000,-3.581,1.679,-31.875,5.125,22.375,-6.946,23.427,21.274,0.882,0.356,0.212,0.223,1,-40.142,-1.322,-25.937,0.000,2,41.519035,-86.239632,0.000000,0.444,251.699997,10,43,7,88,11,3,GPS_HOMING,AP_PROT_ROLL_MIN,325.514,30.000,20.000,4,-20,-25,20,ROLL_RIGHT
2217,165.946060,0,-0.782,0.308,-0.103,-12.537,-132.153,146.014,2.350,2.798,-0.112,-31.875,5.125,22.375,-6.997,23.453,21.223,0.882,0.356,0.213,0.223,1,-40.307,-1.355,-25.991,0.000,2,41.519035,-86.239632,0.000000,0.213,251.800003,10,43,7,96,11,3,GPS_HOMING,AP_PROT_ROLL_MIN,325.514,30.000,20.000,4,-20,-25,20,ROLL_RIGHT
2218,166.014389,0,0.923,-0.833,0.871,-12.496,-132.165,146.043,-5.819,-3.469,-3.469,-31.875,5.125,22.375,-6.946,23.325,21.377,0.882,0.356,0.213,0.223,1,-41.047,-1.349,-26.228,0.000,2,41.519035,-86.239632,0.000000,0.258,251.800003,10,43,8,4,11,3,GPS_HOMING,AP_PROT_ROLL_MIN,325.514,30.000,20.000,4,-20,-25,20,ROLL_RIGHT
2219,166.143433,0,0.474,0.179,0.346,-12.467,-132.570,146.392,1.455,7.050,3.805,-31.875,5.125,22.375,-6.997,23.325,21.402,0.884,0.354,0.211,0.221,1,-39.221,-1.408,-25.638,0.000,2,41.519035,-86.239632,0.000000,0.245,251.800003,10,43,8,16,12,3,GPS_HOMING,AP_PROT_ROLL_MIN,325.514,30.000,20.000,4,-20,-25,20,ROLL_RIGHT
2220,166.224792,0,0.128,-0.205,0.397,-12.706,-132.396,145.915,-0.895,-1.679,-2.238,-31.875,5.125,22.375,-7.151,23.325,21.351,0.883,0.354,0.214,0.224,1,-40.150,-1.335,-25.940,0.000,2,41.519035,-86.239632,0.000000,0.128,251.800003,10,43,8,24,12,3,GPS_HOMING,AP_PROT_ROLL_MIN,325.514,30.000,20.000,4,-20,-25,20,ROLL_RIGHT
2221,166.334518,0,0.410,-0.551,-0.384,-12.767,-132.477,146.048,-1.455,0.560,0.224,-31.875,5.125,22.375,-7.151,23.299,21.377,0.883,0.353,0.214,0.223,1,-38.724,-1.317,-25.475,0.000,2,41.519035,-86.239632,0.000000,0.108,251.800003,10,43,8,36,12,3,GPS_HOMING,AP_PROT_ROLL_MIN,325.514,30.000,20.000,4,-20,-25,20,ROLL_RIGHT
2222,166.415543,0,-0.730,0.051,0.525,-12.953,-132.564,145.990,1.455,2.462,3.917,-31.875,5.125,22.375,-7.177,23.325,21.351,0.883,0.352,0.216,0.223,1,-39.845,-1.323,-25.841,0.000,2,41.519035,-86.239632,0.000000,0.111,251.899994,10,43,8,44,12,3,GPS_HOMING,AP_PROT_ROLL_MIN,325.514,30.000,20.000,4,-20,-25,20,ROLL_RIGHT
2223,166.470505,0,0.256,0.308,-0.577,-12.763,-132.480,145.860,-0.448,4.141,5.931,-31.875,5.125,22.375,-7.023,23.325,21.454,0.883,0.353,0.215,0.224,1,-38.520,-1.351,-25.408,0.000,2,41.519035,-86.239632,0.000000,0.353,251.899994,10,43,8,48,12,3,GPS_HOMING,AP_PROT_ROLL_MIN,325.514,30.000,20.000,4,-20,-25,20,ROLL_RIGHT
2224,166.546249,0,0.051,0.231,-0.423,-12.925,-132.273,145.473,4.029,1.119,-2.798,-31.875,5.125,22.375,-7.202,23.376,21.325,0.881,0.353,0.218,0.226,1,-39.847,-1.334,-25.842,0.000,2,41.519035,-86.239632,0.000000,0.439,251.899994,10,43,8,56,12,3,GPS_HOMING,AP_PROT_ROLL_MIN,325.514,30.000,20.000,4,-20,-25,20,ROLL_RIGHT
2225,166.623474,0,0.782,1.910,1.205,-12.334,-132.408,145.892,5.260,-2.126,1.902,-31.875,5.125,22.375,-6.869,23.427,21.351,0.882,0.355,0.212,0.225,1,-40.297,-1.331,-25.988,0.000,2,41.519035,-86.239632,0.000000,0.542,251.899994,10,43,8,64,12,3,GPS_HOMING,AP_PROT_ROLL_MIN,325.514,30.000,20.000,4,-20,-25,20,ROLL_RIGHT
2226,166.680237,0,-0.705,-1.205,-0.474,-12.250,-132.255,145.926,-4.588,-2.126,4.700,-31.875,5.125,22.375,-6.818,23.453,21.377,0.882,0.356,0.211,0.225,1,-40.216,-1.323,-25.961,0.000,2,41.519035,-86.239632,0.000000,0.597,251.899994,10,43,8,68,12,3,GPS_HOMING,AP_PROT_ROLL_MIN,325.514,30.000,20.000,4,-20,-25,20,ROLL_RIGHT
2227,166.780228,0,0.974,-0.308,-0.756,-12.266,-131.918,145.728,9.624,4.700,1.343,-31.875,5.125,22.375,-6.869,23.581,21.197,0.881,0.358,0.213,0.226,1,-39.202,-1.374,-25.632,0.000,2,41.519035,-86.239632,0.000000,0.491,252.100006,10,43,8,80,12,3,GPS_HOMING,AP_PROT_ROLL_MIN,325.514,30.000,20.000,4,-20,-25,20,ROLL_RIGHT
2228,166.856033,0,0.871,1.756,1.692,-11.853,-131.504,145.824,2.686,-6.043,4.029,-31.875,5.125,22.375,-6.639,23.760,21.069,0.879,0.363,0.210,0.226,1,-40.710,-1.411,-26.121,0.000,2,41.519035,-86.239632,0.000000,0.462,252.100006,10,43,8,88,12,3,GPS_HOMING,AP_PROT_ROLL_MIN,325.514,30.000,20.000,4,-20,-25,20,ROLL_RIGHT
2229,166.943359,0,0.013,1.205,1.564,-11.748,-131.480,145.669,1.455,-22.045,-7.498,-31.875,5.125,22.375,-6.408,23.812,21.069,0.879,0.363,0.210,0.227,1,-40.897,-1.341,-26.180,0.000,2,41.519035,-86.239632,0.000000,0.437,252.000000,10,43,8,96,12,3,GPS_HOMING,AP_PROT_ROLL_MIN,325.514,30.000,20.000,4,-20,-25,20,ROLL_RIGHT
2230,167.002655,0,1.333,-1.115,-0.077,-11.641,-131.423,146.144,3.245,-26.522,3.917,-31.875,5.125,22.375,-5.844,23.863,21.197,0.880,0.365,0.208,0.224,1,-42.750,-1.325,-26.767,0.000,2,41.519035,-86.239632,0.000000,0.589,252.000000,10,43,9,0,12,3,GPS_HOMING,AP_PROT_ROLL_MIN,325.514,30.000,20.000,4,-20,-25,20,ROLL_RIGHT
2231,167.064362,0,2.781,0.923,1.307,-9.480,-131.581,146.803,6.267,19.360,32.788,-31.875,5.125,22.375,-5.306,23.914,21.249,0.881,0.370,0.189,0.227,1,-39.566,-1.357,-25.751,0.000,2,41.519035,-86.239632,0.000000,0.268,252.100006,10,43,9,8,12,3,GPS_HOMING,AP_PROT_ROLL_MIN,325.514,30.000,20.000,4,-20,-25,20,ROLL_RIGHT
2232,167.134521,0,-4.947,3.255,0.628,-10.211,-131.053,145.466,-8.505,8.393,-14.324,-31.875,5.125,22.375,-5.895,23.966,21.044,0.877,0.370,0.200,0.234,1,-39.797,-1.377,-25.826,0.000,2,41.519035,-86.239632,0.000000,0.260,252.100006,10,43,9,16,12,3,GPS_HOMING,AP_PROT_ROLL_MIN,325.514,30.000,20.000,4,-20,-25,20,ROLL_RIGHT
2233,167.303360,0,3.460,-0.154,1.423,-9.625,-132.344,147.341,-8.505,-42.300,-11.638,-31.875,5.125,22.375,-5.280,23.581,21.607,0.884,0.365,0.187,0.224,1,-39.567,-1.361,-25.751,0.000,2,41.519035,-86.239639,0.000000,0.476,252.100006,10,43,9,32,12,3,GPS_HOMING,AP_PROT_ROLL_MIN,325.514,30.000,20.000,4,-20,-25,20,ROLL_RIGHT
2234,167.361618,0,1.986,1.781,2.948,-9.227,-132.669,147.789,-2.014,-33.907,-5.707,-31.875,5.125,22.375,-4.357,23.479,21.941,0.886,0.364,0.182,0.222,1,-41.412,-1.331,-26.344,0.000,2,41.519035,-86.239639,0.000000,0.613,252.100006,10,43,9,36,12,3,GPS_HOMING,AP_PROT_ROLL_MIN,325.514,30.000,20.000,4,-20,-25,20,ROLL_RIGHT
2235,167.414490,0,-0.026,-1.461,1.602,-8.227,-133.017,148.549,1.902,39.167,3.917,-31.875,5.125,22.375,-4.614,23.453,21.915,0.888,0.365,0.171,0.220,1,-40.881,-1.314,-26.175,0.000,2,41.519035,-86.239639,0.000000,0.770,252.100006,10,43,9,44,12,3,GPS_HOMING,AP_PROT_ROLL_MIN,325.514,30.000,20.000,4,-20,-25,20,ROLL_RIGHT
2236,167.488266,0,0.295,1.384,-0.487,-9.474,-132.407,147.290,9.736,30.998,-7.050,-31.875,5.125,22.375,-5.562,23.658,21.479,0.884,0.365,0.186,0.225,1,-40.004,-1.344,-25.893,0.000,2,41.519035,-86.239639,0.000000,0.788,252.199997,10,43,9,48,12,3,GPS_HOMING,AP_PROT_ROLL_MIN,325.514,30.000,20.000,4,-20,-25,20,ROLL_RIGHT
2237,167.543488,0,-1.935,-1.179,-1.487,-10.016,-132.807,147.064,-2.686,0.895,-4.812,-31.875,5.125,22.375,-5.588,23.453,21.710,0.885,0.360,0.190,0.225,1,-39.938,-1.358,-25.871,0.000,2,41.519035,-86.239639,0.000000,0.797,252.199997,10,43,9,56,12,3,GPS_HOMING,AP_PROT_ROLL_MIN,325.514,30.000,20.000,4,-20,-25,20,ROLL_RIGHT
2238,167.607513,0,0.602,-0.859,-0.936,-10.393,-132.772,147.309,-3.581,-12.869,-8.729,-31.875,5.125,22.375,-5.793,23.376,21.736,0.886,0.359,0.192,0.222,1,-40.022,-1.377,-25.899,0.000,2,41.519035,-86.239639,0.000000,0.694,252.199997,10,43,9,60,12,3,GPS_HOMING,AP_PROT_ROLL_MIN,325.514,30.000,20.000,4,-20,-25,20,ROLL_RIGHT
2239,167.671036,0,-0.564,0.679,2.153,-9.816,-133.291,148.170,8.169,-12.533,-10.855,-31.875,5.125,22.375,-5.511,23.325,21.864,0.889,0.358,0.184,0.218,1,-39.345,-1.364,-25.679,0.000,2,41.519035,-86.239639,0.000000,0.700,252.199997,10,43,9,64,12,3,GPS_HOMING,AP_PROT_ROLL_MIN,325.514,30.000,20.000,4,-20,-25,20,ROLL_RIGHT
2240,167.731506,0,0.923,-0.525,1.640,-9.316,-133.480,149.219,-17.122,-20.031,-2.574,-31.875,5.125,22.375,-5.229,23.222,22.018,0.891,0.360,0.176,0.212,1,-40.172,-1.382,-25.947,0.000,2,41.519035,-86.239639,0.000000,0.542,252.199997,10,43,9,72,12,3,GPS_HOMING,AP_PROT_ROLL_MIN,325.514,30.000,20.000,4,-20,-25,20,ROLL_RIGHT
2241,167.791916,0,1.576,-0.410,-1.000,-9.036,-134.524,150.211,-7.498,-7.833,-10.967,-31.875,5.125,22.375,-5.075,22.761,22.530,0.896,0.354,0.169,0.207,1,-39.944,-1.372,-25.873,0.000,2,41.519039,-86.239639,0.000000,0.282,252.199997,10,43,9,80,12,3,GPS_HOMING,AP_PROT_ROLL_MIN,325.514,30.000,20.000,4,-20,-25,20,ROLL_RIGHT
2242,167.863510,0,-1.717,0.064,-0.474,-9.031,-134.877,150.629,-3.581,-0.112,5.595,-31.875,5.125,22.375,-5.024,22.658,22.633,0.898,0.352,0.167,0.204,1,-42.482,-1.385,-26.683,0.000,2,41.519039,-86.239639,0.000000,0.464,252.199997,10,43,9,88,12,3,GPS_HOMING,AP_PROT_ROLL_MIN,325.514,30.000,20.000,4,-20,-25,20,ROLL_RIGHT
2243,167.942398,0,-2.884,-0.666,-0.884,-8.820,-136.054,151.602,-18.800,-21.822,-15.107,-31.875,5.125,22.375,-5.024,22.351,22.940,0.903,0.344,0.161,0.199,1,-39.925,-1.331,-25.867,0.000,2,41.519039,-86.239639,0.000000,0.577,252.300003,10,43,9,96,12,3,GPS_HOMING,AP_PROT_ROLL_MIN,325.514,30.000,20.000,4,-20,-25,20,ROLL_RIGHT
2244,168.001511,0,1.346,1.704,2.576,-6.963,-138.016,154.126,-19.807,-45.658,-15.891,-31.875,5.125,22.375,-4.947,22.223,23.068,0.913,0.336,0.135,0.187,1,-41.099,-1.301,-26.245,0.000,2,41.519039,-86.239639,0.000000,0.682,252.300003,10,43,10,0,12,3,GPS_HOMING,AP_PROT_ROLL_MIN,325.514,30.000,20.000,4,-20,-25,20,ROLL_RIGHT
2245,168.142380,0,0.756,1.358,0.692,-5.538,-139.620,155.743,-29.991,-27.865,-3.581,-31.875,5.125,22.375,-3.127,20.890,24.581,0.920,0.328,0.117,0.181,1,-40.515,-1.323,-26.058,0.000,2,41.519039,-86.239639,0.000000,0.685,252.399994,10,43,10,16,12,3,GPS_HOMING,AP_PROT_ROLL_MIN,325.514,30.000,20.000,4,-20,-25,20,ROLL_RIGHT
2246,168.221497,0,-0.295,1.230,-1.064,-5.136,-140.807,156.522,-5.036,-15.891,-10.183,-31.875,5.125,22.375,-2.384,19.659,25.657,0.924,0.319,0.109,0.177,1,-40.697,-1.387,-26.116,0.000,2,41.519039,-86.239639,0.000000,0.657,252.399994,10,43,10,24,12,3,GPS_HOMING,AP_PROT_ROLL_MIN,325.514,30.000,20.000,4,-20,-25,20,ROLL_RIGHT
2247,168.277512,0,0.500,-0.051,0.256,-3.719,-143.080,158.581,-11.526,-25.850,-8.952,-31.875,5.125,22.375,-1.871,19.275,26.016,0.933,0.305,0.089,0.166,1,-40.604,-1.352,-26.086,0.000,2,41.519039,-86.239639,0.000000,0.538,252.399994,10,43,10,28,12,3,GPS_HOMING,AP_PROT_ROLL_MIN,325.514,30.000,20.000,4,-20,-25,20,ROLL_RIGHT
2248,168.342377,0,0.243,-0.538,1.564,-2.544,-143.973,159.867,-9.176,-16.338,-3.357,-31.875,5.125,22.375,-1.435,19.044,26.195,0.937,0.301,0.075,0.159,1,-40.827,-1.350,-26.158,0.000,2,41.519039,-86.239639,0.000000,0.515,252.399994,10,43,10,36,12,3,GPS_HOMING,AP_PROT_ROLL_MIN,325.514,30.000,20.000,4,-20,-25,20,ROLL_RIGHT
2249,168.419907,0,-2.127,-1.141,-0.859,-2.176,-144.420,160.558,-15.107,-10.407,-4.812,-31.875,5.125,22.375,-1.102,18.480,26.606,0.939,0.298,0.069,0.155,1,-41.791,-1.346,-26.465,0.000,2,41.519039,-86.239639,0.000000,0.586,252.399994,10,43,10,40,12,3,GPS_HOMING,AP_PROT_ROLL_MIN,325.514,30.000,20.000,4,-20,-25,20,ROLL_RIGHT
2250,168.480515,0,-2.397,-0.051,0.871,-1.959,-145.352,161.451,-4.588,-10.631,-9.736,-31.875,5.125,22.375,-1.128,18.429,26.631,0.943,0.291,0.064,0.149,1,-40.967,-1.334,-26.203,0.000,2,41.519039,-86.239639,0.000000,0.542,252.399994,10,43,10,48,12,3,GPS_HOMING,AP_PROT_ROLL_MIN,325.514,30.000,20.000,4,-20,-25,20,ROLL_RIGHT
2251,168.541550,0,2.589,1.435,2.256,-1.274,-145.912,162.951,-27.081,-50.246,-14.548,-31.875,5.125,22.375,-0.359,17.916,27.041,0.946,0.288,0.054,0.138,1,-41.564,-1.335,-26.393,0.000,2,41.519039,-86.239639,0.000000,0.495,252.399994,10,43,10,56,12,3,GPS_HOMING,AP_PROT_ROLL_MIN,325.514,30.000,20.000,4,-20,-25,20,ROLL_RIGHT
2252,168.609558,0,2.217,-1.307,-0.577,0.891,-148.131,165.118,-28.872,-30.550,-7.162,-31.875,5.125,22.375,0.487,16.891,27.682,0.953,0.273,0.028,0.127,1,-40.897,-1.345,-26.180,0.000,2,41.519039,-86.239639,0.000000,0.414,252.399994,10,43,10,60,12,3,GPS_HOMING,AP_PROT_ROLL_MIN,325.514,30.000,20.000,4,-20,-25,20,ROLL_RIGHT
2253,168.680313,0,0.513,-0.423,-3.140,0.648,-148.629,165.408,1.231,13.429,7.162,-31.875,5.125,22.375,0.359,16.866,27.682,0.955,0.269,0.029,0.124,1,-42.038,-1.387,-26.543,0.000,2,41.519039,-86.239639,0.000000,0.167,252.399994,10,43,10,68,12,3,GPS_HOMING,AP_PROT_ROLL_MIN,325.514,30.000,20.000,4,-20,-25,20,ROLL_RIGHT
2254,168.758499,0,-3.922,2.358,-0.871,-0.266,-147.915,164.264,19.919,19.360,5.036,-31.875,5.125,22.375,-0.282,17.378,27.349,0.952,0.273,0.040,0.131,1,-40.908,-1.364,-26.184,0.000,2,41.519039,-86.239639,0.000000,0.184,252.399994,10,43,10,76,12,3,GPS_HOMING,AP_PROT_ROLL_MIN,325.514,30.000,20.000,4,-20,-25,20,ROLL_RIGHT
2255,168.840103,0,0.090,1.256,1.487,-0.514,-147.164,163.857,-18.129,-39.727,-23.612,-31.875,5.125,22.375,-0.128,17.455,27.298,0.950,0.279,0.044,0.133,1,-41.234,-1.416,-26.288,0.000,2,41.519039,-86.239639,0.000000,0.174,252.399994,10,43,10,84,12,3,GPS_HOMING,AP_PROT_ROLL_MIN,325.514,30.000,20.000,4,-20,-25,20,ROLL_RIGHT
2256,168.902328,0,2.986,-1.205,0.320,1.801,-149.022,166.652,-25.626,-30.550,-3.357,-31.875,5.125,22.375,1.307,16.430,27.887,0.957,0.267,0.016,0.116,1,-40.517,-1.328,-26.058,0.000,2,41.519039,-86.239639,0.000000,0.122,252.399994,10,43,10,92,12,3,GPS_HOMING,AP_PROT_ROLL_MIN,325.514,30.000,20.000,4,-20,-25,20,ROLL_RIGHT
2257,169.018829,0,0.743,-1.769,-1.487,2.342,-149.996,167.235,-3.693,6.267,-1.902,-31.875,5.125,22.375,1.282,16.225,28.015,0.959,0.259,0.009,0.113,1,-41.269,-1.344,-26.299,0.000,2,41.519039,-86.239639,0.000000,0.302,252.399994,10,43,11,4,12,3,GPS_HOMING,AP_PROT_ROLL_MIN,325.514,30.000,20.000,4,-20,-25,20,ROLL_RIGHT
2258,169.142410,0,-1.064,2.409,0.205,2.007,-149.662,166.922,23.165,16.786,-10.183,-31.875,5.125,22.375,0.820,16.942,27.580,0.958,0.262,0.013,0.114,1,-41.433,-1.368,-26.351,0.000,2,41.519039,-86.239647,0.000000,0.054,252.399994,10,43,11,16,12,3,GPS_HOMING,AP_PROT_ROLL_MIN,325.514,30.000,20.000,4,-20,-25,20,ROLL_RIGHT
2259,169.195511,0,-0.730,0.602,-1.153,0.902,-148.264,166.458,-3.469,-2.686,-13.429,-31.875,5.125,22.375,0.615,16.994,27.554,0.955,0.272,0.025,0.116,1,-40.175,-1.384,-25.948,0.000,2,41.519039,-86.239639,0.000000,0.147,252.399994,10,43,11,20,12,3,GPS_HOMING,AP_PROT_ROLL_MIN,325.514,30.000,20.000,4,-20,-25,20,ROLL_RIGHT
2260,169.248703,0,0.077,-0.320,-0.320,1.197,-148.706,167.766,-15.107,-22.717,-5.707,-31.875,5.125,22.375,0.948,16.661,27.733,0.957,0.269,0.019,0.105,1,-43.599,-1.377,-27.031,0.000,2,41.519039,-86.239647,0.000000,0.300,252.399994,10,43,11,24,12,3,GPS_HOMING,AP_PROT_ROLL_MIN,325.514,30.000,20.000,4,-20,-25,20,ROLL_RIGHT
2261,169.309509,0,1.525,-0.564,-0.474,2.107,-149.497,168.779,-12.645,-18.017,-5.595,-31.875,5.125,22.375,1.179,16.455,27.836,0.960,0.263,0.008,0.099,1,-41.234,-1.416,-26.288,0.000,2,41.519039,-86.239647,0.000000,0.142,252.399994,10,43,11,32,12,3,GPS_HOMING,AP_PROT_ROLL_MIN,325.514,30.000,20.000,4,-20,-25,20,ROLL_RIGHT
2262,169.389175,0,0.615,0.795,-0.628,2.562,-149.875,169.158,0.671,0.112,-4.364,-31.875,5.125,22.375,1.435,16.302,27.913,0.961,0.261,0.003,0.097,1,-40.310,-1.359,-25.992,0.000,2,41.519039,-86.239647,0.000000,0.089,252.500000,10,43,11,40,12,3,GPS_HOMING,AP_PROT_ROLL_MIN,325.514,30.000,20.000,4,-20,-25,20,ROLL_RIGHT
2263,169.468506,0,0.179,-0.513,-0.384,2.743,-149.987,169.498,-2.798,-8.952,6.043,-31.875,5.125,22.375,1.666,16.199,27.964,0.961,0.260,0.001,0.095,1,-40.988,-1.374,-26.210,0.000,2,41.519039,-86.239647,0.000000,0.211,252.500000,10,43,11,48,12,3,GPS_HOMING,AP_PROT_ROLL_MIN,325.514,30.000,20.000,4,-20,-25,20,ROLL_RIGHT
2264,169.524506,0,0.615,1.012,0.256,2.917,-149.550,169.392,3.245,-3.021,2.574,-31.875,5.125,22.375,1.692,16.455,27.785,0.960,0.264,-0.000,0.096,1,-40.749,-1.346,-26.133,0.000,2,41.519039,-86.239647,0.000000,0.051,252.500000,10,43,11,52,12,3,GPS_HOMING,AP_PROT_ROLL_MIN,325.514,30.000,20.000,4,-20,-25,20,ROLL_RIGHT
2265,169.587509,0,-0.718,0.256,-0.936,2.956,-149.298,169.103,6.826,8.393,-0.448,-31.875,5.125,22.375,1.666,16.532,27.733,0.959,0.266,0.000,0.098,1,-42.773,-1.373,-26.774,0.000,2,41.519039,-86.239647,0.000000,0.535,252.500000,10,43,11,60,12,3,GPS_HOMING,AP_PROT_ROLL_MIN,325.514,30.000,20.000,4,-20,-25,20,ROLL_RIGHT
2266,169.645508,0,-0.090,1.089,-0.833,2.591,-148.879,169.206,-0.224,-6.938,3.133,-31.875,5.125,22.375,1.538,16.737,27.605,0.958,0.269,0.004,0.097,1,-41.493,-1.338,-26.370,0.000,2,41.519039,-86.239647,0.000000,0.223,252.600006,10,43,11,64,12,3,GPS_HOMING,AP_PROT_ROLL_MIN,325.514,30.000,20.000,4,-20,-25,20,ROLL_RIGHT
2267,169.727524,0,-1.128,1.410,0.461,3.036,-148.715,169.264,4.364,-1.343,0.336,-31.875,5.125,22.375,1.717,16.891,27.503,0.958,0.271,-0.000,0.097,1,-42.797,-1.412,-26.781,0.000,2,41.519039,-86.239647,0.000000,0.042,252.600006,10,43,11,72,12,3,GPS_HOMING,AP_PROT_ROLL_MIN,325.514,30.000,20.000,4,-20,-25,20,ROLL_RIGHT
2268,169.807251,0,0.871,-0.346,0.910,3.351,-148.449,169.535,-4.141,-13.764,-4.364,-31.875,5.125,22.375,1.897,16.942,27.451,0.957,0.273,-0.003,0.096,1,-39.435,-1.398,-25.708,0.000,2,41.519039,-86.239647,0.000000,0.191,252.600006,10,43,11,76,12,3,GPS_HOMING,AP_PROT_ROLL_MIN,325.514,30.000,20.000,4,-20,-25,20,ROLL_RIGHT
2269,169.868423,0,0.077,-0.218,-1.051,3.907,-148.881,170.307,-4.141,0.000,-5.707,-31.875,5.125,22.375,2.204,16.737,27.554,0.959,0.270,-0.010,0.090,1,-40.105,-1.393,-25.925,0.000,2,41.519039,-86.239647,0.000000,0.221,252.600006,10,43,11,84,12,3,GPS_HOMING,AP_PROT_ROLL_MIN,325.514,30.000,20.000,4,-20,-25,20,ROLL_RIGHT
2270,169.917496,0,-0.205,-0.602,-1.051,3.488,-148.965,170.527,-0.560,-3.133,-7.945,-31.875,5.125,22.375,1.974,16.686,27.580,0.959,0.269,-0.007,0.088,1,-36.611,-1.402,-24.770,0.000,2,41.519039,-86.239647,0.000000,0.216,252.600006,10,43,11,92,12,3,GPS_HOMING,AP_PROT_ROLL_MIN,325.514,30.000,20.000,4,-20,-25,20,ROLL_RIGHT
2271,169.988037,0,1.051,-0.026,0.359,3.718,-148.966,170.743,2.910,-2.126,4.812,-31.875,5.125,22.375,2.127,16.686,27.580,0.959,0.269,-0.010,0.086,1,-39.060,-1.391,-25.586,0.000,2,41.519039,-86.239647,0.000000,0.282,252.699997,10,43,12,0,12,3,GPS_HOMING,AP_PROT_ROLL_MIN,325.514,30.000,20.000,4,-20,-25,20,ROLL_RIGHT
2272,170.047562,0,-0.577,0.179,-0.769,3.290,-148.564,170.533,3.133,4.588,0.224,-31.875,5.125,22.375,1.820,16.917,27.426,0.958,0.272,-0.005,0.087,1,-38.824,-1.366,-25.508,0.000,2,41.519039,-86.239647,0.000000,0.238,252.600006,10,43,12,4,12,3,GPS_HOMING,AP_PROT_ROLL_MIN,325.514,30.000,20.000,4,-20,-25,20,ROLL_RIGHT
2273,170.136887,0,-0.103,0.730,0.013,3.359,-148.408,170.465,4.029,-0.895,-4.029,-31.875,5.125,22.375,1.871,16.968,27.400,0.958,0.273,-0.005,0.088,1,-40.523,-1.335,-26.060,0.000,2,41.519039,-86.239647,0.000000,0.103,252.699997,10,43,12,16,12,3,GPS_HOMING,AP_PROT_ROLL_MIN,325.514,30.000,20.000,4,-20,-25,20,ROLL_RIGHT
2274,170.219177,0,0.500,-1.102,-0.013,3.299,-148.314,170.784,0.000,4.924,0.112,-31.875,5.125,22.375,1.897,16.942,27.426,0.958,0.274,-0.006,0.085,1,-39.038,-1.348,-25.578,0.000,2,41.519039,-86.239647,0.000000,0.160,252.699997,10,43,12,24,12,3,GPS_HOMING,AP_PROT_ROLL_MIN,325.514,30.000,20.000,4,-20,-25,20,ROLL_RIGHT
2275,170.294342,0,-0.064,-0.346,0.961,3.059,-148.326,170.651,-3.917,-2.014,2.462,-31.875,5.125,22.375,1.717,16.968,27.426,0.958,0.274,-0.003,0.086,1,-39.874,-1.381,-25.851,0.000,2,41.519039,-86.239647,0.000000,0.181,252.699997,10,43,12,28,12,3,GPS_HOMING,AP_PROT_ROLL_MIN,325.514,30.000,20.000,4,-20,-25,20,ROLL_RIGHT
2276,170.347504,0,0.666,0.384,0.256,2.882,-148.612,170.542,-7.833,4.812,4.700,-31.875,5.125,22.375,1.615,16.840,27.528,0.959,0.271,-0.002,0.086,1,-42.599,-1.320,-26.720,0.000,2,41.519039,-86.239647,0.000000,0.149,252.699997,10,43,12,36,12,3,GPS_HOMING,AP_PROT_ROLL_MIN,325.514,30.000,20.000,4,-20,-25,20,ROLL_RIGHT
2277,170.417084,0,0.295,0.654,-0.833,2.626,-148.959,170.224,-0.448,10.072,-4.252,-31.875,5.125,22.375,1.435,16.686,27.605,0.959,0.268,0.001,0.088,1,-41.292,-1.385,-26.307,0.000,2,41.519039,-86.239647,0.000000,0.049,252.800003,10,43,12,44,12,3,GPS_HOMING,AP_PROT_ROLL_MIN,325.514,30.000,20.000,4,-20,-25,20,ROLL_RIGHT
2278,170.493515,0,-0.833,-0.897,-1.512,2.434,-149.161,169.931,-2.462,7.722,6.602,-31.875,5.125,22.375,1.358,16.558,27.682,0.960,0.267,0.003,0.090,1,-41.719,-1.345,-26.442,0.000,2,41.519039,-86.239647,0.000000,0.089,252.800003,10,43,12,48,12,3,GPS_HOMING,AP_PROT_ROLL_MIN,325.514,30.000,20.000,4,-20,-25,20,ROLL_RIGHT
2279,170.546509,0,-0.705,1.064,-0.269,1.892,-148.790,169.443,3.021,0.000,8.505,-31.875,5.125,22.375,1.102,16.789,27.554,0.958,0.269,0.009,0.093,1,-42.180,-1.379,-26.588,0.000,2,41.519039,-86.239647,0.000000,0.194,252.800003,10,43,12,56,12,3,GPS_HOMING,AP_PROT_ROLL_MIN,325.514,30.000,20.000,4,-20,-25,20,ROLL_RIGHT
2280,170.605331,0,1.243,1.038,0.654,2.057,-148.695,169.305,1.455,-2.462,-7.610,-31.875,5.125,22.375,1.179,16.814,27.528,0.958,0.270,0.008,0.095,1,-39.214,-1.397,-25.636,0.000,2,41.519039,-86.239647,0.000000,0.273,252.800003,10,43,12,60,12,3,GPS_HOMING,AP_PROT_ROLL_MIN,325.514,30.000,20.000,4,-20,-25,20,ROLL_RIGHT
2281,170.657532,0,1.217,1.038,0.756,2.098,-148.792,169.281,-2.686,8.057,8.393,-31.875,5.125,22.375,1.179,16.763,27.554,0.958,0.269,0.008,0.095,1,-40.006,-1.349,-25.894,0.000,2,41.519039,-86.239647,0.000000,0.299,252.800003,10,43,12,68,12,3,GPS_HOMING,AP_PROT_ROLL_MIN,325.514,30.000,20.000,4,-20,-25,20,ROLL_RIGHT
2282,170.775497,0,0.846,0.077,-0.397,1.549,-148.650,168.871,4.252,12.310,-1.790,-31.875,5.125,22.375,0.871,16.840,27.528,0.958,0.270,0.013,0.097,1,-41.958,-1.379,-26.518,0.000,2,41.519039,-86.239647,0.000000,0.182,252.899994,10,43,12,80,12,3,GPS_HOMING,AP_PROT_ROLL_MIN,325.514,30.000,20.000,4,-20,-25,20,ROLL_RIGHT
2283,170.823273,0,-0.128,0.308,0.564,1.581,-148.471,168.849,1.567,-3.245,0.224,-31.875,5.125,22.375,0.897,16.917,27.477,0.957,0.272,0.013,0.097,1,-41.417,-1.338,-26.346,0.000,2,41.519039,-86.239647,0.000000,0.218,252.899994,10,43,12,84,12,3,GPS_HOMING,AP_PROT_ROLL_MIN,325.514,30.000,20.000,4,-20,-25,20,ROLL_RIGHT
2284,170.901505,0,0.103,0.103,0.051,1.398,-148.496,168.841,-1.343,2.574,-0.448,-31.875,5.125,22.375,0.820,16.891,27.451,0.957,0.271,0.015,0.097,1,-38.430,-1.328,-25.378,0.000,2,41.519039,-86.239647,0.000000,0.250,252.899994,10,43,12,92,12,3,GPS_HOMING,AP_PROT_ROLL_MIN,325.514,30.000,20.000,4,-20,-25,20,ROLL_RIGHT
2285,170.971313,0,-0.179,1.679,-0.013,1.466,-148.674,168.534,6.155,6.714,0.000,-31.875,5.125,22.375,0.769,16.866,27.477,0.958,0.270,0.015,0.100,1,-41.485,-1.326,-26.368,0.000,2,41.519039,-86.239647,0.000000,0.339,252.899994,10,43,12,96,12,3,GPS_HOMING,AP_PROT_ROLL_MIN,325.514,30.000,20.000,4,-20,-25,20,ROLL_RIGHT
2286,171.026505,0,0.730,-0.820,-0.372,1.356,-148.637,168.758,-6.379,-1.119,3.469,-31.875,5.125,22.375,0.769,16.814,27.503,0.958,0.270,0.015,0.097,1,-42.615,-1.352,-26.724,0.000,2,41.519039,-86.239647,0.000000,0.214,252.899994,10,43,13,4,12,3,GPS_HOMING,AP_PROT_ROLL_MIN,325.514,30.000,20.000,4,-20,-25,20,ROLL_RIGHT
2287,171.092316,0,0.026,1.333,0.077,1.271,-148.686,168.677,6.379,7.162,-2.350,-31.875,5.125,22.375,0.666,16.814,27.503,0.958,0.270,0.016,0.098,1,-41.199,-1.351,-26.277,0.000,2,41.519039,-86.239647,0.000000,0.338,252.899994,10,43,13,8,12,3,GPS_HOMING,AP_PROT_ROLL_MIN,325.514,30.000,20.000,4,-20,-25,20,ROLL_RIGHT
2288,171.179657,0,-0.346,-1.000,-0.064,1.136,-148.591,168.492,-0.336,3.917,-2.014,-31.875,5.125,22.375,0.615,16.840,27.477,0.958,0.270,0.018,0.099,1,-42.855,-1.382,-26.800,0.000,2,41.519039,-86.239647,0.000000,0.100,252.899994,10,43,13,20,12,3,GPS_HOMING,AP_PROT_ROLL_MIN,325.514,30.000,20.000,4,-20,-25,20,ROLL_RIGHT
2289,171.235138,0,-0.577,-1.077,-0.346,0.916,-148.476,168.589,-6.938,2.014,4.700,-31.875,5.125,22.375,0.461,16.789,27.503,0.957,0.271,0.019,0.098,1,-42.936,-1.397,-26.825,0.000,2,41.519039,-86.239647,0.000000,0.079,252.899994,10,43,13,24,12,3,GPS_HOMING,AP_PROT_ROLL_MIN,325.514,30.000,20.000,4,-20,-25,20,ROLL_RIGHT
2290,171.296677,0,0.064,0.884,-0.820,0.580,-148.608,168.490,2.126,4.812,-2.686,-31.875,5.125,22.375,0.333,16.840,27.477,0.958,0.270,0.022,0.098,1,-39.949,-1.378,-25.875,0.000,2,41.519039,-86.239647,0.000000,0.204,252.899994,10,43,13,32,12,3,GPS_HOMING,AP_PROT_ROLL_MIN,325.514,30.000,20.000,4,-20,-25,20,ROLL_RIGHT
2291,171.364548,0,-0.192,-0.602,-0.846,0.672,-148.761,168.394,-1.007,0.000,0.000,-31.875,5.125,22.375,0.282,16.814,27.503,0.958,0.268,0.022,0.099,1,-43.519,-1.373,-27.006,0.000,2,41.519039,-86.239647,0.000000,0.363,252.899994,10,43,13,36,12,3,GPS_HOMING,AP_PROT_ROLL_MIN,325.514,30.000,20.000,4,-20,-25,20,ROLL_RIGHT
2292,171.441513,0,-0.948,-0.679,0.308,0.379,-148.361,168.157,5.371,4.700,5.260,-31.875,5.125,22.375,0.205,16.942,27.400,0.957,0.271,0.025,0.100,1,-42.344,-1.403,-26.639,0.000,2,41.519039,-86.239647,0.000000,0.292,252.899994,10,43,13,44,12,3,GPS_HOMING,AP_PROT_ROLL_MIN,325.514,30.000,20.000,4,-20,-25,20,ROLL_RIGHT
2293,171.497131,0,2.063,1.205,2.268,0.627,-147.952,168.663,-2.126,-11.526,0.895,-31.875,5.125,22.375,0.282,17.122,27.272,0.956,0.275,0.022,0.096,1,-41.212,-1.374,-26.281,0.000,2,41.519039,-86.239647,0.000000,0.403,252.899994,10,43,13,52,12,3,GPS_HOMING,AP_PROT_ROLL_MIN,325.514,30.000,20.000,4,-20,-25,20,ROLL_RIGHT
2294,171.621536,0,-0.423,0.077,-0.743,0.788,-148.075,168.515,3.805,17.569,0.560,-31.875,5.125,22.375,0.282,17.096,27.298,0.956,0.274,0.021,0.098,1,-41.078,-1.399,-26.238,0.000,2,41.519039,-86.239647,0.000000,0.214,252.899994,10,43,13,64,12,3,GPS_HOMING,AP_PROT_ROLL_MIN,325.514,30.000,20.000,4,-20,-25,20,ROLL_RIGHT
2295,171.739594,0,-0.013,0.654,-0.346,0.125,-147.899,168.035,9.288,0.112,-12.757,-31.875,5.125,22.375,0.051,17.173,27.272,0.956,0.275,0.028,0.100,1,-40.554,-1.398,-26.070,0.000,2,41.519039,-86.239647,0.000000,0.204,252.899994,10,43,13,76,12,3,GPS_HOMING,AP_PROT_ROLL_MIN,325.514,30.000,20.000,4,-20,-25,20,ROLL_RIGHT
2296,171.863464,0,0.397,-0.013,-0.743,0.342,-147.731,168.005,7.722,10.183,-4.700,-31.875,5.125,22.375,0.026,17.276,27.195,0.955,0.277,0.026,0.101,1,-40.639,-1.417,-26.098,0.000,2,41.519039,-86.239647,0.000000,0.068,252.800003,10,43,13,88,12,3,GPS_HOMING,AP_PROT_ROLL_MIN,325.514,30.000,20.000,4,-20,-25,20,ROLL_RIGHT
2297,171.946457,0,-1.128,2.140,0.218,0.063,-147.241,167.359,7.833,6.267,-12.086,-31.875,5.125,22.375,-0.436,17.814,26.811,0.954,0.280,0.031,0.106,1,-41.101,-1.444,-26.245,0.000,2,41.519039,-86.239647,0.000000,0.432,252.899994,10,43,13,96,12,3,GPS_HOMING,AP_PROT_ROLL_MIN,325.514,30.000,20.000,4,-20,-25,20,ROLL_RIGHT
2298,172.059174,0,1.525,0.167,-0.231,-0.544,-146.718,167.521,4.252,-2.910,-10.631,-31.875,5.125,22.375,-0.256,17.686,26.888,0.953,0.284,0.036,0.103,1,-42.473,-1.366,-26.680,0.000,2,41.519039,-86.239647,0.000000,0.390,252.899994,10,43,14,8,12,3,GPS_HOMING,AP_PROT_ROLL_MIN,325.514,30.000,20.000,4,-20,-25,20,ROLL_RIGHT
2299,172.136673,0,-0.308,1.064,0.167,-0.480,-146.543,167.959,4.364,-7.050,-6.714,-31.875,5.125,22.375,-0.461,17.916,26.734,0.953,0.286,0.034,0.099,1,-43.201,-1.476,-26.908,0.000,2,41.519039,-86.239647,0.000000,0.538,252.899994,10,43,14,16,12,3,GPS_HOMING,AP_PROT_ROLL_MIN,325.514,30.000,20.000,4,-20,-25,20,ROLL_RIGHT
2300,172.200516,0,-0.410,0.590,0.743,-0.477,-146.279,168.186,0.112,0.560,-4.924,-31.875,5.125,22.375,-0.333,17.916,26.759,0.952,0.288,0.034,0.097,1,-40.935,-1.417,-26.192,0.000,2,41.519039,-86.239647,0.000000,0.437,253.000000,10,43,14,20,12,3,GPS_HOMING,AP_PROT_ROLL_MIN,325.514,30.000,20.000,4,-20,-25,20,ROLL_RIGHT
2301,172.270508,0,-0.359,-0.564,-0.961,-0.593,-146.470,168.481,-4.476,-2.014,-1.231,-31.875,5.125,22.375,-0.384,17.840,26.811,0.953,0.286,0.034,0.095,1,-38.401,-1.410,-25.369,0.000,2,41.519039,-86.239647,0.000000,0.537,253.000000,10,43,14,28,12,3,GPS_HOMING,AP_PROT_ROLL_MIN,325.514,30.000,20.000,4,-20,-25,20,ROLL_RIGHT
2302,172.337784,0,0.500,-0.615,-0.513,-0.584,-146.710,169.013,-5.931,-12.533,-0.336,-31.875,5.125,22.375,-0.308,17.686,26.913,0.954,0.285,0.032,0.090,1,-41.317,-1.436,-26.314,0.000,2,41.519039,-86.239647,0.000000,0.807,253.000000,10,43,14,36,12,3,GPS_HOMING,AP_PROT_ROLL_MIN,325.514,30.000,20.000,4,-20,-25,20,ROLL_RIGHT
2303,172.461075,0,0.705,-0.846,-0.256,-0.431,-146.758,169.148,1.790,3.581,0.000,-31.875,5.125,22.375,-0.282,17.686,26.913,0.954,0.284,0.031,0.090,1,-40.332,-1.401,-25.999,0.000,2,41.519039,-86.239647,330.170013,0.994,253.100006,10,43,14,48,12,3,GPS_HOMING,AP_PROT_ROLL_MIN,325.514,30.000,20.000,4,-20,-25,20,ROLL_RIGHT
2304,172.578583,0,0.167,0.282,-0.256,-0.313,-146.458,169.042,-2.014,-3.693,6.602,-31.875,5.125,22.375,-0.205,17.814,26.811,0.953,0.287,0.030,0.091,1,-42.349,-1.412,-26.641,0.000,2,41.519039,-86.239647,309.459991,1.158,253.100006,10,43,14,60,12,3,GPS_HOMING,AP_PROT_ROLL_MIN,325.514,30.000,20.000,4,-20,-25,20,ROLL_RIGHT
2305,172.663925,0,-0.115,0.705,0.243,-0.215,-146.287,168.699,-0.112,0.560,5.036,-31.875,5.125,22.375,-0.205,17.814,26.811,0.952,0.288,0.030,0.094,1,-40.866,-1.422,-26.170,0.000,2,41.519039,-86.239655,305.260010,1.426,253.199997,10,43,14,68,12,3,GPS_HOMING,AP_PROT_ROLL_MIN,325.514,30.000,20.000,4,-20,-25,20,ROLL_RIGHT
2306,172.709503,0,-0.359,0.654,0.269,-0.155,-146.300,168.497,1.902,-4.141,-3.357,-31.875,5.125,22.375,-0.128,17.942,26.759,0.952,0.288,0.030,0.096,1,-40.993,-1.384,-26.211,0.000,2,41.519039,-86.239655,307.250000,1.533,253.199997,10,43,14,72,12,3,GPS_HOMING,AP_PROT_ROLL_MIN,325.514,30.000,20.000,4,-20,-25,20,ROLL_RIGHT
2307,172.784149,0,0.564,0.077,0.115,-0.093,-146.242,168.771,-4.476,-2.574,-2.014,-31.875,5.125,22.375,-0.051,17.891,26.785,0.952,0.289,0.029,0.093,1,-41.149,-1.397,-26.261,0.000,2,41.519039,-86.239655,306.369995,1.512,253.199997,10,43,14,80,12,3,GPS_HOMING,AP_PROT_ROLL_MIN,325.514,30.000,20.000,4,-20,-25,20,ROLL_RIGHT
2308,172.839401,0,-0.013,-0.013,-0.154,-0.114,-146.375,168.872,0.224,1.902,2.126,-31.875,5.125,22.375,-0.103,17.865,26.811,0.953,0.288,0.029,0.093,1,-42.398,-1.363,-26.656,0.000,2,41.519039,-86.239655,302.820007,1.225,253.199997,10,43,14,84,12,3,GPS_HOMING,AP_PROT_ROLL_MIN,325.514,30.000,20.000,4,-20,-25,20,ROLL_RIGHT
2309,172.909500,0,-0.308,0.103,-0.513,-0.207,-146.337,168.681,0.112,2.014,-0.224,-31.875,5.125,22.375,-0.179,17.865,26.785,0.953,0.288,0.030,0.094,1,-42.050,-1.410,-26.547,0.000,2,41.519039,-86.239655,320.779999,1.473,253.199997,10,43,14,92,12,3,GPS_HOMING,AP_PROT_ROLL_MIN,325.514,30.000,20.000,4,-20,-25,20,ROLL_RIGHT
2310,172.959503,0,0.769,-0.192,-0.090,-0.062,-146.460,168.795,-4.029,-6.826,1.902,-31.875,5.125,22.375,0.000,17.788,26.862,0.953,0.287,0.029,0.093,1,-40.019,-1.372,-25.898,0.000,2,41.519039,-86.239655,326.109985,1.330,253.199997,10,43,14,96,12,3,GPS_HOMING,AP_PROT_ROLL_MIN,325.514,30.000,20.000,4,-20,-25,20,ROLL_RIGHT
2311,173.033508,0,0.269,-0.115,-0.064,0.115,-146.558,168.807,4.141,4.588,2.126,-31.875,5.125,22.375,0.051,17.763,26.862,0.953,0.286,0.027,0.094,1,-42.850,-1.370,-26.798,0.000,2,41.519039,-86.239655,312.730011,0.989,253.300003,10,43,15,4,12,3,GPS_HOMING,AP_PROT_ROLL_MIN,325.514,30.000,20.000,4,-20,-25,20,ROLL_RIGHT
2312,173.113403,0,0.423,0.628,0.423,-0.085,-146.154,168.485,3.581,2.126,0.000,-31.875,5.125,22.375,-0.077,17.993,26.708,0.952,0.290,0.030,0.096,1,-43.097,-1.424,-26.875,0.000,2,41.519039,-86.239655,309.190002,1.163,253.300003,10,43,15,12,12,3,GPS_HOMING,AP_PROT_ROLL_MIN,325.514,30.000,20.000,4,-20,-25,20,ROLL_RIGHT
2313,173.189255,0,-0.538,0.654,0.397,0.197,-146.299,168.258,0.783,3.805,8.617,-31.875,5.125,22.375,0.128,17.891,26.785,0.952,0.289,0.028,0.098,1,-40.512,-1.463,-26.057,0.000,2,41.519039,-86.239655,309.059998,1.018,253.300003,10,43,15,20,12,3,GPS_HOMING,AP_PROT_ROLL_MIN,325.514,30.000,20.000,4,-20,-25,20,ROLL_RIGHT
2314,173.239502,0,1.269,1.038,0.769,0.002,-146.166,168.122,-7.833,-6.379,3.357,-31.875,5.125,22.375,0.026,17.916,26.759,0.952,0.289,0.030,0.099,1,-43.196,-1.464,-26.906,0.000,2,41.519039,-86.239655,306.549988,1.129,253.300003,10,43,15,24,12,3,GPS_HOMING,AP_PROT_ROLL_MIN,325.514,30.000,20.000,4,-20,-25,20,ROLL_RIGHT
2315,173.314514,0,-1.397,0.154,-0.936,0.094,-146.515,167.720,-3.581,12.533,7.833,-31.875,5.125,22.375,0.051,17.763,26.862,0.952,0.286,0.030,0.103,1,-40.646,-1.431,-26.100,0.000,2,41.519039,-86.239655,298.250000,1.202,253.300003,10,43,15,32,12,3,GPS_HOMING,AP_PROT_ROLL_MIN,325.514,30.000,20.000,4,-20,-25,20,ROLL_RIGHT
2316,173.392502,0,-0.090,-0.320,-0.333,-0.521,-146.277,167.239,-4.588,-2.014,4.588,-31.875,5.125,22.375,-0.231,17.865,26.811,0.951,0.288,0.037,0.105,1,-40.563,-1.413,-26.073,0.000,2,41.519039,-86.239655,304.510010,0.986,253.199997,10,43,15,40,12,3,GPS_HOMING,AP_PROT_ROLL_MIN,325.514,30.000,20.000,4,-20,-25,20,ROLL_RIGHT
2317,173.476807,0,0.090,0.461,0.115,-0.058,-146.822,166.840,-7.722,-7.610,12.198,-31.875,5.125,22.375,0.128,17.583,26.990,0.952,0.284,0.033,0.110,1,-40.340,-1.417,-26.001,0.000,2,41.519039,-86.239655,319.480011,0.932,253.199997,10,43,15,48,12,3,GPS_HOMING,AP_PROT_ROLL_MIN,325.514,30.000,20.000,4,-20,-25,20,ROLL_RIGHT
2318,173.554504,0,-0.397,-0.192,-1.269,0.834,-147.376,166.180,8.505,12.981,-10.743,-31.875,5.125,22.375,0.410,17.404,27.118,0.953,0.280,0.027,0.117,1,-41.859,-1.469,-26.486,0.000,2,41.519039,-86.239655,316.739990,1.124,253.199997,10,43,15,56,12,3,GPS_HOMING,AP_PROT_ROLL_MIN,325.514,30.000,20.000,4,-20,-25,20,ROLL_RIGHT
2319,173.660172,0,0.641,0.115,2.281,-0.023,-146.731,166.017,4.588,-11.302,-7.945,-31.875,5.125,22.375,0.051,17.711,26.913,0.951,0.284,0.035,0.117,1,-41.287,-1.373,-26.305,0.000,2,41.519039,-86.239655,0.000000,0.729,253.199997,10,43,15,68,12,3,GPS_HOMING,AP_PROT_ROLL_MIN,325.514,30.000,20.000,4,-20,-25,20,ROLL_RIGHT
2320,173.777924,0,-0.461,-2.640,0.397,0.864,-146.611,167.395,75.313,44.762,-55.393,-31.875,5.125,22.375,-0.820,18.865,26.093,0.952,0.286,0.024,0.107,1,-41.471,-1.444,-26.363,0.000,2,41.519039,-86.239655,310.260010,0.915,253.199997,10,43,15,80,12,3,GPS_HOMING,AP_PROT_ROLL_MIN,325.514,30.000,20.000,4,-20,-25,20,ROLL_RIGHT
2321,173.863358,0,0.218,2.614,1.820,-13.903,-128.671,164.820,102.506,81.020,-44.650,-31.875,5.125,22.375,-7.741,24.401,19.557,0.894,0.412,0.165,0.066,1,-39.695,-1.464,-25.793,0.000,2,41.519039,-86.239655,0.000000,0.795,253.199997,10,43,15,88,12,3,GPS_HOMING,AP_PROT_ROLL_MIN,325.514,30.000,20.000,4,-20,-25,20,ROLL_RIGHT
2322,173.953644,0,-0.487,3.409,-0.308,-20.054,-119.958,159.895,214.523,144.247,-76.432,-31.875,5.125,22.375,-14.610,27.451,8.535,0.855,0.459,0.234,0.063,1,-36.772,-1.430,-24.825,0.000,2,41.519039,-86.239655,295.059998,1.524,253.199997,10,43,15,96,12,3,GPS_HOMING,AP_PROT_ROLL_MIN,325.514,30.000,20.000,4,-20,-25,20,ROLL_RIGHT
2323,174.022354,0,4.434,0.628,-0.013,-31.017,-93.661,147.112,104.184,84.601,-14.995,-31.875,5.125,22.375,-16.942,27.451,-0.615,0.726,0.577,0.374,0.023,1,-33.991,-1.385,-23.868,0.000,2,41.519039,-86.239655,274.089996,1.416,253.300003,10,43,16,4,12,3,GPS_HOMING,AP_PROT_ROLL_MIN,325.514,30.000,20.000,4,-20,-25,20,ROLL_RIGHT
2324,174.106873,0,1.115,6.062,1.845,-32.529,-82.235,141.010,124.999,58.974,-46.105,-31.875,5.125,22.375,-17.686,26.477,-5.152,0.666,0.620,0.415,0.012,1,-35.608,-1.476,-24.429,0.000,2,41.519039,-86.239655,260.690002,0.943,253.399994,10,43,16,12,12,3,GPS_HOMING,AP_PROT_ROLL_MIN,325.514,30.000,20.000,4,-20,-25,20,ROLL_RIGHT
2325,174.185364,0,-1.807,0.474,-0.243,-33.949,-71.193,133.857,37.824,64.122,-17.457,-31.875,5.125,22.375,-18.019,25.273,-8.945,0.605,0.649,0.461,-0.000,1,-34.069,-1.387,-23.895,0.000,2,41.519039,-86.239655,0.000000,0.839,253.399994,10,43,16,20,12,3,GPS_HOMING,AP_PROT_ROLL_MIN,325.514,30.000,20.000,4,-20,-25,20,ROLL_RIGHT
2326,174.264145,0,1.012,2.743,2.204,-33.533,-66.093,129.026,-9.176,8.505,-1.455,-31.875,5.125,22.375,-17.788,24.734,-10.714,0.575,0.657,0.487,0.006,1,-35.546,-1.367,-24.408,0.000,2,41.519039,-86.239655,277.700012,0.991,253.399994,10,43,16,28,12,3,GPS_HOMING,AP_PROT_ROLL_MIN,325.514,30.000,20.000,4,-20,-25,20,ROLL_RIGHT
2327,174.335922,0,1.461,1.704,0.295,-33.398,-66.503,128.878,20.479,15.667,-17.681,-31.875,5.125,22.375,-17.891,24.478,-11.252,0.577,0.655,0.488,0.010,1,-36.378,-1.388,-24.692,0.000,2,41.519039,-86.239662,285.519989,0.950,253.500000,10,43,16,36,12,3,GPS_HOMING,AP_PROT_ROLL_MIN,325.514,30.000,20.000,4,-20,-25,20,ROLL_RIGHT
2328,174.385391,0,-0.692,4.678,1.461,-33.241,-65.691,126.192,-32.005,27.976,-2.910,-31.875,5.125,22.375,-17.711,24.709,-11.047,0.572,0.648,0.503,0.021,1,-33.741,-1.470,-23.780,0.000,2,41.519039,-86.239662,0.000000,0.798,253.500000,10,43,16,40,12,3,GPS_HOMING,AP_PROT_ROLL_MIN,325.514,30.000,20.000,4,-20,-25,20,ROLL_RIGHT
2329,174.494507,0,-1.256,1.051,-1.512,-33.379,-65.424,124.516,-9.512,20.255,-21.710,-31.875,5.125,22.375,-17.763,24.632,-11.150,0.571,0.641,0.513,0.027,1,-34.468,-1.435,-24.035,0.000,2,41.519039,-86.239662,0.000000,0.581,253.500000,10,43,16,52,12,3,GPS_HOMING,AP_PROT_ROLL_MIN,325.514,30.000,20.000,4,-20,-25,20,ROLL_RIGHT
2330,174.575577,0,0.179,-3.063,-1.000,-35.143,-68.929,122.525,-53.491,12.757,-31.222,-31.875,5.125,22.375,-19.019,24.683,-8.920,0.593,0.607,0.528,0.041,1,-37.414,-1.375,-25.041,0.000,2,41.519039,-86.239662,0.000000,0.393,253.600006,10,43,16,60,12,3,GPS_HOMING,AP_PROT_ROLL_MIN,325.514,30.000,20.000,4,-20,-25,20,ROLL_RIGHT
2331,174.660522,0,0.436,3.371,1.294,-36.019,-70.688,121.803,-40.734,-11.302,7.722,-31.875,5.125,22.375,-19.019,24.914,-8.330,0.603,0.591,0.534,0.047,1,-34.466,-1.437,-24.034,0.000,2,41.519039,-86.239662,0.000000,0.461,253.600006,10,43,16,68,12,3,GPS_HOMING,AP_PROT_ROLL_MIN,325.514,30.000,20.000,4,-20,-25,20,ROLL_RIGHT
2332,174.740524,0,-2.025,3.114,0.103,-36.059,-73.260,122.173,9.848,15.443,-23.612,-31.875,5.125,22.375,-19.377,24.991,-7.279,0.617,0.579,0.531,0.057,1,-36.071,-1.371,-24.587,0.000,2,41.519039,-86.239662,0.000000,0.390,253.500000,10,43,16,76,12,3,GPS_HOMING,AP_PROT_ROLL_MIN,325.514,30.000,20.000,4,-20,-25,20,ROLL_RIGHT
2333,174.814423,0,-1.871,-1.512,1.230,-37.224,-73.977,121.033,-29.207,-20.143,8.729,-31.875,5.125,22.375,-19.659,25.119,-6.203,0.622,0.564,0.540,0.059,1,-36.173,-1.425,-24.622,0.000,2,41.519039,-86.239662,0.000000,0.604,253.600006,10,43,16,84,12,3,GPS_HOMING,AP_PROT_ROLL_MIN,325.514,30.000,20.000,4,-20,-25,20,ROLL_RIGHT
2334,174.900528,0,-1.435,-0.359,1.179,-37.977,-76.770,123.109,-23.724,-21.710,-5.371,-31.875,5.125,22.375,-19.916,24.991,-5.921,0.638,0.555,0.531,0.055,1,-38.097,-1.399,-25.268,0.000,2,41.519039,-86.239662,0.000000,0.191,253.600006,10,43,16,92,12,3,GPS_HOMING,AP_PROT_ROLL_MIN,325.514,30.000,20.000,4,-20,-25,20,ROLL_RIGHT
2335,174.979126,0,1.769,-2.217,-0.064,-39.549,-79.992,124.660,-39.615,-21.374,-5.371,-31.875,5.125,22.375,-20.198,25.042,-4.716,0.656,0.537,0.527,0.051,1,-35.428,-1.422,-24.367,0.000,2,41.519039,-86.239662,0.000000,0.196,253.600006,10,43,17,0,12,3,GPS_HOMING,AP_PROT_ROLL_MIN,325.514,30.000,20.000,4,-20,-25,20,ROLL_RIGHT
2336,175.139633,0,-2.371,1.858,-0.461,-40.103,-80.113,123.995,-24.507,14.995,-14.660,-31.875,5.125,22.375,-20.685,24.786,-4.204,0.657,0.531,0.532,0.052,1,-36.854,-1.442,-24.853,0.000,2,41.519039,-86.239662,0.000000,0.324,253.699997,10,43,17,16,12,3,GPS_HOMING,AP_PROT_ROLL_MIN,325.514,30.000,20.000,4,-20,-25,20,ROLL_RIGHT
2337,175.219879,0,1.794,-0.359,0.692,-42.840,-79.841,123.324,10.743,2.462,-9.288,-31.875,5.125,22.375,-20.967,24.606,-4.101,0.659,0.517,0.545,0.037,1,-36.049,-1.470,-24.580,0.000,2,41.519039,-86.239662,0.000000,0.304,253.699997,10,43,17,24,12,3,GPS_HOMING,AP_PROT_ROLL_MIN,325.514,30.000,20.000,4,-20,-25,20,ROLL_RIGHT
2338,175.414474,0,0.013,-1.294,-0.602,-42.438,-79.558,123.244,8.617,11.191,4.700,-31.875,5.125,22.375,-21.889,23.812,-4.409,0.657,0.520,0.544,0.039,1,-36.227,-1.385,-24.640,0.000,2,41.519043,-86.239662,0.000000,0.214,253.699997,10,43,17,44,12,3,GPS_HOMING,AP_PROT_ROLL_MIN,325.514,30.000,20.000,4,-20,-25,20,ROLL_RIGHT
2339,175.541550,0,-1.166,2.166,0.833,-42.412,-76.837,121.419,19.584,0.224,0.895,-31.875,5.125,22.375,-22.069,23.248,-6.382,0.644,0.527,0.553,0.036,1,-34.772,-1.449,-24.140,0.000,2,41.519043,-86.239662,0.000000,0.522,253.800003,10,43,17,56,12,3,GPS_HOMING,AP_PROT_ROLL_MIN,325.514,30.000,20.000,4,-20,-25,20,ROLL_RIGHT
2340,175.604523,0,-0.910,1.910,1.166,-42.910,-73.561,120.937,43.531,20.143,-22.269,-31.875,5.125,22.375,-22.658,22.274,-7.818,0.629,0.541,0.558,0.020,1,-37.976,-1.450,-25.228,0.000,2,41.519043,-86.239662,0.000000,0.493,253.800003,10,43,17,60,12,3,GPS_HOMING,AP_PROT_ROLL_MIN,325.514,30.000,20.000,4,-20,-25,20,ROLL_RIGHT
2341,175.684509,0,0.179,1.192,1.333,-44.668,-67.266,117.882,12.310,4.700,-14.212,-31.875,5.125,22.375,-23.094,21.402,-8.971,0.602,0.551,0.578,-0.007,1,-36.261,-1.448,-24.652,0.000,2,41.519043,-86.239662,0.000000,0.415,253.800003,10,43,17,68,12,3,GPS_HOMING,AP_PROT_ROLL_MIN,325.514,30.000,20.000,4,-20,-25,20,ROLL_RIGHT
2342,175.748611,0,-0.308,0.897,1.012,-45.611,-66.768,117.383,-13.876,-5.036,-10.072,-31.875,5.125,22.375,-23.453,21.095,-8.715,0.602,0.547,0.582,-0.013,1,-36.481,-1.442,-24.726,0.000,2,41.519043,-86.239662,0.000000,0.403,253.800003,10,43,17,76,12,3,GPS_HOMING,AP_PROT_ROLL_MIN,325.514,30.000,20.000,4,-20,-25,20,ROLL_RIGHT
2343,175.803329,0,-3.306,1.602,0.436,-46.076,-68.485,117.866,-23.612,-5.483,3.581,-31.875,5.125,22.375,-23.581,21.223,-8.151,0.610,0.538,0.581,-0.010,1,-35.080,-1.466,-24.247,0.000,2,41.519043,-86.239662,0.000000,0.371,253.800003,10,43,17,80,12,3,GPS_HOMING,AP_PROT_ROLL_MIN,325.514,30.000,20.000,4,-20,-25,20,ROLL_RIGHT
2344,175.897629,0,2.089,-0.282,0.795,-46.195,-68.584,117.570,-50.134,-23.724,-18.129,-31.875,5.125,22.375,-24.042,20.992,-7.536,0.611,0.535,0.583,-0.009,1,-34.846,-1.449,-24.166,0.000,2,41.519043,-86.239662,0.000000,0.101,253.899994,10,43,17,88,12,3,GPS_HOMING,AP_PROT_ROLL_MIN,325.514,30.000,20.000,4,-20,-25,20,ROLL_RIGHT
2345,175.958511,0,1.717,-2.461,-2.115,-48.378,-73.363,119.037,-33.236,-0.895,-16.898,-31.875,5.125,22.375,-24.529,20.992,-6.023,0.636,0.506,0.582,-0.007,1,-37.576,-1.400,-25.095,0.000,2,41.519043,-86.239662,0.000000,0.503,253.899994,10,43,17,96,12,3,GPS_HOMING,AP_PROT_ROLL_MIN,325.514,30.000,20.000,4,-20,-25,20,ROLL_RIGHT
2346,176.013412,0,1.102,-2.204,-1.461,-49.268,-73.512,118.132,-13.317,6.155,-15.667,-31.875,5.125,22.375,-24.965,20.557,-5.818,0.638,0.496,0.588,-0.007,1,-37.393,-1.474,-25.034,0.000,2,41.519043,-86.239662,0.000000,0.501,253.899994,10,43,18,0,12,3,GPS_HOMING,AP_PROT_ROLL_MIN,325.514,30.000,20.000,4,-20,-25,20,ROLL_RIGHT
2347,176.076508,0,-0.961,1.128,0.590,-49.541,-74.155,117.867,-1.455,-5.483,9.400,-31.875,5.125,22.375,-24.965,20.659,-5.562,0.641,0.490,0.590,-0.004,1,-35.380,-1.475,-24.351,0.000,2,41.519043,-86.239662,0.000000,0.221,253.899994,10,43,18,8,12,3,GPS_HOMING,AP_PROT_ROLL_MIN,325.514,30.000,20.000,4,-20,-25,20,ROLL_RIGHT
2348,176.146820,0,1.423,-4.960,-0.743,-49.311,-76.162,119.664,-35.250,-21.822,4.141,-31.875,5.125,22.375,-24.888,20.915,-4.921,0.650,0.489,0.582,-0.002,1,-35.380,-1.474,-24.351,0.000,2,41.519043,-86.239662,0.000000,0.302,254.000000,10,43,18,16,12,3,GPS_HOMING,AP_PROT_ROLL_MIN,325.514,30.000,20.000,4,-20,-25,20,ROLL_RIGHT
2349,176.217819,0,1.499,-2.268,-0.333,-49.529,-78.095,120.778,23.612,7.610,-6.602,-31.875,5.125,22.375,-24.991,20.992,-4.178,0.658,0.483,0.578,-0.000,1,-35.010,-1.477,-24.223,0.000,2,41.519043,-86.239662,0.000000,0.170,254.000000,10,43,18,24,12,3,GPS_HOMING,AP_PROT_ROLL_MIN,325.514,30.000,20.000,4,-20,-25,20,ROLL_RIGHT
2350,176.297546,0,-1.038,-1.128,-0.077,-49.564,-76.416,119.838,-14.883,11.079,10.183,-31.875,5.125,22.375,-24.837,20.992,-4.947,0.651,0.487,0.582,-0.004,1,-35.888,-1.448,-24.525,0.000,2,41.519043,-86.239662,0.000000,0.260,254.000000,10,43,18,32,12,3,GPS_HOMING,AP_PROT_ROLL_MIN,325.514,30.000,20.000,4,-20,-25,20,ROLL_RIGHT
2351,176.377899,0,0.359,2.076,1.358,-48.853,-76.457,119.228,20.479,1.231,8.281,-31.875,5.125,22.375,-24.683,21.146,-5.049,0.650,0.488,0.583,0.005,1,-37.993,-1.487,-25.234,0.000,2,41.519043,-86.239662,0.000000,0.240,254.000000,10,43,18,40,12,3,GPS_HOMING,AP_PROT_ROLL_MIN,325.514,30.000,20.000,4,-20,-25,20,ROLL_RIGHT
2352,176.504272,0,0.397,-1.551,1.064,-47.672,-75.717,119.063,-16.338,-2.574,24.507,-31.875,5.125,22.375,-23.889,22.043,-5.075,0.646,0.497,0.580,0.010,1,-36.390,-1.413,-24.696,0.000,2,41.519043,-86.239662,0.000000,0.570,254.100006,10,43,18,52,12,3,GPS_HOMING,AP_PROT_ROLL_MIN,325.514,30.000,20.000,4,-20,-25,20,ROLL_RIGHT
2353,176.575562,0,-0.923,1.128,-0.974,-45.984,-77.709,120.354,-47.784,7.274,25.179,-31.875,5.125,22.375,-22.812,23.376,-3.922,0.652,0.500,0.569,0.023,1,-37.102,-1.487,-24.936,0.000,2,41.519043,-86.239662,0.000000,0.721,254.100006,10,43,18,60,12,3,GPS_HOMING,AP_PROT_ROLL_MIN,325.514,30.000,20.000,4,-20,-25,20,ROLL_RIGHT
2354,176.656662,0,0.077,1.320,-1.333,-43.369,-81.268,120.428,-1.231,-4.364,7.945,-31.875,5.125,22.375,-22.479,23.786,-3.306,0.664,0.492,0.559,0.057,1,-36.105,-1.435,-24.599,0.000,2,41.519043,-86.239662,267.029999,1.126,254.199997,10,43,18,68,12,3,GPS_HOMING,AP_PROT_ROLL_MIN,325.514,30.000,20.000,4,-20,-25,20,ROLL_RIGHT
2355,176.712509,0,-1.781,-1.051,-1.794,-42.400,-82.358,120.814,-23.612,5.036,26.745,-31.875,5.125,22.375,-21.710,24.555,-2.717,0.668,0.493,0.554,0.066,1,-36.184,-1.444,-24.626,0.000,2,41.519043,-86.239662,258.470001,1.325,254.199997,10,43,18,72,12,3,GPS_HOMING,AP_PROT_ROLL_MIN,325.514,30.000,20.000,4,-20,-25,20,ROLL_RIGHT
2356,176.778381,0,1.589,1.435,1.064,-40.765,-83.863,120.687,-3.581,-18.688,7.610,-31.875,5.125,22.375,-21.428,24.837,-2.435,0.673,0.491,0.547,0.085,1,-36.381,-1.393,-24.693,0.000,2,41.519043,-86.239662,252.970001,1.310,254.199997,10,43,18,80,12,3,GPS_HOMING,AP_PROT_ROLL_MIN,325.514,30.000,20.000,4,-20,-25,20,ROLL_RIGHT
2357,176.832520,0,-3.755,0.820,-1.051,-40.146,-85.596,122.083,-39.615,-3.133,13.541,-31.875,5.125,22.375,-20.992,25.324,-1.205,0.680,0.490,0.538,0.089,1,-37.084,-1.456,-24.930,0.000,2,41.519043,-86.239662,254.570007,1.082,254.199997,10,43,18,84,12,3,GPS_HOMING,AP_PROT_ROLL_MIN,325.514,30.000,20.000,4,-20,-25,20,ROLL_RIGHT
2358,176.897812,0,-0.051,1.166,0.833,-39.789,-89.283,123.727,-37.041,-57.967,4.924,-31.875,5.125,22.375,-21.044,25.350,0.179,0.697,0.477,0.526,0.098,1,-36.042,-1.454,-24.577,0.000,2,41.519043,-86.239662,0.000000,0.712,254.300003,10,43,18,92,12,3,GPS_HOMING,AP_PROT_ROLL_MIN,325.514,30.000,20.000,4,-20,-25,20,ROLL_RIGHT
2359,176.978195,0,2.397,-2.538,0.359,-39.036,-94.160,127.368,-88.406,-46.553,22.269,-31.875,5.125,22.375,-20.351,25.657,3.665,0.720,0.467,0.504,0.102,1,-36.357,-1.486,-24.684,0.000,2,41.519043,-86.239662,0.000000,0.640,254.300003,10,43,19,0,12,3,GPS_HOMING,AP_PROT_ROLL_MIN,325.514,30.000,20.000,4,-20,-25,20,ROLL_RIGHT
2360,177.059891,0,1.128,1.461,0.782,-37.482,-100.883,130.523,-20.031,-0.336,3.245,-31.875,5.125,22.375,-19.967,25.683,5.383,0.749,0.444,0.477,0.120,1,-37.978,-1.455,-25.229,0.000,2,41.519043,-86.239662,0.000000,0.889,254.300003,10,43,19,8,12,3,GPS_HOMING,AP_PROT_ROLL_MIN,325.514,30.000,20.000,4,-20,-25,20,ROLL_RIGHT
2361,177.179871,0,0.449,-4.191,-1.564,-36.807,-104.192,131.581,-16.226,-8.841,-5.036,-31.875,5.125,22.375,-19.659,25.427,7.356,0.762,0.430,0.466,0.130,1,-37.361,-1.421,-25.023,0.000,2,41.519043,-86.239662,0.000000,0.689,254.300003,10,43,19,20,12,3,GPS_HOMING,AP_PROT_ROLL_MIN,325.514,30.000,20.000,4,-20,-25,20,ROLL_RIGHT
2362,177.245316,0,-1.000,0.359,-0.487,-36.820,-105.408,132.061,-9.512,-2.462,6.714,-31.875,5.125,22.375,-19.352,25.657,7.279,0.767,0.423,0.463,0.132,1,-37.102,-1.492,-24.936,0.000,2,41.519043,-86.239662,0.000000,0.706,254.300003,10,43,19,24,12,3,GPS_HOMING,AP_PROT_ROLL_MIN,325.514,30.000,20.000,4,-20,-25,20,ROLL_RIGHT
2363,177.304733,0,-0.397,1.974,-0.590,-35.923,-105.593,131.756,0.224,0.783,1.119,-31.875,5.125,22.375,-19.326,25.683,7.254,0.768,0.425,0.459,0.139,1,-37.153,-1.446,-24.953,0.000,2,41.519043,-86.239662,0.000000,0.685,254.300003,10,43,19,32,12,3,GPS_HOMING,AP_PROT_ROLL_MIN,325.514,30.000,20.000,4,-20,-25,20,ROLL_RIGHT
2364,177.360519,0,-0.974,0.730,-0.769,-35.837,-106.025,131.902,-17.569,-7.162,7.386,-31.875,5.125,22.375,-19.224,25.657,7.664,0.769,0.423,0.458,0.141,1,-37.916,-1.481,-25.208,0.000,2,41.519043,-86.239662,0.000000,0.768,254.399994,10,43,19,36,12,3,GPS_HOMING,AP_PROT_ROLL_MIN,325.514,30.000,20.000,4,-20,-25,20,ROLL_RIGHT
2365,177.425064,0,0.833,2.499,-0.154,-35.577,-107.295,132.722,-9.512,-23.500,-6.714,-31.875,5.125,22.375,-19.172,25.606,7.946,0.775,0.418,0.452,0.142,1,-38.273,-1.451,-25.327,0.000,2,41.519043,-86.239662,0.000000,0.621,254.399994,10,43,19,44,12,3,GPS_HOMING,AP_PROT_ROLL_MIN,325.514,30.000,20.000,4,-20,-25,20,ROLL_RIGHT
2366,177.500519,0,0.500,-0.423,-1.153,-35.013,-110.391,134.618,-65.241,-35.698,2.238,-31.875,5.125,22.375,-18.762,25.068,10.227,0.789,0.407,0.438,0.144,1,-38.499,-1.454,-25.401,0.000,2,41.519043,-86.239662,0.000000,0.538,254.399994,10,43,19,48,12,3,GPS_HOMING,AP_PROT_ROLL_MIN,325.514,30.000,20.000,4,-20,-25,20,ROLL_RIGHT
2367,177.563980,0,-0.384,1.845,1.435,-34.567,-117.120,137.768,-83.370,-32.788,-17.122,-31.875,5.125,22.375,-18.711,24.145,12.406,0.816,0.373,0.416,0.149,1,-38.050,-1.450,-25.253,0.000,2,41.519043,-86.239662,0.000000,0.773,254.399994,10,43,19,56,12,3,GPS_HOMING,AP_PROT_ROLL_MIN,325.514,30.000,20.000,4,-20,-25,20,ROLL_RIGHT
2368,177.620529,0,-0.910,0.359,0.051,-33.794,-126.877,141.883,-106.646,-58.974,-31.557,-31.875,5.125,22.375,-18.352,21.941,16.455,0.851,0.320,0.385,0.157,1,-39.634,-1.491,-25.773,0.000,2,41.519043,-86.239662,0.000000,0.589,254.399994,10,43,19,60,12,3,GPS_HOMING,AP_PROT_ROLL_MIN,325.514,30.000,20.000,4,-20,-25,20,ROLL_RIGHT
2369,177.674728,0,0.449,3.678,1.948,-34.417,-134.304,146.694,-82.027,-41.629,-77.327,-31.875,5.125,22.375,-18.788,18.942,19.429,0.876,0.277,0.367,0.142,1,-40.813,-1.469,-26.153,0.000,2,41.519043,-86.239662,0.000000,0.230,254.399994,10,43,19,68,12,3,GPS_HOMING,AP_PROT_ROLL_MIN,325.514,30.000,20.000,4,-20,-25,20,ROLL_RIGHT
2370,177.740524,0,-1.064,-1.794,-0.590,-34.887,-140.870,150.611,-89.637,-22.717,-2.462,-31.875,5.125,22.375,-18.788,16.737,21.351,0.895,0.237,0.354,0.131,1,-40.377,-1.488,-26.013,0.000,2,41.519043,-86.239662,0.000000,0.373,254.399994,10,43,19,72,12,3,GPS_HOMING,AP_PROT_ROLL_MIN,325.514,30.000,20.000,4,-20,-25,20,ROLL_RIGHT
2371,177.794296,0,1.192,0.871,0.718,-33.847,-146.697,152.046,-63.227,-33.124,-7.050,-31.875,5.125,22.375,-18.275,14.841,23.171,0.910,0.199,0.337,0.140,1,-39.930,-1.487,-25.869,0.000,2,41.519043,-86.239662,0.000000,0.327,254.500000,10,43,19,80,12,3,GPS_HOMING,AP_PROT_ROLL_MIN,325.514,30.000,20.000,4,-20,-25,20,ROLL_RIGHT
2372,177.864334,0,1.410,-1.012,-0.179,-32.512,-151.058,153.365,-87.734,-28.088,-5.483,-31.875,5.125,22.375,-17.558,12.739,24.940,0.921,0.171,0.319,0.146,1,-39.543,-1.458,-25.743,0.000,2,41.519043,-86.239662,0.000000,0.513,254.500000,10,43,19,88,12,3,GPS_HOMING,AP_PROT_ROLL_MIN,325.514,30.000,20.000,4,-20,-25,20,ROLL_RIGHT
2373,177.920227,0,0.320,-3.870,-2.153,-31.776,-157.530,154.971,-52.372,-2.910,-10.072,-31.875,5.125,22.375,-17.404,10.278,26.144,0.932,0.125,0.303,0.152,1,-40.770,-1.526,-26.140,0.000,2,41.519043,-86.239662,0.000000,0.955,254.600006,10,43,19,92,12,3,GPS_HOMING,AP_PROT_ROLL_MIN,325.514,30.000,20.000,4,-20,-25,20,ROLL_RIGHT
2374,177.984528,0,1.461,-1.320,-3.306,-32.418,-159.687,155.295,-1.119,17.457,-6.826,-31.875,5.125,22.375,-17.711,9.740,26.119,0.934,0.107,0.305,0.154,1,-40.137,-1.456,-25.936,0.000,2,41.519043,-86.239662,125.099998,2.041,254.600006,10,43,20,0,12,3,GPS_HOMING,AP_PROT_ROLL_MIN,325.514,30.000,20.000,4,-20,-25,20,ROLL_RIGHT
2375,178.059509,0,-0.923,1.666,-0.269,-32.659,-159.247,155.295,16.562,5.819,-4.588,-31.875,5.125,22.375,-17.916,10.022,25.888,0.933,0.110,0.307,0.152,1,-41.740,-1.526,-26.449,0.000,2,41.519043,-86.239662,120.099998,2.425,254.600006,10,43,20,4,12,3,GPS_HOMING,AP_PROT_ROLL_MIN,325.514,30.000,20.000,4,-20,-25,20,ROLL_RIGHT
2376,178.115204,0,1.064,-0.987,0.308,-32.745,-159.471,156.225,-9.736,-23.276,-7.498,-31.875,5.125,22.375,-17.968,9.843,25.888,0.934,0.110,0.307,0.145,1,-40.094,-1.514,-25.922,0.000,2,41.519043,-86.239662,118.400002,2.565,254.600006,10,43,20,12,12,3,GPS_HOMING,AP_PROT_ROLL_MIN,325.514,30.000,20.000,4,-20,-25,20,ROLL_RIGHT
2377,178.180511,0,0.359,0.320,0.000,-32.145,-159.921,156.677,-11.862,-2.462,4.924,-31.875,5.125,22.375,-17.558,9.561,26.272,0.936,0.109,0.301,0.144,1,-39.186,-1.488,-25.627,0.000,2,41.519039,-86.239662,116.959999,2.673,254.600006,10,43,20,16,12,3,GPS_HOMING,AP_PROT_ROLL_MIN,325.514,30.000,20.000,4,-20,-25,20,ROLL_RIGHT
2378,178.268127,0,-1.320,1.884,-1.012,-32.452,-160.538,156.791,17.905,19.136,-21.038,-31.875,5.125,22.375,-17.840,9.330,26.170,0.937,0.104,0.302,0.144,1,-40.461,-1.505,-26.041,0.000,2,41.519039,-86.239662,115.010002,2.317,254.500000,10,43,20,28,12,3,GPS_HOMING,AP_PROT_ROLL_MIN,325.514,30.000,20.000,4,-20,-25,20,ROLL_RIGHT
2379,178.339508,0,0.525,-3.281,-2.884,-35.224,-159.249,157.456,36.705,29.767,-29.319,-31.875,5.125,22.375,-19.249,9.612,24.991,0.930,0.110,0.325,0.130,1,-39.184,-1.485,-25.626,0.000,2,41.519039,-86.239662,112.989998,2.478,254.500000,10,43,20,32,12,3,GPS_HOMING,AP_PROT_ROLL_MIN,325.514,30.000,20.000,4,-20,-25,20,ROLL_RIGHT
2380,178.395950,0,-2.281,1.025,-1.551,-37.505,-156.284,158.915,69.829,17.010,-7.833,-31.875,5.125,22.375,-20.198,10.791,23.684,0.923,0.134,0.345,0.105,1,-40.701,-1.533,-26.117,0.000,2,41.519039,-86.239655,108.389999,2.621,254.399994,10,43,20,40,12,3,GPS_HOMING,AP_PROT_ROLL_MIN,325.514,30.000,20.000,4,-20,-25,20,ROLL_RIGHT
2381,178.459976,0,-1.448,-3.806,-1.166,-38.151,-153.330,158.980,52.484,-6.826,-8.281,-31.875,5.125,22.375,-20.377,12.021,22.915,0.918,0.156,0.352,0.094,1,-39.046,-1.502,-25.581,0.000,2,41.519039,-86.239655,109.690002,2.267,254.399994,10,43,20,48,12,3,GPS_HOMING,AP_PROT_ROLL_MIN,325.514,30.000,20.000,4,-20,-25,20,ROLL_RIGHT
2382,178.521957,0,-0.449,-4.370,-1.564,-38.251,-149.333,160.984,72.627,-13.653,-16.786,-31.875,5.125,22.375,-20.531,14.046,21.556,0.913,0.194,0.353,0.065,1,-39.658,-1.531,-25.781,0.000,2,41.519039,-86.239655,111.129997,1.973,254.399994,10,43,20,52,12,3,GPS_HOMING,AP_PROT_ROLL_MIN,325.514,30.000,20.000,4,-20,-25,20,ROLL_RIGHT
2383,178.582947,0,1.410,-0.128,-0.782,-39.552,-143.506,161.683,142.792,44.539,-25.179,-31.875,5.125,22.375,-21.018,15.071,20.326,0.899,0.240,0.364,0.038,1,-40.359,-1.448,-26.007,0.000,2,41.519039,-86.239655,109.930000,1.804,254.300003,10,43,20,60,12,3,GPS_HOMING,AP_PROT_ROLL_MIN,325.514,30.000,20.000,4,-20,-25,20,ROLL_RIGHT
2384,178.702133,0,1.704,-0.628,-1.192,-41.987,-135.732,160.587,141.113,54.834,-11.750,-31.875,5.125,22.375,-22.915,18.455,14.610,0.875,0.291,0.386,0.013,1,-39.208,-1.525,-25.634,0.000,2,41.519039,-86.239655,108.589996,1.927,254.300003,10,43,20,72,12,3,GPS_HOMING,AP_PROT_ROLL_MIN,325.514,30.000,20.000,4,-20,-25,20,ROLL_RIGHT
2385,178.781921,0,0.179,0.769,-1.153,-46.745,-110.771,150.348,123.768,84.713,11.191,-31.875,5.125,22.375,-23.966,20.813,8.305,0.788,0.421,0.449,-0.025,1,-38.364,-1.481,-25.357,0.000,2,41.519039,-86.239655,115.150002,1.296,254.300003,10,43,20,80,12,3,GPS_HOMING,AP_PROT_ROLL_MIN,325.514,30.000,20.000,4,-20,-25,20,ROLL_RIGHT
2386,178.902420,0,-0.205,1.102,2.281,-45.943,-104.727,149.353,34.803,5.036,14.324,-31.875,5.125,22.375,-23.966,20.967,7.920,0.766,0.461,0.447,-0.037,1,-38.660,-1.479,-25.454,0.000,2,41.519039,-86.239655,0.000000,0.567,254.300003,10,43,20,92,12,3,GPS_HOMING,AP_PROT_ROLL_MIN,325.514,30.000,20.000,4,-20,-25,20,ROLL_RIGHT
2387,178.958420,0,3.742,2.473,3.550,-44.652,-104.694,149.910,25.179,14.772,13.988,-31.875,5.125,22.375,-22.812,22.992,5.331,0.768,0.468,0.437,-0.034,1,-38.951,-1.464,-25.550,0.000,2,41.519039,-86.239655,0.000000,0.670,254.300003,10,43,20,96,12,3,GPS_HOMING,AP_PROT_ROLL_MIN,325.514,30.000,20.000,4,-20,-25,20,ROLL_RIGHT
2388,179.023438,0,-0.525,1.012,0.154,-43.402,-100.892,146.810,-3.021,42.636,18.353,-31.875,5.125,22.375,-22.581,23.376,4.511,0.754,0.486,0.442,-0.021,1,-37.304,-1.444,-25.004,0.000,2,41.519039,-86.239655,0.000000,0.687,254.300003,10,43,21,4,12,3,GPS_HOMING,AP_PROT_ROLL_MIN,325.514,30.000,20.000,4,-20,-25,20,ROLL_RIGHT
2389,179.098190,0,-1.423,0.410,-2.538,-43.644,-99.179,144.795,6.826,27.865,-13.429,-31.875,5.125,22.375,-22.940,23.222,3.178,0.747,0.488,0.452,-0.016,1,-36.584,-1.498,-24.761,0.000,2,41.519039,-86.239655,0.000000,0.417,254.300003,10,43,21,12,12,3,GPS_HOMING,AP_PROT_ROLL_MIN,325.514,30.000,20.000,4,-20,-25,20,ROLL_RIGHT
2390,179.175507,0,-2.409,1.230,-1.717,-44.415,-96.755,141.246,3.805,22.829,2.574,-31.875,5.125,22.375,-22.940,23.273,2.691,0.736,0.486,0.471,-0.007,1,-36.642,-1.465,-24.781,0.000,2,41.519039,-86.239655,0.000000,0.503,254.300003,10,43,21,20,12,3,GPS_HOMING,AP_PROT_ROLL_MIN,325.514,30.000,20.000,4,-20,-25,20,ROLL_RIGHT
2391,179.230667,0,-0.820,-0.692,-0.756,-44.818,-95.624,139.464,-29.655,5.260,-2.686,-31.875,5.125,22.375,-23.171,23.068,2.896,0.731,0.485,0.480,-0.003,1,-36.123,-1.472,-24.605,0.000,2,41.519039,-86.239655,0.000000,0.206,254.300003,10,43,21,24,12,3,GPS_HOMING,AP_PROT_ROLL_MIN,325.514,30.000,20.000,4,-20,-25,20,ROLL_RIGHT
2392,179.296371,0,1.000,-3.704,-1.666,-45.243,-98.050,139.671,-13.317,0.560,-17.122,-31.875,5.125,22.375,-23.299,22.889,3.281,0.741,0.468,0.481,0.003,1,-36.759,-1.405,-24.820,0.000,2,41.519039,-86.239655,0.000000,0.419,254.199997,10,43,21,32,12,3,GPS_HOMING,AP_PROT_ROLL_MIN,325.514,30.000,20.000,4,-20,-25,20,ROLL_RIGHT
2393,179.383453,0,0.948,-0.026,-0.205,-46.344,-97.769,139.550,-1.567,10.072,-11.414,-31.875,5.125,22.375,-23.812,22.402,3.050,0.739,0.465,0.487,-0.003,1,-36.247,-1.423,-24.647,0.000,2,41.519039,-86.239655,0.000000,0.219,254.199997,10,43,21,40,12,3,GPS_HOMING,AP_PROT_ROLL_MIN,325.514,30.000,20.000,4,-20,-25,20,ROLL_RIGHT
2394,179.470917,0,-3.691,3.486,0.077,-47.188,-98.328,138.808,-31.446,-14.548,-18.353,-31.875,5.125,22.375,-24.247,21.812,3.768,0.741,0.454,0.494,-0.001,1,-36.455,-1.394,-24.718,0.000,2,41.519039,-86.239655,0.000000,0.302,254.100006,10,43,21,44,12,3,GPS_HOMING,AP_PROT_ROLL_MIN,325.514,30.000,20.000,4,-20,-25,20,ROLL_RIGHT
2395,179.531418,0,-2.345,0.871,-3.332,-48.074,-108.361,144.745,-53.603,-30.998,-30.215,-31.875,5.125,22.375,-24.376,20.838,6.921,0.778,0.409,0.477,-0.003,1,-37.227,-1.443,-24.978,0.000,2,41.519039,-86.239655,0.000000,0.483,254.100006,10,43,21,52,12,3,GPS_HOMING,AP_PROT_ROLL_MIN,325.514,30.000,20.000,4,-20,-25,20,ROLL_RIGHT
2396,179.580811,0,-1.166,-0.077,-1.807,-49.253,-115.856,150.095,-57.631,-65.129,-36.929,-31.875,5.125,22.375,-24.837,19.301,9.356,0.801,0.375,0.466,-0.015,1,-37.475,-1.491,-25.061,0.000,2,41.519039,-86.239655,0.000000,0.781,254.100006,10,43,21,60,12,3,GPS_HOMING,AP_PROT_ROLL_MIN,325.514,30.000,20.000,4,-20,-25,20,ROLL_RIGHT
2397,179.670746,0,1.410,1.282,2.948,-48.907,-121.071,154.192,-32.453,-50.246,-7.945,-31.875,5.125,22.375,-24.658,18.378,11.483,0.818,0.356,0.451,-0.021,1,-37.825,-1.450,-25.178,0.000,2,41.519039,-86.239655,0.000000,0.616,254.100006,10,43,21,64,12,3,GPS_HOMING,AP_PROT_ROLL_MIN,325.514,30.000,20.000,4,-20,-25,20,ROLL_RIGHT
2398,179.730515,0,-2.358,2.768,0.397,-47.828,-120.779,154.365,31.110,55.281,15.443,-31.875,5.125,22.375,-24.350,18.967,11.252,0.819,0.362,0.444,-0.019,1,-37.724,-1.398,-25.144,0.000,2,41.519039,-86.239655,0.000000,0.241,254.000000,10,43,21,72,12,3,GPS_HOMING,AP_PROT_ROLL_MIN,325.514,30.000,20.000,4,-20,-25,20,ROLL_RIGHT
2399,179.790085,0,0.538,-0.846,-2.115,-48.568,-117.377,151.160,-4.029,13.317,-4.812,-31.875,5.125,22.375,-24.709,19.275,9.868,0.807,0.371,0.458,-0.013,1,-37.660,-1.416,-25.123,0.000,2,41.519039,-86.239655,0.000000,0.268,254.000000,10,43,21,80,12,3,GPS_HOMING,AP_PROT_ROLL_MIN,325.514,30.000,20.000,4,-20,-25,20,ROLL_RIGHT
2400,179.836517,0,-0.538,-0.449,2.217,-49.455,-115.700,149.767,25.067,29.879,-3.357,-31.875,5.125,22.375,-24.965,19.301,9.227,0.800,0.374,0.468,-0.014,1,-37.452,-1.445,-25.053,0.000,2,41.519039,-86.239655,0.000000,0.461,254.000000,10,43,21,84,12,3,GPS_HOMING,AP_PROT_ROLL_MIN,325.514,30.000,20.000,4,-20,-25,20,ROLL_RIGHT
2401,179.886292,0,0.103,-0.461,1.166,-50.564,-110.073,145.481,84.265,108.213,15.891,-31.875,5.125,22.375,-25.478,19.813,6.382,0.780,0.391,0.488,-0.014,1,-36.711,-1.452,-24.804,0.000,2,41.519039,-86.239655,0.000000,0.682,254.000000,10,43,21,88,12,3,GPS_HOMING,AP_PROT_ROLL_MIN,325.514,30.000,20.000,4,-20,-25,20,ROLL_RIGHT
2402,179.945419,0,-2.538,2.422,-0.154,-50.790,-98.838,136.699,87.175,95.568,26.522,-31.875,5.125,22.375,-25.427,20.736,2.409,0.741,0.426,0.520,-0.006,1,-36.110,-1.446,-24.600,0.000,2,41.519039,-86.239655,0.000000,0.873,254.000000,10,43,21,96,12,3,GPS_HOMING,AP_PROT_ROLL_MIN,325.514,30.000,20.000,4,-20,-25,20,ROLL_RIGHT
2403,180.058105,0,0.179,1.358,-2.038,-50.457,-89.479,129.855,47.000,46.553,-5.036,-31.875,5.125,22.375,-25.427,20.890,-0.461,0.705,0.455,0.544,-0.004,1,-36.225,-1.378,-24.640,0.000,2,41.519039,-86.239655,0.000000,0.844,254.000000,10,43,22,8,12,3,GPS_HOMING,AP_PROT_ROLL_MIN,325.514,30.000,20.000,4,-20,-25,20,ROLL_RIGHT
2404,180.214386,0,-0.141,1.551,2.204,-52.063,-87.523,128.664,55.058,75.760,-51.477,-31.875,5.125,22.375,-26.888,18.711,-3.640,0.697,0.453,0.555,-0.016,1,-35.818,-1.450,-24.501,0.000,2,41.519039,-86.239655,0.000000,0.923,254.000000,10,43,22,24,12,3,GPS_HOMING,AP_PROT_ROLL_MIN,325.514,30.000,20.000,4,-20,-25,20,ROLL_RIGHT
2405,180.296509,0,-0.333,1.679,0.218,-56.105,-68.920,113.099,57.184,24.843,21.374,-31.875,5.125,22.375,-26.401,15.661,-12.021,0.630,0.460,0.623,-0.048,1,-35.520,-1.456,-24.399,0.000,2,41.519039,-86.239655,0.000000,0.738,253.899994,10,43,22,32,12,3,GPS_HOMING,AP_PROT_ROLL_MIN,325.514,30.000,20.000,4,-20,-25,20,ROLL_RIGHT
2406,180.381653,0,1.448,-1.448,1.525,-52.711,-49.941,101.708,16.114,7.386,3.357,-31.875,5.125,22.375,-26.221,15.148,-13.123,0.547,0.512,0.658,-0.073,1,-35.330,-1.515,-24.333,0.000,2,41.519039,-86.239655,0.000000,0.824,253.899994,10,43,22,40,12,3,GPS_HOMING,AP_PROT_ROLL_MIN,325.514,30.000,20.000,4,-20,-25,20,ROLL_RIGHT
2407,180.459473,0,1.640,-0.231,1.487,-51.351,-48.264,101.420,23.276,19.584,13.876,-31.875,5.125,22.375,-25.375,15.558,-14.302,0.536,0.524,0.658,-0.073,1,-35.306,-1.475,-24.325,0.000,2,41.519039,-86.239655,0.000000,0.819,253.899994,10,43,22,48,12,3,GPS_HOMING,AP_PROT_ROLL_MIN,325.514,30.000,20.000,4,-20,-25,20,ROLL_RIGHT
2408,180.582458,0,-1.679,0.410,0.218,-49.232,-45.647,100.748,53.603,26.298,42.524,-31.875,5.125,22.375,-24.529,15.533,-15.763,0.516,0.542,0.659,-0.071,1,-36.443,-1.511,-24.714,0.000,2,41.519039,-86.239655,0.000000,1.057,253.899994,10,43,22,60,12,3,GPS_HOMING,AP_PROT_ROLL_MIN,325.514,30.000,20.000,4,-20,-25,20,ROLL_RIGHT
2409,180.660538,0,0.397,-0.730,1.897,-45.239,-42.596,102.580,18.241,8.393,23.500,-31.875,5.125,22.375,-22.248,15.815,-18.609,0.486,0.584,0.647,-0.070,1,-34.975,-1.551,-24.211,0.000,2,41.519039,-86.239655,0.000000,0.835,253.899994,10,43,22,68,12,3,GPS_HOMING,AP_PROT_ROLL_MIN,325.514,30.000,20.000,4,-20,-25,20,ROLL_RIGHT
2410,180.714523,0,-0.064,0.730,-0.948,-41.859,-39.910,104.846,39.391,28.088,4.588,-31.875,5.125,22.375,-21.659,15.481,-19.531,0.457,0.621,0.632,-0.072,1,-35.500,-1.555,-24.392,0.000,2,41.519039,-86.239655,0.000000,0.663,253.899994,10,43,22,72,12,3,GPS_HOMING,AP_PROT_ROLL_MIN,325.514,30.000,20.000,4,-20,-25,20,ROLL_RIGHT
2411,180.787994,0,-0.231,0.410,1.564,-39.762,-36.557,104.668,27.529,3.917,23.165,-31.875,5.125,22.375,-21.274,15.225,-20.198,0.431,0.642,0.630,-0.075,1,-34.951,-1.506,-24.203,0.000,2,41.519039,-86.239655,0.000000,0.361,253.899994,10,43,22,80,12,3,GPS_HOMING,AP_PROT_ROLL_MIN,325.514,30.000,20.000,4,-20,-25,20,ROLL_RIGHT
2412,180.898102,0,3.332,-3.896,1.461,-38.712,-36.946,106.137,-17.793,1.455,24.507,-31.875,5.125,22.375,-20.659,15.584,-20.557,0.428,0.652,0.622,-0.072,1,-34.392,-1.574,-24.008,0.000,2,41.519039,-86.239655,0.000000,0.388,253.899994,10,43,22,92,12,3,GPS_HOMING,AP_PROT_ROLL_MIN,325.514,30.000,20.000,4,-20,-25,20,ROLL_RIGHT
2413,180.974472,0,-4.498,2.627,0.513,-38.043,-39.377,107.677,-47.448,22.269,-14.212,-31.875,5.125,22.375,-19.839,18.890,-18.455,0.438,0.654,0.614,-0.060,1,-35.594,-1.593,-24.424,0.000,2,41.519039,-86.239655,0.000000,0.407,253.899994,10,43,22,96,12,3,GPS_HOMING,AP_PROT_ROLL_MIN,325.514,30.000,20.000,4,-20,-25,20,ROLL_RIGHT
2414,181.035690,0,-2.307,5.959,2.204,-37.389,-47.445,106.943,-32.005,-7.610,-9.624,-31.875,5.125,22.375,-20.172,19.557,-17.404,0.481,0.620,0.620,-0.009,1,-35.996,-1.512,-24.562,0.000,2,41.519039,-86.239655,0.000000,0.390,253.899994,10,43,23,4,12,3,GPS_HOMING,AP_PROT_ROLL_MIN,325.514,30.000,20.000,4,-20,-25,20,ROLL_RIGHT
2415,181.111435,0,3.460,0.282,-2.832,-38.067,-48.024,106.591,-33.460,1.231,-54.834,-31.875,5.125,22.375,-20.557,19.326,-17.199,0.486,0.613,0.622,-0.009,1,-36.209,-1.486,-24.634,0.000,2,41.519039,-86.239655,0.000000,0.538,253.899994,10,43,23,12,12,3,GPS_HOMING,AP_PROT_ROLL_MIN,325.514,30.000,20.000,4,-20,-25,20,ROLL_RIGHT
2416,181.185516,0,2.294,0.372,-3.909,-42.967,-51.771,103.623,-59.086,-67.815,-70.836,-31.875,5.125,22.375,-23.735,18.660,-13.457,0.523,0.559,0.643,-0.008,1,-35.169,-1.498,-24.278,0.000,2,41.519039,-86.239655,0.000000,0.763,253.899994,10,43,23,20,12,3,GPS_HOMING,AP_PROT_ROLL_MIN,325.514,30.000,20.000,4,-20,-25,20,ROLL_RIGHT
2417,181.297760,0,0.910,0.577,-0.372,-50.600,-56.600,105.442,-32.341,-70.501,-54.834,-31.875,5.125,22.375,-26.862,16.712,-9.663,0.569,0.511,0.643,-0.040,1,-35.991,-1.500,-24.560,0.000,2,41.519039,-86.239655,111.050003,2.020,253.899994,10,43,23,32,12,3,GPS_HOMING,AP_PROT_ROLL_MIN,325.514,30.000,20.000,4,-20,-25,20,ROLL_RIGHT
2418,181.383072,0,1.115,-0.115,0.115,-57.535,-61.082,111.092,17.010,-32.788,-25.403,-31.875,5.125,22.375,-27.913,15.635,-8.458,0.602,0.484,0.629,-0.090,1,-35.918,-1.501,-24.535,0.000,2,41.519039,-86.239655,119.639999,2.942,253.899994,10,43,23,40,12,3,GPS_HOMING,AP_PROT_ROLL_MIN,325.514,30.000,20.000,4,-20,-25,20,ROLL_RIGHT
2419,181.504593,0,-0.782,0.449,1.077,-57.838,-64.973,115.456,-1.902,-31.557,17.122,-31.875,5.125,22.375,-27.990,16.148,-7.228,0.615,0.486,0.614,-0.094,1,-37.930,-1.506,-25.213,0.000,2,41.519039,-86.239647,118.669998,2.878,253.899994,10,43,23,52,12,3,GPS_HOMING,AP_PROT_ROLL_MIN,325.514,30.000,20.000,4,-20,-25,20,ROLL_RIGHT
2420,181.578613,0,-0.923,0.308,1.845,-57.718,-67.479,118.786,4.588,-29.991,12.981,-31.875,5.125,22.375,-28.092,16.661,-5.485,0.623,0.490,0.602,-0.098,1,-36.664,-1.507,-24.788,0.000,2,41.519039,-86.239647,117.209999,2.596,253.899994,10,43,23,60,12,3,GPS_HOMING,AP_PROT_ROLL_MIN,325.514,30.000,20.000,4,-20,-25,20,ROLL_RIGHT
2421,181.658890,0,-0.705,1.807,0.756,-57.472,-71.170,123.652,11.750,0.336,9.960,-31.875,5.125,22.375,-27.708,17.122,-5.870,0.634,0.497,0.583,-0.104,1,-36.753,-1.532,-24.818,0.000,2,41.519039,-86.239647,117.150002,2.336,253.899994,10,43,23,68,12,3,GPS_HOMING,AP_PROT_ROLL_MIN,325.514,30.000,20.000,4,-20,-25,20,ROLL_RIGHT
2422,181.716476,0,1.256,-0.705,0.026,-56.669,-70.904,124.385,7.162,-9.176,8.505,-31.875,5.125,22.375,-27.554,17.429,-5.741,0.632,0.506,0.578,-0.104,1,-36.365,-1.503,-24.687,0.000,2,41.519039,-86.239647,116.400002,2.117,253.899994,10,43,23,72,12,3,GPS_HOMING,AP_PROT_ROLL_MIN,325.514,30.000,20.000,4,-20,-25,20,ROLL_RIGHT
2423,181.825607,0,0.372,0.590,0.679,-56.231,-71.059,125.190,4.252,0.448,3.805,-31.875,5.125,22.375,-27.503,17.506,-5.818,0.632,0.511,0.573,-0.105,1,-37.412,-1.509,-25.040,0.000,2,41.519039,-86.239647,113.680000,1.600,253.899994,10,43,23,84,12,3,GPS_HOMING,AP_PROT_ROLL_MIN,325.514,30.000,20.000,4,-20,-25,20,ROLL_RIGHT
2424,181.947998,0,1.845,1.192,-1.358,-56.159,-70.945,125.217,15.219,-2.910,10.183,-31.875,5.125,22.375,-27.195,17.840,-6.228,0.631,0.512,0.573,-0.105,1,-37.782,-1.507,-25.164,0.000,2,41.519039,-86.239655,0.000000,0.927,253.899994,10,43,23,96,12,3,GPS_HOMING,AP_PROT_ROLL_MIN,325.514,30.000,20.000,4,-20,-25,20,ROLL_RIGHT
2425,182.018127,0,1.692,1.141,-1.051,-53.601,-69.741,126.848,14.436,3.021,18.129,-31.875,5.125,22.375,-26.606,18.532,-6.639,0.622,0.540,0.558,-0.103,1,-36.427,-1.484,-24.708,0.000,2,41.519039,-86.239655,0.000000,0.773,253.899994,10,43,24,4,12,3,GPS_HOMING,AP_PROT_ROLL_MIN,325.514,30.000,20.000,4,-20,-25,20,ROLL_RIGHT
2426,182.101456,0,-1.551,-2.884,2.512,-52.402,-68.906,126.519,-1.567,-1.455,15.555,-31.875,5.125,22.375,-26.426,18.762,-6.690,0.617,0.548,0.556,-0.097,1,-35.750,-1.472,-24.478,0.000,2,41.519039,-86.239655,0.000000,0.721,253.899994,10,43,24,12,12,3,GPS_HOMING,AP_PROT_ROLL_MIN,325.514,30.000,20.000,4,-20,-25,20,ROLL_RIGHT
2427,182.201309,0,2.025,-0.115,-0.103,-49.180,-64.670,121.928,6.491,71.620,24.843,-31.875,5.125,22.375,-25.221,19.531,-8.766,0.596,0.564,0.568,-0.071,1,-35.918,-1.503,-24.535,0.000,2,41.519039,-86.239655,0.000000,0.616,253.899994,10,43,24,20,12,3,GPS_HOMING,AP_PROT_ROLL_MIN,325.514,30.000,20.000,4,-20,-25,20,ROLL_RIGHT
2428,182.252518,0,2.819,-1.000,0.064,-44.021,-59.939,115.133,-52.820,40.846,-0.895,-31.875,5.125,22.375,-22.915,20.736,-11.739,0.565,0.577,0.589,-0.026,1,-35.753,-1.474,-24.479,0.000,2,41.519039,-86.239655,0.000000,0.695,253.899994,10,43,24,24,12,3,GPS_HOMING,AP_PROT_ROLL_MIN,325.514,30.000,20.000,4,-20,-25,20,ROLL_RIGHT
2429,182.315353,0,-0.410,1.217,-4.229,-43.127,-61.523,113.166,-47.448,20.143,-3.245,-31.875,5.125,22.375,-22.607,21.479,-10.996,0.571,0.564,0.597,-0.002,1,-34.657,-1.517,-24.100,0.000,2,41.519039,-86.239655,0.000000,0.962,253.899994,10,43,24,28,12,3,GPS_HOMING,AP_PROT_ROLL_MIN,325.514,30.000,20.000,4,-20,-25,20,ROLL_RIGHT
2430,182.375519,0,0.551,4.575,-1.910,-42.762,-64.219,111.991,-48.008,-2.350,20.703,-31.875,5.125,22.375,-22.479,21.889,-10.355,0.583,0.545,0.602,0.021,1,-35.920,-1.508,-24.536,0.000,2,41.519039,-86.239655,0.000000,1.242,253.899994,10,43,24,36,12,3,GPS_HOMING,AP_PROT_ROLL_MIN,325.514,30.000,20.000,4,-20,-25,20,ROLL_RIGHT
2431,182.436508,0,1.217,-1.974,-0.013,-42.108,-66.608,113.952,-8.057,-26.745,6.602,-31.875,5.125,22.375,-22.223,22.633,-9.253,0.593,0.546,0.590,0.028,1,-36.677,-1.529,-24.793,0.000,2,41.519039,-86.239655,0.000000,0.992,253.899994,10,43,24,44,12,3,GPS_HOMING,AP_PROT_ROLL_MIN,325.514,30.000,20.000,4,-20,-25,20,ROLL_RIGHT
2432,182.485153,0,-0.897,2.140,1.269,-41.928,-70.783,116.799,-36.257,-18.800,14.436,-31.875,5.125,22.375,-22.094,23.248,-7.920,0.613,0.540,0.575,0.035,1,-35.493,-1.541,-24.389,0.000,2,41.519039,-86.239655,0.000000,0.844,253.899994,10,43,24,48,12,3,GPS_HOMING,AP_PROT_ROLL_MIN,325.514,30.000,20.000,4,-20,-25,20,ROLL_RIGHT
2433,182.531525,0,0.743,-0.756,-0.090,-41.323,-70.915,117.565,14.212,-2.798,24.507,-31.875,5.125,22.375,-21.838,23.504,-7.946,0.613,0.546,0.570,0.036,1,-36.441,-1.506,-24.713,0.000,2,41.519039,-86.239655,0.000000,0.645,253.899994,10,43,24,52,12,3,GPS_HOMING,AP_PROT_ROLL_MIN,325.514,30.000,20.000,4,-20,-25,20,ROLL_RIGHT
2434,182.595612,0,-0.372,2.243,-0.551,-40.010,-70.531,117.763,37.377,-4.812,56.624,-31.875,5.125,22.375,-20.351,24.529,-8.740,0.609,0.555,0.566,0.041,1,-36.061,-1.491,-24.584,0.000,2,41.519039,-86.239655,0.000000,0.657,253.800003,10,43,24,60,12,3,GPS_HOMING,AP_PROT_ROLL_MIN,325.514,30.000,20.000,4,-20,-25,20,ROLL_RIGHT
2435,182.651520,0,-0.666,-1.769,0.205,-36.577,-69.603,119.616,29.767,-20.814,47.112,-31.875,5.125,22.375,-19.711,24.914,-9.125,0.598,0.584,0.547,0.050,1,-35.980,-1.480,-24.556,0.000,2,41.519039,-86.239655,0.000000,0.722,253.800003,10,43,24,64,12,3,GPS_HOMING,AP_PROT_ROLL_MIN,325.514,30.000,20.000,4,-20,-25,20,ROLL_RIGHT
2436,182.704971,0,-1.653,1.551,0.910,-35.825,-70.604,121.615,-3.357,-17.681,12.086,-31.875,5.125,22.375,-19.326,25.350,-8.689,0.602,0.591,0.534,0.049,1,-36.136,-1.493,-24.609,0.000,2,41.519039,-86.239655,44.570000,1.495,253.899994,10,43,24,72,12,3,GPS_HOMING,AP_PROT_ROLL_MIN,325.514,30.000,20.000,4,-20,-25,20,ROLL_RIGHT
2437,182.779144,0,-3.614,0.859,-1.602,-35.338,-71.256,122.815,11.079,4.476,17.793,-31.875,5.125,22.375,-19.044,25.606,-8.587,0.605,0.595,0.526,0.049,1,-34.922,-1.449,-24.192,0.000,2,41.519043,-86.239655,0.350000,2.284,254.000000,10,43,24,80,12,3,GPS_HOMING,AP_PROT_ROLL_MIN,325.514,30.000,20.000,4,-20,-25,20,ROLL_RIGHT
2438,182.856018,0,-0.051,-0.359,-1.064,-34.456,-69.195,121.317,-1.343,35.138,-17.681,-31.875,5.125,22.375,-18.762,25.427,-9.791,0.592,0.603,0.532,0.053,1,-35.978,-1.478,-24.555,0.000,2,41.519043,-86.239655,358.970001,2.685,254.100006,10,43,24,88,12,3,GPS_HOMING,AP_PROT_ROLL_MIN,325.514,30.000,20.000,4,-20,-25,20,ROLL_RIGHT
2439,182.978485,0,-0.820,-0.461,0.654,-34.666,-68.415,118.683,-19.584,18.800,-20.479,-31.875,5.125,22.375,-18.993,25.247,-9.817,0.587,0.594,0.547,0.062,1,-36.155,-1.529,-24.616,0.000,2,41.519043,-86.239655,1.780000,2.753,254.300003,10,43,25,0,12,3,GPS_HOMING,AP_PROT_ROLL_MIN,325.514,30.000,20.000,4,-20,-25,20,ROLL_RIGHT
2440,183.101028,0,0.141,-0.666,-0.103,-35.060,-68.596,117.282,-22.829,-13.988,-21.038,-31.875,5.125,22.375,-19.506,25.221,-8.971,0.588,0.584,0.555,0.067,1,-36.198,-1.470,-24.630,0.000,2,41.519047,-86.239655,356.299988,3.490,254.399994,10,43,25,12,12,3,GPS_HOMING,AP_PROT_ROLL_MIN,325.514,30.000,20.000,4,-20,-25,20,ROLL_RIGHT
2441,183.162476,0,0.525,0.243,-0.359,-37.198,-71.365,118.457,-11.079,-2.910,0.560,-31.875,5.125,22.375,-19.993,25.145,-8.100,0.608,0.566,0.554,0.060,1,-36.295,-1.514,-24.663,0.000,2,41.519047,-86.239655,353.880005,3.502,254.500000,10,43,25,16,12,3,GPS_HOMING,AP_PROT_ROLL_MIN,325.514,30.000,20.000,4,-20,-25,20,ROLL_RIGHT
2442,183.217911,0,-1.153,0.218,-0.500,-37.026,-72.838,119.528,-4.924,-15.555,7.050,-31.875,5.125,22.375,-19.941,25.298,-7.664,0.615,0.564,0.547,0.063,1,-34.860,-1.475,-24.171,0.000,2,41.519047,-86.239655,349.649994,3.111,254.600006,10,43,25,24,12,3,GPS_HOMING,AP_PROT_ROLL_MIN,325.514,30.000,20.000,4,-20,-25,20,ROLL_RIGHT
2443,183.295959,0,-0.859,-0.436,0.474,-37.023,-73.653,120.476,-8.617,-13.764,4.924,-31.875,5.125,22.375,-19.967,25.452,-7.177,0.620,0.564,0.542,0.062,1,-37.271,-1.525,-24.993,0.000,2,41.519047,-86.239655,347.880005,2.598,254.699997,10,43,25,32,12,3,GPS_HOMING,AP_PROT_ROLL_MIN,325.514,30.000,20.000,4,-20,-25,20,ROLL_RIGHT
2444,183.421875,0,0.256,-0.410,0.410,-37.345,-74.958,121.130,-13.653,0.448,-5.707,-31.875,5.125,22.375,-20.223,25.427,-6.587,0.627,0.559,0.539,0.062,1,-36.489,-1.458,-24.729,0.000,2,41.519047,-86.239655,346.070007,2.344,254.600006,10,43,25,44,12,3,GPS_HOMING,AP_PROT_ROLL_MIN,325.514,30.000,20.000,4,-20,-25,20,ROLL_RIGHT
2445,183.484314,0,-0.384,0.282,-0.654,-37.237,-75.423,120.522,-23.836,10.855,4.252,-31.875,5.125,22.375,-19.583,26.016,-6.228,0.629,0.554,0.541,0.068,1,-36.661,-1.496,-24.787,0.000,2,41.519047,-86.239655,347.700012,2.457,254.500000,10,43,25,48,12,3,GPS_HOMING,AP_PROT_ROLL_MIN,325.514,30.000,20.000,4,-20,-25,20,ROLL_RIGHT
2446,183.550949,0,-0.384,1.410,0.410,-36.460,-78.773,120.823,-26.410,-34.243,-1.119,-31.875,5.125,22.375,-19.736,26.144,-5.126,0.643,0.540,0.535,0.087,1,-36.282,-1.490,-24.659,0.000,2,41.519047,-86.239655,354.380005,2.015,254.600006,10,43,25,56,12,3,GPS_HOMING,AP_PROT_ROLL_MIN,325.514,30.000,20.000,4,-20,-25,20,ROLL_RIGHT
2447,183.740845,0,-3.114,0.000,-0.410,-37.271,-80.667,121.818,-28.424,2.462,-10.967,-31.875,5.125,22.375,-20.121,26.016,-4.229,0.654,0.531,0.532,0.085,1,-36.706,-1.446,-24.803,0.000,2,41.519047,-86.239647,30.980000,2.142,254.500000,10,43,25,76,12,3,GPS_HOMING,AP_PROT_ROLL_MIN,325.514,30.000,20.000,4,-20,-25,20,ROLL_RIGHT
2448,183.824661,0,0.782,-0.333,1.615,-37.537,-81.730,121.182,-118.620,-85.608,-1.902,-31.875,5.125,22.375,-19.198,26.477,5.870,0.659,0.520,0.535,0.092,1,-37.261,-1.506,-24.989,0.000,2,41.519047,-86.239647,43.139999,2.084,254.399994,10,43,25,84,12,3,GPS_HOMING,AP_PROT_ROLL_MIN,325.514,30.000,20.000,4,-20,-25,20,ROLL_RIGHT
2449,183.893112,0,-2.755,-0.090,-1.615,-34.002,-110.959,130.706,-93.665,-54.722,-3.581,-31.875,5.125,22.375,-17.968,24.529,13.431,0.785,0.392,0.445,0.178,1,-38.292,-1.487,-25.333,0.000,2,41.519047,-86.239647,47.500000,2.088,254.399994,10,43,25,88,12,3,GPS_HOMING,AP_PROT_ROLL_MIN,325.514,30.000,20.000,4,-20,-25,20,ROLL_RIGHT
2450,183.961197,0,0.564,1.615,-1.845,-31.269,-123.199,135.823,-87.510,-55.393,4.924,-31.875,5.125,22.375,-17.327,23.760,15.507,0.833,0.335,0.392,0.200,1,-39.424,-1.516,-25.705,0.000,2,41.519047,-86.239647,47.939999,2.059,254.399994,10,43,25,96,12,3,GPS_HOMING,AP_PROT_ROLL_MIN,325.514,30.000,20.000,4,-20,-25,20,ROLL_RIGHT
2451,184.030518,0,1.141,-4.024,-1.538,-29.727,-130.411,139.576,-80.572,-48.455,-28.984,-31.875,5.125,22.375,-16.507,21.633,19.121,0.861,0.300,0.359,0.202,1,-39.411,-1.489,-25.700,0.000,2,41.519047,-86.239647,48.330002,2.106,254.300003,10,43,26,4,12,3,GPS_HOMING,AP_PROT_ROLL_MIN,325.514,30.000,20.000,4,-20,-25,20,ROLL_RIGHT
2452,184.140671,0,-0.859,-0.641,1.512,-28.822,-135.803,143.202,-28.088,-28.872,13.317,-31.875,5.125,22.375,-15.968,20.249,20.992,0.881,0.273,0.334,0.194,1,-39.497,-1.511,-25.728,0.000,2,41.519047,-86.239647,56.150002,2.125,254.199997,10,43,26,16,12,3,GPS_HOMING,AP_PROT_ROLL_MIN,325.514,30.000,20.000,4,-20,-25,20,ROLL_RIGHT
2453,184.189484,0,-1.551,0.807,-0.243,-27.423,-136.691,143.199,0.448,23.276,4.700,-31.875,5.125,22.375,-15.148,20.813,20.992,0.884,0.271,0.322,0.202,1,-39.615,-1.453,-25.767,0.000,2,41.519047,-86.239647,60.130001,1.953,254.100006,10,43,26,20,12,3,GPS_HOMING,AP_PROT_ROLL_MIN,325.514,30.000,20.000,4,-20,-25,20,ROLL_RIGHT
2454,184.301910,0,0.013,-1.807,-1.974,-27.678,-135.302,141.054,-5.371,-1.119,-16.226,-31.875,5.125,22.375,-15.533,20.710,20.838,0.877,0.274,0.332,0.214,1,-39.401,-1.470,-25.697,0.000,2,41.519047,-86.239647,74.230003,1.852,254.100006,10,43,26,32,12,3,GPS_HOMING,AP_PROT_ROLL_MIN,325.514,30.000,20.000,4,-20,-25,20,ROLL_RIGHT
2455,184.425034,0,-0.090,-0.436,-0.615,-27.899,-135.801,141.710,-31.334,-9.736,9.960,-31.875,5.125,22.375,-15.225,20.044,21.633,0.879,0.272,0.331,0.209,1,-38.967,-1.492,-25.555,0.000,2,41.519047,-86.239647,71.510002,2.403,254.000000,10,43,26,44,12,3,GPS_HOMING,AP_PROT_ROLL_MIN,325.514,30.000,20.000,4,-20,-25,20,ROLL_RIGHT
2456,184.536804,0,-0.807,-2.076,-2.063,-26.413,-138.599,141.817,-14.212,-10.072,-0.783,-31.875,5.125,22.375,-14.636,19.301,22.684,0.887,0.255,0.315,0.222,1,-40.013,-1.503,-25.896,0.000,2,41.519047,-86.239647,78.879997,2.294,253.899994,10,43,26,56,12,3,GPS_HOMING,AP_PROT_ROLL_MIN,325.514,30.000,20.000,4,-20,-25,20,ROLL_RIGHT
2457,184.611511,0,0.807,0.000,-0.320,-25.461,-139.982,142.369,-6.155,-15.107,3.581,-31.875,5.125,22.375,-13.713,19.172,23.325,0.892,0.249,0.304,0.224,1,-39.654,-1.530,-25.779,0.000,2,41.519047,-86.239647,79.360001,2.162,253.800003,10,43,26,60,12,3,GPS_HOMING,AP_PROT_ROLL_MIN,325.514,30.000,20.000,4,-20,-25,20,ROLL_RIGHT
2458,184.672394,0,-1.064,-0.449,-0.615,-23.645,-140.613,143.024,2.686,-5.707,7.498,-31.875,5.125,22.375,-13.431,19.275,23.376,0.896,0.252,0.288,0.227,1,-40.086,-1.497,-25.919,0.000,2,41.519047,-86.239647,77.050003,1.870,253.699997,10,43,26,68,12,3,GPS_HOMING,AP_PROT_ROLL_MIN,325.514,30.000,20.000,4,-20,-25,20,ROLL_RIGHT
2459,184.742828,0,-0.564,-1.153,-1.000,-23.419,-140.470,143.222,4.924,-15.219,-1.679,-31.875,5.125,22.375,-13.200,19.377,23.402,0.896,0.254,0.286,0.226,1,-40.455,-1.497,-26.038,0.000,2,41.519047,-86.239647,74.339996,1.863,253.699997,10,43,26,76,12,3,GPS_HOMING,AP_PROT_ROLL_MIN,325.514,30.000,20.000,4,-20,-25,20,ROLL_RIGHT
2460,184.798508,0,0.256,-0.384,-2.371,-22.677,-139.576,143.945,23.500,-8.393,1.567,-31.875,5.125,22.375,-12.816,19.864,23.120,0.896,0.265,0.280,0.220,1,-39.192,-1.496,-25.629,0.000,2,41.519047,-86.239647,75.050003,1.860,253.600006,10,43,26,80,12,3,GPS_HOMING,AP_PROT_ROLL_MIN,325.514,30.000,20.000,4,-20,-25,20,ROLL_RIGHT
2461,184.902695,0,0.525,-1.602,-0.641,-21.733,-139.244,144.336,8.393,-33.236,6.043,-31.875,5.125,22.375,-12.226,20.095,23.222,0.896,0.271,0.273,0.219,1,-40.143,-1.468,-25.938,0.000,2,41.519047,-86.239647,80.589996,1.573,253.500000,10,43,26,92,12,3,GPS_HOMING,AP_PROT_ROLL_MIN,325.514,30.000,20.000,4,-20,-25,20,ROLL_RIGHT
2462,184.957504,0,-1.371,1.205,-0.615,-20.316,-138.372,145.372,13.764,-6.379,5.483,-31.875,5.125,22.375,-11.380,20.992,22.812,0.897,0.285,0.261,0.214,1,-40.232,-1.492,-25.967,0.000,2,41.519047,-86.239647,82.599998,1.435,253.500000,10,43,26,96,12,3,GPS_HOMING,AP_PROT_ROLL_MIN,325.514,30.000,20.000,4,-20,-25,20,ROLL_RIGHT
2463,185.021667,0,0.103,0.115,-0.154,-19.295,-137.269,146.228,6.938,-27.193,-0.560,-31.875,5.125,22.375,-11.073,21.120,22.786,0.896,0.298,0.254,0.208,1,-39.845,-1.465,-25.841,0.000,2,41.519047,-86.239647,83.919998,1.136,253.500000,10,43,27,4,12,3,GPS_HOMING,AP_PROT_ROLL_MIN,325.514,30.000,20.000,4,-20,-25,20,ROLL_RIGHT
2464,185.097549,0,-0.782,1.346,0.846,-18.408,-137.121,147.109,8.393,-19.360,-1.343,-31.875,5.125,22.375,-10.535,21.325,22.838,0.898,0.304,0.245,0.204,1,-40.229,-1.486,-25.966,0.000,2,41.519047,-86.239647,0.000000,0.846,253.500000,10,43,27,12,12,3,GPS_HOMING,AP_PROT_ROLL_MIN,325.514,30.000,20.000,4,-20,-25,20,ROLL_RIGHT
2465,185.216797,0,-0.231,0.564,-0.500,-18.607,-136.669,147.469,5.819,-1.119,-16.450,-31.875,5.125,22.375,-10.688,21.428,22.633,0.897,0.308,0.246,0.200,1,-39.708,-1.486,-25.797,0.000,2,41.519047,-86.239647,0.000000,0.986,253.399994,10,43,27,24,12,3,GPS_HOMING,AP_PROT_ROLL_MIN,325.514,30.000,20.000,4,-20,-25,20,ROLL_RIGHT
2466,185.414444,0,1.153,2.755,0.154,-18.773,-136.725,148.059,1.343,3.021,-1.007,-31.875,5.125,22.375,-10.560,21.633,22.479,0.898,0.308,0.246,0.195,1,-39.242,-1.451,-25.645,0.000,2,41.519047,-86.239647,0.000000,0.884,253.399994,10,43,27,44,12,3,GPS_HOMING,AP_PROT_ROLL_MIN,325.514,30.000,20.000,4,-20,-25,20,ROLL_RIGHT
2467,185.536514,0,0.769,2.499,0.026,-18.882,-135.017,149.647,4.812,7.833,-19.248,-31.875,5.125,22.375,-10.817,22.043,21.941,0.896,0.325,0.245,0.178,1,-40.250,-1.525,-25.972,0.000,2,41.519047,-86.239647,0.000000,0.424,253.399994,10,43,27,56,12,3,GPS_HOMING,AP_PROT_ROLL_MIN,325.514,30.000,20.000,4,-20,-25,20,ROLL_RIGHT
2468,185.620483,0,0.397,-0.910,0.974,-18.900,-134.661,150.104,6.379,-0.112,-1.679,-31.875,5.125,22.375,-10.970,22.146,21.710,0.896,0.328,0.244,0.174,1,-40.536,-1.508,-26.065,0.000,2,41.519047,-86.239647,0.000000,0.619,253.600006,10,43,27,64,12,3,GPS_HOMING,AP_PROT_ROLL_MIN,325.514,30.000,20.000,4,-20,-25,20,ROLL_RIGHT
2469,185.677902,0,0.936,-0.077,-0.128,-19.597,-134.147,149.627,1.119,7.945,-5.371,-31.875,5.125,22.375,-11.098,22.146,21.633,0.893,0.329,0.252,0.174,1,-39.938,-1.499,-25.871,0.000,2,41.519047,-86.239647,0.000000,0.597,253.600006,10,43,27,68,12,3,GPS_HOMING,AP_PROT_ROLL_MIN,325.514,30.000,20.000,4,-20,-25,20,ROLL_RIGHT
2470,185.736511,0,-0.320,0.372,-0.500,-19.819,-133.803,149.238,10.183,18.353,-2.462,-31.875,5.125,22.375,-11.175,22.248,21.505,0.892,0.331,0.255,0.175,1,-40.327,-1.529,-25.997,0.000,2,41.519047,-86.239647,0.000000,0.638,253.600006,10,43,27,72,12,3,GPS_HOMING,AP_PROT_ROLL_MIN,325.514,30.000,20.000,4,-20,-25,20,ROLL_RIGHT
2471,185.789764,0,0.243,-1.294,-1.499,-20.490,-133.138,148.722,14.436,13.541,4.141,-31.875,5.125,22.375,-11.662,22.530,20.864,0.889,0.333,0.263,0.175,1,-40.393,-1.511,-26.019,0.000,2,41.519047,-86.239647,0.000000,0.609,253.500000,10,43,27,80,12,3,GPS_HOMING,AP_PROT_ROLL_MIN,325.514,30.000,20.000,4,-20,-25,20,ROLL_RIGHT
2472,185.856476,0,-0.577,1.640,-3.114,-21.150,-131.790,148.251,30.998,14.548,-24.060,-31.875,5.125,22.375,-12.431,22.992,19.916,0.884,0.340,0.271,0.173,1,-40.092,-1.507,-25.921,0.000,2,41.519047,-86.239647,0.000000,0.155,253.500000,10,43,27,88,12,3,GPS_HOMING,AP_PROT_ROLL_MIN,325.514,30.000,20.000,4,-20,-25,20,ROLL_RIGHT
2473,185.948608,0,0.333,-2.448,-3.422,-21.813,-131.365,149.481,5.148,-22.717,-6.826,-31.875,5.125,22.375,-12.354,22.915,20.070,0.884,0.345,0.273,0.160,1,-39.126,-1.512,-25.607,0.000,2,41.519047,-86.239647,0.000000,0.577,253.500000,10,43,27,96,12,3,GPS_HOMING,AP_PROT_ROLL_MIN,325.514,30.000,20.000,4,-20,-25,20,ROLL_RIGHT
2474,186.022430,0,0.308,-2.550,-2.973,-21.801,-129.306,150.255,34.131,2.798,-14.324,-31.875,5.125,22.375,-12.431,23.530,19.249,0.878,0.362,0.273,0.150,1,-39.634,-1.490,-25.773,0.000,2,41.519047,-86.239647,0.000000,0.716,253.500000,10,43,28,4,12,3,GPS_HOMING,AP_PROT_ROLL_MIN,325.514,30.000,20.000,4,-20,-25,20,ROLL_RIGHT
2475,186.214432,0,1.499,0.359,1.435,-20.841,-128.312,149.853,14.883,6.379,6.938,-31.875,5.125,22.375,-12.329,23.607,19.224,0.875,0.372,0.269,0.154,1,-39.580,-1.529,-25.755,0.000,2,41.519047,-86.239647,0.000000,0.967,253.500000,10,43,28,24,12,3,GPS_HOMING,AP_PROT_ROLL_MIN,325.514,30.000,20.000,4,-20,-25,20,ROLL_RIGHT
2476,186.302429,0,-2.153,-1.423,-1.564,-20.608,-127.339,147.491,4.588,13.764,-2.686,-31.875,5.125,22.375,-12.534,24.427,17.916,0.869,0.374,0.276,0.171,1,-40.515,-1.460,-26.058,0.000,2,41.519047,-86.239647,0.000000,0.817,253.500000,10,43,28,32,12,3,GPS_HOMING,AP_PROT_ROLL_MIN,325.514,30.000,20.000,4,-20,-25,20,ROLL_RIGHT
2477,186.381409,0,0.154,0.910,0.602,-22.326,-125.967,145.967,8.169,-8.393,-1.231,-31.875,5.125,22.375,-12.508,24.709,17.481,0.862,0.376,0.295,0.172,1,-39.216,-1.541,-25.637,0.000,2,41.519047,-86.239647,0.000000,0.862,253.500000,10,43,28,40,12,3,GPS_HOMING,AP_PROT_ROLL_MIN,325.514,30.000,20.000,4,-20,-25,20,ROLL_RIGHT
2478,186.463455,0,-0.026,0.051,0.269,-21.822,-125.523,146.305,8.057,-5.931,-4.924,-31.875,5.125,22.375,-12.278,24.888,17.429,0.861,0.381,0.291,0.170,1,-39.921,-1.467,-25.866,0.000,2,41.519047,-86.239647,0.000000,0.976,253.500000,10,43,28,48,12,3,GPS_HOMING,AP_PROT_ROLL_MIN,325.514,30.000,20.000,4,-20,-25,20,ROLL_RIGHT
2479,186.516510,0,-0.026,0.243,0.051,-21.507,-125.172,146.997,1.567,-9.400,1.343,-31.875,5.125,22.375,-12.124,24.940,17.455,0.861,0.387,0.287,0.165,1,-39.115,-1.493,-25.604,0.000,2,41.519047,-86.239647,0.000000,1.058,253.500000,10,43,28,52,12,3,GPS_HOMING,AP_PROT_ROLL_MIN,325.514,30.000,20.000,4,-20,-25,20,ROLL_RIGHT
2480,186.581497,0,0.807,-0.910,-0.282,-21.703,-125.054,147.238,2.350,-1.790,-6.043,-31.875,5.125,22.375,-12.201,24.914,17.404,0.860,0.388,0.288,0.162,1,-40.226,-1.485,-25.964,0.000,2,41.519047,-86.239647,5.680000,1.220,253.500000,10,43,28,60,12,3,GPS_HOMING,AP_PROT_ROLL_MIN,325.514,30.000,20.000,4,-20,-25,20,ROLL_RIGHT
2481,186.657593,0,-0.679,1.269,-0.218,-21.787,-123.937,146.699,8.841,3.469,3.357,-31.875,5.125,22.375,-12.201,25.093,17.096,0.856,0.394,0.292,0.163,1,-40.245,-1.515,-25.971,0.000,2,41.519047,-86.239647,0.000000,1.183,253.500000,10,43,28,68,12,3,GPS_HOMING,AP_PROT_ROLL_MIN,325.514,30.000,20.000,4,-20,-25,20,ROLL_RIGHT
2482,186.739471,0,-0.051,0.090,-0.115,-21.695,-123.957,146.660,2.350,-3.693,1.119,-31.875,5.125,22.375,-12.149,25.247,16.917,0.856,0.394,0.292,0.164,1,-41.195,-1.486,-26.276,0.000,2,41.519047,-86.239647,323.519989,1.565,253.500000,10,43,28,76,12,3,GPS_HOMING,AP_PROT_ROLL_MIN,325.514,30.000,20.000,4,-20,-25,20,ROLL_RIGHT
2483,186.815964,0,-0.410,1.012,0.192,-21.555,-123.384,146.685,4.812,0.448,-1.231,-31.875,5.125,22.375,-12.149,25.503,16.532,0.854,0.399,0.291,0.163,1,-40.509,-1.451,-26.056,0.000,2,41.519047,-86.239647,322.670013,1.318,253.399994,10,43,28,84,12,3,GPS_HOMING,AP_PROT_ROLL_MIN,325.514,30.000,20.000,4,-20,-25,20,ROLL_RIGHT
2484,186.901031,0,-0.423,0.692,-0.154,-21.620,-123.178,146.617,2.126,2.686,-5.036,-31.875,5.125,22.375,-12.175,25.478,16.507,0.853,0.400,0.292,0.163,1,-38.972,-1.502,-25.557,0.000,2,41.519047,-86.239647,321.089996,1.271,253.399994,10,43,28,92,12,3,GPS_HOMING,AP_PROT_ROLL_MIN,325.514,30.000,20.000,4,-20,-25,20,ROLL_RIGHT
2485,187.062286,0,0.128,-0.538,-0.487,-21.991,-123.394,146.837,-7.833,-1.567,3.133,-31.875,5.125,22.375,-12.329,25.298,16.686,0.854,0.398,0.294,0.160,1,-41.417,-1.479,-26.346,0.000,2,41.519047,-86.239647,0.000000,0.881,253.300003,10,43,29,8,12,3,GPS_HOMING,AP_PROT_ROLL_MIN,325.514,30.000,20.000,4,-20,-25,20,ROLL_RIGHT
2486,187.134415,0,0.449,0.115,0.410,-22.059,-123.721,147.074,-3.805,-0.560,-2.574,-31.875,5.125,22.375,-12.380,25.273,16.686,0.856,0.396,0.293,0.159,1,-38.306,-1.513,-25.337,0.000,2,41.519051,-86.239647,0.000000,0.901,253.199997,10,43,29,16,12,3,GPS_HOMING,AP_PROT_ROLL_MIN,325.514,30.000,20.000,4,-20,-25,20,ROLL_RIGHT
2487,187.217575,0,-0.231,-0.987,0.090,-22.036,-123.672,146.997,-3.245,0.560,2.238,-31.875,5.125,22.375,-12.329,25.247,16.763,0.855,0.396,0.293,0.159,1,-40.903,-1.497,-26.182,0.000,2,41.519051,-86.239647,0.000000,0.797,253.100006,10,43,29,24,12,3,GPS_HOMING,AP_PROT_ROLL_MIN,325.514,30.000,20.000,4,-20,-25,20,ROLL_RIGHT
2488,187.302383,0,-0.026,0.372,-0.013,-22.013,-123.695,146.830,-1.455,-1.455,2.574,-31.875,5.125,22.375,-12.303,25.273,16.737,0.855,0.396,0.294,0.161,1,-39.797,-1.517,-25.826,0.000,2,41.519051,-86.239647,0.000000,0.650,253.100006,10,43,29,32,12,3,GPS_HOMING,AP_PROT_ROLL_MIN,325.514,30.000,20.000,4,-20,-25,20,ROLL_RIGHT
2489,187.353516,0,-0.231,0.718,-0.666,-21.757,-123.722,146.708,-1.119,3.021,-0.560,-31.875,5.125,22.375,-12.201,25.298,16.763,0.855,0.396,0.292,0.163,1,-39.271,-1.507,-25.655,0.000,2,41.519051,-86.239647,0.000000,0.564,253.100006,10,43,29,36,12,3,GPS_HOMING,AP_PROT_ROLL_MIN,325.514,30.000,20.000,4,-20,-25,20,ROLL_RIGHT
2490,187.419632,0,-0.756,-0.743,-1.576,-21.925,-123.812,146.569,-1.343,2.238,0.783,-31.875,5.125,22.375,-12.278,25.247,16.789,0.855,0.395,0.294,0.163,1,-38.501,-1.460,-25.402,0.000,2,41.519051,-86.239647,0.000000,0.503,253.100006,10,43,29,44,12,3,GPS_HOMING,AP_PROT_ROLL_MIN,325.514,30.000,20.000,4,-20,-25,20,ROLL_RIGHT
2491,187.499496,0,0.231,-0.115,-0.846,-21.948,-123.773,146.527,-0.224,-7.386,-3.357,-31.875,5.125,22.375,-12.278,25.247,16.814,0.855,0.395,0.294,0.163,1,-39.478,-1.475,-25.722,0.000,2,41.519051,-86.239647,0.000000,0.516,253.100006,10,43,29,52,12,3,GPS_HOMING,AP_PROT_ROLL_MIN,325.514,30.000,20.000,4,-20,-25,20,ROLL_RIGHT
2492,187.578415,0,0.654,0.423,-0.372,-21.746,-123.980,147.023,3.581,0.112,-3.469,-31.875,5.125,22.375,-12.201,25.221,16.840,0.857,0.395,0.291,0.161,1,-39.258,-1.485,-25.650,0.000,2,41.519051,-86.239647,0.000000,0.388,253.100006,10,43,29,60,12,3,GPS_HOMING,AP_PROT_ROLL_MIN,325.514,30.000,20.000,4,-20,-25,20,ROLL_RIGHT
2493,187.656281,0,0.577,0.372,0.487,-21.782,-123.898,147.162,1.231,-4.141,0.671,-31.875,5.125,22.375,-12.149,25.273,16.866,0.856,0.396,0.290,0.160,1,-37.393,-1.474,-25.034,0.000,2,41.519051,-86.239647,0.000000,0.371,253.100006,10,43,29,64,12,3,GPS_HOMING,AP_PROT_ROLL_MIN,325.514,30.000,20.000,4,-20,-25,20,ROLL_RIGHT
2494,187.716507,0,-0.436,0.269,0.936,-21.443,-123.956,147.702,-4.141,-6.379,2.910,-31.875,5.125,22.375,-12.021,25.273,16.891,0.857,0.398,0.286,0.157,1,-39.689,-1.455,-25.791,0.000,2,41.519051,-86.239647,0.000000,0.437,253.100006,10,43,29,72,12,3,GPS_HOMING,AP_PROT_ROLL_MIN,325.514,30.000,20.000,4,-20,-25,20,ROLL_RIGHT
2495,187.777390,0,-0.026,-0.461,0.128,-21.390,-124.132,147.792,3.245,1.679,-6.602,-31.875,5.125,22.375,-12.072,25.221,16.942,0.858,0.397,0.285,0.157,1,-39.779,-1.482,-25.820,0.000,2,41.519051,-86.239647,0.000000,0.692,253.000000,10,43,29,80,12,3,GPS_HOMING,AP_PROT_ROLL_MIN,325.514,30.000,20.000,4,-20,-25,20,ROLL_RIGHT
2496,187.855759,0,0.679,0.615,0.513,-21.507,-124.096,147.868,-2.686,-1.343,4.029,-31.875,5.125,22.375,-11.996,25.196,17.045,0.858,0.397,0.286,0.156,1,-38.072,-1.493,-25.260,0.000,2,41.519051,-86.239647,0.000000,0.744,253.000000,10,43,29,84,12,3,GPS_HOMING,AP_PROT_ROLL_MIN,325.514,30.000,20.000,4,-20,-25,20,ROLL_RIGHT
2497,187.915756,0,1.077,-0.436,-0.756,-21.401,-124.546,147.930,-8.729,-0.224,1.007,-31.875,5.125,22.375,-11.996,25.093,17.173,0.860,0.394,0.284,0.157,1,-35.486,-1.530,-24.387,0.000,2,41.519051,-86.239647,0.000000,0.429,253.000000,10,43,29,92,12,3,GPS_HOMING,AP_PROT_ROLL_MIN,325.514,30.000,20.000,4,-20,-25,20,ROLL_RIGHT
2498,187.975891,0,-1.230,1.243,-0.974,-21.363,-124.837,147.787,5.260,9.960,2.014,-31.875,5.125,22.375,-12.021,25.119,17.148,0.861,0.392,0.284,0.159,1,-40.706,-1.541,-26.119,0.000,2,41.519051,-86.239647,0.000000,0.427,253.000000,10,43,29,96,12,3,GPS_HOMING,AP_PROT_ROLL_MIN,325.514,30.000,20.000,4,-20,-25,20,ROLL_RIGHT
2499,188.035507,0,-1.102,0.666,-1.051,-21.778,-123.995,146.978,2.126,7.833,-0.448,-31.875,5.125,22.375,-12.175,25.221,16.917,0.857,0.395,0.291,0.161,1,-40.445,-1.475,-26.035,0.000,2,41.519051,-86.239647,0.000000,0.449,253.000000,10,43,30,4,12,3,GPS_HOMING,AP_PROT_ROLL_MIN,325.514,30.000,20.000,4,-20,-25,20,ROLL_RIGHT
2500,188.081985,0,-0.654,-0.666,-0.090,-21.776,-124.101,147.072,-3.469,-4.029,1.567,-31.875,5.125,22.375,-12.149,25.170,16.942,0.857,0.394,0.290,0.161,1,-37.396,-1.480,-25.035,0.000,2,41.519051,-86.239647,0.000000,0.388,253.100006,10,43,30,8,12,3,GPS_HOMING,AP_PROT_ROLL_MIN,325.514,30.000,20.000,4,-20,-25,20,ROLL_RIGHT
2501,188.174393,0,1.051,0.513,1.897,-21.760,-124.116,147.193,5.931,-5.931,-5.595,-31.875,5.125,22.375,-12.175,25.170,16.942,0.857,0.394,0.290,0.160,1,-40.156,-1.489,-25.942,0.000,2,41.519051,-86.239647,0.000000,0.459,253.100006,10,43,30,16,12,3,GPS_HOMING,AP_PROT_ROLL_MIN,325.514,30.000,20.000,4,-20,-25,20,ROLL_RIGHT
2502,188.235184,0,0.397,0.974,1.166,-21.306,-123.999,147.476,1.455,7.386,0.224,-31.875,5.125,22.375,-11.919,25.298,16.942,0.857,0.397,0.286,0.160,1,-37.338,-1.510,-25.015,0.000,2,41.519051,-86.239647,0.000000,0.618,253.100006,10,43,30,24,12,3,GPS_HOMING,AP_PROT_ROLL_MIN,325.514,30.000,20.000,4,-20,-25,20,ROLL_RIGHT
2503,188.292511,0,-0.359,-0.013,-0.295,-21.585,-123.902,147.187,-3.693,6.043,2.238,-31.875,5.125,22.375,-12.098,25.247,16.891,0.857,0.396,0.289,0.160,1,-41.737,-1.519,-26.448,0.000,2,41.519051,-86.239647,0.000000,0.630,253.100006,10,43,30,28,12,3,GPS_HOMING,AP_PROT_ROLL_MIN,325.514,30.000,20.000,4,-20,-25,20,ROLL_RIGHT
2504,188.355499,0,-1.128,0.641,-1.397,-21.983,-123.723,146.727,2.686,8.393,-6.267,-31.875,5.125,22.375,-12.278,25.247,16.763,0.855,0.395,0.294,0.162,1,-39.342,-1.503,-25.678,0.000,2,41.519051,-86.239647,0.000000,0.684,253.100006,10,43,30,36,12,3,GPS_HOMING,AP_PROT_ROLL_MIN,325.514,30.000,20.000,4,-20,-25,20,ROLL_RIGHT
2505,188.410965,0,-0.128,-0.064,-0.564,-21.897,-123.917,146.964,-4.924,-9.176,5.595,-31.875,5.125,22.375,-12.124,25.196,16.942,0.856,0.395,0.292,0.161,1,-38.896,-1.501,-25.532,0.000,2,41.519051,-86.239655,0.000000,0.694,253.000000,10,43,30,40,12,3,GPS_HOMING,AP_PROT_ROLL_MIN,325.514,30.000,20.000,4,-20,-25,20,ROLL_RIGHT
2506,188.461395,0,0.730,0.320,0.064,-21.824,-123.973,147.237,4.812,1.007,-6.267,-31.875,5.125,22.375,-12.175,25.196,16.891,0.857,0.395,0.290,0.159,1,-37.692,-1.477,-25.133,0.000,2,41.519051,-86.239655,0.000000,0.635,253.000000,10,43,30,44,12,3,GPS_HOMING,AP_PROT_ROLL_MIN,325.514,30.000,20.000,4,-20,-25,20,ROLL_RIGHT
2507,188.515518,0,0.128,-1.320,-0.666,-21.878,-123.949,147.231,-1.455,0.000,2.910,-31.875,5.125,22.375,-12.175,25.196,16.891,0.857,0.395,0.291,0.159,1,-43.984,-1.553,-27.150,0.000,2,41.519051,-86.239655,0.000000,0.483,253.000000,10,43,30,52,12,3,GPS_HOMING,AP_PROT_ROLL_MIN,325.514,30.000,20.000,4,-20,-25,20,ROLL_RIGHT
2508,188.574280,0,0.602,-0.384,0.410,-21.727,-123.657,147.203,3.021,-2.462,-0.224,-31.875,5.125,22.375,-12.149,25.247,16.840,0.856,0.398,0.290,0.159,1,-40.167,-1.513,-25.946,0.000,2,41.519051,-86.239655,0.000000,0.290,253.000000,10,43,30,60,12,3,GPS_HOMING,AP_PROT_ROLL_MIN,325.514,30.000,20.000,4,-20,-25,20,ROLL_RIGHT
2509,188.630508,0,-1.064,0.743,-0.282,-21.754,-123.270,146.818,3.357,4.141,-2.350,-31.875,5.125,22.375,-12.124,25.298,16.789,0.854,0.400,0.292,0.161,1,-39.287,-1.534,-25.660,0.000,2,41.519051,-86.239647,0.000000,0.285,253.100006,10,43,30,64,12,3,GPS_HOMING,AP_PROT_ROLL_MIN,325.514,30.000,20.000,4,-20,-25,20,ROLL_RIGHT
2510,188.704681,0,-0.384,-0.410,-0.308,-21.679,-123.377,147.003,-1.790,-6.043,2.462,-31.875,5.125,22.375,-12.124,25.401,16.584,0.854,0.400,0.291,0.160,1,-37.249,-1.485,-24.985,0.000,2,41.519051,-86.239647,0.000000,0.326,253.100006,10,43,30,72,12,3,GPS_HOMING,AP_PROT_ROLL_MIN,325.514,30.000,20.000,4,-20,-25,20,ROLL_RIGHT
2511,188.899506,0,-0.833,0.410,0.064,-21.406,-123.323,146.988,1.343,-3.021,0.112,-31.875,5.125,22.375,-11.944,25.478,16.661,0.854,0.401,0.289,0.161,1,-39.046,-1.502,-25.581,0.000,2,41.519051,-86.239647,0.000000,0.613,253.100006,10,43,30,92,12,3,GPS_HOMING,AP_PROT_ROLL_MIN,325.514,30.000,20.000,4,-20,-25,20,ROLL_RIGHT
2512,188.973404,0,1.217,-2.332,-0.038,-20.217,-123.025,147.281,-2.574,-10.519,4.364,-31.875,5.125,22.375,-11.201,25.734,16.737,0.854,0.407,0.280,0.163,1,-35.999,-1.511,-24.563,0.000,2,41.519051,-86.239647,0.000000,0.543,253.100006,10,43,30,96,12,3,GPS_HOMING,AP_PROT_ROLL_MIN,325.514,30.000,20.000,4,-20,-25,20,ROLL_RIGHT
2513,189.093338,0,0.538,-1.474,0.359,-19.716,-122.633,147.337,20.591,-0.560,7.386,-31.875,5.125,22.375,-11.073,25.914,16.558,0.853,0.412,0.277,0.164,1,-37.875,-1.543,-25.194,0.000,2,41.519051,-86.239647,0.000000,0.407,253.100006,10,43,31,12,12,3,GPS_HOMING,AP_PROT_ROLL_MIN,325.514,30.000,20.000,4,-20,-25,20,ROLL_RIGHT
2514,189.150513,0,-1.602,2.371,1.551,-21.038,-122.315,147.395,20.143,6.267,-1.679,-31.875,5.125,22.375,-11.765,25.785,16.276,0.851,0.410,0.287,0.157,1,-39.181,-1.476,-25.625,0.000,2,41.519051,-86.239647,0.000000,0.354,253.100006,10,43,31,16,12,3,GPS_HOMING,AP_PROT_ROLL_MIN,325.514,30.000,20.000,4,-20,-25,20,ROLL_RIGHT
2515,189.217590,0,1.217,-8.061,-3.947,-20.257,-121.683,148.262,30.998,-15.443,12.310,-31.875,5.125,22.375,-11.355,26.093,16.071,0.850,0.419,0.279,0.153,1,-39.809,-1.539,-25.830,0.000,2,41.519051,-86.239647,0.000000,0.574,253.100006,10,43,31,24,12,3,GPS_HOMING,AP_PROT_ROLL_MIN,325.514,30.000,20.000,4,-20,-25,20,ROLL_RIGHT
2516,189.294571,0,-1.948,-0.077,-1.897,-20.972,-120.318,148.096,35.138,1.119,10.072,-31.875,5.125,22.375,-11.380,26.452,15.456,0.845,0.427,0.286,0.147,1,-38.822,-1.502,-25.507,0.000,2,41.519051,-86.239647,0.000000,0.451,253.100006,10,43,31,32,12,3,GPS_HOMING,AP_PROT_ROLL_MIN,325.514,30.000,20.000,4,-20,-25,20,ROLL_RIGHT
2517,189.350510,0,2.614,2.935,2.217,-19.627,-121.183,150.711,-8.617,-18.017,-17.233,-31.875,5.125,22.375,-11.585,26.221,15.687,0.852,0.431,0.266,0.136,1,-38.761,-1.525,-25.487,0.000,2,41.519051,-86.239647,0.000000,0.451,253.100006,10,43,31,36,12,3,GPS_HOMING,AP_PROT_ROLL_MIN,325.514,30.000,20.000,4,-20,-25,20,ROLL_RIGHT
2518,189.449661,0,-2.397,-0.807,-2.960,-19.221,-121.111,151.250,-0.336,12.533,-3.245,-31.875,5.125,22.375,-10.817,26.426,15.892,0.852,0.433,0.261,0.134,1,-38.670,-1.501,-25.458,0.000,2,41.519051,-86.239647,0.000000,0.582,253.199997,10,43,31,44,12,3,GPS_HOMING,AP_PROT_ROLL_MIN,325.514,30.000,20.000,4,-20,-25,20,ROLL_RIGHT
2519,189.513412,0,4.075,-1.538,2.678,-20.886,-120.935,151.895,-24.172,-34.915,4.924,-31.875,5.125,22.375,-11.329,26.093,16.148,0.852,0.432,0.271,0.121,1,-39.903,-1.575,-25.860,0.000,2,41.519051,-86.239647,0.000000,0.672,253.199997,10,43,31,48,12,3,GPS_HOMING,AP_PROT_ROLL_MIN,325.514,30.000,20.000,4,-20,-25,20,ROLL_RIGHT
2520,189.573517,0,1.615,-0.628,2.397,-19.814,-122.731,153.483,-5.148,2.574,-1.679,-31.875,5.125,22.375,-11.124,25.914,16.584,0.860,0.425,0.255,0.118,1,-38.695,-1.541,-25.466,0.000,2,41.519051,-86.239647,338.600006,0.955,253.100006,10,43,31,56,12,3,GPS_HOMING,AP_PROT_ROLL_MIN,325.514,30.000,20.000,4,-20,-25,20,ROLL_RIGHT
2521,189.662872,0,-0.961,0.602,1.077,-20.721,-122.472,153.264,-11.079,0.448,-21.262,-31.875,5.125,22.375,-11.765,25.708,16.455,0.859,0.424,0.263,0.115,1,-39.349,-1.510,-25.680,0.000,2,41.519051,-86.239647,356.309998,0.868,253.000000,10,43,31,68,12,3,GPS_HOMING,AP_PROT_ROLL_MIN,325.514,30.000,20.000,4,-20,-25,20,ROLL_RIGHT
2522,189.782364,0,0.436,-6.241,-3.383,-22.411,-123.507,153.608,-9.736,10.631,-7.945,-31.875,5.125,22.375,-12.483,25.247,16.635,0.862,0.413,0.273,0.108,1,-39.216,-1.546,-25.637,0.000,2,41.519051,-86.239647,0.000000,0.586,252.899994,10,43,31,80,12,3,GPS_HOMING,AP_PROT_ROLL_MIN,325.514,30.000,20.000,4,-20,-25,20,ROLL_RIGHT
2523,189.862411,0,0.961,-5.101,0.871,-22.000,-123.401,154.943,13.653,-18.688,0.000,-31.875,5.125,22.375,-11.509,25.760,16.558,0.863,0.418,0.265,0.099,1,-39.052,-1.512,-25.583,0.000,2,41.519051,-86.239647,0.000000,0.645,252.899994,10,43,31,88,12,3,GPS_HOMING,AP_PROT_ROLL_MIN,325.514,30.000,20.000,4,-20,-25,20,ROLL_RIGHT
2524,189.929001,0,0.743,3.076,2.448,-19.873,-121.368,155.874,22.605,-11.191,18.800,-31.875,5.125,22.375,-10.893,26.452,15.738,0.858,0.440,0.248,0.097,1,-39.255,-1.479,-25.649,0.000,2,41.519051,-86.239647,0.000000,0.765,252.899994,10,43,31,92,12,3,GPS_HOMING,AP_PROT_ROLL_MIN,325.514,30.000,20.000,4,-20,-25,20,ROLL_RIGHT
2525,189.978516,0,0.654,-0.590,1.128,-17.984,-121.583,156.036,-39.838,-19.472,21.038,-31.875,5.125,22.375,-9.945,26.349,16.481,0.859,0.443,0.234,0.104,1,-40.332,-1.542,-25.999,0.000,2,41.519051,-86.239647,0.000000,0.731,252.899994,10,43,31,96,12,3,GPS_HOMING,AP_PROT_ROLL_MIN,325.514,30.000,20.000,4,-20,-25,20,ROLL_RIGHT
2526,190.064224,0,-1.794,3.922,1.012,-16.755,-122.888,156.591,5.036,-10.183,2.350,-31.875,5.125,22.375,-9.484,26.221,16.968,0.865,0.437,0.221,0.108,1,-36.430,-1.488,-24.709,0.000,2,41.519051,-86.239647,0.000000,0.721,252.899994,10,43,32,8,12,3,GPS_HOMING,AP_PROT_ROLL_MIN,325.514,30.000,20.000,4,-20,-25,20,ROLL_RIGHT
2527,190.143417,0,-1.435,5.267,-2.614,-16.555,-123.608,157.022,-40.062,-42.972,-22.829,-31.875,5.125,22.375,-9.227,25.580,18.045,0.868,0.433,0.217,0.107,1,-38.208,-1.469,-25.305,0.000,2,41.519054,-86.239647,0.000000,0.812,252.800003,10,43,32,16,12,3,GPS_HOMING,AP_PROT_ROLL_MIN,325.514,30.000,20.000,4,-20,-25,20,ROLL_RIGHT
2528,190.208298,0,-0.884,-2.999,-3.345,-16.594,-128.477,161.868,-26.186,-27.081,-25.962,-31.875,5.125,22.375,-9.407,24.017,20.044,0.890,0.404,0.196,0.078,1,-37.647,-1.534,-25.119,0.000,2,41.519054,-86.239647,0.000000,0.884,252.699997,10,43,32,20,12,3,GPS_HOMING,AP_PROT_ROLL_MIN,325.514,30.000,20.000,4,-20,-25,20,ROLL_RIGHT
2529,190.265732,0,0.410,2.563,-2.051,-16.039,-128.486,165.262,45.210,-38.496,0.000,-31.875,5.125,22.375,-9.202,24.401,19.659,0.892,0.411,0.180,0.054,1,-37.694,-1.484,-25.134,0.000,2,41.519054,-86.239647,12.690000,1.262,252.800003,10,43,32,28,12,3,GPS_HOMING,AP_PROT_ROLL_MIN,325.514,30.000,20.000,4,-20,-25,20,ROLL_RIGHT
2530,190.328491,0,-1.717,2.294,-3.063,-14.565,-127.468,165.983,37.712,-19.695,18.129,-31.875,5.125,22.375,-7.971,25.401,18.916,0.890,0.422,0.166,0.053,1,-38.729,-1.463,-25.477,0.000,2,41.519054,-86.239647,9.960000,1.320,252.800003,10,43,32,32,12,3,GPS_HOMING,AP_PROT_ROLL_MIN,325.514,30.000,20.000,4,-20,-25,20,ROLL_RIGHT
2531,190.382248,0,-1.845,4.767,-3.537,-15.426,-122.988,165.512,58.974,26.298,-56.624,-31.875,5.125,22.375,-9.074,26.529,16.737,0.872,0.454,0.177,0.046,1,-39.940,-1.503,-25.872,0.000,2,41.519054,-86.239647,12.950000,1.271,252.800003,10,43,32,40,12,3,GPS_HOMING,AP_PROT_ROLL_MIN,325.514,30.000,20.000,4,-20,-25,20,ROLL_RIGHT
2532,190.469345,0,4.204,-0.590,-1.333,-17.896,-121.308,166.411,8.617,-24.172,-23.053,-31.875,5.125,22.375,-10.176,26.580,16.071,0.864,0.465,0.192,0.026,1,-36.750,-1.527,-24.818,0.000,2,41.519054,-86.239647,0.000000,1.038,252.699997,10,43,32,48,12,3,GPS_HOMING,AP_PROT_ROLL_MIN,325.514,30.000,20.000,4,-20,-25,20,ROLL_RIGHT
2533,190.527512,0,4.588,2.666,2.589,-16.260,-120.920,171.982,17.010,-56.624,-0.671,-31.875,5.125,22.375,-9.227,26.939,15.994,0.864,0.478,0.157,-0.009,1,-36.817,-1.512,-24.840,0.000,2,41.519054,-86.239647,21.200001,1.126,252.699997,10,43,32,52,12,3,GPS_HOMING,AP_PROT_ROLL_MIN,325.514,30.000,20.000,4,-20,-25,20,ROLL_RIGHT
2534,190.603500,0,1.499,-1.961,-0.897,-15.675,-120.831,173.095,8.169,-5.707,-11.191,-31.875,5.125,22.375,-8.894,27.067,16.020,0.864,0.481,0.148,-0.015,1,-38.222,-1.489,-25.310,0.000,2,41.519054,-86.239647,22.690001,1.193,252.699997,10,43,32,60,12,3,GPS_HOMING,AP_PROT_ROLL_MIN,325.514,30.000,20.000,4,-20,-25,20,ROLL_RIGHT
2535,190.661118,0,-0.833,6.523,-1.628,-16.199,-119.335,173.751,31.557,12.086,-2.910,-31.875,5.125,22.375,-9.458,27.656,14.584,0.857,0.493,0.149,-0.024,1,-39.575,-1.520,-25.754,0.000,2,41.519054,-86.239647,0.000000,1.097,252.699997,10,43,32,64,12,3,GPS_HOMING,AP_PROT_ROLL_MIN,325.514,30.000,20.000,4,-20,-25,20,ROLL_RIGHT
2536,190.720398,0,1.230,2.755,-2.589,-17.363,-117.873,173.916,4.141,-4.364,-14.995,-31.875,5.125,22.375,-9.817,27.656,14.405,0.850,0.503,0.156,-0.033,1,-39.275,-1.508,-25.656,0.000,2,41.519054,-86.239647,0.000000,0.915,252.800003,10,43,32,72,12,3,GPS_HOMING,AP_PROT_ROLL_MIN,325.514,30.000,20.000,4,-20,-25,20,ROLL_RIGHT
2537,190.767242,0,2.602,3.563,-4.242,-17.908,-117.750,174.303,11.079,1.902,-27.976,-31.875,5.125,22.375,-10.124,27.605,14.302,0.849,0.503,0.158,-0.038,1,-38.141,-1.484,-25.283,0.000,2,41.519054,-86.239647,0.000000,0.697,252.699997,10,43,32,76,12,3,GPS_HOMING,AP_PROT_ROLL_MIN,325.514,30.000,20.000,4,-20,-25,20,ROLL_RIGHT
2538,190.833557,0,-3.281,-4.101,0.090,-19.205,-117.511,174.902,-2.574,2.014,-32.565,-31.875,5.125,22.375,-10.817,27.477,14.046,0.846,0.505,0.165,-0.049,1,-39.107,-1.480,-25.601,0.000,2,41.519054,-86.239647,0.000000,0.356,252.699997,10,43,32,84,12,3,GPS_HOMING,AP_PROT_ROLL_MIN,325.514,30.000,20.000,4,-20,-25,20,ROLL_RIGHT
2539,190.946533,0,-3.986,-3.665,1.589,-19.745,-119.195,177.676,-6.155,-61.436,-10.519,-31.875,5.125,22.375,-11.098,26.990,14.764,0.851,0.495,0.158,-0.070,1,-37.483,-1.505,-25.064,0.000,2,41.519054,-86.239647,0.000000,0.393,252.699997,10,43,32,96,12,3,GPS_HOMING,AP_PROT_ROLL_MIN,325.514,30.000,20.000,4,-20,-25,20,ROLL_RIGHT
2540,190.997574,0,7.241,-2.127,1.333,-17.602,-121.716,184.345,0.224,-71.955,-6.043,-31.875,5.125,22.375,-9.996,26.631,16.148,0.860,0.486,0.115,-0.107,1,-39.437,-1.541,-25.709,0.000,2,41.519054,-86.239647,0.000000,0.451,252.699997,10,43,33,0,12,3,GPS_HOMING,AP_PROT_ROLL_MIN,325.514,30.000,20.000,4,-20,-25,20,ROLL_RIGHT
2541,191.060715,0,2.140,-0.820,-1.833,-18.527,-121.851,185.246,31.110,-2.910,-24.060,-31.875,5.125,22.375,-10.817,26.529,15.763,0.858,0.486,0.119,-0.118,1,-39.186,-1.491,-25.627,0.000,2,41.519054,-86.239647,0.000000,0.500,252.699997,10,43,33,4,12,3,GPS_HOMING,AP_PROT_ROLL_MIN,325.514,30.000,20.000,4,-20,-25,20,ROLL_RIGHT
2542,191.135590,0,4.293,3.858,-2.858,-19.431,-120.599,186.657,8.057,-36.817,-1.790,-31.875,5.125,22.375,-10.945,26.657,15.481,0.850,0.496,0.118,-0.133,1,-36.362,-1.496,-24.686,0.000,2,41.519054,-86.239647,0.000000,0.307,252.699997,10,43,33,16,12,3,GPS_HOMING,AP_PROT_ROLL_MIN,325.514,30.000,20.000,4,-20,-25,20,ROLL_RIGHT
2543,191.225204,0,-2.345,-0.987,-1.115,-17.375,-121.761,188.284,-13.317,-40.286,-2.238,-31.875,5.125,22.375,-9.356,26.529,16.661,0.856,0.489,0.097,-0.136,1,-38.356,-1.464,-25.354,0.000,2,41.519054,-86.239647,0.000000,0.633,252.600006,10,43,33,24,12,3,GPS_HOMING,AP_PROT_ROLL_MIN,325.514,30.000,20.000,4,-20,-25,20,ROLL_RIGHT
2544,191.334564,0,2.217,-2.076,1.256,-16.213,-122.810,192.013,-2.574,-58.751,10.295,-31.875,5.125,22.375,-8.356,26.580,17.096,0.857,0.484,0.074,-0.158,1,-38.880,-1.472,-25.527,0.000,2,41.519054,-86.239647,0.000000,0.829,252.699997,10,43,33,36,12,3,GPS_HOMING,AP_PROT_ROLL_MIN,325.514,30.000,20.000,4,-20,-25,20,ROLL_RIGHT
2545,191.459595,0,-2.448,-3.063,-0.756,-13.726,-123.566,195.255,32.565,12.645,-11.638,-31.875,5.125,22.375,-7.997,26.990,16.558,0.860,0.479,0.042,-0.172,1,-38.066,-1.480,-25.258,0.000,2,41.519054,-86.239647,0.000000,0.861,252.399994,10,43,33,48,12,3,GPS_HOMING,AP_PROT_ROLL_MIN,325.514,30.000,20.000,4,-20,-25,20,ROLL_RIGHT
2546,191.535370,0,-1.038,1.845,1.935,-14.393,-119.951,196.010,21.374,-18.129,3.917,-31.875,5.125,22.375,-6.844,28.118,14.994,0.842,0.507,0.038,-0.182,1,-38.527,-1.508,-25.411,0.000,2,41.519054,-86.239647,0.000000,0.700,252.399994,10,43,33,56,12,3,GPS_HOMING,AP_PROT_ROLL_MIN,325.514,30.000,20.000,4,-20,-25,20,ROLL_RIGHT
2547,191.619522,0,2.627,-0.795,2.602,-11.032,-118.955,199.179,-18.241,-32.117,16.114,-31.875,5.125,22.375,-6.228,28.041,15.353,0.837,0.512,-0.003,-0.191,1,-38.236,-1.521,-25.314,0.000,2,41.519054,-86.239647,0.000000,0.753,252.399994,10,43,33,64,12,3,GPS_HOMING,AP_PROT_ROLL_MIN,325.514,30.000,20.000,4,-20,-25,20,ROLL_RIGHT
2548,191.675507,0,3.025,1.294,1.794,-9.162,-118.911,200.815,8.841,-31.669,5.371,-31.875,5.125,22.375,-5.152,28.220,15.430,0.837,0.511,-0.024,-0.195,1,-38.744,-1.501,-25.482,0.000,2,41.519054,-86.239647,0.000000,0.692,252.300003,10,43,33,68,12,3,GPS_HOMING,AP_PROT_ROLL_MIN,325.514,30.000,20.000,4,-20,-25,20,ROLL_RIGHT
2549,191.738800,0,1.141,-2.204,-2.525,-8.599,-118.960,201.006,8.505,18.353,-10.183,-31.875,5.125,22.375,-4.896,28.220,15.481,0.838,0.510,-0.029,-0.194,1,-39.194,-1.502,-25.629,0.000,2,41.519054,-86.239647,0.000000,0.528,252.399994,10,43,33,76,12,3,GPS_HOMING,AP_PROT_ROLL_MIN,325.514,30.000,20.000,4,-20,-25,20,ROLL_RIGHT
2550,191.796555,0,-3.076,2.115,-1.730,-9.606,-117.993,200.387,16.450,9.288,3.693,-31.875,5.125,22.375,-5.460,28.502,14.789,0.833,0.518,-0.020,-0.194,1,-38.208,-1.469,-25.305,0.000,2,41.519054,-86.239647,0.000000,0.451,252.399994,10,43,33,80,12,3,GPS_HOMING,AP_PROT_ROLL_MIN,325.514,30.000,20.000,4,-20,-25,20,ROLL_RIGHT
2551,191.859222,0,-0.461,3.037,-0.346,-9.311,-117.081,200.309,-8.505,-23.836,-1.790,-31.875,5.125,22.375,-5.126,28.630,14.610,0.829,0.524,-0.024,-0.192,1,-38.440,-1.488,-25.382,0.000,2,41.519054,-86.239647,0.000000,0.483,252.399994,10,43,33,88,12,3,GPS_HOMING,AP_PROT_ROLL_MIN,325.514,30.000,20.000,4,-20,-25,20,ROLL_RIGHT
2552,191.946365,0,0.859,2.538,1.230,-8.653,-117.377,201.108,3.469,-6.155,7.162,-31.875,5.125,22.375,-4.742,28.630,14.738,0.830,0.521,-0.032,-0.195,1,-39.165,-1.445,-25.620,0.000,2,41.519054,-86.239647,0.000000,0.495,252.399994,10,43,33,96,12,3,GPS_HOMING,AP_PROT_ROLL_MIN,325.514,30.000,20.000,4,-20,-25,20,ROLL_RIGHT
2553,192.065506,0,0.423,-0.397,0.038,-7.910,-117.887,201.991,0.112,10.631,4.476,-31.875,5.125,22.375,-4.204,28.425,15.276,0.832,0.516,-0.040,-0.198,1,-38.935,-1.435,-25.545,0.000,2,41.519054,-86.239647,0.000000,0.285,252.300003,10,43,34,8,12,3,GPS_HOMING,AP_PROT_ROLL_MIN,325.514,30.000,20.000,4,-20,-25,20,ROLL_RIGHT
2554,192.140396,0,2.256,-0.449,0.692,-7.874,-118.320,201.758,-14.660,-30.326,-2.126,-31.875,5.125,22.375,-4.255,28.220,15.661,0.835,0.513,-0.039,-0.196,1,-39.546,-1.464,-25.744,0.000,2,41.519054,-86.239647,0.000000,0.449,252.300003,10,43,34,16,12,3,GPS_HOMING,AP_PROT_ROLL_MIN,325.514,30.000,20.000,4,-20,-25,20,ROLL_RIGHT
2555,192.221375,0,0.346,1.115,0.256,-7.060,-119.811,203.147,12.757,3.581,0.000,-31.875,5.125,22.375,-3.845,28.169,15.840,0.840,0.501,-0.048,-0.203,1,-38.742,-1.491,-25.481,0.000,2,41.519054,-86.239647,0.000000,0.327,252.399994,10,43,34,24,12,3,GPS_HOMING,AP_PROT_ROLL_MIN,325.514,30.000,20.000,4,-20,-25,20,ROLL_RIGHT
2556,192.294571,0,0.256,-2.653,-1.333,-6.904,-119.349,203.197,-14.772,0.671,13.541,-31.875,5.125,22.375,-3.537,28.067,16.122,0.838,0.504,-0.050,-0.203,1,-40.162,-1.504,-25.944,0.000,2,41.519054,-86.239647,0.000000,0.456,252.399994,10,43,34,32,12,3,GPS_HOMING,AP_PROT_ROLL_MIN,325.514,30.000,20.000,4,-20,-25,20,ROLL_RIGHT
2557,192.379593,0,0.833,-0.666,0.372,-6.524,-119.902,202.507,2.350,-3.581,4.476,-31.875,5.125,22.375,-3.588,28.067,16.097,0.842,0.500,-0.049,-0.197,1,-38.544,-1.538,-25.416,0.000,2,41.519054,-86.239647,0.000000,0.309,252.399994,10,43,34,40,12,3,GPS_HOMING,AP_PROT_ROLL_MIN,325.514,30.000,20.000,4,-20,-25,20,ROLL_RIGHT
2558,192.435349,0,4.806,-1.064,-0.820,-5.721,-120.275,202.809,-6.714,7.274,24.619,-31.875,5.125,22.375,-2.409,27.836,16.661,0.844,0.496,-0.056,-0.196,1,-37.768,-1.479,-25.159,0.000,2,41.519054,-86.239647,0.000000,0.353,252.399994,10,43,34,44,12,3,GPS_HOMING,AP_PROT_ROLL_MIN,325.514,30.000,20.000,4,-20,-25,20,ROLL_RIGHT
2559,192.504257,0,-3.755,1.922,-1.410,-4.405,-120.686,201.139,7.386,47.672,28.312,-31.875,5.125,22.375,-2.358,27.887,16.558,0.850,0.492,-0.058,-0.178,1,-40.092,-1.505,-25.921,0.000,2,41.519054,-86.239647,0.000000,0.667,252.399994,10,43,34,52,12,3,GPS_HOMING,AP_PROT_ROLL_MIN,325.514,30.000,20.000,4,-20,-25,20,ROLL_RIGHT
2560,192.577637,0,-3.473,1.666,-3.870,-5.020,-119.836,197.606,6.714,30.326,-5.707,-31.875,5.125,22.375,-2.794,28.118,16.071,0.851,0.501,-0.039,-0.154,1,-38.690,-1.532,-25.464,0.000,2,41.519054,-86.239647,0.000000,1.023,252.500000,10,43,34,60,12,3,GPS_HOMING,AP_PROT_ROLL_MIN,325.514,30.000,20.000,4,-20,-25,20,ROLL_RIGHT
2561,192.654572,0,-3.294,4.127,-1.205,-5.815,-119.374,196.582,8.952,3.245,12.533,-31.875,5.125,22.375,-2.922,28.297,15.661,0.849,0.505,-0.029,-0.150,1,-39.641,-1.505,-25.775,0.000,2,41.519054,-86.239647,0.000000,0.733,252.399994,10,43,34,68,12,3,GPS_HOMING,AP_PROT_ROLL_MIN,325.514,30.000,20.000,4,-20,-25,20,ROLL_RIGHT
2562,192.707489,0,-1.089,1.538,-2.807,-5.623,-118.709,196.025,12.198,-1.567,-12.198,-31.875,5.125,22.375,-3.050,28.374,15.507,0.847,0.510,-0.029,-0.145,1,-39.523,-1.421,-25.737,0.000,2,41.519054,-86.239647,0.000000,0.763,252.399994,10,43,34,72,12,3,GPS_HOMING,AP_PROT_ROLL_MIN,325.514,30.000,20.000,4,-20,-25,20,ROLL_RIGHT
2563,192.777618,0,-0.333,0.103,-0.974,-5.493,-118.514,196.629,-1.231,-12.310,8.841,-31.875,5.125,22.375,-2.871,28.451,15.405,0.846,0.511,-0.033,-0.148,1,-38.564,-1.439,-25.423,0.000,2,41.519054,-86.239647,0.000000,0.302,252.399994,10,43,34,80,12,3,GPS_HOMING,AP_PROT_ROLL_MIN,325.514,30.000,20.000,4,-20,-25,20,ROLL_RIGHT
2564,192.826340,0,1.102,1.435,1.448,-5.165,-118.007,197.367,13.541,-11.302,-9.848,-31.875,5.125,22.375,-2.845,28.605,15.148,0.843,0.514,-0.039,-0.152,1,-39.245,-1.456,-25.646,0.000,2,41.519054,-86.239647,0.000000,0.326,252.399994,10,43,34,84,12,3,GPS_HOMING,AP_PROT_ROLL_MIN,325.514,30.000,20.000,4,-20,-25,20,ROLL_RIGHT
2565,192.902390,0,1.153,1.256,-0.833,-4.934,-118.066,197.410,7.274,5.819,1.007,-31.875,5.125,22.375,-2.845,28.682,14.994,0.843,0.514,-0.041,-0.152,1,-39.340,-1.492,-25.677,0.000,2,41.519054,-86.239647,0.000000,0.305,252.399994,10,43,34,92,12,3,GPS_HOMING,AP_PROT_ROLL_MIN,325.514,30.000,20.000,4,-20,-25,20,ROLL_RIGHT
2566,192.954422,0,1.602,0.231,0.090,-5.148,-117.883,198.321,-4.252,-0.671,10.855,-31.875,5.125,22.375,-2.794,28.630,15.071,0.841,0.515,-0.044,-0.159,1,-39.636,-1.492,-25.774,0.000,2,41.519054,-86.239647,0.000000,0.157,252.399994,10,43,34,96,12,3,GPS_HOMING,AP_PROT_ROLL_MIN,325.514,30.000,20.000,4,-20,-25,20,ROLL_RIGHT
2567,193.060303,0,-1.166,1.307,-0.961,-5.336,-117.478,197.356,12.198,28.312,-5.036,-31.875,5.125,22.375,-2.973,28.759,14.815,0.840,0.518,-0.039,-0.153,1,-40.830,-1.493,-26.159,0.000,2,41.519054,-86.239647,0.000000,0.358,252.399994,10,43,35,8,12,3,GPS_HOMING,AP_PROT_ROLL_MIN,325.514,30.000,20.000,4,-20,-25,20,ROLL_RIGHT
2568,193.156433,0,-0.346,1.384,0.000,-5.760,-117.115,197.349,3.917,1.790,-12.310,-31.875,5.125,22.375,-3.178,28.836,14.636,0.838,0.521,-0.036,-0.154,1,-39.917,-1.461,-25.865,0.000,2,41.519054,-86.239647,0.000000,0.424,252.399994,10,43,35,12,12,3,GPS_HOMING,AP_PROT_ROLL_MIN,325.514,30.000,20.000,4,-20,-25,20,ROLL_RIGHT
2569,193.236343,0,-1.858,1.730,-1.986,-5.913,-117.401,197.561,-7.162,1.455,1.902,-31.875,5.125,22.375,-3.332,28.784,14.738,0.839,0.519,-0.036,-0.157,1,-39.726,-1.518,-25.803,0.000,2,41.519054,-86.239647,0.000000,0.179,252.399994,10,43,35,20,12,3,GPS_HOMING,AP_PROT_ROLL_MIN,325.514,30.000,20.000,4,-20,-25,20,ROLL_RIGHT
2570,193.296509,0,-0.782,-0.551,-0.833,-5.758,-118.109,198.229,-12.981,-19.584,-6.602,-31.875,5.125,22.375,-3.255,28.630,15.097,0.842,0.514,-0.039,-0.161,1,-40.105,-1.535,-25.925,0.000,2,41.519054,-86.239647,0.000000,0.356,252.399994,10,43,35,28,12,3,GPS_HOMING,AP_PROT_ROLL_MIN,325.514,30.000,20.000,4,-20,-25,20,ROLL_RIGHT
2571,193.356033,0,1.653,-1.807,0.141,-5.576,-118.887,199.120,0.560,-12.981,-7.945,-31.875,5.125,22.375,-3.153,28.451,15.456,0.844,0.508,-0.043,-0.167,1,-40.221,-1.471,-25.963,0.000,2,41.519054,-86.239647,0.000000,0.176,252.300003,10,43,35,36,12,3,GPS_HOMING,AP_PROT_ROLL_MIN,325.514,30.000,20.000,4,-20,-25,20,ROLL_RIGHT
2572,193.412506,0,0.871,-1.704,0.948,-5.316,-118.790,200.166,4.700,-11.414,4.924,-31.875,5.125,22.375,-3.050,28.451,15.430,0.842,0.508,-0.050,-0.174,1,-39.097,-1.459,-25.598,0.000,2,41.519054,-86.239647,0.000000,0.037,252.300003,10,43,35,40,12,3,GPS_HOMING,AP_PROT_ROLL_MIN,325.514,30.000,20.000,4,-20,-25,20,ROLL_RIGHT
2573,193.462509,0,1.576,1.128,2.461,-4.828,-118.278,200.402,5.595,-10.072,11.750,-31.875,5.125,22.375,-2.691,28.656,15.148,0.840,0.511,-0.055,-0.173,1,-40.749,-1.488,-26.133,0.000,2,41.519054,-86.239647,0.000000,0.022,252.300003,10,43,35,44,12,3,GPS_HOMING,AP_PROT_ROLL_MIN,325.514,30.000,20.000,4,-20,-25,20,ROLL_RIGHT
2574,193.537506,0,0.487,0.679,0.346,-4.038,-118.364,200.241,-4.029,5.931,9.960,-31.875,5.125,22.375,-2.281,28.630,15.276,0.842,0.509,-0.060,-0.169,1,-41.417,-1.477,-26.346,0.000,2,41.519054,-86.239647,0.000000,0.243,252.199997,10,43,35,52,12,3,GPS_HOMING,AP_PROT_ROLL_MIN,325.514,30.000,20.000,4,-20,-25,20,ROLL_RIGHT
2575,193.599274,0,0.551,0.577,0.871,-3.725,-118.460,199.970,-11.302,1.007,14.883,-31.875,5.125,22.375,-1.999,28.554,15.430,0.843,0.508,-0.061,-0.165,1,-38.877,-1.465,-25.525,0.000,2,41.519054,-86.239647,0.000000,0.425,252.100006,10,43,35,60,12,3,GPS_HOMING,AP_PROT_ROLL_MIN,325.514,30.000,20.000,4,-20,-25,20,ROLL_RIGHT
2576,193.660889,0,0.077,-1.077,-1.820,-3.379,-118.967,199.054,-2.126,17.681,5.819,-31.875,5.125,22.375,-1.948,28.528,15.481,0.847,0.505,-0.059,-0.157,1,-41.290,-1.521,-26.306,0.000,2,41.519054,-86.239647,0.000000,0.564,252.199997,10,43,35,68,12,3,GPS_HOMING,AP_PROT_ROLL_MIN,325.514,30.000,20.000,4,-20,-25,20,ROLL_RIGHT
2577,193.775497,0,-0.423,-0.372,-1.769,-3.296,-117.933,197.004,4.141,22.605,13.653,-31.875,5.125,22.375,-1.871,28.759,14.994,0.845,0.513,-0.052,-0.141,1,-39.245,-1.456,-25.646,0.000,2,41.519054,-86.239647,0.000000,0.662,252.199997,10,43,35,80,12,3,GPS_HOMING,AP_PROT_ROLL_MIN,325.514,30.000,20.000,4,-20,-25,20,ROLL_RIGHT
2578,193.857620,0,-0.807,1.576,-0.654,-3.417,-117.544,196.284,-0.671,9.960,-9.400,-31.875,5.125,22.375,-1.948,28.836,14.866,0.844,0.517,-0.048,-0.136,1,-39.871,-1.516,-25.850,0.000,2,41.519054,-86.239647,0.000000,0.405,252.199997,10,43,35,88,12,3,GPS_HOMING,AP_PROT_ROLL_MIN,325.514,30.000,20.000,4,-20,-25,20,ROLL_RIGHT
2579,193.922134,0,2.589,-1.897,-0.730,-3.342,-117.577,196.575,3.917,-11.079,-5.483,-31.875,5.125,22.375,-2.102,28.912,14.687,0.844,0.516,-0.050,-0.138,1,-39.214,-1.535,-25.636,0.000,2,41.519054,-86.239647,0.000000,0.547,252.199997,10,43,35,92,12,3,GPS_HOMING,AP_PROT_ROLL_MIN,325.514,30.000,20.000,4,-20,-25,20,ROLL_RIGHT
2580,193.971512,0,4.844,-4.229,2.320,-3.213,-117.092,197.423,21.374,-0.895,7.833,-31.875,5.125,22.375,-1.845,28.964,14.636,0.841,0.519,-0.055,-0.144,1,-39.210,-1.532,-25.635,0.000,2,41.519054,-86.239647,0.000000,0.771,252.199997,10,43,35,96,12,3,GPS_HOMING,AP_PROT_ROLL_MIN,325.514,30.000,20.000,4,-20,-25,20,ROLL_RIGHT
2581,194.025513,0,2.127,-1.845,4.588,-2.804,-115.900,196.938,18.576,21.150,22.717,-31.875,5.125,22.375,-1.564,29.297,13.918,0.836,0.528,-0.058,-0.138,1,-38.822,-1.500,-25.507,0.000,2,41.519054,-86.239647,0.000000,0.410,252.199997,10,43,36,4,12,3,GPS_HOMING,AP_PROT_ROLL_MIN,325.514,30.000,20.000,4,-20,-25,20,ROLL_RIGHT
2582,194.100311,0,2.358,3.704,1.025,-2.354,-115.002,194.995,8.393,28.424,17.457,-31.875,5.125,22.375,-1.230,29.451,13.610,0.835,0.535,-0.053,-0.121,1,-39.856,-1.488,-25.845,0.000,2,41.519054,-86.239647,0.000000,0.388,252.199997,10,43,36,12,12,3,GPS_HOMING,AP_PROT_ROLL_MIN,325.514,30.000,20.000,4,-20,-25,20,ROLL_RIGHT
2583,194.176620,0,3.883,4.857,3.242,-0.703,-118.507,192.156,-73.298,26.969,47.224,-31.875,5.125,22.375,-0.359,28.605,15.405,0.854,0.509,-0.049,-0.094,1,-39.332,-1.480,-25.675,0.000,2,41.519054,-86.239647,0.000000,0.751,252.199997,10,43,36,20,12,3,GPS_HOMING,AP_PROT_ROLL_MIN,325.514,30.000,20.000,4,-20,-25,20,ROLL_RIGHT
2584,194.241516,0,-0.756,-1.230,-5.229,-3.988,-132.117,184.479,-163.942,48.120,65.241,-31.875,5.125,22.375,-0.154,26.606,18.737,0.912,0.406,0.016,-0.050,1,-38.094,-1.535,-25.267,0.000,2,41.519054,-86.239647,0.000000,0.807,252.199997,10,43,36,24,12,3,GPS_HOMING,AP_PROT_ROLL_MIN,325.514,30.000,20.000,4,-20,-25,20,ROLL_RIGHT
2585,194.295288,0,-3.665,-9.048,-9.971,-8.312,-139.819,181.592,-84.937,64.682,10.967,-31.875,5.125,22.375,-4.588,20.915,24.632,0.936,0.344,0.063,-0.038,1,-36.147,-1.512,-24.613,0.000,2,41.519054,-86.239647,0.000000,1.473,252.199997,10,43,36,32,12,3,GPS_HOMING,AP_PROT_ROLL_MIN,325.514,30.000,20.000,4,-20,-25,20,ROLL_RIGHT
2586,194.420822,0,-6.587,1.012,-4.511,-9.661,-142.608,178.791,-43.867,45.546,35.362,-31.875,5.125,22.375,-5.511,19.301,25.785,0.944,0.319,0.083,-0.017,1,-41.956,-1.513,-26.517,0.000,2,41.519054,-86.239655,288.779999,1.882,252.199997,10,43,36,44,12,3,GPS_HOMING,AP_PROT_ROLL_MIN,325.514,30.000,20.000,4,-20,-25,20,ROLL_RIGHT
2587,194.503296,0,2.051,6.113,1.461,-10.491,-145.723,176.801,-72.515,-24.731,33.907,-31.875,5.125,22.375,-5.101,16.609,27.656,0.952,0.291,0.096,-0.000,1,-42.160,-1.476,-26.582,0.000,2,41.519054,-86.239655,0.000000,1.181,252.199997,10,43,36,52,12,3,GPS_HOMING,AP_PROT_ROLL_MIN,325.514,30.000,20.000,4,-20,-25,20,ROLL_RIGHT
2588,194.582443,0,-4.998,-0.359,-7.638,-8.485,-157.029,177.164,-115.711,-8.169,23.165,-31.875,5.125,22.375,-4.767,12.739,29.758,0.977,0.197,0.077,0.009,1,-38.586,-1.482,-25.430,0.000,2,41.519054,-86.239655,0.000000,0.733,252.199997,10,43,36,60,12,3,GPS_HOMING,AP_PROT_ROLL_MIN,325.514,30.000,20.000,4,-20,-25,20,ROLL_RIGHT
2589,194.640381,0,-8.035,-16.507,-12.406,-14.134,-160.032,180.698,-59.198,1.902,-63.563,-31.875,5.125,22.375,-8.484,10.176,29.912,0.977,0.173,0.120,-0.027,1,-40.375,-1.482,-26.013,0.000,2,41.519054,-86.239655,0.000000,0.878,252.199997,10,43,36,64,12,3,GPS_HOMING,AP_PROT_ROLL_MIN,325.514,30.000,20.000,4,-20,-25,20,ROLL_RIGHT
2590,194.698746,0,5.126,7.561,10.048,-11.916,-162.508,185.457,-42.300,-202.438,28.200,-31.875,5.125,22.375,-5.741,9.663,30.681,0.981,0.156,0.095,-0.063,1,-42.621,-1.510,-26.727,0.000,2,41.519054,-86.239655,315.929993,1.300,252.199997,10,43,36,72,12,3,GPS_HOMING,AP_PROT_ROLL_MIN,325.514,30.000,20.000,4,-20,-25,20,ROLL_RIGHT
2591,194.779617,0,14.815,2.409,-4.691,-1.649,-166.140,186.709,-128.580,-185.092,26.634,-31.875,5.125,22.375,2.666,4.127,32.347,0.991,0.121,0.007,-0.060,1,-43.564,-1.457,-27.021,0.000,2,41.519054,-86.239655,0.000000,1.102,252.100006,10,43,36,80,12,3,GPS_HOMING,AP_PROT_ROLL_MIN,325.514,30.000,20.000,4,-20,-25,20,ROLL_RIGHT
2592,194.840607,0,-3.025,6.280,-6.152,2.480,-175.891,188.322,108.661,158.571,-52.036,-31.875,5.125,22.375,0.333,3.101,32.578,0.997,0.034,-0.024,-0.072,1,-42.235,-1.480,-26.605,0.000,2,41.519054,-86.239655,16.520000,1.777,252.100006,10,43,36,84,12,3,GPS_HOMING,AP_PROT_ROLL_MIN,325.514,30.000,20.000,4,-20,-25,20,ROLL_RIGHT
2593,194.945129,0,7.895,3.345,1.820,-4.561,-172.084,188.681,-2.574,-35.250,8.393,-31.875,5.125,22.375,-2.102,4.947,32.245,0.994,0.072,0.034,-0.078,1,-40.835,-1.505,-26.161,0.000,2,41.519054,-86.239647,0.000000,1.122,252.100006,10,43,36,96,12,3,GPS_HOMING,AP_PROT_ROLL_MIN,325.514,30.000,20.000,4,-20,-25,20,ROLL_RIGHT
2594,195.015854,0,9.317,-8.497,-0.936,-4.232,-172.322,191.472,74.753,-6.491,-56.401,-31.875,5.125,22.375,-2.768,5.229,32.116,0.992,0.070,0.030,-0.102,1,-41.818,-1.534,-26.474,0.000,2,41.519054,-86.239647,97.070000,1.343,252.100006,10,43,37,4,12,3,GPS_HOMING,AP_PROT_ROLL_MIN,325.514,30.000,20.000,4,-20,-25,20,ROLL_RIGHT
2595,195.100418,0,7.420,-14.802,2.819,-4.026,-168.183,193.456,-37.153,14.883,64.905,-31.875,5.125,22.375,-2.179,6.510,31.911,0.987,0.106,0.023,-0.120,1,-42.119,-1.542,-26.569,0.000,2,41.519054,-86.239655,0.000000,0.721,251.899994,10,43,37,12,12,3,GPS_HOMING,AP_PROT_ROLL_MIN,325.514,30.000,20.000,4,-20,-25,20,ROLL_RIGHT
2596,195.180389,0,-4.088,1.935,-2.512,-5.423,-161.964,189.126,137.980,128.020,142.232,-31.875,5.125,22.375,-4.152,12.406,29.861,0.983,0.160,0.034,-0.086,1,-39.713,-1.501,-25.799,0.000,2,41.519054,-86.239655,0.000000,0.441,251.899994,10,43,37,20,12,3,GPS_HOMING,AP_PROT_ROLL_MIN,325.514,30.000,20.000,4,-20,-25,20,ROLL_RIGHT
2597,195.253052,0,-10.560,3.153,-4.498,-9.954,-141.359,169.955,146.261,102.170,129.139,-31.875,5.125,22.375,-5.613,19.557,25.478,0.939,0.321,0.110,0.054,1,-41.737,-1.518,-26.448,0.000,2,41.519054,-86.239655,0.000000,0.530,251.899994,10,43,37,24,12,3,GPS_HOMING,AP_PROT_ROLL_MIN,325.514,30.000,20.000,4,-20,-25,20,ROLL_RIGHT
2598,195.315109,0,0.243,-0.807,-1.423,-9.666,-137.652,168.351,107.765,-17.233,14.883,-31.875,5.125,22.375,-5.408,21.582,23.837,0.927,0.350,0.115,0.064,1,-38.445,-1.497,-25.383,0.000,2,41.519054,-86.239655,218.699997,1.382,251.899994,10,43,37,32,12,3,GPS_HOMING,AP_PROT_ROLL_MIN,325.514,30.000,20.000,4,-20,-25,20,ROLL_RIGHT
2599,195.372498,0,1.358,11.521,8.382,-8.445,-130.949,166.051,131.937,40.622,41.181,-31.875,5.125,22.375,-4.229,25.811,19.531,0.904,0.403,0.117,0.080,1,-38.909,-1.524,-25.536,0.000,2,41.519054,-86.239655,248.330002,1.507,252.000000,10,43,37,36,12,3,GPS_HOMING,AP_PROT_ROLL_MIN,325.514,30.000,20.000,4,-20,-25,20,ROLL_RIGHT
2600,195.457962,0,-3.371,-5.972,1.358,-5.893,-127.059,165.665,-12.869,-44.762,0.448,-31.875,5.125,22.375,-3.358,25.862,19.711,0.890,0.436,0.101,0.089,1,-38.140,-1.477,-25.282,0.000,2,41.519054,-86.239655,293.579987,1.794,252.000000,10,43,37,48,12,3,GPS_HOMING,AP_PROT_ROLL_MIN,325.514,30.000,20.000,4,-20,-25,20,ROLL_RIGHT
2601,195.583908,0,0.820,-5.575,-10.842,-6.902,-126.073,167.046,75.984,37.824,13.429,-31.875,5.125,22.375,-4.742,27.785,16.686,0.887,0.444,0.104,0.073,1,-37.420,-1.527,-25.043,0.000,2,41.519054,-86.239655,301.089996,1.944,252.300003,10,43,37,60,12,3,GPS_HOMING,AP_PROT_ROLL_MIN,325.514,30.000,20.000,4,-20,-25,20,ROLL_RIGHT
2602,195.658707,0,1.781,3.037,-3.934,-9.552,-111.522,159.155,114.144,-23.500,46.665,-31.875,5.125,22.375,-4.280,31.142,8.843,0.819,0.539,0.169,0.103,1,-35.697,-1.509,-24.459,0.000,2,41.519054,-86.239655,298.429993,1.907,252.300003,10,43,37,68,12,3,GPS_HOMING,AP_PROT_ROLL_MIN,325.514,30.000,20.000,4,-20,-25,20,ROLL_RIGHT
2603,195.711502,0,0.987,8.138,5.485,-4.593,-103.049,159.226,25.291,-66.584,9.176,-31.875,5.125,22.375,-2.256,31.809,6.972,0.774,0.606,0.143,0.117,1,-38.371,-1.498,-25.359,0.000,2,41.519054,-86.239655,298.250000,1.759,252.199997,10,43,37,72,12,3,GPS_HOMING,AP_PROT_ROLL_MIN,325.514,30.000,20.000,4,-20,-25,20,ROLL_RIGHT
2604,195.782944,0,-1.282,1.128,3.627,-2.749,-102.684,163.306,-63.451,-74.305,-14.548,-31.875,5.125,22.375,-1.717,31.681,7.561,0.775,0.615,0.109,0.099,1,-42.173,-1.498,-26.586,0.000,2,41.519054,-86.239655,311.390015,1.124,252.100006,10,43,37,80,12,3,GPS_HOMING,AP_PROT_ROLL_MIN,325.514,30.000,20.000,4,-20,-25,20,ROLL_RIGHT
2605,195.863419,0,1.000,-7.805,-0.077,-2.870,-106.035,167.588,-66.248,-81.020,-11.862,-31.875,5.125,22.375,-1.615,30.809,10.637,0.796,0.596,0.085,0.071,1,-37.340,-1.515,-25.016,0.000,2,41.519054,-86.239655,0.000000,1.144,252.100006,10,43,37,88,12,3,GPS_HOMING,AP_PROT_ROLL_MIN,325.514,30.000,20.000,4,-20,-25,20,ROLL_RIGHT
2606,195.954498,0,0.013,-7.087,0.782,-2.133,-110.709,174.197,-42.300,-87.510,15.667,-31.875,5.125,22.375,-0.538,30.066,12.534,0.822,0.567,0.044,0.031,1,-39.949,-1.519,-25.875,0.000,2,41.519054,-86.239655,299.859985,1.232,252.100006,10,43,37,96,12,3,GPS_HOMING,AP_PROT_ROLL_MIN,325.514,30.000,20.000,4,-20,-25,20,ROLL_RIGHT
2607,196.033234,0,-3.178,-5.639,-0.654,2.095,-113.670,182.447,-13.541,-72.515,33.236,-31.875,5.125,22.375,1.666,29.604,13.354,0.837,0.547,-0.027,-0.008,1,-35.700,-1.517,-24.460,0.000,2,41.519054,-86.239655,314.450012,0.986,252.000000,10,43,38,4,12,3,GPS_HOMING,AP_PROT_ROLL_MIN,325.514,30.000,20.000,4,-20,-25,20,ROLL_RIGHT
2608,196.101532,0,1.512,-3.076,2.935,7.643,-114.834,187.383,-21.934,-119.292,36.481,-31.875,5.125,22.375,5.101,28.938,13.764,0.841,0.533,-0.091,-0.018,1,-40.256,-1.536,-25.974,0.000,2,41.519054,-86.239662,0.000000,0.837,252.000000,10,43,38,12,12,3,GPS_HOMING,AP_PROT_ROLL_MIN,325.514,30.000,20.000,4,-20,-25,20,ROLL_RIGHT
2609,196.161591,0,0.359,-0.615,2.563,13.253,-115.008,192.903,-4.924,-62.220,37.712,-31.875,5.125,22.375,8.458,28.272,13.277,0.839,0.519,-0.157,-0.033,1,-40.242,-1.508,-25.970,0.000,2,41.519054,-86.239662,0.000000,0.808,252.000000,10,43,38,16,12,3,GPS_HOMING,AP_PROT_ROLL_MIN,325.514,30.000,20.000,4,-20,-25,20,ROLL_RIGHT
2610,196.223404,0,1.346,2.243,4.409,16.519,-113.965,195.621,5.931,-49.574,26.969,-31.875,5.125,22.375,9.099,28.220,12.918,0.833,0.518,-0.193,-0.035,1,-43.587,-1.502,-27.028,0.000,2,41.519054,-86.239662,0.000000,1.070,252.000000,10,43,38,24,12,3,GPS_HOMING,AP_PROT_ROLL_MIN,325.514,30.000,20.000,4,-20,-25,20,ROLL_RIGHT
2611,196.302536,0,-2.602,1.141,3.037,18.770,-113.581,196.437,29.096,5.819,12.310,-31.875,5.125,22.375,10.406,27.964,12.354,0.830,0.515,-0.212,-0.030,1,-35.511,-1.440,-24.396,0.000,2,41.519054,-86.239662,291.899994,1.374,251.899994,10,43,38,32,12,3,GPS_HOMING,AP_PROT_ROLL_MIN,325.514,30.000,20.000,4,-20,-25,20,ROLL_RIGHT
2612,196.382690,0,-2.678,3.230,2.730,18.775,-111.742,195.000,12.310,1.567,23.165,-31.875,5.125,22.375,10.483,28.195,11.611,0.822,0.531,-0.206,-0.016,1,-41.337,-1.472,-26.321,0.000,2,41.519054,-86.239662,286.279999,1.615,251.899994,10,43,38,40,12,3,GPS_HOMING,AP_PROT_ROLL_MIN,325.514,30.000,20.000,4,-20,-25,20,ROLL_RIGHT
2613,196.457764,0,-2.973,-1.922,-4.165,19.325,-111.100,194.349,-7.274,15.555,-3.133,-31.875,5.125,22.375,10.278,28.195,11.714,0.818,0.536,-0.207,-0.007,1,-37.266,-1.515,-24.991,0.000,2,41.519058,-86.239662,293.670013,1.860,251.800003,10,43,38,48,12,3,GPS_HOMING,AP_PROT_ROLL_MIN,325.514,30.000,20.000,4,-20,-25,20,ROLL_RIGHT
2614,196.544830,0,3.025,-3.345,-6.613,18.014,-111.619,193.424,29.767,7.162,-10.519,-31.875,5.125,22.375,9.689,28.477,11.509,0.822,0.536,-0.193,-0.008,1,-37.472,-1.486,-25.060,0.000,2,41.519058,-86.239662,301.399994,1.846,251.800003,10,43,38,56,12,3,GPS_HOMING,AP_PROT_ROLL_MIN,325.514,30.000,20.000,4,-20,-25,20,ROLL_RIGHT
2615,196.623917,0,4.242,-0.295,4.575,18.362,-107.953,193.667,81.356,-14.660,3.917,-31.875,5.125,22.375,10.073,29.169,9.048,0.804,0.561,-0.197,-0.002,1,-38.896,-1.500,-25.532,0.000,2,41.519058,-86.239662,307.190002,1.644,251.800003,10,43,38,64,12,3,GPS_HOMING,AP_PROT_ROLL_MIN,325.514,30.000,20.000,4,-20,-25,20,ROLL_RIGHT
2616,196.702286,0,12.316,2.307,7.818,18.993,-102.314,193.151,74.082,38.272,-15.779,-31.875,5.125,22.375,10.099,29.835,6.331,0.775,0.600,-0.198,0.015,1,-39.102,-1.472,-25.599,0.000,2,41.519058,-86.239662,304.250000,1.624,251.800003,10,43,38,72,12,3,GPS_HOMING,AP_PROT_ROLL_MIN,325.514,30.000,20.000,4,-20,-25,20,ROLL_RIGHT
2617,196.785919,0,9.394,3.447,5.613,18.745,-98.784,189.967,27.305,67.143,19.695,-31.875,5.125,22.375,10.304,29.989,5.101,0.755,0.629,-0.179,0.041,1,-39.720,-1.513,-25.801,0.000,2,41.519058,-86.239662,302.149994,2.289,251.800003,10,43,38,80,12,3,GPS_HOMING,AP_PROT_ROLL_MIN,325.514,30.000,20.000,4,-20,-25,20,ROLL_RIGHT
2618,196.865799,0,5.729,5.434,3.204,18.147,-99.508,182.107,8.841,105.303,10.967,-31.875,5.125,22.375,9.868,30.040,5.870,0.755,0.636,-0.132,0.088,1,-37.932,-1.511,-25.214,0.000,2,41.519058,-86.239662,295.700012,3.166,251.899994,10,43,38,88,12,3,GPS_HOMING,AP_PROT_ROLL_MIN,325.514,30.000,20.000,4,-20,-25,20,ROLL_RIGHT
2619,196.950424,0,8.561,5.139,0.871,18.465,-102.806,173.498,-29.431,92.770,37.153,-31.875,5.125,22.375,10.227,29.604,7.664,0.765,0.622,-0.090,0.144,1,-38.309,-1.517,-25.338,0.000,2,41.519058,-86.239662,293.399994,3.482,251.899994,10,43,38,96,12,3,GPS_HOMING,AP_PROT_ROLL_MIN,325.514,30.000,20.000,4,-20,-25,20,ROLL_RIGHT
2620,197.065002,0,4.242,5.818,-4.498,19.138,-108.895,164.776,-30.774,137.756,37.153,-31.875,5.125,22.375,10.330,28.323,11.791,0.782,0.586,-0.058,0.202,1,-39.181,-1.482,-25.625,0.000,2,41.519066,-86.239662,291.839996,4.204,251.800003,10,43,39,8,12,3,GPS_HOMING,AP_PROT_ROLL_MIN,325.514,30.000,20.000,4,-20,-25,20,ROLL_RIGHT
2621,197.144897,0,1.961,2.063,-7.036,17.872,-115.553,153.634,3.357,92.546,11.974,-31.875,5.125,22.375,9.304,26.708,16.045,0.795,0.543,-0.008,0.271,1,-37.343,-1.522,-25.017,0.000,2,41.519066,-86.239670,296.410004,4.966,251.899994,10,43,39,16,12,3,GPS_HOMING,AP_PROT_ROLL_MIN,325.514,30.000,20.000,4,-20,-25,20,ROLL_RIGHT
2622,197.207504,0,-1.845,-4.729,-9.932,11.845,-118.694,142.576,-23.836,73.186,-48.791,-31.875,5.125,22.375,6.126,27.733,16.020,0.794,0.509,0.079,0.324,1,-39.319,-1.455,-25.670,0.000,2,41.519066,-86.239670,297.839996,4.993,251.899994,10,43,39,20,12,3,GPS_HOMING,AP_PROT_ROLL_MIN,325.514,30.000,20.000,4,-20,-25,20,ROLL_RIGHT
2623,197.262741,0,-5.600,-2.986,-8.317,6.057,-119.267,140.186,42.077,71.844,-73.746,-31.875,5.125,22.375,2.845,28.246,16.122,0.801,0.490,0.129,0.318,1,-37.996,-1.492,-25.235,0.000,2,41.519066,-86.239670,299.220001,4.679,251.899994,10,43,39,28,12,3,GPS_HOMING,AP_PROT_ROLL_MIN,325.514,30.000,20.000,4,-20,-25,20,ROLL_RIGHT
2624,197.419937,0,-0.423,-0.359,-3.781,1.679,-117.653,139.219,5.819,23.612,-35.027,-31.875,5.125,22.375,0.436,28.759,15.456,0.799,0.490,0.169,0.305,1,-37.642,-1.525,-25.117,0.000,2,41.519066,-86.239670,301.500000,3.489,251.899994,10,43,39,44,12,3,GPS_HOMING,AP_PROT_ROLL_MIN,325.514,30.000,20.000,4,-20,-25,20,ROLL_RIGHT
2625,197.502945,0,1.461,-3.627,-10.240,-0.336,-118.288,138.788,-46.777,4.924,10.295,-31.875,5.125,22.375,-1.051,27.605,17.353,0.804,0.479,0.183,0.301,1,-36.152,-1.522,-24.615,0.000,2,41.519066,-86.239670,303.690002,2.890,251.899994,10,43,39,52,12,3,GPS_HOMING,AP_PROT_ROLL_MIN,325.514,30.000,20.000,4,-20,-25,20,ROLL_RIGHT
2626,197.579498,0,-0.064,0.154,-4.883,-1.535,-122.584,137.855,0.112,-4.700,-12.310,-31.875,5.125,22.375,-0.948,27.400,17.583,0.821,0.444,0.184,0.309,1,-38.242,-1.531,-25.316,0.000,2,41.519066,-86.239670,303.549988,2.672,251.899994,10,43,39,60,12,3,GPS_HOMING,AP_PROT_ROLL_MIN,325.514,30.000,20.000,4,-20,-25,20,ROLL_RIGHT
2627,197.659561,0,-2.935,-1.025,-2.999,-1.123,-122.867,138.584,-0.336,-15.331,-9.848,-31.875,5.125,22.375,-0.487,27.272,17.635,0.823,0.444,0.177,0.306,1,-35.619,-1.499,-24.432,0.000,2,41.519066,-86.239670,295.839996,2.520,251.899994,10,43,39,68,12,3,GPS_HOMING,AP_PROT_ROLL_MIN,325.514,30.000,20.000,4,-20,-25,20,ROLL_RIGHT
2628,197.734955,0,-2.743,-3.845,0.846,-1.692,-122.938,139.164,-14.883,-33.460,2.238,-31.875,5.125,22.375,-0.513,27.093,17.763,0.826,0.443,0.179,0.300,1,-39.176,-1.469,-25.624,0.000,2,41.519066,-86.239670,294.609985,2.100,251.899994,10,43,39,76,12,3,GPS_HOMING,AP_PROT_ROLL_MIN,325.514,30.000,20.000,4,-20,-25,20,ROLL_RIGHT
2629,197.806503,0,-5.229,-0.551,1.576,-0.588,-123.810,140.943,5.260,3.245,-1.902,-31.875,5.125,22.375,-0.282,27.016,17.763,0.832,0.442,0.162,0.293,1,-39.554,-1.477,-25.747,0.000,2,41.519066,-86.239670,301.779999,2.385,251.699997,10,43,39,80,12,3,GPS_HOMING,AP_PROT_ROLL_MIN,325.514,30.000,20.000,4,-20,-25,20,ROLL_RIGHT
2630,197.860565,0,-4.075,2.973,3.217,-0.382,-123.094,140.561,0.895,-6.602,-2.910,-31.875,5.125,22.375,-0.179,27.195,17.404,0.828,0.448,0.164,0.295,1,-37.998,-1.493,-25.235,0.000,2,41.519066,-86.239670,297.519989,1.608,251.800003,10,43,39,88,12,3,GPS_HOMING,AP_PROT_ROLL_MIN,325.514,30.000,20.000,4,-20,-25,20,ROLL_RIGHT
2631,197.941895,0,-1.115,0.987,3.986,-0.308,-123.581,141.200,-30.774,-17.569,-1.007,-31.875,5.125,22.375,-0.077,26.836,17.891,0.832,0.445,0.159,0.292,1,-37.706,-1.502,-25.138,0.000,2,41.519066,-86.239670,291.799988,1.188,251.800003,10,43,39,96,12,3,GPS_HOMING,AP_PROT_ROLL_MIN,325.514,30.000,20.000,4,-20,-25,20,ROLL_RIGHT
2632,198.062958,0,0.384,0.615,0.256,-1.855,-124.365,141.048,-3.805,13.876,-11.414,-31.875,5.125,22.375,-1.077,26.734,17.968,0.836,0.435,0.169,0.288,1,-38.174,-1.543,-25.294,0.000,2,41.519066,-86.239670,300.329987,1.362,251.800003,10,43,40,8,12,3,GPS_HOMING,AP_PROT_ROLL_MIN,325.514,30.000,20.000,4,-20,-25,20,ROLL_RIGHT
2633,198.178741,0,-1.986,-3.050,-3.563,-6.656,-125.409,138.581,-17.457,54.722,-29.991,-31.875,5.125,22.375,-3.999,26.195,18.275,0.839,0.410,0.210,0.289,1,-38.954,-1.468,-25.551,0.000,2,41.519066,-86.239677,303.070007,1.514,251.800003,10,43,40,20,12,3,GPS_HOMING,AP_PROT_ROLL_MIN,325.514,30.000,20.000,4,-20,-25,20,ROLL_RIGHT
2634,198.263901,0,0.564,0.487,1.000,-8.109,-125.488,139.099,-19.248,-28.984,14.660,-31.875,5.125,22.375,-3.768,25.734,18.916,0.842,0.406,0.219,0.279,1,-39.498,-1.515,-25.729,0.000,2,41.519066,-86.239677,306.980011,2.000,251.800003,10,43,40,28,12,3,GPS_HOMING,AP_PROT_ROLL_MIN,325.514,30.000,20.000,4,-20,-25,20,ROLL_RIGHT
2635,198.338867,0,-4.562,-2.538,-5.049,-6.183,-126.856,140.652,24.619,-53.939,-38.608,-31.875,5.125,22.375,-3.691,25.760,18.839,0.849,0.404,0.196,0.278,1,-39.677,-1.572,-25.787,0.000,2,41.519066,-86.239677,306.489990,2.083,251.800003,10,43,40,36,12,3,GPS_HOMING,AP_PROT_ROLL_MIN,325.514,30.000,20.000,4,-20,-25,20,ROLL_RIGHT
2636,198.423935,0,5.383,3.294,4.550,-4.865,-126.441,144.996,-0.671,-90.756,-41.517,-31.875,5.125,22.375,-1.974,25.990,18.711,0.856,0.418,0.172,0.250,1,-40.429,-1.583,-26.030,0.000,2,41.519066,-86.239677,305.329987,2.005,251.800003,10,43,40,44,12,3,GPS_HOMING,AP_PROT_ROLL_MIN,325.514,30.000,20.000,4,-20,-25,20,ROLL_RIGHT
2637,198.500961,0,1.115,-2.076,-2.166,-2.925,-126.514,150.282,7.610,-60.205,-66.808,-31.875,5.125,22.375,-2.102,25.837,18.890,0.866,0.429,0.137,0.218,1,-39.973,-1.563,-25.883,0.000,2,41.519066,-86.239677,305.890015,1.894,251.800003,10,43,40,52,12,3,GPS_HOMING,AP_PROT_ROLL_MIN,325.514,30.000,20.000,4,-20,-25,20,ROLL_RIGHT
2638,198.579590,0,2.691,3.537,-0.525,-2.344,-126.983,157.605,-52.820,-132.161,16.898,-31.875,5.125,22.375,0.461,25.247,19.762,0.879,0.434,0.105,0.165,1,-40.853,-1.540,-26.166,0.000,2,41.519066,-86.239677,308.350006,1.608,251.699997,10,43,40,60,12,3,GPS_HOMING,AP_PROT_ROLL_MIN,325.514,30.000,20.000,4,-20,-25,20,ROLL_RIGHT
2639,198.659195,0,-0.615,2.473,2.819,4.426,-130.741,165.560,-11.974,-27.081,-14.100,-31.875,5.125,22.375,2.640,24.171,20.941,0.899,0.418,0.018,0.130,1,-40.461,-1.506,-26.041,0.000,2,41.519070,-86.239677,310.859985,1.296,251.699997,10,43,40,68,12,3,GPS_HOMING,AP_PROT_ROLL_MIN,325.514,30.000,20.000,4,-20,-25,20,ROLL_RIGHT
2640,198.737625,0,2.281,-1.000,-0.718,5.283,-132.644,167.571,-43.196,28.088,-96.463,-31.875,5.125,22.375,1.256,23.120,22.223,0.907,0.403,0.001,0.117,1,-40.844,-1.522,-26.163,0.000,2,41.519070,-86.239677,0.000000,1.041,251.600006,10,43,40,76,12,3,GPS_HOMING,AP_PROT_ROLL_MIN,325.514,30.000,20.000,4,-20,-25,20,ROLL_RIGHT
2641,198.822372,0,3.089,6.293,0.961,-1.014,-136.426,171.460,-33.236,14.324,-21.934,-31.875,5.125,22.375,-2.538,21.018,24.145,0.926,0.370,0.036,0.066,1,-40.328,-1.536,-25.998,0.000,2,41.519070,-86.239677,0.000000,1.048,251.600006,10,43,40,84,12,3,GPS_HOMING,AP_PROT_ROLL_MIN,325.514,30.000,20.000,4,-20,-25,20,ROLL_RIGHT
2642,198.946518,0,2.281,1.474,2.345,-11.598,-141.981,173.361,-41.741,106.758,-60.317,-31.875,5.125,22.375,-4.691,20.249,24.529,0.941,0.318,0.114,0.022,1,-40.541,-1.516,-26.066,0.000,2,41.519070,-86.239677,0.000000,1.244,251.699997,10,43,40,96,12,3,GPS_HOMING,AP_PROT_ROLL_MIN,325.514,30.000,20.000,4,-20,-25,20,ROLL_RIGHT
2643,199.022461,0,2.371,-0.602,1.499,-17.249,-143.131,173.810,-6.938,26.298,-45.546,-31.875,5.125,22.375,-11.150,18.198,24.145,0.939,0.305,0.159,0.003,1,-40.398,-1.524,-26.020,0.000,2,41.519070,-86.239677,0.000000,1.293,251.699997,10,43,41,4,12,3,GPS_HOMING,AP_PROT_ROLL_MIN,325.514,30.000,20.000,4,-20,-25,20,ROLL_RIGHT
2644,199.103912,0,1.320,3.870,-1.551,-21.992,-142.851,174.216,7.722,51.253,-40.174,-31.875,5.125,22.375,-12.918,18.045,23.427,0.932,0.303,0.196,-0.014,1,-39.554,-1.480,-25.747,0.000,2,41.519070,-86.239677,305.529999,1.382,251.699997,10,43,41,12,12,3,GPS_HOMING,AP_PROT_ROLL_MIN,325.514,30.000,20.000,4,-20,-25,20,ROLL_RIGHT
2645,199.221863,0,-2.807,3.345,2.538,-26.245,-142.542,174.304,16.674,45.881,-62.667,-31.875,5.125,22.375,-15.200,17.276,22.735,0.925,0.302,0.230,-0.027,1,-38.310,-1.519,-25.339,0.000,2,41.519070,-86.239677,315.720001,1.517,251.800003,10,43,41,24,12,3,GPS_HOMING,AP_PROT_ROLL_MIN,325.514,30.000,20.000,4,-20,-25,20,ROLL_RIGHT
2646,199.297638,0,-2.691,-4.537,2.538,-33.460,-142.461,175.414,52.484,72.627,-17.010,-31.875,5.125,22.375,-22.479,15.174,17.788,0.910,0.297,0.285,-0.056,1,-40.463,-1.510,-26.041,0.000,2,41.519070,-86.239677,327.920013,1.408,251.800003,10,43,41,32,12,3,GPS_HOMING,AP_PROT_ROLL_MIN,325.514,30.000,20.000,4,-20,-25,20,ROLL_RIGHT
2647,199.376968,0,3.999,0.987,-9.625,-46.611,-136.961,167.600,-109.556,171.664,-7.162,-31.875,5.125,22.375,-25.350,14.097,14.661,0.865,0.295,0.402,-0.052,1,-37.628,-1.500,-25.112,0.000,2,41.519070,-86.239677,337.170013,1.482,251.800003,10,43,41,40,12,3,GPS_HOMING,AP_PROT_ROLL_MIN,325.514,30.000,20.000,4,-20,-25,20,ROLL_RIGHT
2648,199.459518,0,9.868,2.409,-7.138,-57.422,-132.664,152.831,-104.632,174.685,-3.021,-31.875,5.125,22.375,-28.887,11.996,8.869,0.826,0.239,0.510,0.001,1,-37.211,-1.551,-24.973,0.000,2,41.519070,-86.239677,342.679993,1.554,251.800003,10,43,41,48,12,3,GPS_HOMING,AP_PROT_ROLL_MIN,325.514,30.000,20.000,4,-20,-25,20,ROLL_RIGHT
2649,199.538574,0,10.304,3.717,-5.588,-68.552,-108.607,115.790,-55.729,151.744,-1.679,-31.875,5.125,22.375,-30.220,11.329,3.563,0.743,0.165,0.644,0.078,1,-35.473,-1.505,-24.383,0.000,2,41.519073,-86.239677,343.570007,1.646,251.899994,10,43,41,56,12,3,GPS_HOMING,AP_PROT_ROLL_MIN,325.514,30.000,20.000,4,-20,-25,20,ROLL_RIGHT
2650,199.620804,0,-3.242,-4.280,-3.435,-70.811,-78.053,79.944,-70.613,147.828,-8.841,-31.875,5.125,22.375,-30.527,10.996,0.692,0.675,0.127,0.720,0.104,1,-36.748,-1.522,-24.817,0.000,2,41.519073,-86.239677,341.839996,1.911,251.899994,10,43,41,64,12,3,GPS_HOMING,AP_PROT_ROLL_MIN,325.514,30.000,20.000,4,-20,-25,20,ROLL_RIGHT
2651,199.742935,0,-5.870,-7.369,-1.448,-67.039,-46.727,44.047,-50.134,150.401,-30.998,-31.875,5.125,22.375,-30.373,10.022,-5.306,0.594,0.084,0.792,0.116,1,-36.815,-1.505,-24.839,0.000,2,41.519073,-86.239677,349.369995,2.392,252.000000,10,43,41,76,12,3,GPS_HOMING,AP_PROT_ROLL_MIN,325.514,30.000,20.000,4,-20,-25,20,ROLL_RIGHT
2652,199.818909,0,-8.112,6.818,4.550,-49.963,-13.441,4.035,-10.855,212.397,-51.029,-31.875,5.125,22.375,-28.297,8.100,-13.533,0.423,-0.018,0.901,0.091,1,-34.445,-1.532,-24.027,0.000,2,41.519073,-86.239677,351.010010,2.382,252.000000,10,43,41,84,12,3,GPS_HOMING,AP_PROT_PITCH_MIN,325.514,30.000,20.000,4,20,-25,20,PITCH_NOSE_UP
2653,199.901932,0,4.703,1.294,0.795,-43.215,-6.120,349.906,-32.229,128.132,-103.513,-31.875,5.125,22.375,-22.992,3.717,-22.479,0.362,-0.101,0.923,0.082,1,-34.357,-1.508,-23.996,0.000,2,41.519073,-86.239677,350.820007,2.214,252.100006,10,43,41,92,12,3,GPS_HOMING,AP_PROT_PITCH_MIN,325.514,30.000,20.000,4,20,-25,20,PITCH_NOSE_UP
2654,199.951523,0,31.283,-19.493,-15.315,-40.194,-12.712,336.054,-6.826,-51.029,-85.720,-31.875,5.125,22.375,-20.838,5.665,-24.145,0.312,-0.231,0.905,0.173,1,-38.618,-1.540,-25.440,0.000,2,41.519073,-86.239677,350.950012,2.257,252.100006,10,43,41,96,12,3,GPS_HOMING,AP_PROT_PITCH_MIN,325.514,30.000,20.000,4,20,-25,20,PITCH_NOSE_UP
2655,200.060059,0,3.204,-5.024,-3.883,-45.475,-11.341,335.366,72.179,-29.879,-28.536,-31.875,5.125,22.375,-23.120,4.204,-22.248,0.356,-0.233,0.888,0.171,1,-35.018,-1.493,-24.226,0.000,2,41.519073,-86.239677,354.660004,1.900,252.199997,10,43,42,8,12,3,GPS_HOMING,AP_PROT_PITCH_MIN,325.514,30.000,20.000,4,20,-25,20,PITCH_NOSE_UP
2656,200.137634,0,4.409,-1.628,-4.998,-43.753,-6.096,330.237,49.462,222.021,9.288,-31.875,5.125,22.375,-17.840,1.128,-27.041,0.347,-0.257,0.891,0.143,1,-36.750,-1.527,-24.818,0.000,2,41.519073,-86.239677,351.720001,2.074,252.199997,10,43,42,16,12,3,GPS_HOMING,AP_PROT_PITCH_MIN,325.514,30.000,20.000,4,20,-25,20,PITCH_NOSE_UP
2657,200.373642,0,0.397,1.397,-3.422,-27.648,-5.706,328.483,-135.630,-97.246,-198.521,-31.875,5.125,22.375,-17.250,3.973,-27.221,0.217,-0.275,0.930,0.111,1,-36.042,-1.597,-24.577,0.000,2,41.519077,-86.239677,0.640000,2.142,252.300003,10,43,42,40,12,3,GPS_HOMING,AP_PROT_PITCH_MIN,325.514,30.000,20.000,4,20,-25,20,PITCH_NOSE_UP
2658,200.459702,0,-8.958,-4.896,-3.563,-36.134,-7.145,308.014,-95.903,-63.563,56.177,-31.875,5.125,22.375,-19.429,10.253,-24.017,0.252,-0.433,0.844,0.189,1,-36.568,-1.607,-24.756,0.000,2,41.519077,-86.239677,357.609985,2.241,252.300003,10,43,42,48,12,3,GPS_HOMING,AP_PROT_PITCH_MIN,325.514,30.000,20.000,4,20,-25,20,PITCH_NOSE_UP
2659,200.535019,0,2.397,-6.600,-1.910,-34.873,-31.771,317.214,-98.701,-16.674,97.918,-31.875,5.125,22.375,-18.480,15.481,-21.966,0.173,-0.411,0.824,0.348,1,-36.846,-1.569,-24.850,0.000,2,41.519077,-86.239677,357.250000,2.150,252.300003,10,43,42,56,12,3,GPS_HOMING,AP_PROT_ROLL_MIN,325.514,30.000,20.000,4,-20,-25,20,ROLL_RIGHT
2660,200.620087,0,2.896,-1.499,-0.769,-31.663,-42.223,323.431,-87.175,8.169,53.715,-31.875,5.125,22.375,-16.584,20.351,-19.454,0.133,-0.375,0.821,0.409,1,-37.211,-1.553,-24.973,0.000,2,41.519077,-86.239677,357.010010,1.691,252.300003,10,43,42,64,12,3,GPS_HOMING,AP_PROT_ROLL_MIN,325.514,30.000,20.000,4,-20,-25,20,ROLL_RIGHT
2661,200.700836,0,1.115,-3.755,0.871,-29.559,-46.831,325.228,-65.017,5.931,-2.238,-31.875,5.125,22.375,-16.302,21.351,-18.583,0.109,-0.362,0.816,0.437,1,-36.542,-1.555,-24.747,0.000,2,41.519077,-86.239677,359.809998,2.044,252.300003,10,43,42,72,12,3,GPS_HOMING,AP_PROT_ROLL_MIN,325.514,30.000,20.000,4,-20,-25,20,ROLL_RIGHT
2662,200.800247,0,5.011,-2.012,-7.651,-29.802,-51.197,325.409,-39.055,9.400,-6.714,-31.875,5.125,22.375,-16.455,22.120,-17.455,0.097,-0.365,0.799,0.468,1,-36.219,-1.510,-24.637,0.000,2,41.519077,-86.239677,5.780000,2.339,252.300003,10,43,42,80,12,3,GPS_HOMING,AP_PROT_ROLL_MIN,325.514,30.000,20.000,4,-20,-25,20,ROLL_RIGHT
2663,200.856873,0,6.177,-2.807,-4.755,-30.688,-51.098,324.443,40.062,23.836,-29.767,-31.875,5.125,22.375,-16.891,21.607,-17.686,0.100,-0.374,0.794,0.469,1,-36.679,-1.532,-24.793,0.000,2,41.519081,-86.239677,359.910004,2.361,252.300003,10,43,42,88,12,3,GPS_HOMING,AP_PROT_ROLL_MIN,325.514,30.000,20.000,4,-20,-25,20,ROLL_RIGHT
2664,200.952515,0,-5.908,-2.051,0.436,-32.202,-46.221,321.080,73.410,23.053,-78.222,-31.875,5.125,22.375,-17.737,19.070,-19.608,0.115,-0.397,0.797,0.441,1,-36.446,-1.515,-24.715,0.000,2,41.519081,-86.239677,355.600006,2.447,252.300003,10,43,42,92,12,3,GPS_HOMING,AP_PROT_ROLL_MIN,325.514,30.000,20.000,4,-20,-25,20,ROLL_RIGHT
2665,201.032547,0,-12.521,-4.678,0.167,-35.255,-28.707,308.445,91.763,77.886,-128.468,-31.875,5.125,22.375,-18.814,12.457,-23.453,0.161,-0.469,0.799,0.340,1,-35.506,-1.564,-24.394,0.000,2,41.519081,-86.239677,349.890015,2.577,252.300003,10,43,43,0,12,3,GPS_HOMING,AP_PROT_PITCH_MIN,325.514,30.000,20.000,4,20,-25,20,PITCH_NOSE_UP
2666,201.092499,0,-2.204,3.576,-3.499,-34.011,-20.652,299.536,4.588,11.302,37.041,-31.875,5.125,22.375,-18.275,8.945,-25.401,0.162,-0.519,0.786,0.293,1,-34.221,-1.536,-23.948,0.000,2,41.519081,-86.239677,348.529999,2.625,252.300003,10,43,43,8,12,3,GPS_HOMING,AP_PROT_PITCH_MIN,325.514,30.000,20.000,4,20,-25,20,PITCH_NOSE_UP
2667,201.152588,0,-5.549,-2.678,2.512,-33.053,-21.710,302.807,22.381,-10.743,47.784,-31.875,5.125,22.375,-17.686,9.843,-25.503,0.159,-0.498,0.801,0.292,1,-35.337,-1.525,-24.336,0.000,2,41.519081,-86.239677,349.670013,2.652,252.300003,10,43,43,12,12,3,GPS_HOMING,AP_PROT_PITCH_MIN,325.514,30.000,20.000,4,20,-25,20,PITCH_NOSE_UP
2668,201.218765,0,3.499,1.576,2.448,-32.902,-23.786,305.807,-22.493,-29.767,65.353,-31.875,5.125,22.375,-17.660,10.637,-25.196,0.157,-0.479,0.809,0.302,1,-36.463,-1.549,-24.720,0.000,2,41.519081,-86.239677,346.839996,2.670,252.300003,10,43,43,24,12,3,GPS_HOMING,AP_PROT_PITCH_MIN,325.514,30.000,20.000,4,20,-25,20,PITCH_NOSE_UP
2669,201.342834,0,-2.204,1.166,2.819,-33.393,-24.939,307.671,-8.729,-15.107,39.615,-31.875,5.125,22.375,-18.019,11.150,-24.683,0.161,-0.468,0.812,0.309,1,-37.110,-1.502,-24.939,0.000,2,41.519081,-86.239677,341.470001,2.846,252.199997,10,43,43,36,12,3,GPS_HOMING,AP_PROT_PITCH_MIN,325.514,30.000,20.000,4,20,-25,20,PITCH_NOSE_UP
2670,201.416870,0,2.089,2.730,0.987,-33.195,-26.530,310.536,-3.581,7.498,-6.491,-31.875,5.125,22.375,-17.583,12.149,-24.555,0.161,-0.450,0.820,0.316,1,-37.110,-1.507,-24.939,0.000,2,41.519085,-86.239677,342.329987,3.060,252.199997,10,43,43,44,12,3,GPS_HOMING,AP_PROT_PITCH_MIN,325.514,30.000,20.000,4,20,-25,20,PITCH_NOSE_UP
2671,201.499527,0,-1.141,1.910,-2.409,-32.173,-27.604,311.453,-33.012,-14.100,48.455,-31.875,5.125,22.375,-17.250,12.970,-24.350,0.151,-0.444,0.823,0.320,1,-35.576,-1.560,-24.418,0.000,2,41.519085,-86.239677,346.500000,2.957,252.199997,10,43,43,52,12,3,GPS_HOMING,AP_PROT_PITCH_MIN,325.514,30.000,20.000,4,20,-25,20,PITCH_NOSE_UP
2672,201.576019,0,-4.024,1.679,-1.564,-30.820,-31.372,313.985,-21.038,41.293,1.902,-31.875,5.125,22.375,-16.122,14.533,-24.273,0.134,-0.429,0.826,0.340,1,-36.533,-1.540,-24.744,0.000,2,41.519085,-86.239677,356.109985,2.630,252.199997,10,43,43,60,12,3,GPS_HOMING,AP_PROT_ROLL_MIN,325.514,30.000,20.000,4,-20,-25,20,ROLL_RIGHT
2673,201.663895,0,-2.602,2.268,-1.102,-27.810,-33.331,312.972,-44.874,46.105,48.120,-31.875,5.125,22.375,-14.302,16.481,-24.196,0.100,-0.434,0.825,0.347,1,-37.427,-1.538,-25.045,0.000,2,41.519085,-86.239677,359.619995,2.608,252.199997,10,43,43,68,12,3,GPS_HOMING,AP_PROT_ROLL_MIN,325.514,30.000,20.000,4,-20,-25,20,ROLL_RIGHT
2674,201.743881,0,-0.538,0.128,3.883,-23.657,-37.383,314.185,-66.472,44.762,27.753,-31.875,5.125,22.375,-12.021,19.352,-23.350,0.057,-0.421,0.828,0.365,1,-36.370,-1.514,-24.689,0.000,2,41.519089,-86.239677,352.529999,2.687,252.199997,10,43,43,76,12,3,GPS_HOMING,AP_PROT_ROLL_MIN,325.514,30.000,20.000,4,-20,-25,20,ROLL_RIGHT
2675,201.819046,0,-6.100,-4.755,1.935,-20.581,-42.921,313.491,-47.000,-35.698,-24.619,-31.875,5.125,22.375,-12.354,21.223,-21.531,0.011,-0.422,0.815,0.396,1,-36.991,-1.558,-24.899,0.000,2,41.519089,-86.239677,350.630005,3.038,252.199997,10,43,43,84,12,3,GPS_HOMING,AP_PROT_ROLL_MIN,325.514,30.000,20.000,4,-20,-25,20,ROLL_RIGHT
2676,201.902878,0,0.064,-4.255,1.602,-23.357,-45.335,312.937,-19.695,13.876,-23.836,-31.875,5.125,22.375,-13.072,21.095,-21.249,0.021,-0.432,0.797,0.421,1,-36.290,-1.505,-24.662,0.000,2,41.519089,-86.239677,356.200012,3.106,252.300003,10,43,43,92,12,3,GPS_HOMING,AP_PROT_ROLL_MIN,325.514,30.000,20.000,4,-20,-25,20,ROLL_RIGHT
2677,201.977631,0,2.563,-5.575,-1.192,-24.700,-45.566,310.905,16.786,11.974,10.183,-31.875,5.125,22.375,-13.508,20.685,-21.377,0.022,-0.450,0.785,0.426,1,-34.870,-1.493,-24.174,0.000,2,41.519089,-86.239677,359.890015,3.062,252.300003,10,43,44,0,12,3,GPS_HOMING,AP_PROT_ROLL_MIN,325.514,30.000,20.000,4,-20,-25,20,ROLL_RIGHT
2678,202.057465,0,1.128,-1.230,1.153,-25.029,-43.911,309.852,6.267,-6.155,-21.598,-31.875,5.125,22.375,-14.020,20.044,-21.556,0.027,-0.457,0.786,0.416,1,-35.337,-1.525,-24.336,0.000,2,41.519089,-86.239677,1.500000,3.087,252.399994,10,43,44,8,12,3,GPS_HOMING,AP_PROT_ROLL_MIN,325.514,30.000,20.000,4,-20,-25,20,ROLL_RIGHT
2679,202.142929,0,4.460,1.153,-2.909,-25.773,-42.055,308.772,33.796,6.491,-17.233,-31.875,5.125,22.375,-14.302,19.326,-22.018,0.036,-0.466,0.786,0.405,1,-35.629,-1.518,-24.436,0.000,2,41.519089,-86.239677,358.059998,3.092,252.399994,10,43,44,16,12,3,GPS_HOMING,AP_PROT_ROLL_MIN,325.514,30.000,20.000,4,-20,-25,20,ROLL_RIGHT
2680,202.300766,0,-1.269,-3.858,-4.896,-25.541,-35.618,309.054,85.496,-11.079,16.562,-31.875,5.125,22.375,-14.046,16.430,-24.376,0.062,-0.460,0.809,0.360,1,-38.066,-1.620,-25.258,0.000,2,41.519093,-86.239677,351.600006,3.436,252.399994,10,43,44,32,12,3,GPS_HOMING,AP_PROT_ROLL_MIN,325.514,30.000,20.000,4,-20,-25,20,ROLL_RIGHT
2681,202.381882,0,-1.743,0.449,-2.653,-24.589,-33.088,309.741,55.058,-20.367,-2.798,-31.875,5.125,22.375,-12.739,14.764,-26.144,0.067,-0.453,0.822,0.339,1,-36.621,-1.564,-24.774,0.000,2,41.519093,-86.239677,348.049988,3.541,252.399994,10,43,44,40,12,3,GPS_HOMING,AP_PROT_ROLL_MIN,325.514,30.000,20.000,4,-20,-25,20,ROLL_RIGHT
2682,202.535004,0,-4.357,-3.768,0.551,-23.202,-27.995,313.051,34.019,-7.610,2.238,-31.875,5.125,22.375,-13.098,12.944,-26.939,0.085,-0.423,0.852,0.295,1,-36.284,-1.493,-24.660,0.000,2,41.519096,-86.239677,338.450012,3.836,252.399994,10,43,44,56,12,3,GPS_HOMING,AP_PROT_PITCH_MIN,325.514,30.000,20.000,4,20,-25,20,PITCH_NOSE_UP
2683,202.615067,0,0.192,3.242,1.589,-23.947,-26.115,312.934,8.505,14.100,-8.057,-31.875,5.125,22.375,-13.149,12.098,-27.400,0.097,-0.423,0.855,0.283,1,-37.782,-1.510,-25.164,0.000,2,41.519096,-86.239677,334.690002,3.870,252.500000,10,43,44,64,12,3,GPS_HOMING,AP_PROT_PITCH_MIN,325.514,30.000,20.000,4,20,-25,20,PITCH_NOSE_UP
2684,202.701874,0,-0.910,-0.128,2.461,-23.235,-22.618,311.520,22.381,9.624,-4.700,-31.875,5.125,22.375,-13.098,10.791,-27.964,0.101,-0.430,0.860,0.256,1,-37.882,-1.556,-25.197,0.000,2,41.519096,-86.239677,334.869995,3.668,252.500000,10,43,44,72,12,3,GPS_HOMING,AP_PROT_PITCH_MIN,325.514,30.000,20.000,4,20,-25,20,PITCH_NOSE_UP
2685,202.780762,0,2.063,4.524,-0.167,-22.209,-21.133,311.433,13.764,14.772,-14.995,-31.875,5.125,22.375,-12.354,10.304,-28.477,0.099,-0.429,0.865,0.242,1,-37.345,-1.529,-25.017,0.000,2,41.519096,-86.239677,339.850006,3.229,252.500000,10,43,44,80,12,3,GPS_HOMING,AP_PROT_PITCH_MIN,325.514,30.000,20.000,4,20,-25,20,PITCH_NOSE_UP
2686,202.862930,0,-4.101,2.909,-0.308,-21.247,-19.464,310.010,-6.938,13.764,-2.126,-31.875,5.125,22.375,-11.919,9.766,-28.836,0.094,-0.438,0.865,0.227,1,-36.599,-1.523,-24.767,0.000,2,41.519096,-86.239677,343.549988,3.114,252.600006,10,43,44,88,12,3,GPS_HOMING,AP_PROT_PITCH_MIN,325.514,30.000,20.000,4,20,-25,20,PITCH_NOSE_UP
2687,202.942917,0,0.192,3.319,-0.461,-19.470,-19.329,309.573,-12.310,34.579,1.902,-31.875,5.125,22.375,-10.355,10.124,-29.323,0.080,-0.440,0.867,0.221,1,-36.772,-1.568,-24.825,0.000,2,41.519096,-86.239677,347.640015,2.898,252.699997,10,43,44,96,12,3,GPS_HOMING,AP_HDG_SEL_GPS,321.974,-25.666,20.000,4,6,1,6,ROLL_LEFT
2688,203.060822,0,-7.369,-1.820,0.948,-17.658,-19.598,309.407,-5.260,-24.060,4.476,-31.875,5.125,22.375,-10.842,10.996,-28.836,0.065,-0.440,0.869,0.217,1,-42.720,-1.551,-26.757,0.000,2,41.519096,-86.239677,354.149994,3.053,252.800003,10,43,45,8,12,3,GPS_HOMING,AP_HDG_SEL_GPS,321.974,-30.000,20.000,4,10,5,10,ROLL_LEFT
2689,203.138565,0,-4.011,-4.626,-1.512,-18.865,-22.870,312.174,-11.414,-28.424,-15.779,-31.875,5.125,22.375,-11.714,12.252,-28.041,0.068,-0.422,0.871,0.244,1,-37.488,-1.512,-25.065,0.000,2,41.519096,-86.239677,355.489990,3.148,252.800003,10,43,45,16,12,3,GPS_HOMING,AP_HDG_SEL_GPS,321.974,-30.000,20.000,4,7,2,7,ROLL_LEFT
2690,203.254990,0,4.678,0.602,2.358,-19.354,-25.983,313.855,-22.269,14.772,30.438,-31.875,5.125,22.375,-11.098,13.431,-27.733,0.064,-0.411,0.869,0.268,1,-36.968,-1.517,-24.891,0.000,2,41.519100,-86.239677,350.579987,3.138,252.800003,10,43,45,28,12,3,GPS_HOMING,AP_HDG_SEL_GPS,321.348,-29.232,20.000,4,0,-5,0,MAINTAIN_ANGLE
2691,203.340073,0,5.203,-0.987,3.114,-18.662,-26.775,314.791,-5.148,-14.660,-4.588,-31.875,5.125,22.375,-10.945,13.739,-27.656,0.058,-0.404,0.872,0.272,1,-36.580,-1.492,-24.760,0.000,2,41.519100,-86.239677,346.850006,3.033,252.800003,10,43,45,36,12,3,GPS_HOMING,AP_HDG_SEL_GPS,321.348,-25.502,20.000,4,0,-5,0,MAINTAIN_ANGLE
2692,203.419342,0,2.230,-1.499,-0.461,-18.277,-27.131,315.436,-6.491,0.783,12.422,-31.875,5.125,22.375,-10.842,13.969,-27.554,0.055,-0.398,0.874,0.273,1,-37.184,-1.503,-24.963,0.000,2,41.519100,-86.239677,350.260010,3.144,252.800003,10,43,45,44,12,3,GPS_HOMING,AP_HDG_SEL_GPS,321.348,-28.912,20.000,4,0,-5,0,MAINTAIN_ANGLE
2693,203.500870,0,0.910,-2.332,-2.089,-17.523,-26.866,316.274,-1.231,5.595,25.850,-31.875,5.125,22.375,-10.073,14.020,-27.810,0.052,-0.391,0.879,0.268,1,-37.351,-1.538,-25.020,0.000,2,41.519100,-86.239677,353.070007,3.448,252.800003,10,43,45,52,12,3,GPS_HOMING,AP_HDG_SEL_GPS,321.348,-30.000,20.000,4,0,-5,0,MAINTAIN_ANGLE
2694,203.580780,0,1.704,2.563,-6.293,-16.981,-27.387,317.239,-6.043,14.883,12.645,-31.875,5.125,22.375,-9.612,14.405,-27.759,0.048,-0.383,0.882,0.270,1,-36.079,-1.525,-24.590,0.000,2,41.519104,-86.239677,351.010010,3.666,252.800003,10,43,45,60,12,3,GPS_HOMING,AP_HDG_SEL_GPS,321.028,-29.982,20.000,4,0,-5,0,MAINTAIN_ANGLE
2695,203.661880,0,-2.166,0.243,-1.141,-15.996,-27.908,317.889,15.667,-7.722,24.172,-31.875,5.125,22.375,-9.253,14.456,-27.887,0.040,-0.377,0.885,0.271,1,-36.901,-1.533,-24.868,0.000,2,41.519104,-86.239677,349.029999,3.973,252.899994,10,43,45,68,12,3,GPS_HOMING,AP_HDG_SEL_GPS,321.028,-28.002,20.000,4,0,-5,0,MAINTAIN_ANGLE
2696,203.775726,0,-0.513,1.064,3.063,-15.794,-26.867,318.856,0.224,5.036,-11.414,-31.875,5.125,22.375,-9.227,13.892,-28.246,0.044,-0.368,0.891,0.262,1,-36.920,-1.565,-24.875,0.000,2,41.519104,-86.239677,342.459991,4.078,252.899994,10,43,45,80,12,3,GPS_HOMING,AP_HDG_SEL_GPS,321.028,-21.432,20.000,4,-5,-10,5,ROLL_RIGHT
2697,203.859177,0,2.115,1.512,2.332,-16.439,-26.529,316.451,-0.671,12.198,-8.057,-31.875,5.125,22.375,-9.509,13.815,-28.220,0.045,-0.388,0.882,0.263,1,-38.786,-1.571,-25.496,0.000,2,41.519104,-86.239685,339.070007,4.003,252.899994,10,43,45,88,12,3,GPS_HOMING,AP_HDG_SEL_GPS,321.629,-17.441,20.000,4,-9,-14,9,ROLL_RIGHT
2698,203.943909,0,4.639,-2.230,4.268,-16.195,-25.697,315.865,23.612,22.269,-16.562,-31.875,5.125,22.375,-9.176,12.970,-28.733,0.045,-0.392,0.883,0.256,1,-37.890,-1.572,-25.200,0.000,2,41.519104,-86.239685,336.140015,3.960,253.000000,10,43,45,96,12,3,GPS_HOMING,AP_HDG_SEL_GPS,321.629,-14.511,20.000,4,-11,-16,11,ROLL_RIGHT
2699,204.019516,0,5.652,-2.525,0.846,-14.568,-23.833,314.065,15.107,12.198,-9.176,-31.875,5.125,22.375,-8.330,12.483,-29.143,0.034,-0.403,0.883,0.237,1,-37.496,-1.527,-25.068,0.000,2,41.519104,-86.239685,333.679993,3.939,253.000000,10,43,46,4,12,3,GPS_HOMING,AP_HDG_SEL_GPS,321.629,-12.051,20.000,4,-12,-17,12,ROLL_RIGHT
2700,204.100723,0,4.345,3.691,-3.025,-14.441,-23.030,312.831,-12.869,14.324,-27.305,-31.875,5.125,22.375,-8.279,12.303,-29.194,0.034,-0.412,0.881,0.231,1,-36.968,-1.511,-24.891,0.000,2,41.519104,-86.239685,331.799988,3.944,253.000000,10,43,46,12,12,3,GPS_HOMING,AP_HDG_SEL_GPS,321.629,-10.171,20.000,4,-13,-18,13,ROLL_RIGHT
2701,204.183975,0,-1.871,1.282,-5.754,-13.758,-22.305,310.301,-3.693,5.371,-44.427,-31.875,5.125,22.375,-7.997,11.867,-29.425,0.026,-0.430,0.874,0.224,1,-36.375,-1.522,-24.690,0.000,2,41.519108,-86.239685,329.649994,4.122,253.000000,10,43,46,20,12,3,GPS_HOMING,AP_HDG_SEL_GPS,321.629,-8.021,20.000,4,-14,-19,14,ROLL_RIGHT
2702,204.298676,0,-3.012,0.513,-1.371,-12.650,-23.314,307.337,-43.755,1.007,-8.729,-31.875,5.125,22.375,-7.126,12.765,-29.297,0.008,-0.452,0.863,0.228,1,-36.449,-1.519,-24.716,0.000,2,41.519108,-86.239685,325.510010,4.155,253.000000,10,43,46,32,12,3,GPS_HOMING,AP_HDG_SEL_GPS,321.629,0.000,20.000,4,-20,-25,20,ROLL_RIGHT
2703,204.376007,0,-5.344,-1.051,2.294,-14.245,-26.619,306.613,-32.341,-25.962,15.667,-31.875,5.125,22.375,-8.612,14.994,-27.836,0.005,-0.459,0.850,0.258,1,-37.213,-1.559,-24.973,0.000,2,41.519108,-86.239685,325.089996,4.154,253.000000,10,43,46,40,12,3,GPS_HOMING,AP_HDG_SEL_GPS,321.629,0.000,20.000,4,-20,-25,20,ROLL_RIGHT
2704,204.457062,0,-4.075,-2.589,-0.231,-16.449,-31.741,308.014,-39.838,10.743,-17.793,-31.875,5.125,22.375,-9.330,16.814,-26.554,0.005,-0.452,0.839,0.304,1,-37.052,-1.534,-24.919,0.000,2,41.519108,-86.239685,325.209991,4.069,253.000000,10,43,46,48,12,3,GPS_HOMING,AP_PROT_ROLL_MIN,321.629,30.000,20.000,4,-20,-25,20,ROLL_RIGHT
2705,204.540909,0,0.218,-2.473,3.652,-16.301,-34.319,306.692,-46.105,17.681,-14.995,-31.875,5.125,22.375,-9.253,17.686,-26.016,0.010,0.462,-0.827,-0.322,1,-37.161,-1.461,-24.956,0.000,2,41.519112,-86.239685,328.459991,3.863,253.100006,10,43,46,56,12,3,GPS_HOMING,AP_PROT_ROLL_MIN,321.629,30.000,20.000,4,-20,-25,20,ROLL_RIGHT
2706,204.622833,0,-0.692,-0.308,0.487,-15.908,-34.220,306.888,-5.819,-6.938,12.981,-31.875,5.125,22.375,-9.202,17.891,-25.888,0.012,0.460,-0.828,-0.320,1,-36.533,-1.542,-24.744,0.000,2,41.519112,-86.239685,334.010010,3.931,253.000000,10,43,46,64,12,3,GPS_HOMING,AP_PROT_ROLL_MIN,321.629,30.000,20.000,4,-20,-25,20,ROLL_RIGHT
2707,204.700577,0,0.077,0.333,-0.961,-15.952,-31.668,306.768,60.989,19.136,7.386,-31.875,5.125,22.375,-8.971,15.892,-27.221,0.002,0.461,-0.835,-0.301,1,-36.963,-1.507,-24.889,0.000,2,41.519112,-86.239685,338.149994,4.103,253.000000,10,43,46,72,12,3,GPS_HOMING,AP_PROT_ROLL_MIN,321.629,30.000,20.000,4,-20,-25,20,ROLL_RIGHT
2708,204.777054,0,-1.307,0.000,-2.973,-14.766,-26.929,307.341,86.279,-3.581,27.529,-31.875,5.125,22.375,-8.407,13.533,-28.605,0.010,-0.455,0.851,0.262,1,-37.790,-1.524,-25.166,0.000,2,41.519112,-86.239685,340.709991,4.117,253.000000,10,43,46,80,12,3,GPS_HOMING,AP_HDG_SEL_GPS,321.306,-19.404,20.000,4,-8,-13,8,ROLL_RIGHT
2709,204.859528,0,-4.434,-0.064,1.166,-14.857,-20.938,308.832,70.948,-16.898,-0.783,-31.875,5.125,22.375,-8.740,10.483,-29.784,0.037,-0.442,0.869,0.217,1,-36.443,-1.511,-24.714,0.000,2,41.519112,-86.239685,343.079987,4.130,253.100006,10,43,46,88,12,3,GPS_HOMING,AP_HDG_SEL_GPS,321.306,-21.774,20.000,4,0,-5,0,MAINTAIN_ANGLE
2710,204.948685,0,1.346,1.807,1.371,-16.329,-15.999,309.416,29.655,4.141,-9.960,-31.875,5.125,22.375,-9.458,8.125,-30.322,0.068,-0.437,0.878,0.185,1,-37.568,-1.521,-25.092,0.000,2,41.519112,-86.239693,341.160004,3.786,253.100006,10,43,46,96,12,3,GPS_HOMING,AP_HDG_SEL_GPS,321.919,-19.241,20.000,4,0,-5,0,MAINTAIN_ANGLE
2711,205.144958,0,-2.794,-0.974,0.820,-16.144,-14.063,308.836,12.310,-6.155,-4.364,-31.875,5.125,22.375,-9.509,7.382,-30.476,0.073,-0.440,0.879,0.169,1,-38.097,-1.538,-25.268,0.000,2,41.519115,-86.239693,344.179993,4.027,253.199997,10,43,47,16,12,3,GPS_HOMING,AP_HDG_SEL_GPS,321.594,-22.586,20.000,4,9,4,9,ROLL_LEFT
2712,205.260818,0,1.692,-1.769,-2.397,-16.186,-12.912,308.634,13.988,23.500,-1.007,-31.875,5.125,22.375,-7.331,5.536,-31.476,0.078,-0.441,0.880,0.161,1,-37.491,-1.522,-25.066,0.000,2,41.519115,-86.239693,347.579987,3.803,253.199997,10,43,47,28,12,3,GPS_HOMING,AP_HDG_SEL_GPS,321.594,-25.986,20.000,4,13,8,13,ROLL_LEFT
2713,205.335999,0,-2.140,0.602,-2.922,-11.434,-8.913,309.476,-10.855,24.507,-16.226,-31.875,5.125,22.375,-5.818,4.998,-31.860,0.057,-0.430,0.894,0.112,1,-36.685,-1.544,-24.795,0.000,2,41.519119,-86.239693,348.470001,3.921,253.199997,10,43,47,36,12,3,GPS_HOMING,AP_HDG_SEL_GPS,321.096,-27.374,20.000,4,18,13,18,ROLL_LEFT
2714,205.414978,0,-1.141,0.090,1.961,-8.025,-9.338,306.866,-31.334,32.676,-10.072,-31.875,5.125,22.375,-4.229,5.767,-31.988,0.026,-0.450,0.887,0.104,1,-37.780,-1.505,-25.163,0.000,2,41.519119,-86.239693,346.890015,3.934,253.199997,10,43,47,44,12,3,GPS_HOMING,AP_HDG_SEL_GPS,321.096,-25.794,20.000,4,16,11,16,ROLL_LEFT
2715,205.495010,0,-4.152,-1.845,1.679,-6.346,-11.596,306.208,-23.053,-18.353,4.252,-31.875,5.125,22.375,-3.793,6.895,-31.834,0.003,-0.454,0.883,0.115,1,-37.787,-1.515,-25.165,0.000,2,41.519119,-86.239693,345.420013,3.995,253.199997,10,43,47,52,12,3,GPS_HOMING,AP_HDG_SEL_GPS,321.096,-24.324,20.000,4,13,8,13,ROLL_LEFT
2716,205.580856,0,-1.679,-1.666,1.499,-7.797,-13.609,305.933,-28.536,-4.364,-2.462,-31.875,5.125,22.375,-4.691,8.382,-31.347,0.006,-0.457,0.879,0.136,1,-35.974,-1.466,-24.554,0.000,2,41.519119,-86.239693,344.019989,3.863,253.199997,10,43,47,60,12,3,GPS_HOMING,AP_HDG_SEL_GPS,321.096,-22.924,20.000,4,9,4,9,ROLL_LEFT
2717,205.657043,0,-0.948,-1.845,2.320,-7.759,-17.304,306.378,-43.867,-1.119,7.386,-31.875,5.125,22.375,-4.639,9.509,-31.014,0.008,0.454,-0.876,-0.164,1,-35.770,-1.505,-24.484,0.000,2,41.519119,-86.239693,341.149994,3.630,253.100006,10,43,47,68,12,3,GPS_HOMING,AP_HDG_SEL_GPS,321.096,-20.054,20.000,4,0,-5,0,MAINTAIN_ANGLE
2718,205.735886,0,1.461,-1.102,1.730,-7.905,-18.714,306.700,-30.326,-1.119,0.112,-31.875,5.125,22.375,-4.691,10.099,-30.809,0.012,0.452,-0.875,-0.175,1,-37.055,-1.541,-24.920,0.000,2,41.519119,-86.239693,339.670013,3.575,253.000000,10,43,47,76,12,3,GPS_HOMING,AP_HDG_SEL_GPS,321.096,-18.574,20.000,4,0,-5,0,MAINTAIN_ANGLE
2719,205.824997,0,2.640,-1.769,-1.358,-7.551,-19.174,306.876,-1.343,-4.924,8.505,-31.875,5.125,22.375,-4.486,10.688,-30.553,0.016,0.450,-0.875,-0.178,1,-36.455,-1.530,-24.718,0.000,2,41.519119,-86.239693,338.589996,3.487,252.899994,10,43,47,84,12,3,GPS_HOMING,AP_HDG_SEL_GPS,321.096,-17.494,20.000,4,0,-5,0,MAINTAIN_ANGLE
2720,205.897675,0,0.807,-2.743,-3.165,-7.145,-19.199,307.905,13.541,-8.729,-6.379,-31.875,5.125,22.375,-4.306,10.406,-30.630,0.018,0.441,-0.880,-0.177,1,-36.572,-1.473,-24.757,0.000,2,41.519123,-86.239693,336.429993,3.517,252.899994,10,43,47,92,12,3,GPS_HOMING,AP_HDG_SEL_GPS,320.587,-15.843,20.000,4,0,-5,0,MAINTAIN_ANGLE
2721,206.019531,0,1.781,4.178,-4.280,-7.689,-18.562,308.131,-2.350,8.169,-1.007,-31.875,5.125,22.375,-4.434,10.278,-30.630,0.011,0.440,-0.881,-0.174,1,-37.115,-1.512,-24.940,0.000,2,41.519123,-86.239693,334.029999,4.154,252.899994,10,43,48,4,12,3,GPS_HOMING,AP_HDG_SEL_GPS,320.587,-13.443,20.000,4,-5,-10,5,ROLL_RIGHT
2722,206.104980,0,0.282,1.717,2.345,-8.123,-17.824,307.812,29.655,17.905,12.422,-31.875,5.125,22.375,-5.254,8.766,-31.014,0.005,0.443,-0.880,-0.170,1,-37.478,-1.492,-25.062,0.000,2,41.519123,-86.239693,329.859985,3.961,252.899994,10,43,48,12,12,3,GPS_HOMING,AP_HDG_SEL_GPS,320.587,-9.273,20.000,4,-9,-14,9,ROLL_RIGHT
2723,206.175934,0,-1.487,-0.026,3.204,-8.401,-13.723,307.892,32.788,-30.438,-23.053,-31.875,5.125,22.375,-5.536,6.818,-31.476,0.013,-0.443,0.886,0.139,1,-37.708,-1.508,-25.139,0.000,2,41.519127,-86.239693,331.750000,3.820,252.899994,10,43,48,20,12,3,GPS_HOMING,AP_HDG_SEL_GPS,319.892,-11.858,20.000,4,0,-5,0,MAINTAIN_ANGLE
2724,206.299805,0,0.333,-1.820,4.357,-10.279,-11.323,307.065,17.233,-5.595,-8.952,-31.875,5.125,22.375,-6.100,5.972,-31.501,0.036,-0.450,0.883,0.128,1,-37.795,-1.531,-25.168,0.000,2,41.519127,-86.239693,335.529999,3.544,252.899994,10,43,48,32,12,3,GPS_HOMING,AP_HDG_SEL_GPS,319.892,-15.638,20.000,4,0,-5,0,MAINTAIN_ANGLE
2725,206.378677,0,4.806,1.205,-0.141,-11.016,-10.448,306.492,-34.355,16.562,-6.714,-31.875,5.125,22.375,-6.126,6.254,-31.424,0.045,-0.454,0.881,0.124,1,-38.415,-1.574,-25.373,0.000,2,41.519127,-86.239693,336.359985,3.786,252.899994,10,43,48,40,12,3,GPS_HOMING,AP_HDG_SEL_GPS,319.892,-16.468,20.000,4,6,1,6,ROLL_LEFT
2726,206.457108,0,-0.103,4.229,-10.881,-9.960,-12.551,305.093,-15.219,1.119,-24.060,-31.875,5.125,22.375,-5.793,7.202,-31.219,0.026,-0.465,0.874,0.136,1,-36.920,-1.568,-24.875,0.000,2,41.519127,-86.239693,333.890015,3.468,252.800003,10,43,48,48,12,3,GPS_HOMING,AP_HDG_SEL_GPS,319.892,-13.998,20.000,4,0,-5,0,MAINTAIN_ANGLE
2727,206.544937,0,2.627,2.576,-2.473,-9.684,-12.854,303.217,-6.938,19.472,-22.045,-31.875,5.125,22.375,-5.254,7.228,-31.322,0.021,-0.479,0.867,0.138,1,-37.129,-1.537,-24.945,0.000,2,41.519127,-86.239693,334.369995,3.642,252.800003,10,43,48,56,12,3,GPS_HOMING,AP_HDG_SEL_GPS,319.892,-14.478,20.000,4,0,-5,0,MAINTAIN_ANGLE
2728,206.619598,0,-0.961,-2.320,-2.884,-9.084,-13.000,301.534,4.924,-5.595,-19.695,-31.875,5.125,22.375,-5.562,7.100,-31.296,0.014,-0.492,0.860,0.137,1,-39.546,-1.601,-25.744,0.000,2,41.519127,-86.239693,337.510010,4.066,252.800003,10,43,48,64,12,3,GPS_HOMING,AP_HDG_SEL_GPS,319.892,-17.618,20.000,4,0,-5,0,MAINTAIN_ANGLE
2729,206.703873,0,-4.921,-2.230,0.013,-9.908,-12.976,300.832,-8.057,-28.312,18.129,-31.875,5.125,22.375,-5.998,7.510,-31.168,0.019,-0.497,0.856,0.140,1,-39.065,-1.537,-25.587,0.000,2,41.519131,-86.239700,336.910004,4.120,252.800003,10,43,48,72,12,3,GPS_HOMING,AP_HDG_SEL_GPS,320.817,-16.093,20.000,4,0,-5,0,MAINTAIN_ANGLE
2730,206.781921,0,-1.294,-3.281,1.384,-11.288,-13.596,301.918,1.007,-5.595,-3.133,-31.875,5.125,22.375,-6.741,7.433,-31.040,0.028,-0.490,0.858,0.150,1,-37.936,-1.515,-25.215,0.000,2,41.519131,-86.239700,337.010010,3.880,252.800003,10,43,48,80,12,3,GPS_HOMING,AP_HDG_SEL_GPS,320.817,-16.193,20.000,4,0,-5,0,MAINTAIN_ANGLE
2731,206.944992,0,1.166,-2.743,2.089,-11.476,-13.603,302.020,-13.429,-0.560,4.812,-31.875,5.125,22.375,-6.434,7.869,-30.989,0.030,-0.489,0.858,0.151,1,-36.069,-1.502,-24.586,0.000,2,41.519131,-86.239700,333.279999,3.624,252.800003,10,43,48,96,12,3,GPS_HOMING,AP_HDG_SEL_GPS,320.817,-12.463,20.000,4,0,-5,0,MAINTAIN_ANGLE
2732,207.063995,0,1.961,-0.282,-4.870,-9.860,-14.990,302.643,-25.067,31.557,12.422,-31.875,5.125,22.375,-4.639,9.432,-30.809,0.012,-0.484,0.861,0.155,1,-36.611,-1.541,-24.770,0.000,2,41.519135,-86.239700,327.049988,3.799,252.800003,10,43,49,8,12,3,GPS_HOMING,AP_HDG_SEL_GPS,320.460,-6.590,20.000,4,-8,-13,8,ROLL_RIGHT
2733,207.136078,0,2.858,8.266,9.599,-8.474,-17.904,303.707,-6.938,36.146,13.317,-31.875,5.125,22.375,-3.973,10.458,-30.578,0.009,0.475,-0.863,-0.171,1,-38.105,-1.551,-25.271,0.000,2,41.519135,-86.239700,325.029999,4.243,252.800003,10,43,49,16,12,3,GPS_HOMING,AP_HDG_SEL_GPS,320.460,0.000,20.000,4,-18,-23,18,ROLL_RIGHT
2734,207.262955,0,-1.538,-0.282,2.038,-6.147,-18.747,304.069,2.910,-29.319,-6.379,-31.875,5.125,22.375,-4.204,10.355,-30.578,0.030,0.470,-0.866,-0.168,1,-39.118,-1.500,-25.605,0.000,2,41.519135,-86.239700,326.890015,4.410,252.699997,10,43,49,28,12,3,GPS_HOMING,AP_HDG_SEL_GPS,320.460,-6.431,20.000,4,-12,-17,12,ROLL_RIGHT
2735,207.348007,0,-1.025,-2.614,0.769,-8.426,-19.380,303.331,-36.593,-23.836,-15.219,-31.875,5.125,22.375,-5.588,11.329,-30.015,0.016,0.477,-0.859,-0.182,1,-35.861,-1.539,-24.516,0.000,2,41.519135,-86.239700,328.309998,4.387,252.699997,10,43,49,36,12,3,GPS_HOMING,AP_HDG_SEL_GPS,320.460,-7.850,20.000,4,-12,-17,12,ROLL_RIGHT
2736,207.425964,0,1.756,1.153,4.652,-10.588,-22.969,303.256,-31.557,11.302,2.462,-31.875,5.125,22.375,-5.895,12.841,-29.323,0.015,0.480,-0.850,-0.217,1,-36.607,-1.543,-24.769,0.000,2,41.519135,-86.239700,327.690002,4.263,252.699997,10,43,49,44,12,3,GPS_HOMING,AP_HDG_SEL_GPS,320.460,-7.230,20.000,4,-16,-21,16,ROLL_RIGHT
2737,207.497925,0,1.628,1.576,1.128,-10.087,-24.446,302.925,0.671,5.483,5.819,-31.875,5.125,22.375,-5.588,13.226,-29.220,0.025,0.481,-0.846,-0.226,1,-37.182,-1.499,-24.963,0.000,2,41.519135,-86.239700,327.100006,4.182,252.699997,10,43,49,52,12,3,GPS_HOMING,AP_HDG_SEL_GPS,320.460,-6.641,20.000,4,-18,-23,18,ROLL_RIGHT
2738,207.577682,0,2.191,-3.755,-0.871,-8.768,-23.068,302.741,19.248,3.917,-20.031,-31.875,5.125,22.375,-4.947,12.431,-29.656,0.030,0.482,-0.850,-0.211,1,-35.129,-1.560,-24.264,0.000,2,41.519138,-86.239700,327.829987,4.277,252.699997,10,43,49,60,12,3,GPS_HOMING,AP_HDG_SEL_GPS,320.460,-7.370,20.000,4,-16,-21,16,ROLL_RIGHT
2739,207.661804,0,3.063,3.896,-4.588,-8.625,-22.216,301.264,18.576,29.879,-15.891,-31.875,5.125,22.375,-4.562,11.688,-29.963,0.030,0.492,-0.846,-0.204,1,-36.685,-1.544,-24.795,0.000,2,41.519138,-86.239700,330.709991,4.262,252.699997,10,43,49,68,12,3,GPS_HOMING,AP_HDG_SEL_GPS,320.460,-10.250,20.000,4,-12,-17,12,ROLL_RIGHT
2740,207.741898,0,-4.421,1.320,0.077,-7.755,-20.166,298.678,57.631,-12.310,-25.291,-31.875,5.125,22.375,-4.844,9.535,-30.707,0.032,0.511,-0.839,-0.184,1,-39.554,-1.477,-25.747,0.000,2,41.519138,-86.239700,330.260010,4.230,252.699997,10,43,49,76,12,3,GPS_HOMING,AP_HDG_SEL_GPS,320.460,-9.801,20.000,4,-10,-15,10,ROLL_RIGHT
2741,207.818680,0,-2.614,-1.743,1.012,-9.679,-14.191,297.145,40.286,-9.512,0.783,-31.875,5.125,22.375,-5.588,7.689,-31.091,0.007,-0.524,0.838,0.149,1,-38.610,-1.524,-25.438,0.000,2,41.519138,-86.239716,329.980011,4.329,252.699997,10,43,49,84,12,3,GPS_HOMING,AP_HDG_SEL_GPS,321.793,-8.187,20.000,4,-6,-11,6,ROLL_RIGHT
2742,208.018585,0,1.820,-3.422,0.833,-11.267,-11.564,296.684,21.038,-6.155,-7.498,-31.875,5.125,22.375,-6.331,6.434,-31.245,0.031,-0.528,0.838,0.137,1,-37.930,-1.506,-25.213,0.000,2,41.519142,-86.239716,330.269989,3.912,252.699997,10,43,50,4,12,3,GPS_HOMING,AP_HDG_SEL_GPS,321.433,-8.837,20.000,4,0,-5,0,MAINTAIN_ANGLE
2743,208.102951,0,-1.974,0.167,4.152,-11.333,-11.363,296.627,5.595,-3.133,0.224,-31.875,5.125,22.375,-6.536,5.536,-31.322,0.032,-0.528,0.837,0.135,1,-37.110,-1.506,-24.939,0.000,2,41.519142,-86.239716,329.899994,3.624,252.600006,10,43,50,12,12,3,GPS_HOMING,AP_HDG_SEL_GPS,321.433,-8.467,20.000,4,0,-5,0,MAINTAIN_ANGLE
2744,208.182831,0,-0.282,3.781,-3.512,-9.825,-10.542,300.049,6.602,3.245,4.924,-31.875,5.125,22.375,-6.228,5.460,-31.399,0.028,-0.503,0.855,0.122,1,-35.463,-1.487,-24.379,0.000,2,41.519142,-86.239716,328.359985,3.600,252.600006,10,43,50,20,12,3,GPS_HOMING,AP_HDG_SEL_GPS,321.433,-6.927,20.000,4,0,-5,0,MAINTAIN_ANGLE
2745,208.300812,0,-4.037,-0.897,-0.333,-9.123,-11.511,301.288,22.269,6.714,16.786,-31.875,5.125,22.375,-4.870,5.921,-31.578,0.020,-0.493,0.861,0.126,1,-37.647,-1.532,-25.119,0.000,2,41.519142,-86.239716,328.500000,4.076,252.600006,10,43,50,32,12,3,GPS_HOMING,AP_HDG_SEL_GPS,321.433,-7.067,20.000,4,0,-5,0,MAINTAIN_ANGLE
2746,208.376038,0,4.255,5.575,0.474,-8.146,-9.556,302.566,-6.602,1.790,-0.895,-31.875,5.125,22.375,-4.639,5.254,-31.783,0.022,-0.483,0.869,0.107,1,-35.794,-1.546,-24.492,0.000,2,41.519150,-86.239716,328.700012,4.356,252.699997,10,43,50,40,12,3,GPS_HOMING,AP_HDG_SEL_GPS,320.318,-8.382,20.000,4,0,-5,0,MAINTAIN_ANGLE
2747,208.460861,0,4.396,6.690,1.000,-8.368,-8.425,303.427,25.850,-7.610,9.512,-31.875,5.125,22.375,-4.819,4.767,-31.834,0.029,-0.476,0.873,0.099,1,-37.650,-1.537,-25.120,0.000,2,41.519150,-86.239716,329.230011,4.157,252.699997,10,43,50,48,12,3,GPS_HOMING,AP_HDG_SEL_GPS,320.318,-8.912,20.000,4,0,-5,0,MAINTAIN_ANGLE
2748,208.541885,0,1.410,-2.179,3.922,-7.926,-6.249,304.075,31.222,5.036,10.967,-31.875,5.125,22.375,-4.486,3.486,-32.039,0.035,-0.470,0.878,0.080,1,-37.378,-1.587,-25.028,0.000,2,41.519150,-86.239716,332.359985,3.860,252.699997,10,43,50,56,12,3,GPS_HOMING,AP_HDG_SEL_GPS,320.318,-12.042,20.000,4,6,1,6,ROLL_LEFT
2749,208.621735,0,2.666,2.858,3.870,-6.720,-5.793,304.506,-3.357,20.255,13.317,-31.875,5.125,22.375,-3.512,3.358,-32.168,0.028,-0.467,0.881,0.072,1,-36.917,-1.559,-24.874,0.000,2,41.519150,-86.239716,330.809998,3.825,252.800003,10,43,50,64,12,3,GPS_HOMING,AP_HDG_SEL_GPS,320.318,-10.492,20.000,4,0,-5,0,MAINTAIN_ANGLE
2750,208.783997,0,-2.115,7.395,-3.896,-5.572,-5.265,304.380,-18.688,7.274,-11.191,-31.875,5.125,22.375,-3.101,3.306,-32.168,0.022,-0.467,0.881,0.063,1,-37.652,-1.543,-25.120,0.000,2,41.519154,-86.239716,334.640015,3.894,252.800003,10,43,50,80,12,3,GPS_HOMING,AP_HDG_SEL_GPS,320.318,-14.322,20.000,4,9,4,9,ROLL_LEFT
2751,208.904022,0,-2.153,-0.987,-1.153,-4.008,-5.921,303.187,-19.695,-29.207,13.653,-31.875,5.125,22.375,-2.179,3.742,-32.168,0.006,-0.476,0.877,0.062,1,-37.412,-1.513,-25.040,0.000,2,41.519154,-86.239716,336.320007,4.130,252.800003,10,43,50,92,12,3,GPS_HOMING,AP_HDG_SEL_GPS,320.318,-16.002,20.000,4,10,5,10,ROLL_LEFT
2752,208.966507,0,-2.922,-1.564,2.986,-5.638,-7.695,303.975,-31.110,-13.876,3.917,-31.875,5.125,22.375,-4.075,4.973,-31.860,0.012,-0.471,0.878,0.082,1,-37.570,-1.529,-25.093,0.000,2,41.519154,-86.239716,337.959991,4.339,252.800003,10,43,50,96,12,3,GPS_HOMING,AP_HDG_SEL_GPS,320.318,-17.642,20.000,4,10,5,10,ROLL_LEFT
2753,209.059235,0,2.332,-5.524,2.307,-7.532,-10.712,305.143,-39.838,8.057,21.822,-31.875,5.125,22.375,-4.204,6.408,-31.578,0.015,-0.463,0.879,0.113,1,-37.507,-1.551,-25.072,0.000,2,41.519154,-86.239716,338.519989,4.545,252.899994,10,43,51,8,12,3,GPS_HOMING,AP_HDG_SEL_GPS,320.318,-18.202,20.000,4,7,2,7,ROLL_LEFT
2754,209.155960,0,0.564,0.346,-0.128,-7.155,-13.219,305.873,-26.634,2.798,6.267,-31.875,5.125,22.375,-3.999,8.843,-31.014,0.003,-0.457,0.880,0.130,1,-37.221,-1.573,-24.976,0.000,2,41.519154,-86.239716,335.510010,4.230,252.899994,10,43,51,16,12,3,GPS_HOMING,AP_HDG_SEL_GPS,320.318,-15.192,20.000,4,0,-5,0,MAINTAIN_ANGLE
2755,209.264908,0,-0.602,1.346,1.179,-5.516,-17.759,306.956,-8.505,4.364,24.955,-31.875,5.125,22.375,-3.153,9.971,-30.707,0.026,0.447,-0.880,-0.159,1,-35.463,-1.487,-24.379,0.000,2,41.519157,-86.239716,332.769989,4.042,252.899994,10,43,51,28,12,3,GPS_HOMING,AP_HDG_SEL_GPS,319.741,-13.029,20.000,4,0,-5,0,MAINTAIN_ANGLE
2756,209.340820,0,0.128,3.037,-3.652,-5.165,-17.970,307.481,-8.841,21.374,38.943,-31.875,5.125,22.375,-2.051,10.355,-30.655,0.029,0.443,-0.882,-0.160,1,-38.047,-1.584,-25.251,0.000,2,41.519157,-86.239723,333.130005,4.088,253.000000,10,43,51,36,12,3,GPS_HOMING,AP_HDG_SEL_GPS,320.437,-12.693,20.000,4,-5,-10,5,ROLL_RIGHT
2757,209.424973,0,0.487,-5.472,-1.833,-2.198,-18.811,309.571,28.312,-14.883,-6.491,-31.875,5.125,22.375,-1.717,10.022,-30.784,0.052,0.423,-0.891,-0.156,1,-39.128,-1.516,-25.608,0.000,2,41.519157,-86.239723,334.220001,4.333,253.000000,10,43,51,44,12,3,GPS_HOMING,AP_HDG_SEL_GPS,320.437,-13.783,20.000,4,-5,-10,5,ROLL_RIGHT
2758,209.504959,0,0.948,1.935,-0.807,-4.567,-17.940,308.460,-17.122,2.014,-25.067,-31.875,5.125,22.375,-2.973,10.432,-30.578,0.032,0.435,-0.886,-0.157,1,-37.044,-1.520,-24.917,0.000,2,41.519161,-86.239723,335.739990,4.420,253.000000,10,43,51,52,12,3,GPS_HOMING,AP_HDG_SEL_GPS,319.447,-16.293,20.000,4,0,-5,0,MAINTAIN_ANGLE
2759,209.583984,0,-0.948,2.935,4.870,-5.603,-18.939,306.564,-4.812,-11.526,-23.500,-31.875,5.125,22.375,-3.178,10.535,-30.502,0.031,0.450,-0.876,-0.168,1,-37.068,-1.565,-24.925,0.000,2,41.519161,-86.239723,334.589996,4.228,253.000000,10,43,51,60,12,3,GPS_HOMING,AP_HDG_SEL_GPS,319.447,-15.143,20.000,4,0,-5,0,MAINTAIN_ANGLE
2760,209.660202,0,2.666,-3.281,5.652,-5.925,-18.188,305.234,-8.729,18.129,-12.422,-31.875,5.125,22.375,-3.153,10.073,-30.655,0.027,0.461,-0.872,-0.164,1,-35.322,-1.503,-24.331,0.000,2,41.519161,-86.239723,332.420013,4.181,253.100006,10,43,51,68,12,3,GPS_HOMING,AP_HDG_SEL_GPS,319.447,-12.973,20.000,4,-5,-10,5,ROLL_RIGHT
2761,209.739563,0,1.038,-1.948,0.833,-4.954,-18.171,303.917,8.169,16.450,-25.850,-31.875,5.125,22.375,-2.538,9.868,-30.732,0.036,0.470,-0.867,-0.159,1,-37.110,-1.508,-24.939,0.000,2,41.519161,-86.239723,332.739990,4.096,253.000000,10,43,51,76,12,3,GPS_HOMING,AP_HDG_SEL_GPS,319.447,-13.293,20.000,4,0,-5,0,MAINTAIN_ANGLE
2762,209.819672,0,-1.012,1.884,-10.150,-4.543,-17.426,301.068,9.512,20.031,-44.762,-31.875,5.125,22.375,-2.486,9.432,-30.809,0.040,0.491,-0.857,-0.151,1,-35.169,-1.494,-24.278,0.000,2,41.519161,-86.239723,333.690002,4.302,253.000000,10,43,51,84,12,3,GPS_HOMING,AP_HDG_SEL_GPS,319.447,-14.243,20.000,4,0,-5,0,MAINTAIN_ANGLE
2763,209.941895,0,-2.768,4.293,-1.051,-3.538,-16.644,296.934,-19.472,28.648,-22.493,-31.875,5.125,22.375,-1.487,9.535,-30.860,0.050,0.521,-0.841,-0.139,1,-36.303,-1.526,-24.666,0.000,2,41.519165,-86.239723,333.410004,4.643,253.000000,10,43,51,96,12,3,GPS_HOMING,AP_HDG_SEL_GPS,319.447,-13.963,20.000,4,0,-5,0,MAINTAIN_ANGLE
2764,210.098053,0,-9.676,4.216,0.013,-2.229,-17.098,294.770,33.796,-32.453,-37.936,-31.875,5.125,22.375,-3.332,7.946,-31.245,0.064,0.535,-0.831,-0.136,1,-36.131,-1.488,-24.607,0.000,2,41.519165,-86.239723,329.929993,4.405,252.899994,10,43,52,12,12,3,GPS_HOMING,AP_HDG_SEL_GPS,319.447,-10.483,20.000,4,-7,-12,7,ROLL_RIGHT
2765,210.183029,0,-7.087,5.254,0.833,-5.488,-6.071,294.306,60.093,8.505,15.107,-31.875,5.125,22.375,-3.153,3.435,-32.039,0.011,-0.543,0.837,0.070,1,-37.721,-1.531,-25.143,0.000,2,41.519165,-86.239723,332.799988,4.398,252.899994,10,43,52,20,12,3,GPS_HOMING,AP_HDG_SEL_GPS,319.447,-13.353,20.000,4,7,2,7,ROLL_LEFT
2766,210.303040,0,4.832,-4.255,-3.819,-5.998,-5.431,294.937,13.205,-9.960,18.576,-31.875,5.125,22.375,-3.383,3.204,-32.014,0.019,-0.539,0.840,0.068,1,-36.246,-1.558,-24.647,0.000,2,41.519169,-86.239723,337.230011,4.196,252.899994,10,43,52,32,12,3,GPS_HOMING,AP_HDG_SEL_GPS,318.833,-18.397,20.000,4,13,8,13,ROLL_LEFT
2767,210.378586,0,1.089,-2.384,-6.357,-6.298,-5.086,295.389,8.281,-17.569,27.976,-31.875,5.125,22.375,-3.793,2.332,-31.963,0.023,-0.535,0.842,0.067,1,-36.597,-1.518,-24.766,0.000,2,41.519169,-86.239723,338.130005,4.275,252.899994,10,43,52,40,12,3,GPS_HOMING,AP_HDG_SEL_GPS,318.833,-19.297,20.000,4,14,9,14,ROLL_LEFT
2768,210.457657,0,1.166,-5.216,-6.741,-7.911,-4.491,297.571,-9.176,-10.967,8.169,-31.875,5.125,22.375,-4.511,2.589,-31.860,0.039,-0.519,0.851,0.069,1,-35.974,-1.466,-24.554,0.000,2,41.519169,-86.239723,337.350006,4.468,252.899994,10,43,52,48,12,3,GPS_HOMING,AP_HDG_SEL_GPS,318.833,-18.517,20.000,4,14,9,14,ROLL_LEFT
2769,210.539536,0,-1.256,3.550,-4.409,-9.723,-6.121,298.038,-5.595,-39.615,-4.141,-31.875,5.125,22.375,-5.306,2.871,-31.732,0.045,-0.516,0.851,0.089,1,-36.634,-1.449,-24.778,0.000,2,41.519169,-86.239731,337.799988,4.454,252.899994,10,43,52,56,12,3,GPS_HOMING,AP_HDG_SEL_GPS,319.550,-18.250,20.000,4,12,7,12,ROLL_LEFT
2770,210.618942,0,-3.422,0.154,1.704,-10.056,-6.771,299.149,1.455,-2.238,0.671,-31.875,5.125,22.375,-5.511,3.512,-31.655,0.046,-0.508,0.855,0.095,1,-36.516,-1.508,-24.738,0.000,2,41.519169,-86.239731,336.980011,4.260,252.899994,10,43,52,64,12,3,GPS_HOMING,AP_HDG_SEL_GPS,319.550,-17.430,20.000,4,11,6,11,ROLL_LEFT
2771,210.699615,0,3.640,-1.153,2.461,-9.279,-7.216,299.514,-20.143,24.060,11.414,-31.875,5.125,22.375,-4.434,4.844,-31.732,0.038,-0.505,0.857,0.095,1,-37.941,-1.527,-25.216,0.000,2,41.519169,-86.239731,338.619995,4.157,252.899994,10,43,52,72,12,3,GPS_HOMING,AP_HDG_SEL_GPS,319.550,-19.070,20.000,4,12,7,12,ROLL_LEFT
2772,210.781906,0,-1.102,0.602,2.832,-6.289,-9.447,300.562,-19.248,26.074,-4.476,-31.875,5.125,22.375,-3.793,5.331,-31.732,0.007,-0.497,0.862,0.099,1,-37.409,-1.507,-25.039,0.000,2,41.519173,-86.239731,341.329987,4.068,252.899994,10,43,52,80,12,3,GPS_HOMING,AP_HDG_SEL_GPS,319.134,-22.196,20.000,4,13,8,13,ROLL_LEFT
2773,210.858643,0,-0.384,-0.346,-1.461,-5.083,-10.124,300.452,-8.169,14.995,-17.122,-31.875,5.125,22.375,-2.614,5.998,-31.706,0.005,0.498,-0.862,-0.098,1,-37.013,-1.457,-24.906,0.000,2,41.519173,-86.239731,342.920013,3.887,252.899994,10,43,52,88,12,3,GPS_HOMING,AP_HDG_SEL_GPS,319.134,-23.786,20.000,4,14,9,14,ROLL_LEFT
2774,210.940872,0,-2.614,-5.434,-5.203,-3.630,-10.651,299.455,13.093,-28.648,-19.695,-31.875,5.125,22.375,-2.973,5.665,-31.732,0.020,0.504,-0.858,-0.096,1,-36.572,-1.475,-24.757,0.000,2,41.519173,-86.239731,344.019989,4.012,252.899994,10,43,52,96,12,3,GPS_HOMING,AP_HDG_SEL_GPS,319.134,-24.886,20.000,4,14,9,14,ROLL_LEFT
2775,211.135925,0,-5.088,-2.807,-1.692,-6.452,-10.124,298.277,-25.067,-16.338,11.526,-31.875,5.125,22.375,-3.819,5.947,-31.604,0.003,-0.514,0.851,0.104,1,-36.629,-1.437,-24.777,0.000,2,41.519176,-86.239731,338.959991,4.358,253.000000,10,43,53,16,12,3,GPS_HOMING,AP_HDG_SEL_GPS,318.710,-20.250,20.000,4,10,5,10,ROLL_LEFT
2776,211.264969,0,2.935,-4.639,2.999,-7.034,-11.318,298.915,-19.024,2.014,-4.476,-31.875,5.125,22.375,-4.511,8.535,-30.937,0.003,-0.510,0.852,0.116,1,-37.261,-1.508,-24.989,0.000,2,41.519176,-86.239731,332.630005,4.046,253.000000,10,43,53,28,12,3,GPS_HOMING,AP_HDG_SEL_GPS,318.710,-13.920,20.000,4,0,-5,0,MAINTAIN_ANGLE
2777,211.344299,0,3.652,-2.730,-0.128,-6.818,-17.019,299.227,-12.533,24.395,3.805,-31.875,5.125,22.375,-3.512,9.843,-30.655,0.024,0.507,-0.847,-0.157,1,-36.817,-1.511,-24.840,0.000,2,41.519176,-86.239731,329.720001,3.863,252.899994,10,43,53,36,12,3,GPS_HOMING,AP_HDG_SEL_GPS,318.710,-11.010,20.000,4,-6,-11,6,ROLL_RIGHT
2778,211.417664,0,2.063,-2.256,-4.678,-5.652,-18.061,299.362,0.000,1.343,-0.112,-31.875,5.125,22.375,-3.358,9.894,-30.604,0.037,0.505,-0.848,-0.160,1,-36.303,-1.530,-24.666,0.000,2,41.519176,-86.239731,327.230011,3.853,252.899994,10,43,53,44,12,3,GPS_HOMING,AP_HDG_SEL_GPS,318.710,-8.520,20.000,4,-10,-15,10,ROLL_RIGHT
2779,211.496262,0,3.268,4.665,-5.844,-5.420,-19.165,299.945,-24.619,11.302,9.848,-31.875,5.125,22.375,-3.050,10.586,-30.399,0.043,0.500,-0.849,-0.167,1,-36.069,-1.504,-24.586,0.000,2,41.519176,-86.239731,325.899994,3.939,252.899994,10,43,53,52,12,3,GPS_HOMING,AP_HDG_SEL_GPS,318.710,-7.190,20.000,4,-12,-17,12,ROLL_RIGHT
2780,211.576141,0,-6.498,0.423,-0.038,-5.797,-19.766,299.615,4.812,-21.822,-15.555,-31.875,5.125,22.375,-3.614,10.688,-30.348,0.043,0.502,-0.846,-0.173,1,-36.441,-1.507,-24.713,0.000,2,41.519180,-86.239731,324.059998,4.294,252.899994,10,43,53,60,12,3,GPS_HOMING,AP_HDG_SEL_GPS,318.279,-5.781,20.000,4,-14,-19,14,ROLL_RIGHT
2781,211.656235,0,1.217,-0.641,3.691,-6.337,-19.613,299.410,-8.617,14.883,-7.833,-31.875,5.125,22.375,-3.537,10.740,-30.399,0.039,0.504,-0.845,-0.174,1,-37.175,-1.487,-24.961,0.000,2,41.519180,-86.239731,322.760010,4.409,252.899994,10,43,53,68,12,3,GPS_HOMING,AP_HDG_SEL_GPS,318.279,0.000,20.000,4,-20,-25,20,ROLL_RIGHT
2782,211.745056,0,1.474,0.718,5.690,-6.768,-21.337,298.324,-27.976,6.826,-11.862,-31.875,5.125,22.375,-3.870,11.816,-29.963,0.045,0.512,-0.837,-0.188,1,-37.768,-1.482,-25.159,0.000,2,41.519180,-86.239731,323.140015,4.152,252.899994,10,43,53,76,12,3,GPS_HOMING,AP_HDG_SEL_GPS,318.279,0.000,20.000,4,-20,-25,20,ROLL_RIGHT
2783,211.818619,0,2.063,0.026,4.524,-6.189,-23.593,297.460,-5.260,17.681,-6.043,-31.875,5.125,22.375,-3.383,12.841,-29.579,0.061,0.517,-0.830,-0.202,1,-37.195,-1.521,-24.967,0.000,2,41.519180,-86.239731,324.109985,3.965,252.899994,10,43,53,84,12,3,GPS_HOMING,AP_HDG_SEL_GPS,318.279,-5.831,20.000,4,-18,-23,18,ROLL_RIGHT
2784,212.025009,0,2.281,0.884,0.564,-5.238,-24.190,296.643,33.124,3.917,-15.443,-31.875,5.125,22.375,-2.948,12.970,-29.528,0.072,0.521,-0.826,-0.202,1,-37.512,-1.560,-25.074,0.000,2,41.519184,-86.239738,330.140015,4.262,253.000000,10,43,54,4,12,3,GPS_HOMING,AP_HDG_SEL_GPS,318.580,-11.560,20.000,4,-13,-18,13,ROLL_RIGHT
2785,212.099548,0,-1.999,-0.923,-1.986,-5.046,-21.938,295.200,14.548,3.021,-33.124,-31.875,5.125,22.375,-2.589,10.022,-30.630,0.065,0.533,-0.824,-0.184,1,-35.999,-1.516,-24.563,0.000,2,41.519184,-86.239738,331.010010,4.545,253.000000,10,43,54,12,12,3,GPS_HOMING,AP_HDG_SEL_GPS,318.580,-12.430,20.000,4,-10,-15,10,ROLL_RIGHT
2786,212.178604,0,-4.229,-1.461,-2.486,-5.635,-17.752,291.061,27.753,-43.755,-6.155,-31.875,5.125,22.375,-3.588,9.484,-30.732,0.047,0.565,-0.809,-0.155,1,-36.824,-1.528,-24.843,0.000,2,41.519184,-86.239738,327.529999,4.738,252.899994,10,43,54,20,12,3,GPS_HOMING,AP_HDG_SEL_GPS,318.580,-8.950,20.000,4,-9,-14,9,ROLL_RIGHT
2787,212.304001,0,0.051,3.422,5.152,-8.156,-15.509,291.306,37.153,-5.931,3.917,-31.875,5.125,22.375,-4.588,8.356,-30.937,0.018,0.566,-0.811,-0.151,1,-36.841,-1.555,-24.848,0.000,2,41.519184,-86.239738,325.190002,4.694,252.899994,10,43,54,32,12,3,GPS_HOMING,AP_HDG_SEL_GPS,318.580,-6.610,20.000,4,-9,-14,9,ROLL_RIGHT
2788,212.376236,0,2.973,-6.587,4.063,-8.767,-12.640,291.725,44.315,14.995,13.764,-31.875,5.125,22.375,-4.870,5.639,-31.527,0.001,-0.563,0.816,0.133,1,-36.674,-1.525,-24.792,0.000,2,41.519188,-86.239738,325.690002,4.451,252.899994,10,43,54,40,12,3,GPS_HOMING,AP_HDG_SEL_GPS,317.911,-7.779,20.000,4,0,-5,0,MAINTAIN_ANGLE
2789,212.457672,0,4.447,-1.999,-1.012,-8.270,-8.803,292.589,9.288,3.245,5.036,-31.875,5.125,22.375,-4.614,4.691,-31.655,0.017,-0.556,0.824,0.104,1,-36.290,-1.505,-24.662,0.000,2,41.519188,-86.239738,326.420013,3.885,252.899994,10,43,54,48,12,3,GPS_HOMING,AP_HDG_SEL_GPS,317.911,-8.509,20.000,4,0,-5,0,MAINTAIN_ANGLE
2790,212.535095,0,0.474,2.730,-5.306,-7.906,-8.111,292.963,-8.505,-2.798,2.798,-31.875,5.125,22.375,-4.511,4.486,-31.655,0.018,-0.554,0.827,0.097,1,-35.386,-1.485,-24.353,0.000,2,41.519188,-86.239738,325.399994,3.971,253.000000,10,43,54,56,12,3,GPS_HOMING,AP_HDG_SEL_GPS,317.911,-7.489,20.000,4,0,-5,0,MAINTAIN_ANGLE
2791,212.615173,0,-3.371,5.536,-6.062,-7.529,-8.840,293.909,-3.581,-7.833,18.912,-31.875,5.125,22.375,-4.255,4.896,-31.629,0.013,-0.547,0.831,0.100,1,-35.526,-1.469,-24.401,0.000,2,41.519188,-86.239738,322.359985,4.287,253.000000,10,43,54,64,12,3,GPS_HOMING,AP_HDG_SEL_GPS,317.911,0.000,20.000,4,-9,-14,9,ROLL_RIGHT
2792,212.704010,0,-1.166,0.525,2.127,-7.742,-8.694,295.247,23.948,9.176,5.483,-31.875,5.125,22.375,-4.229,4.357,-31.758,0.016,-0.537,0.837,0.100,1,-37.343,-1.521,-25.017,0.000,2,41.519192,-86.239738,321.290009,4.407,253.000000,10,43,54,72,12,3,GPS_HOMING,AP_HDG_SEL_GPS,317.223,0.000,20.000,4,-9,-14,9,ROLL_RIGHT
2793,212.776276,0,1.974,-0.859,1.551,-8.088,-7.356,295.754,-14.212,-16.898,-6.826,-31.875,5.125,22.375,-5.049,4.229,-31.681,0.026,-0.533,0.841,0.092,1,-36.648,-1.475,-24.783,0.000,2,41.519192,-86.239746,321.420013,4.441,253.000000,10,43,54,80,12,3,GPS_HOMING,AP_HDG_SEL_GPS,317.984,0.000,20.000,4,-7,-12,7,ROLL_RIGHT
2794,212.855148,0,1.922,-0.077,1.653,-9.133,-9.585,295.362,-33.572,-0.671,-4.141,-31.875,5.125,22.375,-5.126,5.229,-31.527,0.023,-0.537,0.836,0.113,1,-37.230,-1.450,-24.979,0.000,2,41.519192,-86.239746,321.170013,4.387,253.000000,10,43,54,88,12,3,GPS_HOMING,AP_HDG_SEL_GPS,317.984,0.000,20.000,4,-10,-15,10,ROLL_RIGHT
2795,212.948715,0,2.755,-2.499,0.384,-8.907,-13.057,296.879,-45.658,-5.931,4.029,-31.875,5.125,22.375,-5.178,6.177,-31.347,0.006,-0.526,0.839,0.137,1,-38.887,-1.484,-25.529,0.000,2,41.519192,-86.239746,322.559998,4.189,253.100006,10,43,54,96,12,3,GPS_HOMING,AP_HDG_SEL_GPS,317.984,0.000,20.000,4,-13,-18,13,ROLL_RIGHT
2796,213.057037,0,3.383,-0.666,0.936,-8.392,-14.340,296.295,-29.431,27.753,-4.141,-31.875,5.125,22.375,-4.255,8.330,-30.963,0.004,0.530,-0.836,-0.144,1,-38.364,-1.480,-25.357,0.000,2,41.519192,-86.239746,323.660004,4.206,253.100006,10,43,55,8,12,3,GPS_HOMING,AP_HDG_SEL_GPS,317.984,-5.676,20.000,4,-9,-14,9,ROLL_RIGHT
2797,213.139740,0,-1.166,6.985,-2.922,-7.029,-16.475,295.485,0.112,-23.053,-34.131,-31.875,5.125,22.375,-3.486,9.561,-30.681,0.025,0.535,-0.831,-0.153,1,-36.727,-1.483,-24.810,0.000,2,41.519192,-86.239746,324.440002,4.459,253.000000,10,43,55,16,12,3,GPS_HOMING,AP_HDG_SEL_GPS,317.984,-6.456,20.000,4,-10,-15,10,ROLL_RIGHT
2798,213.264969,0,-3.447,1.064,-2.461,-7.746,-16.671,291.752,5.483,-18.241,-16.338,-31.875,5.125,22.375,-4.460,9.022,-30.732,0.026,0.562,-0.812,-0.157,1,-37.985,-1.468,-25.231,0.000,2,41.519196,-86.239746,326.010010,4.743,253.000000,10,43,55,28,12,3,GPS_HOMING,AP_HDG_SEL_GPS,317.516,-8.494,20.000,4,-8,-13,8,ROLL_RIGHT
2799,213.342972,0,-2.986,-2.140,0.807,-9.166,-16.068,291.900,23.724,-15.219,1.790,-31.875,5.125,22.375,-5.921,7.920,-30.835,0.012,0.562,-0.812,-0.160,1,-37.195,-1.521,-24.967,0.000,2,41.519196,-86.239746,327.119995,4.939,253.000000,10,43,55,36,12,3,GPS_HOMING,AP_HDG_SEL_GPS,317.516,-9.604,20.000,4,-6,-11,6,ROLL_RIGHT
2800,213.425049,0,0.641,-3.781,6.818,-10.460,-13.567,293.334,30.103,11.638,8.841,-31.875,5.125,22.375,-5.408,6.921,-31.194,0.011,-0.552,0.820,0.148,1,-37.467,-1.476,-25.058,0.000,2,41.519196,-86.239746,327.140015,4.520,253.000000,10,43,55,44,12,3,GPS_HOMING,AP_HDG_SEL_GPS,317.516,-9.624,20.000,4,0,-5,0,MAINTAIN_ANGLE
2801,213.498596,0,2.422,-2.332,-0.115,-9.585,-11.187,293.404,11.302,12.645,8.505,-31.875,5.125,22.375,-4.947,5.921,-31.424,0.016,-0.551,0.824,0.127,1,-37.669,-1.436,-25.126,0.000,2,41.519196,-86.239746,325.959991,4.194,253.000000,10,43,55,52,12,3,GPS_HOMING,AP_HDG_SEL_GPS,317.516,-8.444,20.000,4,0,-5,0,MAINTAIN_ANGLE
2802,213.581802,0,1.064,-1.551,-2.422,-8.495,-11.158,293.953,-12.757,18.129,5.371,-31.875,5.125,22.375,-4.691,6.203,-31.373,0.009,-0.547,0.828,0.121,1,-36.276,-1.478,-24.657,0.000,2,41.519199,-86.239746,325.239990,4.152,253.000000,10,43,55,60,12,3,GPS_HOMING,AP_HDG_SEL_GPS,317.040,-8.200,20.000,4,0,-5,0,MAINTAIN_ANGLE
2803,213.657990,0,-0.359,7.882,-8.356,-7.717,-11.837,294.017,-4.252,3.469,18.576,-31.875,5.125,22.375,-3.973,6.869,-31.347,0.000,-0.546,0.829,0.123,1,-36.866,-1.464,-24.857,0.000,2,41.519199,-86.239746,324.399994,4.091,252.899994,10,43,55,68,12,3,GPS_HOMING,AP_HDG_SEL_GPS,317.040,-7.360,20.000,4,0,-5,0,MAINTAIN_ANGLE
2804,213.737671,0,-9.855,3.447,-1.089,-7.959,-11.242,295.284,29.879,-16.003,1.231,-31.875,5.125,22.375,-4.383,6.254,-31.424,0.006,-0.537,0.835,0.120,1,-37.774,-1.492,-25.161,0.000,2,41.519199,-86.239746,325.170013,4.397,252.899994,10,43,55,76,12,3,GPS_HOMING,AP_HDG_SEL_GPS,317.040,-8.130,20.000,4,0,-5,0,MAINTAIN_ANGLE
2805,213.822968,0,3.499,1.230,0.141,-8.234,-9.869,296.004,29.879,-2.350,9.400,-31.875,5.125,22.375,-4.486,5.049,-31.681,0.015,-0.532,0.839,0.111,1,-37.306,-1.452,-25.005,0.000,2,41.519199,-86.239754,325.200012,4.544,253.000000,10,43,55,84,12,3,GPS_HOMING,AP_HDG_SEL_GPS,317.823,-7.377,20.000,4,0,-5,0,MAINTAIN_ANGLE
2806,213.896225,0,-1.769,-1.307,4.191,-8.440,-7.799,296.714,65.689,-29.767,-19.919,-31.875,5.125,22.375,-5.511,2.819,-31.834,0.027,-0.526,0.844,0.096,1,-38.163,-1.522,-25.290,0.000,2,41.519199,-86.239754,326.739990,4.346,253.000000,10,43,55,92,12,3,GPS_HOMING,AP_HDG_SEL_GPS,317.823,-8.917,20.000,4,0,-5,0,MAINTAIN_ANGLE
2807,213.980865,0,-2.755,-2.640,6.075,-10.652,-2.736,296.101,2.014,2.798,3.021,-31.875,5.125,22.375,-6.023,1.410,-31.834,0.066,-0.529,0.843,0.069,1,-37.869,-1.531,-25.193,0.000,2,41.519199,-86.239754,328.450012,4.792,253.000000,10,43,56,0,12,3,GPS_HOMING,AP_HDG_SEL_GPS,317.823,-10.627,20.000,4,8,3,8,ROLL_LEFT
2808,214.096237,0,0.179,0.820,8.997,-10.296,-2.115,296.454,9.064,-9.176,-16.114,-31.875,5.125,22.375,-5.690,0.692,-31.860,0.067,-0.526,0.846,0.063,1,-37.014,-1.463,-24.907,0.000,2,41.519203,-86.239754,326.149994,4.822,253.000000,10,43,56,12,12,3,GPS_HOMING,AP_HDG_SEL_GPS,317.094,-9.056,20.000,4,7,2,7,ROLL_LEFT
2809,214.185059,0,-0.192,-2.076,-6.510,-9.884,-0.041,295.414,-3.021,29.319,-29.096,-31.875,5.125,22.375,-4.947,-0.692,-31.937,0.073,-0.532,0.842,0.046,1,-37.032,-1.501,-24.913,0.000,2,41.519203,-86.239754,325.269989,4.640,253.000000,10,43,56,20,12,3,GPS_HOMING,AP_HDG_SEL_GPS,317.094,-8.176,20.000,4,8,3,8,ROLL_LEFT
2810,214.300888,0,-2.127,0.154,-4.703,-7.337,0.966,293.197,-20.479,-19.919,-26.410,-31.875,5.125,22.375,-3.870,-0.205,-32.116,0.058,-0.549,0.833,0.028,1,-36.658,-1.498,-24.787,0.000,2,41.519207,-86.239754,324.570007,4.591,253.000000,10,43,56,32,12,3,GPS_HOMING,AP_HDG_SEL_GPS,317.094,-7.476,20.000,4,8,3,8,ROLL_LEFT
2811,214.381897,0,-4.409,-0.295,-3.191,-10.292,-2.261,293.153,-24.843,-26.522,-4.364,-31.875,5.125,22.375,-5.690,1.307,-31.860,0.064,-0.550,0.830,0.066,1,-37.089,-1.466,-24.932,0.000,2,41.519207,-86.239754,325.459991,5.178,253.000000,10,43,56,40,12,3,GPS_HOMING,AP_HDG_SEL_GPS,317.094,-8.366,20.000,4,6,1,6,ROLL_LEFT
2812,214.456909,0,-3.025,0.538,6.357,-10.624,-4.471,294.034,-30.215,-5.036,15.779,-31.875,5.125,22.375,-5.844,2.794,-31.732,0.056,-0.545,0.833,0.083,1,-35.892,-1.452,-24.526,0.000,2,41.519207,-86.239754,325.200012,4.824,253.100006,10,43,56,48,12,3,GPS_HOMING,AP_HDG_SEL_GPS,317.094,-8.106,20.000,4,0,-5,0,MAINTAIN_ANGLE
2813,214.536026,0,1.628,-0.859,3.512,-8.521,-7.855,295.080,-42.524,28.648,20.479,-31.875,5.125,22.375,-4.332,5.152,-31.681,0.026,-0.538,0.837,0.097,1,-37.467,-1.478,-25.058,0.000,2,41.519207,-86.239761,322.859985,4.682,253.100006,10,43,56,56,12,3,GPS_HOMING,AP_HDG_SEL_GPS,317.898,0.000,20.000,4,-8,-13,8,ROLL_RIGHT
2814,214.620148,0,3.306,-0.718,-1.871,-6.750,-10.932,295.582,-25.291,18.576,18.912,-31.875,5.125,22.375,-3.793,6.100,-31.552,0.001,0.534,-0.838,-0.112,1,-36.360,-1.493,-24.685,0.000,2,41.519207,-86.239761,318.940002,4.312,253.100006,10,43,56,64,12,3,GPS_HOMING,AP_HDG_SEL_GPS,317.898,0.000,20.000,4,-11,-16,11,ROLL_RIGHT
2815,214.699051,0,0.077,2.307,-4.063,-6.048,-12.053,296.500,-3.245,-8.169,14.660,-31.875,5.125,22.375,-3.460,7.049,-31.373,0.011,0.527,-0.842,-0.117,1,-36.409,-1.447,-24.702,0.000,2,41.519207,-86.239761,318.070007,4.832,253.000000,10,43,56,72,12,3,GPS_HOMING,AP_HDG_SEL_GPS,317.898,0.000,20.000,4,-12,-17,12,ROLL_RIGHT
2816,214.783951,0,-0.782,-0.026,-1.294,-6.645,-12.425,298.774,21.486,-28.088,18.912,-31.875,5.125,22.375,-3.614,6.997,-31.347,0.005,0.511,-0.851,-0.122,1,-36.312,-1.540,-24.669,0.000,2,41.519211,-86.239761,318.480011,5.063,253.000000,10,43,56,80,12,3,GPS_HOMING,AP_HDG_SEL_GPS,316.896,0.000,20.000,4,-12,-17,12,ROLL_RIGHT
2817,214.860229,0,2.640,2.678,0.461,-9.108,-11.214,299.363,11.079,-31.446,-23.388,-31.875,5.125,22.375,-5.511,6.075,-31.296,0.019,-0.508,0.852,0.124,1,-36.346,-1.468,-24.681,0.000,2,41.519211,-86.239761,316.929993,4.831,253.000000,10,43,56,88,12,3,GPS_HOMING,AP_HDG_SEL_GPS,316.896,0.000,20.000,4,-11,-16,11,ROLL_RIGHT
2818,214.945038,0,-2.115,2.243,3.050,-11.501,-10.843,299.083,-3.581,-18.912,3.917,-31.875,5.125,22.375,-6.792,6.049,-31.065,0.038,-0.510,0.849,0.132,1,-37.235,-1.458,-24.981,0.000,2,41.519211,-86.239761,317.980011,4.680,253.000000,10,43,56,96,12,3,GPS_HOMING,AP_HDG_SEL_GPS,316.896,0.000,20.000,4,-11,-16,11,ROLL_RIGHT
2819,215.063950,0,0.295,-1.217,4.626,-11.452,-10.776,299.361,-11.750,15.667,5.371,-31.875,5.125,22.375,-6.331,6.049,-31.142,0.039,-0.508,0.850,0.131,1,-36.790,-1.463,-24.831,0.000,2,41.519211,-86.239761,323.170013,4.601,253.000000,10,43,57,8,12,3,GPS_HOMING,AP_HDG_SEL_GPS,316.896,-6.274,20.000,4,0,-5,0,MAINTAIN_ANGLE
2820,215.140091,0,1.410,1.692,-2.281,-8.974,-11.056,299.876,3.133,19.807,15.331,-31.875,5.125,22.375,-5.075,6.203,-31.322,0.019,-0.504,0.855,0.122,1,-35.610,-1.486,-24.430,0.000,2,41.519215,-86.239761,324.730011,4.513,252.899994,10,43,57,16,12,3,GPS_HOMING,AP_HDG_SEL_GPS,316.381,-8.349,20.000,4,0,-5,0,MAINTAIN_ANGLE
2821,215.255112,0,2.384,-0.795,-3.704,-7.792,-10.485,298.746,1.119,2.350,-3.581,-31.875,5.125,22.375,-4.357,5.921,-31.476,0.012,-0.511,0.852,0.113,1,-36.272,-1.467,-24.656,0.000,2,41.519215,-86.239761,325.470001,4.733,252.899994,10,43,57,28,12,3,GPS_HOMING,AP_HDG_SEL_GPS,316.381,-9.089,20.000,4,0,-5,0,MAINTAIN_ANGLE
2822,215.335159,0,-5.844,-0.884,-3.909,-9.419,-9.721,298.589,-15.667,-24.395,15.443,-31.875,5.125,22.375,-6.459,5.793,-31.142,0.027,-0.513,0.850,0.114,1,-35.296,-1.456,-24.321,0.000,2,41.519215,-86.239761,325.899994,4.712,253.000000,10,43,57,36,12,3,GPS_HOMING,AP_HDG_SEL_GPS,316.381,-9.519,20.000,4,0,-5,0,MAINTAIN_ANGLE
2823,215.419739,0,-0.705,-1.833,0.051,-12.160,-10.915,298.483,-14.660,-10.407,-15.667,-31.875,5.125,22.375,-6.997,6.228,-30.989,0.042,-0.515,0.845,0.135,1,-36.270,-1.463,-24.655,0.000,2,41.519215,-86.239761,324.829987,4.802,253.000000,10,43,57,44,12,3,GPS_HOMING,AP_HDG_SEL_GPS,316.381,-8.449,20.000,4,0,-5,0,MAINTAIN_ANGLE
2824,215.499985,0,-1.999,-2.063,6.241,-11.937,-11.862,297.987,-13.988,7.386,2.686,-31.875,5.125,22.375,-6.562,6.818,-31.014,0.036,-0.519,0.842,0.141,1,-36.476,-1.428,-24.725,0.000,2,41.519215,-86.239769,323.700012,4.662,253.100006,10,43,57,52,12,3,GPS_HOMING,AP_HDG_SEL_GPS,318.061,-5.639,20.000,4,-6,-11,6,ROLL_RIGHT
2825,215.577682,0,3.114,-2.755,2.666,-11.142,-12.309,297.497,-15.107,24.507,-10.072,-31.875,5.125,22.375,-5.998,6.946,-31.065,0.027,-0.522,0.841,0.141,1,-36.723,-1.477,-24.808,0.000,2,41.519218,-86.239769,323.540009,4.495,253.000000,10,43,57,60,12,3,GPS_HOMING,AP_HDG_SEL_GPS,317.538,-6.002,20.000,4,-6,-11,6,ROLL_RIGHT
2826,215.659103,0,0.538,-0.051,-0.628,-9.413,-13.424,296.843,-15.779,13.653,-4.476,-31.875,5.125,22.375,-5.101,7.664,-31.040,0.008,-0.526,0.838,0.142,1,-35.606,-1.479,-24.428,0.000,2,41.519218,-86.239769,322.220001,4.112,253.000000,10,43,57,68,12,3,GPS_HOMING,AP_HDG_SEL_GPS,317.538,0.000,20.000,4,-13,-18,13,ROLL_RIGHT
2827,215.744003,0,0.756,0.948,-5.972,-8.691,-14.331,296.444,3.581,-1.567,9.400,-31.875,5.125,22.375,-4.896,7.971,-30.963,0.002,0.529,-0.836,-0.145,1,-36.266,-1.459,-24.654,0.000,2,41.519218,-86.239769,319.920013,3.939,253.000000,10,43,57,76,12,3,GPS_HOMING,AP_HDG_SEL_GPS,317.538,0.000,20.000,4,-14,-19,14,ROLL_RIGHT
2828,215.817673,0,-4.063,5.075,-4.165,-8.643,-14.377,296.797,10.407,-13.876,5.819,-31.875,5.125,22.375,-5.049,7.792,-31.014,0.002,0.526,-0.838,-0.145,1,-38.445,-1.496,-25.383,0.000,2,41.519218,-86.239769,319.739990,4.425,253.000000,10,43,57,84,12,3,GPS_HOMING,AP_HDG_SEL_GPS,317.538,0.000,20.000,4,-14,-19,14,ROLL_RIGHT
2829,216.017059,0,1.064,0.038,-1.205,-9.789,-13.553,297.427,19.919,-16.562,-10.407,-31.875,5.125,22.375,-5.972,6.869,-31.117,0.011,-0.522,0.840,0.144,1,-36.632,-1.441,-24.778,0.000,2,41.519222,-86.239769,320.929993,4.106,253.000000,10,43,58,4,12,3,GPS_HOMING,AP_HDG_SEL_GPS,317.538,0.000,20.000,4,-14,-19,14,ROLL_RIGHT
2830,216.097717,0,2.589,-0.961,-1.294,-9.596,-11.233,297.333,-5.595,-11.638,1.119,-31.875,5.125,22.375,-5.562,6.254,-31.347,0.020,-0.523,0.843,0.127,1,-36.690,-1.551,-24.797,0.000,2,41.519222,-86.239769,325.200012,4.304,253.100006,10,43,58,12,12,3,GPS_HOMING,AP_HDG_SEL_GPS,317.538,-7.662,20.000,4,0,-5,0,MAINTAIN_ANGLE
2831,216.175018,0,-0.615,3.306,-4.063,-9.383,-10.976,296.807,-6.938,1.902,-4.476,-31.875,5.125,22.375,-5.460,6.228,-31.347,0.019,-0.526,0.841,0.124,1,-35.214,-1.438,-24.293,0.000,2,41.519222,-86.239769,328.269989,4.555,253.000000,10,43,58,20,12,3,GPS_HOMING,AP_HDG_SEL_GPS,317.538,-10.732,20.000,4,0,-5,0,MAINTAIN_ANGLE
2832,216.296234,0,-3.832,-0.064,-8.702,-8.994,-10.688,295.970,11.191,6.602,-21.822,-31.875,5.125,22.375,-5.024,5.767,-31.450,0.017,-0.532,0.838,0.120,1,-35.536,-1.488,-24.404,0.000,2,41.519222,-86.239769,328.619995,4.591,253.000000,10,43,58,32,12,3,GPS_HOMING,AP_HDG_SEL_GPS,317.538,-11.082,20.000,4,0,-5,0,MAINTAIN_ANGLE
2833,216.378616,0,-1.922,-3.396,1.269,-7.540,-10.645,294.208,12.869,-20.703,-1.455,-31.875,5.125,22.375,-3.870,5.588,-31.681,0.005,-0.545,0.831,0.113,1,-37.134,-1.410,-24.947,0.000,2,41.519222,-86.239777,326.329987,4.836,253.000000,10,43,58,40,12,3,GPS_HOMING,AP_HDG_SEL_GPS,318.415,-7.915,20.000,4,0,-5,0,MAINTAIN_ANGLE
2834,216.458191,0,-2.448,-0.167,1.922,-7.958,-10.022,294.742,-8.841,-38.272,6.155,-31.875,5.125,22.375,-5.203,5.947,-31.450,0.011,-0.541,0.834,0.111,1,-36.093,-1.409,-24.595,0.000,2,41.519230,-86.239777,326.369995,5.153,253.000000,10,43,58,48,12,3,GPS_HOMING,AP_HDG_SEL_GPS,316.784,-9.586,20.000,4,0,-5,0,MAINTAIN_ANGLE
2835,216.536285,0,2.422,-5.152,6.344,-10.256,-10.776,296.031,-6.938,-16.338,11.862,-31.875,5.125,22.375,-6.049,6.280,-31.219,0.026,-0.532,0.837,0.126,1,-36.796,-1.472,-24.833,0.000,2,41.519230,-86.239777,326.559998,5.043,253.100006,10,43,58,56,12,3,GPS_HOMING,AP_HDG_SEL_GPS,316.784,-9.776,20.000,4,0,-5,0,MAINTAIN_ANGLE
2836,216.617676,0,4.460,-2.191,3.242,-10.953,-11.488,296.918,-23.500,-1.343,15.107,-31.875,5.125,22.375,-6.075,6.972,-31.014,0.029,-0.526,0.839,0.135,1,-36.028,-1.429,-24.572,0.000,2,41.519230,-86.239777,326.559998,4.532,253.000000,10,43,58,64,12,3,GPS_HOMING,AP_HDG_SEL_GPS,316.784,-9.776,20.000,4,0,-5,0,MAINTAIN_ANGLE
2837,216.698608,0,-2.486,4.614,-4.447,-10.622,-12.617,297.363,-11.079,-13.764,4.476,-31.875,5.125,22.375,-6.177,7.202,-30.860,0.022,-0.523,0.840,0.141,1,-34.787,-1.475,-24.146,0.000,2,41.519234,-86.239777,327.059998,4.647,252.899994,10,43,58,72,12,3,GPS_HOMING,AP_HDG_SEL_GPS,316.218,-10.842,20.000,4,0,-5,0,MAINTAIN_ANGLE
2838,216.779053,0,-3.563,1.448,-8.407,-10.792,-12.294,298.025,44.203,-7.162,9.960,-31.875,5.125,22.375,-5.972,5.844,-31.168,0.025,-0.518,0.843,0.140,1,-36.849,-1.433,-24.851,0.000,2,41.519234,-86.239777,324.709991,4.729,252.899994,10,43,58,80,12,3,GPS_HOMING,AP_HDG_SEL_GPS,316.218,-8.492,20.000,4,0,-5,0,MAINTAIN_ANGLE
2839,216.945999,0,-6.574,-2.217,-3.486,-10.771,-8.540,299.447,70.053,-35.027,0.112,-31.875,5.125,22.375,-6.485,3.230,-31.450,0.043,-0.507,0.854,0.111,1,-34.766,-1.431,-24.138,0.000,2,41.519234,-86.239777,320.570007,5.128,253.000000,10,43,58,96,12,3,GPS_HOMING,AP_HDG_SEL_GPS,316.218,0.000,20.000,4,-9,-14,9,ROLL_RIGHT
2840,217.055389,0,-1.974,1.000,3.729,-12.858,-3.583,299.789,39.615,-13.317,-19.807,-31.875,5.125,22.375,-7.715,-0.871,-31.399,0.081,-0.501,0.857,0.083,1,-36.810,-1.501,-24.838,0.000,2,41.519234,-86.239777,321.640015,4.945,253.000000,10,43,59,8,12,3,GPS_HOMING,AP_HDG_SEL_GPS,316.218,-5.422,20.000,4,0,-5,0,MAINTAIN_ANGLE
2841,217.141663,0,3.358,-2.089,3.806,-13.962,3.649,299.059,20.926,6.602,19.695,-31.875,5.125,22.375,-7.638,-2.384,-31.322,0.121,-0.500,0.857,0.034,1,-36.656,-1.491,-24.786,0.000,2,41.519238,-86.239777,322.350006,4.766,253.000000,10,43,59,16,12,3,GPS_HOMING,AP_HDG_SEL_GPS,315.345,-7.005,20.000,4,11,6,11,ROLL_LEFT
2842,217.259567,0,2.909,2.909,8.305,-13.394,4.467,301.007,13.988,27.193,1.567,-31.875,5.125,22.375,-7.049,-2.409,-31.424,0.120,-0.485,0.866,0.024,1,-39.640,-1.497,-25.775,0.000,2,41.519238,-86.239784,323.420013,4.614,253.000000,10,43,59,28,12,3,GPS_HOMING,AP_HDG_SEL_GPS,316.255,-7.165,20.000,4,12,7,12,ROLL_LEFT
2843,217.344971,0,-3.319,-2.653,-6.792,-11.930,4.954,301.352,7.610,3.021,2.574,-31.875,5.125,22.375,-5.460,-2.999,-31.655,0.112,-0.483,0.869,0.013,1,-34.102,-1.451,-23.907,0.000,2,41.519238,-86.239784,321.880005,4.712,253.000000,10,43,59,36,12,3,GPS_HOMING,AP_HDG_SEL_GPS,316.255,-5.625,20.000,4,11,6,11,ROLL_LEFT
2844,217.431686,0,-1.564,-0.718,-2.038,-9.414,5.145,301.940,-25.850,-9.848,51.924,-31.875,5.125,22.375,-5.126,-1.820,-31.834,0.093,-0.480,0.872,0.001,1,-35.446,-1.454,-24.373,0.000,2,41.519241,-86.239784,322.040009,4.898,253.000000,10,43,59,44,12,3,GPS_HOMING,AP_HDG_SEL_GPS,315.658,-6.382,20.000,4,12,7,12,ROLL_LEFT
2845,217.504456,0,-0.167,-8.830,0.013,-11.240,2.619,305.012,-11.862,0.783,2.910,-31.875,5.125,22.375,-6.331,-1.333,-31.629,0.097,-0.457,0.884,0.025,1,-36.214,-1.501,-24.636,0.000,2,41.519241,-86.239784,322.989990,4.863,253.000000,10,43,59,52,12,3,GPS_HOMING,AP_HDG_SEL_GPS,315.658,-7.332,20.000,4,10,5,10,ROLL_LEFT
2846,217.585037,0,-4.434,-3.012,5.216,-11.280,0.251,305.858,-40.510,32.117,0.448,-31.875,5.125,22.375,-5.998,0.359,-31.783,0.089,-0.453,0.886,0.043,1,-36.044,-1.460,-24.578,0.000,2,41.519241,-86.239784,322.720001,4.945,253.100006,10,43,59,60,12,3,GPS_HOMING,AP_HDG_SEL_GPS,315.658,-7.062,20.000,4,7,2,7,ROLL_LEFT
2847,217.661942,0,2.025,0.282,5.383,-6.585,-4.072,305.142,-46.329,55.505,-4.700,-31.875,5.125,22.375,-3.768,2.256,-32.014,0.035,-0.461,0.885,0.058,1,-37.886,-1.421,-25.198,0.000,2,41.519241,-86.239784,321.480011,4.451,253.100006,10,43,59,68,12,3,GPS_HOMING,AP_HDG_SEL_GPS,315.658,-5.822,20.000,4,0,-5,0,MAINTAIN_ANGLE
2848,217.738739,0,-1.102,-1.602,-0.525,-5.727,-4.630,304.967,-12.869,-0.895,-5.931,-31.875,5.125,22.375,-3.281,2.614,-32.014,0.026,-0.463,0.884,0.059,1,-35.666,-1.453,-24.449,0.000,2,41.519241,-86.239784,320.239990,4.353,253.000000,10,43,59,76,12,3,GPS_HOMING,AP_HDG_SEL_GPS,315.658,0.000,20.000,4,0,-5,0,MAINTAIN_ANGLE
2849,217.863937,0,-1.551,4.178,-7.946,-5.371,-5.353,304.641,-21.710,-45.098,-0.336,-31.875,5.125,22.375,-2.717,3.127,-31.988,0.020,-0.465,0.883,0.063,1,-36.009,-1.398,-24.566,0.000,2,41.519241,-86.239784,316.029999,4.461,253.000000,10,43,59,88,12,3,SPD_DESCENT,AP_HDG_SEL_GPS,315.658,0.000,20.000,4,-5,-10,5,ROLL_RIGHT
2850,217.947968,0,4.793,-0.666,-1.243,-7.897,-7.117,304.968,33.460,-8.057,-6.043,-31.875,5.125,22.375,-5.229,3.306,-31.681,0.032,-0.464,0.881,0.087,1,-38.010,-1.517,-25.239,0.000,2,41.519245,-86.239792,317.160004,4.949,253.000000,10,43,59,96,12,3,GPS_HOMING,AP_HDG_SEL_GPS,315.988,0.000,20.000,4,-7,-12,7,ROLL_RIGHT
2851,218.020508,0,-1.397,-0.154,2.960,-10.121,-5.243,304.845,-6.714,-15.779,-7.610,-31.875,5.125,22.375,-6.100,2.948,-31.578,0.057,-0.464,0.880,0.081,1,-36.432,-1.491,-24.710,0.000,2,41.519245,-86.239792,319.329987,5.043,253.100006,10,44,0,0,12,3,GPS_HOMING,AP_HDG_SEL_GPS,315.988,0.000,20.000,4,-5,-10,5,ROLL_RIGHT
2852,218.091934,0,-0.436,-1.371,7.433,-9.545,-5.650,304.224,-25.403,18.017,14.436,-31.875,5.125,22.375,-4.767,3.717,-31.706,0.050,-0.469,0.878,0.082,1,-36.931,-1.446,-24.879,0.000,2,41.519245,-86.239792,321.170013,5.087,253.100006,10,44,0,8,12,3,GPS_HOMING,AP_HDG_SEL_GPS,315.988,-5.182,20.000,4,0,-5,0,MAINTAIN_ANGLE
2853,218.143463,0,1.512,0.551,5.075,-7.341,-6.892,303.830,-8.169,33.124,-15.107,-31.875,5.125,22.375,-4.229,3.845,-31.758,0.028,-0.472,0.877,0.083,1,-36.634,-1.449,-24.778,0.000,2,41.519245,-86.239792,322.350006,4.763,253.199997,10,44,0,16,12,3,GPS_HOMING,AP_HDG_SEL_GPS,315.988,-6.362,20.000,4,0,-5,0,MAINTAIN_ANGLE
2854,218.261917,0,5.370,-1.077,2.730,-6.268,-6.747,301.426,0.112,10.855,-29.991,-31.875,5.125,22.375,-3.793,3.896,-31.809,0.019,-0.490,0.868,0.078,1,-36.616,-1.416,-24.772,0.000,2,41.519249,-86.239792,323.309998,4.478,253.199997,10,44,0,28,12,3,GPS_HOMING,AP_HDG_SEL_GPS,315.678,-7.632,20.000,4,0,-5,0,MAINTAIN_ANGLE
2855,218.339661,0,0.103,2.743,-5.588,-5.434,-6.308,298.106,4.588,-13.317,-15.555,-31.875,5.125,22.375,-3.614,3.793,-31.809,0.012,-0.515,0.854,0.071,1,-35.651,-1.419,-24.443,0.000,2,41.519249,-86.239792,323.359985,4.663,253.199997,10,44,0,36,12,3,GPS_HOMING,AP_HDG_SEL_GPS,315.678,-7.682,20.000,4,0,-5,0,MAINTAIN_ANGLE
2856,218.458481,0,-6.780,1.730,-2.115,-6.547,-5.987,297.822,10.183,-63.451,-0.560,-31.875,5.125,22.375,-3.999,3.358,-31.809,0.022,-0.517,0.852,0.074,1,-34.905,-1.415,-24.187,0.000,2,41.519249,-86.239792,323.519989,5.384,253.300003,10,44,0,48,12,3,GPS_HOMING,AP_HDG_SEL_GPS,315.678,-7.842,20.000,4,0,-5,0,MAINTAIN_ANGLE
2857,218.542908,0,-5.729,-2.038,2.461,-10.305,-4.801,298.506,9.512,-2.574,-14.100,-31.875,5.125,22.375,-6.254,2.358,-31.578,0.056,-0.512,0.853,0.082,1,-37.523,-1.440,-25.077,0.000,2,41.519249,-86.239792,322.239990,5.477,253.300003,10,44,0,56,12,3,GPS_HOMING,AP_HDG_SEL_GPS,315.678,-6.562,20.000,4,0,-5,0,MAINTAIN_ANGLE
2858,218.615860,0,2.832,-1.692,8.420,-9.649,-3.444,298.110,6.714,22.717,-1.007,-31.875,5.125,22.375,-5.408,1.897,-31.758,0.057,-0.514,0.853,0.069,1,-38.486,-1.429,-25.397,0.000,2,41.519249,-86.239792,318.679993,5.168,253.300003,10,44,0,64,12,3,GPS_HOMING,AP_HDG_SEL_GPS,315.678,0.000,20.000,4,0,-5,0,MAINTAIN_ANGLE
